AB Actor Overlap,AB Relationship Overlap,Unique A Actors,Unique B Actors,Unique A Relationships,Unique B Relationships
David Slottje,"('Charles Joyce', 'David Slottje')",Fred Fredrickson,Matthew Cortese,"('Fred Fredrickson', 'Tim Timbrook')","('Matthew Cortese', 'Neal Simon')"
Charles Joyce,,Kier Dirlam,John Williams,"('Fred Fredrickson', 'Kier Dirlam')","('Matthew Cortese', 'John Williams')"
Neal Simon,,Doug Turner,David Robinson,"('Fred Fredrickson', 'Doug Turner')","('Matthew Cortese', 'David Robinson')"
,,Tim Timbrook,Brent Kelley,"('Fred Fredrickson', 'Tom Mansfield')","('Matthew Cortese', 'Brent Kelley')"
,,Tom Mansfield,Art Van Tyne,"('Fred Fredrickson', 'Tim Cochran')","('Matthew Cortese', 'Art Van Tyne')"
,,Tim Cochran,Kevin LaForge,"('Fred Fredrickson', 'Steve Kilmer')","('Matthew Cortese', 'Kevin LaForge')"
,,Steve Kilmer,Joel Kassirer,"('Fred Fredrickson', 'Bob Ormsby')","('Matthew Cortese', 'Joel Kassirer')"
,,Bob Ormsby,Cheryl Green,"('Fred Fredrickson', 'Charles Joyce')","('Matthew Cortese', 'Cheryl Green')"
,,Phil Curran,Mike Atchie,"('Fred Fredrickson', 'David Slottje')","('Matthew Cortese', 'Mike Atchie')"
,,Fion MacCrea,Renee Lawrence,"('Fred Fredrickson', 'Phil Curran')","('Matthew Cortese', 'Charles Joyce')"
,,Tim O Grady,Jack Liguori,"('Fred Fredrickson', 'Fion MacCrea')","('Matthew Cortese', 'David Slottje')"
,,Cathy Young,Norman Ungermann,"('Fred Fredrickson', 'Tim O Grady')","('Matthew Cortese', 'Renee Lawrence')"
,,Jan Burdick,Fred Sinclair,"('Fred Fredrickson', 'Neal Simon')","('Matthew Cortese', 'Jack Liguori')"
,,Kim Donius,Marika Burke,"('Fred Fredrickson', 'Cathy Young')","('Matthew Cortese', 'Norman Ungermann')"
,,Debora Jakobi,Walter Hang,"('Fred Fredrickson', 'Jan Burdick')","('Matthew Cortese', 'Fred Sinclair')"
,,Virginia Rasmussen,Curt Crandall,"('Fred Fredrickson', 'Kim Donius')","('Matthew Cortese', 'Marika Burke')"
,,David Orr,Ryan Papaserge,"('Fred Fredrickson', 'Debora Jakobi')","('Matthew Cortese', 'Walter Hang')"
,,Donn Lang,,"('Fred Fredrickson', 'Virginia Rasmussen')","('Matthew Cortese', 'Curt Crandall')"
,,David Fredrickson,,"('Fred Fredrickson', 'David Orr')","('Matthew Cortese', 'Ryan Papaserge')"
,,Jerry Snyder,,"('Fred Fredrickson', 'Donn Lang')","('John Williams', 'Neal Simon')"
,,Mark Klingensmith,,"('Fred Fredrickson', 'David Fredrickson')","('John Williams', 'David Robinson')"
,,Jamie Mansfield,,"('Fred Fredrickson', 'Jerry Snyder')","('John Williams', 'Brent Kelley')"
,,Kasey Klingensmith,,"('Fred Fredrickson', 'Mark Klingensmith')","('John Williams', 'Art Van Tyne')"
,,Mary Stearns,,"('Fred Fredrickson', 'Jamie Mansfield')","('John Williams', 'Kevin LaForge')"
,,Megan Steffel Marks,,"('Fred Fredrickson', 'Kasey Klingensmith')","('John Williams', 'Joel Kassirer')"
,,Elsie Cushing,,"('Fred Fredrickson', 'Mary Stearns')","('John Williams', 'Cheryl Green')"
,,Craig Clark,,"('Fred Fredrickson', 'Megan Steffel Marks')","('John Williams', 'Mike Atchie')"
,,David Snyder,,"('Fred Fredrickson', 'Elsie Cushing')","('John Williams', 'Charles Joyce')"
,,Bill Cleveland,,"('Fred Fredrickson', 'Craig Clark')","('John Williams', 'David Slottje')"
,,Town Attorney,,"('Fred Fredrickson', 'David Snyder')","('John Williams', 'Renee Lawrence')"
,,Graham Marks,,"('Fred Fredrickson', 'Bill Cleveland')","('John Williams', 'Jack Liguori')"
,,Chris Romanchunk,,"('Fred Fredrickson', 'Town Attorney')","('John Williams', 'Norman Ungermann')"
,,Dan Acton,,"('Fred Fredrickson', 'Graham Marks')","('John Williams', 'Fred Sinclair')"
,,,,"('Fred Fredrickson', 'Chris Romanchunk')","('John Williams', 'Marika Burke')"
,,,,"('Fred Fredrickson', 'Dan Acton')","('John Williams', 'Walter Hang')"
,,,,"('Kier Dirlam', 'Doug Turner')","('John Williams', 'Curt Crandall')"
,,,,"('Kier Dirlam', 'Tim Timbrook')","('John Williams', 'Ryan Papaserge')"
,,,,"('Kier Dirlam', 'Tom Mansfield')","('Neal Simon', 'David Robinson')"
,,,,"('Kier Dirlam', 'Tim Cochran')","('Neal Simon', 'Brent Kelley')"
,,,,"('Kier Dirlam', 'Steve Kilmer')","('Neal Simon', 'Art Van Tyne')"
,,,,"('Kier Dirlam', 'Bob Ormsby')","('Neal Simon', 'Kevin LaForge')"
,,,,"('Kier Dirlam', 'Charles Joyce')","('Neal Simon', 'Joel Kassirer')"
,,,,"('Kier Dirlam', 'David Slottje')","('Neal Simon', 'Cheryl Green')"
,,,,"('Kier Dirlam', 'Phil Curran')","('Neal Simon', 'Mike Atchie')"
,,,,"('Kier Dirlam', 'Fion MacCrea')","('Neal Simon', 'Charles Joyce')"
,,,,"('Kier Dirlam', 'Tim O Grady')","('Neal Simon', 'David Slottje')"
,,,,"('Kier Dirlam', 'Neal Simon')","('Neal Simon', 'Renee Lawrence')"
,,,,"('Kier Dirlam', 'Cathy Young')","('Neal Simon', 'Jack Liguori')"
,,,,"('Kier Dirlam', 'Jan Burdick')","('Neal Simon', 'Norman Ungermann')"
,,,,"('Kier Dirlam', 'Kim Donius')","('Neal Simon', 'Fred Sinclair')"
,,,,"('Kier Dirlam', 'Debora Jakobi')","('Neal Simon', 'Marika Burke')"
,,,,"('Kier Dirlam', 'Virginia Rasmussen')","('Neal Simon', 'Walter Hang')"
,,,,"('Kier Dirlam', 'David Orr')","('Neal Simon', 'Curt Crandall')"
,,,,"('Kier Dirlam', 'Donn Lang')","('Neal Simon', 'Ryan Papaserge')"
,,,,"('Kier Dirlam', 'David Fredrickson')","('David Robinson', 'Brent Kelley')"
,,,,"('Kier Dirlam', 'Jerry Snyder')","('David Robinson', 'Art Van Tyne')"
,,,,"('Kier Dirlam', 'Mark Klingensmith')","('David Robinson', 'Kevin LaForge')"
,,,,"('Kier Dirlam', 'Jamie Mansfield')","('David Robinson', 'Joel Kassirer')"
,,,,"('Kier Dirlam', 'Kasey Klingensmith')","('David Robinson', 'Cheryl Green')"
,,,,"('Kier Dirlam', 'Mary Stearns')","('David Robinson', 'Mike Atchie')"
,,,,"('Kier Dirlam', 'Megan Steffel Marks')","('David Robinson', 'Charles Joyce')"
,,,,"('Kier Dirlam', 'Elsie Cushing')","('David Robinson', 'David Slottje')"
,,,,"('Kier Dirlam', 'Craig Clark')","('David Robinson', 'Renee Lawrence')"
,,,,"('Kier Dirlam', 'David Snyder')","('David Robinson', 'Jack Liguori')"
,,,,"('Kier Dirlam', 'Bill Cleveland')","('David Robinson', 'Norman Ungermann')"
,,,,"('Kier Dirlam', 'Town Attorney')","('David Robinson', 'Fred Sinclair')"
,,,,"('Kier Dirlam', 'Graham Marks')","('David Robinson', 'Marika Burke')"
,,,,"('Kier Dirlam', 'Chris Romanchunk')","('David Robinson', 'Walter Hang')"
,,,,"('Kier Dirlam', 'Dan Acton')","('David Robinson', 'Curt Crandall')"
,,,,"('Doug Turner', 'Tim Timbrook')","('David Robinson', 'Ryan Papaserge')"
,,,,"('Doug Turner', 'Tom Mansfield')","('Brent Kelley', 'Walter Hang')"
,,,,"('Doug Turner', 'Tim Cochran')","('Brent Kelley', 'Art Van Tyne')"
,,,,"('Doug Turner', 'Steve Kilmer')","('Brent Kelley', 'Kevin LaForge')"
,,,,"('Doug Turner', 'Bob Ormsby')","('Brent Kelley', 'Joel Kassirer')"
,,,,"('Doug Turner', 'Charles Joyce')","('Brent Kelley', 'Cheryl Green')"
,,,,"('Doug Turner', 'David Slottje')","('Brent Kelley', 'Mike Atchie')"
,,,,"('Doug Turner', 'Phil Curran')","('Brent Kelley', 'Charles Joyce')"
,,,,"('Doug Turner', 'Fion MacCrea')","('Brent Kelley', 'David Slottje')"
,,,,"('Doug Turner', 'Tim O Grady')","('Brent Kelley', 'Renee Lawrence')"
,,,,"('Doug Turner', 'Neal Simon')","('Brent Kelley', 'Jack Liguori')"
,,,,"('Doug Turner', 'Cathy Young')","('Brent Kelley', 'Norman Ungermann')"
,,,,"('Doug Turner', 'Jan Burdick')","('Brent Kelley', 'Fred Sinclair')"
,,,,"('Doug Turner', 'Kim Donius')","('Brent Kelley', 'Marika Burke')"
,,,,"('Doug Turner', 'Debora Jakobi')","('Brent Kelley', 'Curt Crandall')"
,,,,"('Doug Turner', 'Virginia Rasmussen')","('Brent Kelley', 'Ryan Papaserge')"
,,,,"('Doug Turner', 'David Orr')","('Art Van Tyne', 'Kevin LaForge')"
,,,,"('Doug Turner', 'Donn Lang')","('Art Van Tyne', 'Joel Kassirer')"
,,,,"('Doug Turner', 'David Fredrickson')","('Art Van Tyne', 'Cheryl Green')"
,,,,"('Doug Turner', 'Jerry Snyder')","('Art Van Tyne', 'Mike Atchie')"
,,,,"('Doug Turner', 'Mark Klingensmith')","('Art Van Tyne', 'Charles Joyce')"
,,,,"('Doug Turner', 'Jamie Mansfield')","('Art Van Tyne', 'David Slottje')"
,,,,"('Doug Turner', 'Kasey Klingensmith')","('Art Van Tyne', 'Renee Lawrence')"
,,,,"('Doug Turner', 'Mary Stearns')","('Art Van Tyne', 'Jack Liguori')"
,,,,"('Doug Turner', 'Megan Steffel Marks')","('Art Van Tyne', 'Norman Ungermann')"
,,,,"('Doug Turner', 'Elsie Cushing')","('Art Van Tyne', 'Fred Sinclair')"
,,,,"('Doug Turner', 'Craig Clark')","('Art Van Tyne', 'Marika Burke')"
,,,,"('Doug Turner', 'David Snyder')","('Art Van Tyne', 'Walter Hang')"
,,,,"('Doug Turner', 'Bill Cleveland')","('Art Van Tyne', 'Curt Crandall')"
,,,,"('Doug Turner', 'Town Attorney')","('Art Van Tyne', 'Ryan Papaserge')"
,,,,"('Doug Turner', 'Graham Marks')","('Kevin LaForge', 'Walter Hang')"
,,,,"('Doug Turner', 'Chris Romanchunk')","('Kevin LaForge', 'Joel Kassirer')"
,,,,"('Doug Turner', 'Dan Acton')","('Kevin LaForge', 'Cheryl Green')"
,,,,"('Tim Timbrook', 'Tom Mansfield')","('Kevin LaForge', 'Mike Atchie')"
,,,,"('Tim Timbrook', 'Tim Cochran')","('Kevin LaForge', 'Charles Joyce')"
,,,,"('Tim Timbrook', 'Steve Kilmer')","('Kevin LaForge', 'David Slottje')"
,,,,"('Tim Timbrook', 'Bob Ormsby')","('Kevin LaForge', 'Renee Lawrence')"
,,,,"('Tim Timbrook', 'Charles Joyce')","('Kevin LaForge', 'Jack Liguori')"
,,,,"('Tim Timbrook', 'David Slottje')","('Kevin LaForge', 'Norman Ungermann')"
,,,,"('Tim Timbrook', 'Phil Curran')","('Kevin LaForge', 'Fred Sinclair')"
,,,,"('Tim Timbrook', 'Fion MacCrea')","('Kevin LaForge', 'Marika Burke')"
,,,,"('Tim Timbrook', 'Tim O Grady')","('Kevin LaForge', 'Curt Crandall')"
,,,,"('Tim Timbrook', 'Neal Simon')","('Kevin LaForge', 'Ryan Papaserge')"
,,,,"('Tim Timbrook', 'Cathy Young')","('Joel Kassirer', 'Mike Atchie')"
,,,,"('Tim Timbrook', 'Jan Burdick')","('Joel Kassirer', 'Cheryl Green')"
,,,,"('Tim Timbrook', 'Kim Donius')","('Joel Kassirer', 'Charles Joyce')"
,,,,"('Tim Timbrook', 'Debora Jakobi')","('Joel Kassirer', 'David Slottje')"
,,,,"('Tim Timbrook', 'Virginia Rasmussen')","('Joel Kassirer', 'Renee Lawrence')"
,,,,"('Tim Timbrook', 'David Orr')","('Joel Kassirer', 'Jack Liguori')"
,,,,"('Tim Timbrook', 'Donn Lang')","('Joel Kassirer', 'Norman Ungermann')"
,,,,"('Tim Timbrook', 'David Fredrickson')","('Joel Kassirer', 'Fred Sinclair')"
,,,,"('Tim Timbrook', 'Jerry Snyder')","('Joel Kassirer', 'Marika Burke')"
,,,,"('Tim Timbrook', 'Mark Klingensmith')","('Joel Kassirer', 'Walter Hang')"
,,,,"('Tim Timbrook', 'Jamie Mansfield')","('Joel Kassirer', 'Curt Crandall')"
,,,,"('Tim Timbrook', 'Kasey Klingensmith')","('Joel Kassirer', 'Ryan Papaserge')"
,,,,"('Tim Timbrook', 'Mary Stearns')","('Cheryl Green', 'Renee Lawrence')"
,,,,"('Tim Timbrook', 'Megan Steffel Marks')","('Cheryl Green', 'Mike Atchie')"
,,,,"('Tim Timbrook', 'Elsie Cushing')","('Cheryl Green', 'Charles Joyce')"
,,,,"('Tim Timbrook', 'Craig Clark')","('Cheryl Green', 'David Slottje')"
,,,,"('Tim Timbrook', 'David Snyder')","('Cheryl Green', 'Jack Liguori')"
,,,,"('Tim Timbrook', 'Bill Cleveland')","('Cheryl Green', 'Norman Ungermann')"
,,,,"('Tim Timbrook', 'Town Attorney')","('Cheryl Green', 'Fred Sinclair')"
,,,,"('Tim Timbrook', 'Graham Marks')","('Cheryl Green', 'Marika Burke')"
,,,,"('Tim Timbrook', 'Chris Romanchunk')","('Cheryl Green', 'Walter Hang')"
,,,,"('Tim Timbrook', 'Dan Acton')","('Cheryl Green', 'Curt Crandall')"
,,,,"('Tom Mansfield', 'Tim Cochran')","('Cheryl Green', 'Ryan Papaserge')"
,,,,"('Tom Mansfield', 'Steve Kilmer')","('Mike Atchie', 'Charles Joyce')"
,,,,"('Tom Mansfield', 'Bob Ormsby')","('Mike Atchie', 'David Slottje')"
,,,,"('Tom Mansfield', 'Charles Joyce')","('Mike Atchie', 'Renee Lawrence')"
,,,,"('Tom Mansfield', 'David Slottje')","('Mike Atchie', 'Jack Liguori')"
,,,,"('Tom Mansfield', 'Phil Curran')","('Mike Atchie', 'Norman Ungermann')"
,,,,"('Tom Mansfield', 'Fion MacCrea')","('Mike Atchie', 'Fred Sinclair')"
,,,,"('Tom Mansfield', 'Tim O Grady')","('Mike Atchie', 'Marika Burke')"
,,,,"('Tom Mansfield', 'Neal Simon')","('Mike Atchie', 'Walter Hang')"
,,,,"('Tom Mansfield', 'Cathy Young')","('Mike Atchie', 'Curt Crandall')"
,,,,"('Tom Mansfield', 'Jan Burdick')","('Mike Atchie', 'Ryan Papaserge')"
,,,,"('Tom Mansfield', 'Kim Donius')","('Charles Joyce', 'Walter Hang')"
,,,,"('Tom Mansfield', 'Debora Jakobi')","('Charles Joyce', 'Renee Lawrence')"
,,,,"('Tom Mansfield', 'Virginia Rasmussen')","('Charles Joyce', 'Jack Liguori')"
,,,,"('Tom Mansfield', 'David Orr')","('Charles Joyce', 'Norman Ungermann')"
,,,,"('Tom Mansfield', 'Donn Lang')","('Charles Joyce', 'Fred Sinclair')"
,,,,"('Tom Mansfield', 'David Fredrickson')","('Charles Joyce', 'Marika Burke')"
,,,,"('Tom Mansfield', 'Jerry Snyder')","('Charles Joyce', 'Curt Crandall')"
,,,,"('Tom Mansfield', 'Mark Klingensmith')","('Charles Joyce', 'Ryan Papaserge')"
,,,,"('Tom Mansfield', 'Jamie Mansfield')","('David Slottje', 'Renee Lawrence')"
,,,,"('Tom Mansfield', 'Kasey Klingensmith')","('David Slottje', 'Jack Liguori')"
,,,,"('Tom Mansfield', 'Mary Stearns')","('David Slottje', 'Norman Ungermann')"
,,,,"('Tom Mansfield', 'Megan Steffel Marks')","('David Slottje', 'Fred Sinclair')"
,,,,"('Tom Mansfield', 'Elsie Cushing')","('David Slottje', 'Marika Burke')"
,,,,"('Tom Mansfield', 'Craig Clark')","('David Slottje', 'Walter Hang')"
,,,,"('Tom Mansfield', 'David Snyder')","('David Slottje', 'Curt Crandall')"
,,,,"('Tom Mansfield', 'Bill Cleveland')","('David Slottje', 'Ryan Papaserge')"
,,,,"('Tom Mansfield', 'Town Attorney')","('Renee Lawrence', 'Jack Liguori')"
,,,,"('Tom Mansfield', 'Graham Marks')","('Renee Lawrence', 'Norman Ungermann')"
,,,,"('Tom Mansfield', 'Chris Romanchunk')","('Renee Lawrence', 'Fred Sinclair')"
,,,,"('Tom Mansfield', 'Dan Acton')","('Renee Lawrence', 'Marika Burke')"
,,,,"('Tim Cochran', 'Steve Kilmer')","('Renee Lawrence', 'Walter Hang')"
,,,,"('Tim Cochran', 'Bob Ormsby')","('Renee Lawrence', 'Curt Crandall')"
,,,,"('Tim Cochran', 'Charles Joyce')","('Renee Lawrence', 'Ryan Papaserge')"
,,,,"('Tim Cochran', 'David Slottje')","('Jack Liguori', 'Norman Ungermann')"
,,,,"('Tim Cochran', 'Phil Curran')","('Jack Liguori', 'Fred Sinclair')"
,,,,"('Tim Cochran', 'Fion MacCrea')","('Jack Liguori', 'Marika Burke')"
,,,,"('Tim Cochran', 'Tim O Grady')","('Jack Liguori', 'Walter Hang')"
,,,,"('Tim Cochran', 'Neal Simon')","('Jack Liguori', 'Curt Crandall')"
,,,,"('Tim Cochran', 'Cathy Young')","('Jack Liguori', 'Ryan Papaserge')"
,,,,"('Tim Cochran', 'Jan Burdick')","('Norman Ungermann', 'Fred Sinclair')"
,,,,"('Tim Cochran', 'Kim Donius')","('Norman Ungermann', 'Marika Burke')"
,,,,"('Tim Cochran', 'Debora Jakobi')","('Norman Ungermann', 'Walter Hang')"
,,,,"('Tim Cochran', 'Virginia Rasmussen')","('Norman Ungermann', 'Curt Crandall')"
,,,,"('Tim Cochran', 'David Orr')","('Norman Ungermann', 'Ryan Papaserge')"
,,,,"('Tim Cochran', 'Donn Lang')","('Fred Sinclair', 'Marika Burke')"
,,,,"('Tim Cochran', 'David Fredrickson')","('Fred Sinclair', 'Walter Hang')"
,,,,"('Tim Cochran', 'Jerry Snyder')","('Fred Sinclair', 'Curt Crandall')"
,,,,"('Tim Cochran', 'Mark Klingensmith')","('Fred Sinclair', 'Ryan Papaserge')"
,,,,"('Tim Cochran', 'Jamie Mansfield')","('Marika Burke', 'Walter Hang')"
,,,,"('Tim Cochran', 'Kasey Klingensmith')","('Marika Burke', 'Curt Crandall')"
,,,,"('Tim Cochran', 'Mary Stearns')","('Marika Burke', 'Ryan Papaserge')"
,,,,"('Tim Cochran', 'Megan Steffel Marks')","('Walter Hang', 'Curt Crandall')"
,,,,"('Tim Cochran', 'Elsie Cushing')","('Walter Hang', 'Ryan Papaserge')"
,,,,"('Tim Cochran', 'Craig Clark')","('Curt Crandall', 'Ryan Papaserge')"
,,,,"('Tim Cochran', 'David Snyder')",
,,,,"('Tim Cochran', 'Bill Cleveland')",
,,,,"('Tim Cochran', 'Town Attorney')",
,,,,"('Tim Cochran', 'Graham Marks')",
,,,,"('Tim Cochran', 'Chris Romanchunk')",
,,,,"('Tim Cochran', 'Dan Acton')",
,,,,"('Steve Kilmer', 'Bob Ormsby')",
,,,,"('Steve Kilmer', 'Charles Joyce')",
,,,,"('Steve Kilmer', 'David Slottje')",
,,,,"('Steve Kilmer', 'Phil Curran')",
,,,,"('Steve Kilmer', 'Fion MacCrea')",
,,,,"('Steve Kilmer', 'Tim O Grady')",
,,,,"('Steve Kilmer', 'Neal Simon')",
,,,,"('Steve Kilmer', 'Cathy Young')",
,,,,"('Steve Kilmer', 'Jan Burdick')",
,,,,"('Steve Kilmer', 'Kim Donius')",
,,,,"('Steve Kilmer', 'Debora Jakobi')",
,,,,"('Steve Kilmer', 'Virginia Rasmussen')",
,,,,"('Steve Kilmer', 'David Orr')",
,,,,"('Steve Kilmer', 'Donn Lang')",
,,,,"('Steve Kilmer', 'David Fredrickson')",
,,,,"('Steve Kilmer', 'Jerry Snyder')",
,,,,"('Steve Kilmer', 'Mark Klingensmith')",
,,,,"('Steve Kilmer', 'Jamie Mansfield')",
,,,,"('Steve Kilmer', 'Kasey Klingensmith')",
,,,,"('Steve Kilmer', 'Mary Stearns')",
,,,,"('Steve Kilmer', 'Megan Steffel Marks')",
,,,,"('Steve Kilmer', 'Elsie Cushing')",
,,,,"('Steve Kilmer', 'Craig Clark')",
,,,,"('Steve Kilmer', 'David Snyder')",
,,,,"('Steve Kilmer', 'Bill Cleveland')",
,,,,"('Steve Kilmer', 'Town Attorney')",
,,,,"('Steve Kilmer', 'Graham Marks')",
,,,,"('Steve Kilmer', 'Chris Romanchunk')",
,,,,"('Steve Kilmer', 'Dan Acton')",
,,,,"('Bob Ormsby', 'Charles Joyce')",
,,,,"('Bob Ormsby', 'David Slottje')",
,,,,"('Bob Ormsby', 'Phil Curran')",
,,,,"('Bob Ormsby', 'Fion MacCrea')",
,,,,"('Bob Ormsby', 'Tim O Grady')",
,,,,"('Bob Ormsby', 'Neal Simon')",
,,,,"('Bob Ormsby', 'Cathy Young')",
,,,,"('Bob Ormsby', 'Jan Burdick')",
,,,,"('Bob Ormsby', 'Kim Donius')",
,,,,"('Bob Ormsby', 'Debora Jakobi')",
,,,,"('Bob Ormsby', 'Virginia Rasmussen')",
,,,,"('Bob Ormsby', 'David Orr')",
,,,,"('Bob Ormsby', 'Donn Lang')",
,,,,"('Bob Ormsby', 'David Fredrickson')",
,,,,"('Bob Ormsby', 'Jerry Snyder')",
,,,,"('Bob Ormsby', 'Mark Klingensmith')",
,,,,"('Bob Ormsby', 'Jamie Mansfield')",
,,,,"('Bob Ormsby', 'Kasey Klingensmith')",
,,,,"('Bob Ormsby', 'Mary Stearns')",
,,,,"('Bob Ormsby', 'Megan Steffel Marks')",
,,,,"('Bob Ormsby', 'Elsie Cushing')",
,,,,"('Bob Ormsby', 'Craig Clark')",
,,,,"('Bob Ormsby', 'David Snyder')",
,,,,"('Bob Ormsby', 'Bill Cleveland')",
,,,,"('Bob Ormsby', 'Town Attorney')",
,,,,"('Bob Ormsby', 'Graham Marks')",
,,,,"('Bob Ormsby', 'Chris Romanchunk')",
,,,,"('Bob Ormsby', 'Dan Acton')",
,,,,"('Charles Joyce', 'Phil Curran')",
,,,,"('Charles Joyce', 'Fion MacCrea')",
,,,,"('Charles Joyce', 'Tim O Grady')",
,,,,"('Charles Joyce', 'Neal Simon')",
,,,,"('Charles Joyce', 'Cathy Young')",
,,,,"('Charles Joyce', 'Jan Burdick')",
,,,,"('Charles Joyce', 'Kim Donius')",
,,,,"('Charles Joyce', 'Debora Jakobi')",
,,,,"('Charles Joyce', 'Virginia Rasmussen')",
,,,,"('Charles Joyce', 'David Orr')",
,,,,"('Charles Joyce', 'Donn Lang')",
,,,,"('Charles Joyce', 'David Fredrickson')",
,,,,"('Charles Joyce', 'Jerry Snyder')",
,,,,"('Charles Joyce', 'Mark Klingensmith')",
,,,,"('Charles Joyce', 'Jamie Mansfield')",
,,,,"('Charles Joyce', 'Kasey Klingensmith')",
,,,,"('Charles Joyce', 'Mary Stearns')",
,,,,"('Charles Joyce', 'Megan Steffel Marks')",
,,,,"('Charles Joyce', 'Elsie Cushing')",
,,,,"('Charles Joyce', 'Craig Clark')",
,,,,"('Charles Joyce', 'David Snyder')",
,,,,"('Charles Joyce', 'Bill Cleveland')",
,,,,"('Charles Joyce', 'Town Attorney')",
,,,,"('Charles Joyce', 'Graham Marks')",
,,,,"('Charles Joyce', 'Chris Romanchunk')",
,,,,"('Charles Joyce', 'Dan Acton')",
,,,,"('David Slottje', 'Phil Curran')",
,,,,"('David Slottje', 'Fion MacCrea')",
,,,,"('David Slottje', 'Tim O Grady')",
,,,,"('David Slottje', 'Neal Simon')",
,,,,"('David Slottje', 'Cathy Young')",
,,,,"('David Slottje', 'Jan Burdick')",
,,,,"('David Slottje', 'Kim Donius')",
,,,,"('David Slottje', 'Debora Jakobi')",
,,,,"('David Slottje', 'Virginia Rasmussen')",
,,,,"('David Slottje', 'David Orr')",
,,,,"('David Slottje', 'Donn Lang')",
,,,,"('David Slottje', 'David Fredrickson')",
,,,,"('David Slottje', 'Jerry Snyder')",
,,,,"('David Slottje', 'Mark Klingensmith')",
,,,,"('David Slottje', 'Jamie Mansfield')",
,,,,"('David Slottje', 'Kasey Klingensmith')",
,,,,"('David Slottje', 'Mary Stearns')",
,,,,"('David Slottje', 'Megan Steffel Marks')",
,,,,"('David Slottje', 'Elsie Cushing')",
,,,,"('David Slottje', 'Craig Clark')",
,,,,"('David Slottje', 'David Snyder')",
,,,,"('David Slottje', 'Bill Cleveland')",
,,,,"('David Slottje', 'Town Attorney')",
,,,,"('David Slottje', 'Graham Marks')",
,,,,"('David Slottje', 'Chris Romanchunk')",
,,,,"('David Slottje', 'Dan Acton')",
,,,,"('Phil Curran', 'Tim O Grady')",
,,,,"('Phil Curran', 'Fion MacCrea')",
,,,,"('Phil Curran', 'Neal Simon')",
,,,,"('Phil Curran', 'Cathy Young')",
,,,,"('Phil Curran', 'Jan Burdick')",
,,,,"('Phil Curran', 'Kim Donius')",
,,,,"('Phil Curran', 'Debora Jakobi')",
,,,,"('Phil Curran', 'Virginia Rasmussen')",
,,,,"('Phil Curran', 'David Orr')",
,,,,"('Phil Curran', 'Donn Lang')",
,,,,"('Phil Curran', 'David Fredrickson')",
,,,,"('Phil Curran', 'Jerry Snyder')",
,,,,"('Phil Curran', 'Mark Klingensmith')",
,,,,"('Phil Curran', 'Jamie Mansfield')",
,,,,"('Phil Curran', 'Kasey Klingensmith')",
,,,,"('Phil Curran', 'Mary Stearns')",
,,,,"('Phil Curran', 'Megan Steffel Marks')",
,,,,"('Phil Curran', 'Elsie Cushing')",
,,,,"('Phil Curran', 'Craig Clark')",
,,,,"('Phil Curran', 'David Snyder')",
,,,,"('Phil Curran', 'Bill Cleveland')",
,,,,"('Phil Curran', 'Town Attorney')",
,,,,"('Phil Curran', 'Graham Marks')",
,,,,"('Phil Curran', 'Chris Romanchunk')",
,,,,"('Phil Curran', 'Dan Acton')",
,,,,"('Fion MacCrea', 'Tim O Grady')",
,,,,"('Fion MacCrea', 'Neal Simon')",
,,,,"('Fion MacCrea', 'Cathy Young')",
,,,,"('Fion MacCrea', 'Jan Burdick')",
,,,,"('Fion MacCrea', 'Kim Donius')",
,,,,"('Fion MacCrea', 'Debora Jakobi')",
,,,,"('Fion MacCrea', 'Virginia Rasmussen')",
,,,,"('Fion MacCrea', 'David Orr')",
,,,,"('Fion MacCrea', 'Donn Lang')",
,,,,"('Fion MacCrea', 'David Fredrickson')",
,,,,"('Fion MacCrea', 'Jerry Snyder')",
,,,,"('Fion MacCrea', 'Mark Klingensmith')",
,,,,"('Fion MacCrea', 'Jamie Mansfield')",
,,,,"('Fion MacCrea', 'Kasey Klingensmith')",
,,,,"('Fion MacCrea', 'Mary Stearns')",
,,,,"('Fion MacCrea', 'Megan Steffel Marks')",
,,,,"('Fion MacCrea', 'Elsie Cushing')",
,,,,"('Fion MacCrea', 'Craig Clark')",
,,,,"('Fion MacCrea', 'David Snyder')",
,,,,"('Fion MacCrea', 'Bill Cleveland')",
,,,,"('Fion MacCrea', 'Town Attorney')",
,,,,"('Fion MacCrea', 'Graham Marks')",
,,,,"('Fion MacCrea', 'Chris Romanchunk')",
,,,,"('Fion MacCrea', 'Dan Acton')",
,,,,"('Tim O Grady', 'Neal Simon')",
,,,,"('Tim O Grady', 'Cathy Young')",
,,,,"('Tim O Grady', 'Jan Burdick')",
,,,,"('Tim O Grady', 'Kim Donius')",
,,,,"('Tim O Grady', 'Debora Jakobi')",
,,,,"('Tim O Grady', 'Virginia Rasmussen')",
,,,,"('Tim O Grady', 'David Orr')",
,,,,"('Tim O Grady', 'Donn Lang')",
,,,,"('Tim O Grady', 'David Fredrickson')",
,,,,"('Tim O Grady', 'Jerry Snyder')",
,,,,"('Tim O Grady', 'Mark Klingensmith')",
,,,,"('Tim O Grady', 'Jamie Mansfield')",
,,,,"('Tim O Grady', 'Kasey Klingensmith')",
,,,,"('Tim O Grady', 'Mary Stearns')",
,,,,"('Tim O Grady', 'Megan Steffel Marks')",
,,,,"('Tim O Grady', 'Elsie Cushing')",
,,,,"('Tim O Grady', 'Craig Clark')",
,,,,"('Tim O Grady', 'David Snyder')",
,,,,"('Tim O Grady', 'Bill Cleveland')",
,,,,"('Tim O Grady', 'Town Attorney')",
,,,,"('Tim O Grady', 'Graham Marks')",
,,,,"('Tim O Grady', 'Chris Romanchunk')",
,,,,"('Tim O Grady', 'Dan Acton')",
,,,,"('Neal Simon', 'Cathy Young')",
,,,,"('Neal Simon', 'Jan Burdick')",
,,,,"('Neal Simon', 'Kim Donius')",
,,,,"('Neal Simon', 'Debora Jakobi')",
,,,,"('Neal Simon', 'Virginia Rasmussen')",
,,,,"('Neal Simon', 'David Orr')",
,,,,"('Neal Simon', 'Donn Lang')",
,,,,"('Neal Simon', 'David Fredrickson')",
,,,,"('Neal Simon', 'Jerry Snyder')",
,,,,"('Neal Simon', 'Mark Klingensmith')",
,,,,"('Neal Simon', 'Jamie Mansfield')",
,,,,"('Neal Simon', 'Kasey Klingensmith')",
,,,,"('Neal Simon', 'Mary Stearns')",
,,,,"('Neal Simon', 'Megan Steffel Marks')",
,,,,"('Neal Simon', 'Elsie Cushing')",
,,,,"('Neal Simon', 'Craig Clark')",
,,,,"('Neal Simon', 'David Snyder')",
,,,,"('Neal Simon', 'Bill Cleveland')",
,,,,"('Neal Simon', 'Town Attorney')",
,,,,"('Neal Simon', 'Graham Marks')",
,,,,"('Neal Simon', 'Chris Romanchunk')",
,,,,"('Neal Simon', 'Dan Acton')",
,,,,"('Cathy Young', 'Jan Burdick')",
,,,,"('Cathy Young', 'Kim Donius')",
,,,,"('Cathy Young', 'Debora Jakobi')",
,,,,"('Cathy Young', 'Virginia Rasmussen')",
,,,,"('Cathy Young', 'David Orr')",
,,,,"('Cathy Young', 'Donn Lang')",
,,,,"('Cathy Young', 'David Fredrickson')",
,,,,"('Cathy Young', 'Jerry Snyder')",
,,,,"('Cathy Young', 'Mark Klingensmith')",
,,,,"('Cathy Young', 'Jamie Mansfield')",
,,,,"('Cathy Young', 'Kasey Klingensmith')",
,,,,"('Cathy Young', 'Mary Stearns')",
,,,,"('Cathy Young', 'Megan Steffel Marks')",
,,,,"('Cathy Young', 'Elsie Cushing')",
,,,,"('Cathy Young', 'Craig Clark')",
,,,,"('Cathy Young', 'David Snyder')",
,,,,"('Cathy Young', 'Bill Cleveland')",
,,,,"('Cathy Young', 'Town Attorney')",
,,,,"('Cathy Young', 'Graham Marks')",
,,,,"('Cathy Young', 'Chris Romanchunk')",
,,,,"('Cathy Young', 'Dan Acton')",
,,,,"('Jan Burdick', 'Kim Donius')",
,,,,"('Jan Burdick', 'Debora Jakobi')",
,,,,"('Jan Burdick', 'Virginia Rasmussen')",
,,,,"('Jan Burdick', 'David Orr')",
,,,,"('Jan Burdick', 'Donn Lang')",
,,,,"('Jan Burdick', 'David Fredrickson')",
,,,,"('Jan Burdick', 'Jerry Snyder')",
,,,,"('Jan Burdick', 'Mark Klingensmith')",
,,,,"('Jan Burdick', 'Jamie Mansfield')",
,,,,"('Jan Burdick', 'Kasey Klingensmith')",
,,,,"('Jan Burdick', 'Mary Stearns')",
,,,,"('Jan Burdick', 'Megan Steffel Marks')",
,,,,"('Jan Burdick', 'Elsie Cushing')",
,,,,"('Jan Burdick', 'Craig Clark')",
,,,,"('Jan Burdick', 'David Snyder')",
,,,,"('Jan Burdick', 'Bill Cleveland')",
,,,,"('Jan Burdick', 'Town Attorney')",
,,,,"('Jan Burdick', 'Graham Marks')",
,,,,"('Jan Burdick', 'Chris Romanchunk')",
,,,,"('Jan Burdick', 'Dan Acton')",
,,,,"('Kim Donius', 'Debora Jakobi')",
,,,,"('Kim Donius', 'Virginia Rasmussen')",
,,,,"('Kim Donius', 'David Orr')",
,,,,"('Kim Donius', 'Donn Lang')",
,,,,"('Kim Donius', 'David Fredrickson')",
,,,,"('Kim Donius', 'Jerry Snyder')",
,,,,"('Kim Donius', 'Mark Klingensmith')",
,,,,"('Kim Donius', 'Jamie Mansfield')",
,,,,"('Kim Donius', 'Kasey Klingensmith')",
,,,,"('Kim Donius', 'Mary Stearns')",
,,,,"('Kim Donius', 'Megan Steffel Marks')",
,,,,"('Kim Donius', 'Elsie Cushing')",
,,,,"('Kim Donius', 'Craig Clark')",
,,,,"('Kim Donius', 'David Snyder')",
,,,,"('Kim Donius', 'Bill Cleveland')",
,,,,"('Kim Donius', 'Town Attorney')",
,,,,"('Kim Donius', 'Graham Marks')",
,,,,"('Kim Donius', 'Chris Romanchunk')",
,,,,"('Kim Donius', 'Dan Acton')",
,,,,"('Debora Jakobi', 'Virginia Rasmussen')",
,,,,"('Debora Jakobi', 'David Orr')",
,,,,"('Debora Jakobi', 'Donn Lang')",
,,,,"('Debora Jakobi', 'David Fredrickson')",
,,,,"('Debora Jakobi', 'Jerry Snyder')",
,,,,"('Debora Jakobi', 'Mark Klingensmith')",
,,,,"('Debora Jakobi', 'Jamie Mansfield')",
,,,,"('Debora Jakobi', 'Kasey Klingensmith')",
,,,,"('Debora Jakobi', 'Mary Stearns')",
,,,,"('Debora Jakobi', 'Megan Steffel Marks')",
,,,,"('Debora Jakobi', 'Elsie Cushing')",
,,,,"('Debora Jakobi', 'Craig Clark')",
,,,,"('Debora Jakobi', 'David Snyder')",
,,,,"('Debora Jakobi', 'Bill Cleveland')",
,,,,"('Debora Jakobi', 'Town Attorney')",
,,,,"('Debora Jakobi', 'Graham Marks')",
,,,,"('Debora Jakobi', 'Chris Romanchunk')",
,,,,"('Debora Jakobi', 'Dan Acton')",
,,,,"('Virginia Rasmussen', 'David Orr')",
,,,,"('Virginia Rasmussen', 'Donn Lang')",
,,,,"('Virginia Rasmussen', 'David Fredrickson')",
,,,,"('Virginia Rasmussen', 'Jerry Snyder')",
,,,,"('Virginia Rasmussen', 'Mark Klingensmith')",
,,,,"('Virginia Rasmussen', 'Jamie Mansfield')",
,,,,"('Virginia Rasmussen', 'Kasey Klingensmith')",
,,,,"('Virginia Rasmussen', 'Mary Stearns')",
,,,,"('Virginia Rasmussen', 'Megan Steffel Marks')",
,,,,"('Virginia Rasmussen', 'Elsie Cushing')",
,,,,"('Virginia Rasmussen', 'Craig Clark')",
,,,,"('Virginia Rasmussen', 'David Snyder')",
,,,,"('Virginia Rasmussen', 'Bill Cleveland')",
,,,,"('Virginia Rasmussen', 'Town Attorney')",
,,,,"('Virginia Rasmussen', 'Graham Marks')",
,,,,"('Virginia Rasmussen', 'Chris Romanchunk')",
,,,,"('Virginia Rasmussen', 'Dan Acton')",
,,,,"('David Orr', 'Craig Clark')",
,,,,"('David Orr', 'Donn Lang')",
,,,,"('David Orr', 'David Fredrickson')",
,,,,"('David Orr', 'Jerry Snyder')",
,,,,"('David Orr', 'Mark Klingensmith')",
,,,,"('David Orr', 'Jamie Mansfield')",
,,,,"('David Orr', 'Kasey Klingensmith')",
,,,,"('David Orr', 'Mary Stearns')",
,,,,"('David Orr', 'Megan Steffel Marks')",
,,,,"('David Orr', 'Elsie Cushing')",
,,,,"('David Orr', 'David Snyder')",
,,,,"('David Orr', 'Bill Cleveland')",
,,,,"('David Orr', 'Town Attorney')",
,,,,"('David Orr', 'Graham Marks')",
,,,,"('David Orr', 'Chris Romanchunk')",
,,,,"('David Orr', 'Dan Acton')",
,,,,"('Donn Lang', 'David Fredrickson')",
,,,,"('Donn Lang', 'Jerry Snyder')",
,,,,"('Donn Lang', 'Mark Klingensmith')",
,,,,"('Donn Lang', 'Jamie Mansfield')",
,,,,"('Donn Lang', 'Kasey Klingensmith')",
,,,,"('Donn Lang', 'Mary Stearns')",
,,,,"('Donn Lang', 'Megan Steffel Marks')",
,,,,"('Donn Lang', 'Elsie Cushing')",
,,,,"('Donn Lang', 'Craig Clark')",
,,,,"('Donn Lang', 'David Snyder')",
,,,,"('Donn Lang', 'Bill Cleveland')",
,,,,"('Donn Lang', 'Town Attorney')",
,,,,"('Donn Lang', 'Graham Marks')",
,,,,"('Donn Lang', 'Chris Romanchunk')",
,,,,"('Donn Lang', 'Dan Acton')",
,,,,"('David Fredrickson', 'Jerry Snyder')",
,,,,"('David Fredrickson', 'Mark Klingensmith')",
,,,,"('David Fredrickson', 'Jamie Mansfield')",
,,,,"('David Fredrickson', 'Kasey Klingensmith')",
,,,,"('David Fredrickson', 'Mary Stearns')",
,,,,"('David Fredrickson', 'Megan Steffel Marks')",
,,,,"('David Fredrickson', 'Elsie Cushing')",
,,,,"('David Fredrickson', 'Craig Clark')",
,,,,"('David Fredrickson', 'David Snyder')",
,,,,"('David Fredrickson', 'Bill Cleveland')",
,,,,"('David Fredrickson', 'Town Attorney')",
,,,,"('David Fredrickson', 'Graham Marks')",
,,,,"('David Fredrickson', 'Chris Romanchunk')",
,,,,"('David Fredrickson', 'Dan Acton')",
,,,,"('Jerry Snyder', 'Mark Klingensmith')",
,,,,"('Jerry Snyder', 'Jamie Mansfield')",
,,,,"('Jerry Snyder', 'Kasey Klingensmith')",
,,,,"('Jerry Snyder', 'Mary Stearns')",
,,,,"('Jerry Snyder', 'Megan Steffel Marks')",
,,,,"('Jerry Snyder', 'Elsie Cushing')",
,,,,"('Jerry Snyder', 'Craig Clark')",
,,,,"('Jerry Snyder', 'David Snyder')",
,,,,"('Jerry Snyder', 'Bill Cleveland')",
,,,,"('Jerry Snyder', 'Town Attorney')",
,,,,"('Jerry Snyder', 'Graham Marks')",
,,,,"('Jerry Snyder', 'Chris Romanchunk')",
,,,,"('Jerry Snyder', 'Dan Acton')",
,,,,"('Mark Klingensmith', 'Mary Stearns')",
,,,,"('Mark Klingensmith', 'Jamie Mansfield')",
,,,,"('Mark Klingensmith', 'Kasey Klingensmith')",
,,,,"('Mark Klingensmith', 'Megan Steffel Marks')",
,,,,"('Mark Klingensmith', 'Elsie Cushing')",
,,,,"('Mark Klingensmith', 'Craig Clark')",
,,,,"('Mark Klingensmith', 'David Snyder')",
,,,,"('Mark Klingensmith', 'Bill Cleveland')",
,,,,"('Mark Klingensmith', 'Town Attorney')",
,,,,"('Mark Klingensmith', 'Graham Marks')",
,,,,"('Mark Klingensmith', 'Chris Romanchunk')",
,,,,"('Mark Klingensmith', 'Dan Acton')",
,,,,"('Jamie Mansfield', 'Kasey Klingensmith')",
,,,,"('Jamie Mansfield', 'Mary Stearns')",
,,,,"('Jamie Mansfield', 'Megan Steffel Marks')",
,,,,"('Jamie Mansfield', 'Elsie Cushing')",
,,,,"('Jamie Mansfield', 'Craig Clark')",
,,,,"('Jamie Mansfield', 'David Snyder')",
,,,,"('Jamie Mansfield', 'Bill Cleveland')",
,,,,"('Jamie Mansfield', 'Town Attorney')",
,,,,"('Jamie Mansfield', 'Graham Marks')",
,,,,"('Jamie Mansfield', 'Chris Romanchunk')",
,,,,"('Jamie Mansfield', 'Dan Acton')",
,,,,"('Kasey Klingensmith', 'Mary Stearns')",
,,,,"('Kasey Klingensmith', 'Megan Steffel Marks')",
,,,,"('Kasey Klingensmith', 'Elsie Cushing')",
,,,,"('Kasey Klingensmith', 'Craig Clark')",
,,,,"('Kasey Klingensmith', 'David Snyder')",
,,,,"('Kasey Klingensmith', 'Bill Cleveland')",
,,,,"('Kasey Klingensmith', 'Town Attorney')",
,,,,"('Kasey Klingensmith', 'Graham Marks')",
,,,,"('Kasey Klingensmith', 'Chris Romanchunk')",
,,,,"('Kasey Klingensmith', 'Dan Acton')",
,,,,"('Mary Stearns', 'Megan Steffel Marks')",
,,,,"('Mary Stearns', 'Elsie Cushing')",
,,,,"('Mary Stearns', 'Craig Clark')",
,,,,"('Mary Stearns', 'David Snyder')",
,,,,"('Mary Stearns', 'Bill Cleveland')",
,,,,"('Mary Stearns', 'Town Attorney')",
,,,,"('Mary Stearns', 'Graham Marks')",
,,,,"('Mary Stearns', 'Chris Romanchunk')",
,,,,"('Mary Stearns', 'Dan Acton')",
,,,,"('Megan Steffel Marks', 'Elsie Cushing')",
,,,,"('Megan Steffel Marks', 'Craig Clark')",
,,,,"('Megan Steffel Marks', 'David Snyder')",
,,,,"('Megan Steffel Marks', 'Bill Cleveland')",
,,,,"('Megan Steffel Marks', 'Town Attorney')",
,,,,"('Megan Steffel Marks', 'Graham Marks')",
,,,,"('Megan Steffel Marks', 'Chris Romanchunk')",
,,,,"('Megan Steffel Marks', 'Dan Acton')",
,,,,"('Elsie Cushing', 'Craig Clark')",
,,,,"('Elsie Cushing', 'David Snyder')",
,,,,"('Elsie Cushing', 'Bill Cleveland')",
,,,,"('Elsie Cushing', 'Town Attorney')",
,,,,"('Elsie Cushing', 'Graham Marks')",
,,,,"('Elsie Cushing', 'Chris Romanchunk')",
,,,,"('Elsie Cushing', 'Dan Acton')",
,,,,"('Craig Clark', 'David Snyder')",
,,,,"('Craig Clark', 'Bill Cleveland')",
,,,,"('Craig Clark', 'Town Attorney')",
,,,,"('Craig Clark', 'Graham Marks')",
,,,,"('Craig Clark', 'Chris Romanchunk')",
,,,,"('Craig Clark', 'Dan Acton')",
,,,,"('David Snyder', 'Bill Cleveland')",
,,,,"('David Snyder', 'Town Attorney')",
,,,,"('David Snyder', 'Graham Marks')",
,,,,"('David Snyder', 'Chris Romanchunk')",
,,,,"('David Snyder', 'Dan Acton')",
,,,,"('Bill Cleveland', 'Town Attorney')",
,,,,"('Bill Cleveland', 'Graham Marks')",
,,,,"('Bill Cleveland', 'Chris Romanchunk')",
,,,,"('Bill Cleveland', 'Dan Acton')",
,,,,"('Town Attorney', 'Graham Marks')",
,,,,"('Town Attorney', 'Chris Romanchunk')",
,,,,"('Town Attorney', 'Dan Acton')",
,,,,"('Graham Marks', 'Chris Romanchunk')",
,,,,"('Graham Marks', 'Dan Acton')",
,,,,"('Chris Romanchunk', 'Dan Acton')",
