AB Actor Overlap,AB Relationship Overlap,Unique A Actors,Unique B Actors,Unique A Relationships,Unique B Relationships
,,Andy Hall,Gloria Foster,"('Andy Hall', 'Joan Herrington')","('Gloria Foster', 'Steve Barnhoorn')"
,,Joan Herrington,Steve Barnhoorn,"('Andy Hall', 'Dan Morley')","('Gloria Foster', 'Tim Jensen')"
,,Dan Morley,Tim Jensen,"('Andy Hall', 'Francis Coleman')","('Gloria Foster', 'Kris Singer')"
,,Francis Coleman,Kris Singer,"('Andy Hall', 'Kathy Conradt')","('Gloria Foster', 'Dodie Huber')"
,,Kathy Conradt,Dodie Huber,"('Andy Hall', 'Bryan Rayburn')","('Gloria Foster', 'John Holko')"
,,Bryan Rayburn,John Holko,"('Andy Hall', 'Clayton Bernard')","('Gloria Foster', 'David Palmerton')"
,,Clayton Bernard,David Palmerton,"('Andy Hall', 'Mark Falsone')","('Gloria Foster', 'Tom Johnson')"
,,Mark Falsone,Tom Johnson,"('Andy Hall', 'Scott Kimball')","('Gloria Foster', 'Mary Lucern')"
,,Scott Kimball,Mary Lucern,"('Andy Hall', 'Nancy Long')","('Gloria Foster', 'David Slottje')"
,,Nancy Long,David Slottje,"('Andy Hall', 'Joe Steel')","('Gloria Foster', 'John Cowley')"
,,Joe Steel,John Cowley,"('Joan Herrington', 'Dan Morley')","('Gloria Foster', 'Cherie Messore')"
,,,Cherie Messore,"('Joan Herrington', 'Francis Coleman')","('Gloria Foster', 'Fred Lightfoote')"
,,,Fred Lightfoote,"('Joan Herrington', 'Kathy Conradt')","('Gloria Foster', 'Harry Schwarzweller')"
,,,Harry Schwarzweller,"('Joan Herrington', 'Bryan Rayburn')","('Steve Barnhoorn', 'Tim Jensen')"
,,,,"('Joan Herrington', 'Clayton Bernard')","('Steve Barnhoorn', 'Kris Singer')"
,,,,"('Joan Herrington', 'Mark Falsone')","('Steve Barnhoorn', 'Dodie Huber')"
,,,,"('Joan Herrington', 'Scott Kimball')","('Steve Barnhoorn', 'John Holko')"
,,,,"('Joan Herrington', 'Nancy Long')","('Steve Barnhoorn', 'David Palmerton')"
,,,,"('Joan Herrington', 'Joe Steel')","('Steve Barnhoorn', 'Tom Johnson')"
,,,,"('Dan Morley', 'Nancy Long')","('Steve Barnhoorn', 'Mary Lucern')"
,,,,"('Dan Morley', 'Francis Coleman')","('Steve Barnhoorn', 'David Slottje')"
,,,,"('Dan Morley', 'Kathy Conradt')","('Steve Barnhoorn', 'John Cowley')"
,,,,"('Dan Morley', 'Bryan Rayburn')","('Steve Barnhoorn', 'Cherie Messore')"
,,,,"('Dan Morley', 'Clayton Bernard')","('Steve Barnhoorn', 'Fred Lightfoote')"
,,,,"('Dan Morley', 'Mark Falsone')","('Steve Barnhoorn', 'Harry Schwarzweller')"
,,,,"('Dan Morley', 'Scott Kimball')","('Tim Jensen', 'Kris Singer')"
,,,,"('Dan Morley', 'Joe Steel')","('Tim Jensen', 'Dodie Huber')"
,,,,"('Francis Coleman', 'Kathy Conradt')","('Tim Jensen', 'John Holko')"
,,,,"('Francis Coleman', 'Bryan Rayburn')","('Tim Jensen', 'David Palmerton')"
,,,,"('Francis Coleman', 'Clayton Bernard')","('Tim Jensen', 'Tom Johnson')"
,,,,"('Francis Coleman', 'Mark Falsone')","('Tim Jensen', 'Mary Lucern')"
,,,,"('Francis Coleman', 'Scott Kimball')","('Tim Jensen', 'David Slottje')"
,,,,"('Francis Coleman', 'Nancy Long')","('Tim Jensen', 'John Cowley')"
,,,,"('Francis Coleman', 'Joe Steel')","('Tim Jensen', 'Cherie Messore')"
,,,,"('Kathy Conradt', 'Nancy Long')","('Tim Jensen', 'Fred Lightfoote')"
,,,,"('Kathy Conradt', 'Bryan Rayburn')","('Tim Jensen', 'Harry Schwarzweller')"
,,,,"('Kathy Conradt', 'Clayton Bernard')","('Kris Singer', 'Dodie Huber')"
,,,,"('Kathy Conradt', 'Mark Falsone')","('Kris Singer', 'John Holko')"
,,,,"('Kathy Conradt', 'Scott Kimball')","('Kris Singer', 'David Palmerton')"
,,,,"('Kathy Conradt', 'Joe Steel')","('Kris Singer', 'Tom Johnson')"
,,,,"('Bryan Rayburn', 'Clayton Bernard')","('Kris Singer', 'Mary Lucern')"
,,,,"('Bryan Rayburn', 'Mark Falsone')","('Kris Singer', 'David Slottje')"
,,,,"('Bryan Rayburn', 'Scott Kimball')","('Kris Singer', 'John Cowley')"
,,,,"('Bryan Rayburn', 'Nancy Long')","('Kris Singer', 'Cherie Messore')"
,,,,"('Bryan Rayburn', 'Joe Steel')","('Kris Singer', 'Fred Lightfoote')"
,,,,"('Clayton Bernard', 'Nancy Long')","('Kris Singer', 'Harry Schwarzweller')"
,,,,"('Clayton Bernard', 'Mark Falsone')","('Dodie Huber', 'John Holko')"
,,,,"('Clayton Bernard', 'Scott Kimball')","('Dodie Huber', 'David Palmerton')"
,,,,"('Clayton Bernard', 'Joe Steel')","('Dodie Huber', 'Tom Johnson')"
,,,,"('Mark Falsone', 'Scott Kimball')","('Dodie Huber', 'Mary Lucern')"
,,,,"('Mark Falsone', 'Nancy Long')","('Dodie Huber', 'David Slottje')"
,,,,"('Mark Falsone', 'Joe Steel')","('Dodie Huber', 'John Cowley')"
,,,,"('Scott Kimball', 'Nancy Long')","('Dodie Huber', 'Cherie Messore')"
,,,,"('Scott Kimball', 'Joe Steel')","('Dodie Huber', 'Fred Lightfoote')"
,,,,"('Nancy Long', 'Joe Steel')","('Dodie Huber', 'Harry Schwarzweller')"
,,,,,"('John Holko', 'David Palmerton')"
,,,,,"('John Holko', 'Tom Johnson')"
,,,,,"('John Holko', 'Mary Lucern')"
,,,,,"('John Holko', 'David Slottje')"
,,,,,"('John Holko', 'John Cowley')"
,,,,,"('John Holko', 'Cherie Messore')"
,,,,,"('John Holko', 'Fred Lightfoote')"
,,,,,"('John Holko', 'Harry Schwarzweller')"
,,,,,"('David Palmerton', 'Tom Johnson')"
,,,,,"('David Palmerton', 'Mary Lucern')"
,,,,,"('David Palmerton', 'David Slottje')"
,,,,,"('David Palmerton', 'John Cowley')"
,,,,,"('David Palmerton', 'Cherie Messore')"
,,,,,"('David Palmerton', 'Fred Lightfoote')"
,,,,,"('David Palmerton', 'Harry Schwarzweller')"
,,,,,"('Tom Johnson', 'Mary Lucern')"
,,,,,"('Tom Johnson', 'David Slottje')"
,,,,,"('Tom Johnson', 'John Cowley')"
,,,,,"('Tom Johnson', 'Cherie Messore')"
,,,,,"('Tom Johnson', 'Fred Lightfoote')"
,,,,,"('Tom Johnson', 'Harry Schwarzweller')"
,,,,,"('Mary Lucern', 'David Slottje')"
,,,,,"('Mary Lucern', 'John Cowley')"
,,,,,"('Mary Lucern', 'Cherie Messore')"
,,,,,"('Mary Lucern', 'Fred Lightfoote')"
,,,,,"('Mary Lucern', 'Harry Schwarzweller')"
,,,,,"('David Slottje', 'Cherie Messore')"
,,,,,"('David Slottje', 'John Cowley')"
,,,,,"('David Slottje', 'Fred Lightfoote')"
,,,,,"('David Slottje', 'Harry Schwarzweller')"
,,,,,"('John Cowley', 'Cherie Messore')"
,,,,,"('John Cowley', 'Fred Lightfoote')"
,,,,,"('John Cowley', 'Harry Schwarzweller')"
,,,,,"('Cherie Messore', 'Fred Lightfoote')"
,,,,,"('Cherie Messore', 'Harry Schwarzweller')"
,,,,,"('Fred Lightfoote', 'Harry Schwarzweller')"
