AB Actor Overlap,AB Relationship Overlap,Unique A Actors,Unique B Actors,Unique A Relationships,Unique B Relationships
Daniel Kujawinski,"('Leonard Pero', 'William Trask')",Gary Becker,Geno Brant,"('Gary Becker', 'Thea Ells')","('Geno Brant', 'Joseph Golombek')"
Leonard Pero,"('Daniel Kujawinski', 'William Trask')",Thea Ells,Joseph Golombek,"('Gary Becker', 'Daniel Kujawinski')","('Geno Brant', 'John Hanger')"
Joseph Ostrowski,,Peter Chiavetta,John Hanger,"('Gary Becker', 'Peter Chiavetta')","('Geno Brant', 'Joseph Ostrowski')"
William Trask,,Samuel Chiavetta,Scott Zimmerman,"('Gary Becker', 'Samuel Chiavetta')","('Geno Brant', 'Leonard Pero')"
,,Chad Kaczmarek,Gary Brecker,"('Gary Becker', 'Chad Kaczmarek')","('Geno Brant', 'Scott Zimmerman')"
,,Joseph di Carlo,Scott Perry,"('Gary Becker', 'Joseph di Carlo')","('Geno Brant', 'Gary Brecker')"
,,Micheal Daniel,Gary Lash,"('Gary Becker', 'Micheal Daniel')","('Geno Brant', 'Daniel Kujawinski')"
,,Mark DeCarlo,Sarah Buckley,"('Gary Becker', 'Leonard Pero')","('Geno Brant', 'Scott Perry')"
,,Jeffrey Gier,Douglas Walch,"('Gary Becker', 'Mark DeCarlo')","('Geno Brant', 'William Trask')"
,,Allen Nolan,Demyan Muchnik,"('Gary Becker', 'William Trask')","('Geno Brant', 'Gary Lash')"
,,Rick Snavely,Andrew Cuomo,"('Gary Becker', 'Jeffrey Gier')","('Geno Brant', 'Sarah Buckley')"
,,Ron Kobel,Natalie Brant,"('Gary Becker', 'Allen Nolan')","('Geno Brant', 'Douglas Walch')"
,,Lee Brunell,Josh Fox,"('Gary Becker', 'Rick Snavely')","('Geno Brant', 'Demyan Muchnik')"
,,Brian Campbell,Richard Lippes,"('Gary Becker', 'Ron Kobel')","('Geno Brant', 'Andrew Cuomo')"
,,Clark Borngraber,Albert Brown,"('Gary Becker', 'Lee Brunell')","('Geno Brant', 'Natalie Brant')"
,,Jim Travis,Dawn McCaslin,"('Gary Becker', 'Brian Campbell')","('Geno Brant', 'Josh Fox')"
,,Bob Knorr,,"('Gary Becker', 'Clark Borngraber')","('Geno Brant', 'Richard Lippes')"
,,Barbara Daniel,,"('Gary Becker', 'Jim Travis')","('Geno Brant', 'Albert Brown')"
,,Lynda Ostrowski,,"('Gary Becker', 'Bob Knorr')","('Geno Brant', 'Dawn McCaslin')"
,,Bill Henry,,"('Gary Becker', 'Barbara Daniel')","('Joseph Golombek', 'John Hanger')"
,,Debra Ritz,,"('Gary Becker', 'Lynda Ostrowski')","('Joseph Golombek', 'Joseph Ostrowski')"
,,John Grennell,,"('Gary Becker', 'Bill Henry')","('Joseph Golombek', 'Leonard Pero')"
,,Donald Clark,,"('Gary Becker', 'Joseph Ostrowski')","('Joseph Golombek', 'Scott Zimmerman')"
,,Donald Hepkins,,"('Gary Becker', 'Debra Ritz')","('Joseph Golombek', 'Gary Brecker')"
,,Brian Rott,,"('Gary Becker', 'John Grennell')","('Joseph Golombek', 'Daniel Kujawinski')"
,,,,"('Gary Becker', 'Donald Clark')","('Joseph Golombek', 'Scott Perry')"
,,,,"('Gary Becker', 'Donald Hepkins')","('Joseph Golombek', 'William Trask')"
,,,,"('Gary Becker', 'Brian Rott')","('Joseph Golombek', 'Gary Lash')"
,,,,"('Thea Ells', 'Daniel Kujawinski')","('Joseph Golombek', 'Sarah Buckley')"
,,,,"('Thea Ells', 'Peter Chiavetta')","('Joseph Golombek', 'Douglas Walch')"
,,,,"('Thea Ells', 'Samuel Chiavetta')","('Joseph Golombek', 'Demyan Muchnik')"
,,,,"('Thea Ells', 'Chad Kaczmarek')","('Joseph Golombek', 'Andrew Cuomo')"
,,,,"('Thea Ells', 'Joseph di Carlo')","('Joseph Golombek', 'Natalie Brant')"
,,,,"('Thea Ells', 'Micheal Daniel')","('Joseph Golombek', 'Josh Fox')"
,,,,"('Thea Ells', 'Leonard Pero')","('Joseph Golombek', 'Richard Lippes')"
,,,,"('Thea Ells', 'Mark DeCarlo')","('Joseph Golombek', 'Albert Brown')"
,,,,"('Thea Ells', 'William Trask')","('Joseph Golombek', 'Dawn McCaslin')"
,,,,"('Thea Ells', 'Jeffrey Gier')","('John Hanger', 'Leonard Pero')"
,,,,"('Thea Ells', 'Allen Nolan')","('John Hanger', 'Joseph Ostrowski')"
,,,,"('Thea Ells', 'Rick Snavely')","('John Hanger', 'Scott Zimmerman')"
,,,,"('Thea Ells', 'Ron Kobel')","('John Hanger', 'Gary Brecker')"
,,,,"('Thea Ells', 'Lee Brunell')","('John Hanger', 'Daniel Kujawinski')"
,,,,"('Thea Ells', 'Brian Campbell')","('John Hanger', 'Scott Perry')"
,,,,"('Thea Ells', 'Clark Borngraber')","('John Hanger', 'William Trask')"
,,,,"('Thea Ells', 'Jim Travis')","('John Hanger', 'Gary Lash')"
,,,,"('Thea Ells', 'Bob Knorr')","('John Hanger', 'Sarah Buckley')"
,,,,"('Thea Ells', 'Barbara Daniel')","('John Hanger', 'Douglas Walch')"
,,,,"('Thea Ells', 'Lynda Ostrowski')","('John Hanger', 'Demyan Muchnik')"
,,,,"('Thea Ells', 'Bill Henry')","('John Hanger', 'Andrew Cuomo')"
,,,,"('Thea Ells', 'Joseph Ostrowski')","('John Hanger', 'Natalie Brant')"
,,,,"('Thea Ells', 'Debra Ritz')","('John Hanger', 'Josh Fox')"
,,,,"('Thea Ells', 'John Grennell')","('John Hanger', 'Richard Lippes')"
,,,,"('Thea Ells', 'Donald Clark')","('John Hanger', 'Albert Brown')"
,,,,"('Thea Ells', 'Donald Hepkins')","('John Hanger', 'Dawn McCaslin')"
,,,,"('Thea Ells', 'Brian Rott')","('Joseph Ostrowski', 'Richard Lippes')"
,,,,"('Daniel Kujawinski', 'Peter Chiavetta')","('Joseph Ostrowski', 'Leonard Pero')"
,,,,"('Daniel Kujawinski', 'Samuel Chiavetta')","('Joseph Ostrowski', 'Scott Zimmerman')"
,,,,"('Daniel Kujawinski', 'Chad Kaczmarek')","('Joseph Ostrowski', 'Gary Brecker')"
,,,,"('Daniel Kujawinski', 'Joseph di Carlo')","('Joseph Ostrowski', 'Daniel Kujawinski')"
,,,,"('Daniel Kujawinski', 'Micheal Daniel')","('Joseph Ostrowski', 'Scott Perry')"
,,,,"('Daniel Kujawinski', 'Leonard Pero')","('Joseph Ostrowski', 'William Trask')"
,,,,"('Daniel Kujawinski', 'Mark DeCarlo')","('Joseph Ostrowski', 'Gary Lash')"
,,,,"('Daniel Kujawinski', 'Jeffrey Gier')","('Joseph Ostrowski', 'Sarah Buckley')"
,,,,"('Daniel Kujawinski', 'Allen Nolan')","('Joseph Ostrowski', 'Douglas Walch')"
,,,,"('Daniel Kujawinski', 'Rick Snavely')","('Joseph Ostrowski', 'Demyan Muchnik')"
,,,,"('Daniel Kujawinski', 'Ron Kobel')","('Joseph Ostrowski', 'Andrew Cuomo')"
,,,,"('Daniel Kujawinski', 'Lee Brunell')","('Joseph Ostrowski', 'Natalie Brant')"
,,,,"('Daniel Kujawinski', 'Brian Campbell')","('Joseph Ostrowski', 'Josh Fox')"
,,,,"('Daniel Kujawinski', 'Clark Borngraber')","('Joseph Ostrowski', 'Albert Brown')"
,,,,"('Daniel Kujawinski', 'Jim Travis')","('Joseph Ostrowski', 'Dawn McCaslin')"
,,,,"('Daniel Kujawinski', 'Bob Knorr')","('Leonard Pero', 'Scott Zimmerman')"
,,,,"('Daniel Kujawinski', 'Barbara Daniel')","('Leonard Pero', 'Gary Brecker')"
,,,,"('Daniel Kujawinski', 'Lynda Ostrowski')","('Leonard Pero', 'Daniel Kujawinski')"
,,,,"('Daniel Kujawinski', 'Bill Henry')","('Leonard Pero', 'Scott Perry')"
,,,,"('Daniel Kujawinski', 'Joseph Ostrowski')","('Leonard Pero', 'Gary Lash')"
,,,,"('Daniel Kujawinski', 'Debra Ritz')","('Leonard Pero', 'Sarah Buckley')"
,,,,"('Daniel Kujawinski', 'John Grennell')","('Leonard Pero', 'Douglas Walch')"
,,,,"('Daniel Kujawinski', 'Donald Clark')","('Leonard Pero', 'Demyan Muchnik')"
,,,,"('Daniel Kujawinski', 'Donald Hepkins')","('Leonard Pero', 'Andrew Cuomo')"
,,,,"('Daniel Kujawinski', 'Brian Rott')","('Leonard Pero', 'Natalie Brant')"
,,,,"('Peter Chiavetta', 'Samuel Chiavetta')","('Leonard Pero', 'Josh Fox')"
,,,,"('Peter Chiavetta', 'Chad Kaczmarek')","('Leonard Pero', 'Richard Lippes')"
,,,,"('Peter Chiavetta', 'Joseph di Carlo')","('Leonard Pero', 'Albert Brown')"
,,,,"('Peter Chiavetta', 'Micheal Daniel')","('Leonard Pero', 'Dawn McCaslin')"
,,,,"('Peter Chiavetta', 'Leonard Pero')","('Scott Zimmerman', 'Gary Brecker')"
,,,,"('Peter Chiavetta', 'Mark DeCarlo')","('Scott Zimmerman', 'Daniel Kujawinski')"
,,,,"('Peter Chiavetta', 'William Trask')","('Scott Zimmerman', 'Scott Perry')"
,,,,"('Peter Chiavetta', 'Jeffrey Gier')","('Scott Zimmerman', 'William Trask')"
,,,,"('Peter Chiavetta', 'Allen Nolan')","('Scott Zimmerman', 'Gary Lash')"
,,,,"('Peter Chiavetta', 'Rick Snavely')","('Scott Zimmerman', 'Sarah Buckley')"
,,,,"('Peter Chiavetta', 'Ron Kobel')","('Scott Zimmerman', 'Douglas Walch')"
,,,,"('Peter Chiavetta', 'Lee Brunell')","('Scott Zimmerman', 'Demyan Muchnik')"
,,,,"('Peter Chiavetta', 'Brian Campbell')","('Scott Zimmerman', 'Andrew Cuomo')"
,,,,"('Peter Chiavetta', 'Clark Borngraber')","('Scott Zimmerman', 'Natalie Brant')"
,,,,"('Peter Chiavetta', 'Jim Travis')","('Scott Zimmerman', 'Josh Fox')"
,,,,"('Peter Chiavetta', 'Bob Knorr')","('Scott Zimmerman', 'Richard Lippes')"
,,,,"('Peter Chiavetta', 'Barbara Daniel')","('Scott Zimmerman', 'Albert Brown')"
,,,,"('Peter Chiavetta', 'Lynda Ostrowski')","('Scott Zimmerman', 'Dawn McCaslin')"
,,,,"('Peter Chiavetta', 'Bill Henry')","('Gary Brecker', 'William Trask')"
,,,,"('Peter Chiavetta', 'Joseph Ostrowski')","('Gary Brecker', 'Daniel Kujawinski')"
,,,,"('Peter Chiavetta', 'Debra Ritz')","('Gary Brecker', 'Scott Perry')"
,,,,"('Peter Chiavetta', 'John Grennell')","('Gary Brecker', 'Gary Lash')"
,,,,"('Peter Chiavetta', 'Donald Clark')","('Gary Brecker', 'Sarah Buckley')"
,,,,"('Peter Chiavetta', 'Donald Hepkins')","('Gary Brecker', 'Douglas Walch')"
,,,,"('Peter Chiavetta', 'Brian Rott')","('Gary Brecker', 'Demyan Muchnik')"
,,,,"('Samuel Chiavetta', 'Chad Kaczmarek')","('Gary Brecker', 'Andrew Cuomo')"
,,,,"('Samuel Chiavetta', 'Joseph di Carlo')","('Gary Brecker', 'Natalie Brant')"
,,,,"('Samuel Chiavetta', 'Micheal Daniel')","('Gary Brecker', 'Josh Fox')"
,,,,"('Samuel Chiavetta', 'Leonard Pero')","('Gary Brecker', 'Richard Lippes')"
,,,,"('Samuel Chiavetta', 'Mark DeCarlo')","('Gary Brecker', 'Albert Brown')"
,,,,"('Samuel Chiavetta', 'William Trask')","('Gary Brecker', 'Dawn McCaslin')"
,,,,"('Samuel Chiavetta', 'Jeffrey Gier')","('Daniel Kujawinski', 'Richard Lippes')"
,,,,"('Samuel Chiavetta', 'Allen Nolan')","('Daniel Kujawinski', 'Scott Perry')"
,,,,"('Samuel Chiavetta', 'Rick Snavely')","('Daniel Kujawinski', 'Gary Lash')"
,,,,"('Samuel Chiavetta', 'Ron Kobel')","('Daniel Kujawinski', 'Sarah Buckley')"
,,,,"('Samuel Chiavetta', 'Lee Brunell')","('Daniel Kujawinski', 'Douglas Walch')"
,,,,"('Samuel Chiavetta', 'Brian Campbell')","('Daniel Kujawinski', 'Demyan Muchnik')"
,,,,"('Samuel Chiavetta', 'Clark Borngraber')","('Daniel Kujawinski', 'Andrew Cuomo')"
,,,,"('Samuel Chiavetta', 'Jim Travis')","('Daniel Kujawinski', 'Natalie Brant')"
,,,,"('Samuel Chiavetta', 'Bob Knorr')","('Daniel Kujawinski', 'Josh Fox')"
,,,,"('Samuel Chiavetta', 'Barbara Daniel')","('Daniel Kujawinski', 'Albert Brown')"
,,,,"('Samuel Chiavetta', 'Lynda Ostrowski')","('Daniel Kujawinski', 'Dawn McCaslin')"
,,,,"('Samuel Chiavetta', 'Bill Henry')","('Scott Perry', 'William Trask')"
,,,,"('Samuel Chiavetta', 'Joseph Ostrowski')","('Scott Perry', 'Gary Lash')"
,,,,"('Samuel Chiavetta', 'Debra Ritz')","('Scott Perry', 'Sarah Buckley')"
,,,,"('Samuel Chiavetta', 'John Grennell')","('Scott Perry', 'Douglas Walch')"
,,,,"('Samuel Chiavetta', 'Donald Clark')","('Scott Perry', 'Demyan Muchnik')"
,,,,"('Samuel Chiavetta', 'Donald Hepkins')","('Scott Perry', 'Andrew Cuomo')"
,,,,"('Samuel Chiavetta', 'Brian Rott')","('Scott Perry', 'Natalie Brant')"
,,,,"('Chad Kaczmarek', 'Joseph di Carlo')","('Scott Perry', 'Josh Fox')"
,,,,"('Chad Kaczmarek', 'Micheal Daniel')","('Scott Perry', 'Richard Lippes')"
,,,,"('Chad Kaczmarek', 'Leonard Pero')","('Scott Perry', 'Albert Brown')"
,,,,"('Chad Kaczmarek', 'Mark DeCarlo')","('Scott Perry', 'Dawn McCaslin')"
,,,,"('Chad Kaczmarek', 'William Trask')","('William Trask', 'Gary Lash')"
,,,,"('Chad Kaczmarek', 'Jeffrey Gier')","('William Trask', 'Sarah Buckley')"
,,,,"('Chad Kaczmarek', 'Allen Nolan')","('William Trask', 'Douglas Walch')"
,,,,"('Chad Kaczmarek', 'Rick Snavely')","('William Trask', 'Demyan Muchnik')"
,,,,"('Chad Kaczmarek', 'Ron Kobel')","('William Trask', 'Andrew Cuomo')"
,,,,"('Chad Kaczmarek', 'Lee Brunell')","('William Trask', 'Natalie Brant')"
,,,,"('Chad Kaczmarek', 'Brian Campbell')","('William Trask', 'Josh Fox')"
,,,,"('Chad Kaczmarek', 'Clark Borngraber')","('William Trask', 'Richard Lippes')"
,,,,"('Chad Kaczmarek', 'Jim Travis')","('William Trask', 'Albert Brown')"
,,,,"('Chad Kaczmarek', 'Bob Knorr')","('William Trask', 'Dawn McCaslin')"
,,,,"('Chad Kaczmarek', 'Barbara Daniel')","('Gary Lash', 'Sarah Buckley')"
,,,,"('Chad Kaczmarek', 'Lynda Ostrowski')","('Gary Lash', 'Douglas Walch')"
,,,,"('Chad Kaczmarek', 'Bill Henry')","('Gary Lash', 'Demyan Muchnik')"
,,,,"('Chad Kaczmarek', 'Joseph Ostrowski')","('Gary Lash', 'Andrew Cuomo')"
,,,,"('Chad Kaczmarek', 'Debra Ritz')","('Gary Lash', 'Natalie Brant')"
,,,,"('Chad Kaczmarek', 'John Grennell')","('Gary Lash', 'Josh Fox')"
,,,,"('Chad Kaczmarek', 'Donald Clark')","('Gary Lash', 'Richard Lippes')"
,,,,"('Chad Kaczmarek', 'Donald Hepkins')","('Gary Lash', 'Albert Brown')"
,,,,"('Chad Kaczmarek', 'Brian Rott')","('Gary Lash', 'Dawn McCaslin')"
,,,,"('Joseph di Carlo', 'Micheal Daniel')","('Sarah Buckley', 'Douglas Walch')"
,,,,"('Joseph di Carlo', 'Leonard Pero')","('Sarah Buckley', 'Demyan Muchnik')"
,,,,"('Joseph di Carlo', 'Mark DeCarlo')","('Sarah Buckley', 'Andrew Cuomo')"
,,,,"('Joseph di Carlo', 'William Trask')","('Sarah Buckley', 'Natalie Brant')"
,,,,"('Joseph di Carlo', 'Jeffrey Gier')","('Sarah Buckley', 'Josh Fox')"
,,,,"('Joseph di Carlo', 'Allen Nolan')","('Sarah Buckley', 'Richard Lippes')"
,,,,"('Joseph di Carlo', 'Rick Snavely')","('Sarah Buckley', 'Albert Brown')"
,,,,"('Joseph di Carlo', 'Ron Kobel')","('Sarah Buckley', 'Dawn McCaslin')"
,,,,"('Joseph di Carlo', 'Lee Brunell')","('Douglas Walch', 'Demyan Muchnik')"
,,,,"('Joseph di Carlo', 'Brian Campbell')","('Douglas Walch', 'Andrew Cuomo')"
,,,,"('Joseph di Carlo', 'Clark Borngraber')","('Douglas Walch', 'Natalie Brant')"
,,,,"('Joseph di Carlo', 'Jim Travis')","('Douglas Walch', 'Josh Fox')"
,,,,"('Joseph di Carlo', 'Bob Knorr')","('Douglas Walch', 'Richard Lippes')"
,,,,"('Joseph di Carlo', 'Barbara Daniel')","('Douglas Walch', 'Albert Brown')"
,,,,"('Joseph di Carlo', 'Lynda Ostrowski')","('Douglas Walch', 'Dawn McCaslin')"
,,,,"('Joseph di Carlo', 'Bill Henry')","('Demyan Muchnik', 'Andrew Cuomo')"
,,,,"('Joseph di Carlo', 'Joseph Ostrowski')","('Demyan Muchnik', 'Natalie Brant')"
,,,,"('Joseph di Carlo', 'Debra Ritz')","('Demyan Muchnik', 'Josh Fox')"
,,,,"('Joseph di Carlo', 'John Grennell')","('Demyan Muchnik', 'Richard Lippes')"
,,,,"('Joseph di Carlo', 'Donald Clark')","('Demyan Muchnik', 'Albert Brown')"
,,,,"('Joseph di Carlo', 'Donald Hepkins')","('Demyan Muchnik', 'Dawn McCaslin')"
,,,,"('Joseph di Carlo', 'Brian Rott')","('Andrew Cuomo', 'Natalie Brant')"
,,,,"('Micheal Daniel', 'Leonard Pero')","('Andrew Cuomo', 'Josh Fox')"
,,,,"('Micheal Daniel', 'Mark DeCarlo')","('Andrew Cuomo', 'Richard Lippes')"
,,,,"('Micheal Daniel', 'William Trask')","('Andrew Cuomo', 'Albert Brown')"
,,,,"('Micheal Daniel', 'Jeffrey Gier')","('Andrew Cuomo', 'Dawn McCaslin')"
,,,,"('Micheal Daniel', 'Allen Nolan')","('Natalie Brant', 'Josh Fox')"
,,,,"('Micheal Daniel', 'Rick Snavely')","('Natalie Brant', 'Richard Lippes')"
,,,,"('Micheal Daniel', 'Ron Kobel')","('Natalie Brant', 'Albert Brown')"
,,,,"('Micheal Daniel', 'Lee Brunell')","('Natalie Brant', 'Dawn McCaslin')"
,,,,"('Micheal Daniel', 'Brian Campbell')","('Josh Fox', 'Richard Lippes')"
,,,,"('Micheal Daniel', 'Clark Borngraber')","('Josh Fox', 'Albert Brown')"
,,,,"('Micheal Daniel', 'Jim Travis')","('Josh Fox', 'Dawn McCaslin')"
,,,,"('Micheal Daniel', 'Bob Knorr')","('Richard Lippes', 'Albert Brown')"
,,,,"('Micheal Daniel', 'Barbara Daniel')","('Richard Lippes', 'Dawn McCaslin')"
,,,,"('Micheal Daniel', 'Lynda Ostrowski')","('Albert Brown', 'Dawn McCaslin')"
,,,,"('Micheal Daniel', 'Bill Henry')",
,,,,"('Micheal Daniel', 'Joseph Ostrowski')",
,,,,"('Micheal Daniel', 'Debra Ritz')",
,,,,"('Micheal Daniel', 'John Grennell')",
,,,,"('Micheal Daniel', 'Donald Clark')",
,,,,"('Micheal Daniel', 'Donald Hepkins')",
,,,,"('Micheal Daniel', 'Brian Rott')",
,,,,"('Leonard Pero', 'Mark DeCarlo')",
,,,,"('Leonard Pero', 'Jeffrey Gier')",
,,,,"('Leonard Pero', 'Allen Nolan')",
,,,,"('Leonard Pero', 'Rick Snavely')",
,,,,"('Leonard Pero', 'Ron Kobel')",
,,,,"('Leonard Pero', 'Lee Brunell')",
,,,,"('Leonard Pero', 'Brian Campbell')",
,,,,"('Leonard Pero', 'Clark Borngraber')",
,,,,"('Leonard Pero', 'Jim Travis')",
,,,,"('Leonard Pero', 'Bob Knorr')",
,,,,"('Leonard Pero', 'Barbara Daniel')",
,,,,"('Leonard Pero', 'Lynda Ostrowski')",
,,,,"('Leonard Pero', 'Bill Henry')",
,,,,"('Leonard Pero', 'Joseph Ostrowski')",
,,,,"('Leonard Pero', 'Debra Ritz')",
,,,,"('Leonard Pero', 'John Grennell')",
,,,,"('Leonard Pero', 'Donald Clark')",
,,,,"('Leonard Pero', 'Donald Hepkins')",
,,,,"('Leonard Pero', 'Brian Rott')",
,,,,"('Mark DeCarlo', 'William Trask')",
,,,,"('Mark DeCarlo', 'Jeffrey Gier')",
,,,,"('Mark DeCarlo', 'Allen Nolan')",
,,,,"('Mark DeCarlo', 'Rick Snavely')",
,,,,"('Mark DeCarlo', 'Ron Kobel')",
,,,,"('Mark DeCarlo', 'Lee Brunell')",
,,,,"('Mark DeCarlo', 'Brian Campbell')",
,,,,"('Mark DeCarlo', 'Clark Borngraber')",
,,,,"('Mark DeCarlo', 'Jim Travis')",
,,,,"('Mark DeCarlo', 'Bob Knorr')",
,,,,"('Mark DeCarlo', 'Barbara Daniel')",
,,,,"('Mark DeCarlo', 'Lynda Ostrowski')",
,,,,"('Mark DeCarlo', 'Bill Henry')",
,,,,"('Mark DeCarlo', 'Joseph Ostrowski')",
,,,,"('Mark DeCarlo', 'Debra Ritz')",
,,,,"('Mark DeCarlo', 'John Grennell')",
,,,,"('Mark DeCarlo', 'Donald Clark')",
,,,,"('Mark DeCarlo', 'Donald Hepkins')",
,,,,"('Mark DeCarlo', 'Brian Rott')",
,,,,"('William Trask', 'Jeffrey Gier')",
,,,,"('William Trask', 'Allen Nolan')",
,,,,"('William Trask', 'Rick Snavely')",
,,,,"('William Trask', 'Ron Kobel')",
,,,,"('William Trask', 'Lee Brunell')",
,,,,"('William Trask', 'Brian Campbell')",
,,,,"('William Trask', 'Clark Borngraber')",
,,,,"('William Trask', 'Jim Travis')",
,,,,"('William Trask', 'Bob Knorr')",
,,,,"('William Trask', 'Barbara Daniel')",
,,,,"('William Trask', 'Lynda Ostrowski')",
,,,,"('William Trask', 'Bill Henry')",
,,,,"('William Trask', 'Joseph Ostrowski')",
,,,,"('William Trask', 'Debra Ritz')",
,,,,"('William Trask', 'John Grennell')",
,,,,"('William Trask', 'Donald Clark')",
,,,,"('William Trask', 'Donald Hepkins')",
,,,,"('William Trask', 'Brian Rott')",
,,,,"('Jeffrey Gier', 'Allen Nolan')",
,,,,"('Jeffrey Gier', 'Rick Snavely')",
,,,,"('Jeffrey Gier', 'Ron Kobel')",
,,,,"('Jeffrey Gier', 'Lee Brunell')",
,,,,"('Jeffrey Gier', 'Brian Campbell')",
,,,,"('Jeffrey Gier', 'Clark Borngraber')",
,,,,"('Jeffrey Gier', 'Jim Travis')",
,,,,"('Jeffrey Gier', 'Bob Knorr')",
,,,,"('Jeffrey Gier', 'Barbara Daniel')",
,,,,"('Jeffrey Gier', 'Lynda Ostrowski')",
,,,,"('Jeffrey Gier', 'Bill Henry')",
,,,,"('Jeffrey Gier', 'Joseph Ostrowski')",
,,,,"('Jeffrey Gier', 'Debra Ritz')",
,,,,"('Jeffrey Gier', 'John Grennell')",
,,,,"('Jeffrey Gier', 'Donald Clark')",
,,,,"('Jeffrey Gier', 'Donald Hepkins')",
,,,,"('Jeffrey Gier', 'Brian Rott')",
,,,,"('Allen Nolan', 'Rick Snavely')",
,,,,"('Allen Nolan', 'Ron Kobel')",
,,,,"('Allen Nolan', 'Lee Brunell')",
,,,,"('Allen Nolan', 'Brian Campbell')",
,,,,"('Allen Nolan', 'Clark Borngraber')",
,,,,"('Allen Nolan', 'Jim Travis')",
,,,,"('Allen Nolan', 'Bob Knorr')",
,,,,"('Allen Nolan', 'Barbara Daniel')",
,,,,"('Allen Nolan', 'Lynda Ostrowski')",
,,,,"('Allen Nolan', 'Bill Henry')",
,,,,"('Allen Nolan', 'Joseph Ostrowski')",
,,,,"('Allen Nolan', 'Debra Ritz')",
,,,,"('Allen Nolan', 'John Grennell')",
,,,,"('Allen Nolan', 'Donald Clark')",
,,,,"('Allen Nolan', 'Donald Hepkins')",
,,,,"('Allen Nolan', 'Brian Rott')",
,,,,"('Rick Snavely', 'Ron Kobel')",
,,,,"('Rick Snavely', 'Lee Brunell')",
,,,,"('Rick Snavely', 'Brian Campbell')",
,,,,"('Rick Snavely', 'Clark Borngraber')",
,,,,"('Rick Snavely', 'Jim Travis')",
,,,,"('Rick Snavely', 'Bob Knorr')",
,,,,"('Rick Snavely', 'Barbara Daniel')",
,,,,"('Rick Snavely', 'Lynda Ostrowski')",
,,,,"('Rick Snavely', 'Bill Henry')",
,,,,"('Rick Snavely', 'Joseph Ostrowski')",
,,,,"('Rick Snavely', 'Debra Ritz')",
,,,,"('Rick Snavely', 'John Grennell')",
,,,,"('Rick Snavely', 'Donald Clark')",
,,,,"('Rick Snavely', 'Donald Hepkins')",
,,,,"('Rick Snavely', 'Brian Rott')",
,,,,"('Ron Kobel', 'Lee Brunell')",
,,,,"('Ron Kobel', 'Brian Campbell')",
,,,,"('Ron Kobel', 'Clark Borngraber')",
,,,,"('Ron Kobel', 'Jim Travis')",
,,,,"('Ron Kobel', 'Bob Knorr')",
,,,,"('Ron Kobel', 'Barbara Daniel')",
,,,,"('Ron Kobel', 'Lynda Ostrowski')",
,,,,"('Ron Kobel', 'Bill Henry')",
,,,,"('Ron Kobel', 'Joseph Ostrowski')",
,,,,"('Ron Kobel', 'Debra Ritz')",
,,,,"('Ron Kobel', 'John Grennell')",
,,,,"('Ron Kobel', 'Donald Clark')",
,,,,"('Ron Kobel', 'Donald Hepkins')",
,,,,"('Ron Kobel', 'Brian Rott')",
,,,,"('Lee Brunell', 'Brian Campbell')",
,,,,"('Lee Brunell', 'Clark Borngraber')",
,,,,"('Lee Brunell', 'Jim Travis')",
,,,,"('Lee Brunell', 'Bob Knorr')",
,,,,"('Lee Brunell', 'Barbara Daniel')",
,,,,"('Lee Brunell', 'Lynda Ostrowski')",
,,,,"('Lee Brunell', 'Bill Henry')",
,,,,"('Lee Brunell', 'Joseph Ostrowski')",
,,,,"('Lee Brunell', 'Debra Ritz')",
,,,,"('Lee Brunell', 'John Grennell')",
,,,,"('Lee Brunell', 'Donald Clark')",
,,,,"('Lee Brunell', 'Donald Hepkins')",
,,,,"('Lee Brunell', 'Brian Rott')",
,,,,"('Brian Campbell', 'Clark Borngraber')",
,,,,"('Brian Campbell', 'Jim Travis')",
,,,,"('Brian Campbell', 'Bob Knorr')",
,,,,"('Brian Campbell', 'Barbara Daniel')",
,,,,"('Brian Campbell', 'Lynda Ostrowski')",
,,,,"('Brian Campbell', 'Bill Henry')",
,,,,"('Brian Campbell', 'Joseph Ostrowski')",
,,,,"('Brian Campbell', 'Debra Ritz')",
,,,,"('Brian Campbell', 'John Grennell')",
,,,,"('Brian Campbell', 'Donald Clark')",
,,,,"('Brian Campbell', 'Donald Hepkins')",
,,,,"('Brian Campbell', 'Brian Rott')",
,,,,"('Clark Borngraber', 'Jim Travis')",
,,,,"('Clark Borngraber', 'Bob Knorr')",
,,,,"('Clark Borngraber', 'Barbara Daniel')",
,,,,"('Clark Borngraber', 'Lynda Ostrowski')",
,,,,"('Clark Borngraber', 'Bill Henry')",
,,,,"('Clark Borngraber', 'Joseph Ostrowski')",
,,,,"('Clark Borngraber', 'Debra Ritz')",
,,,,"('Clark Borngraber', 'John Grennell')",
,,,,"('Clark Borngraber', 'Donald Clark')",
,,,,"('Clark Borngraber', 'Donald Hepkins')",
,,,,"('Clark Borngraber', 'Brian Rott')",
,,,,"('Jim Travis', 'Bob Knorr')",
,,,,"('Jim Travis', 'Barbara Daniel')",
,,,,"('Jim Travis', 'Lynda Ostrowski')",
,,,,"('Jim Travis', 'Bill Henry')",
,,,,"('Jim Travis', 'Joseph Ostrowski')",
,,,,"('Jim Travis', 'Debra Ritz')",
,,,,"('Jim Travis', 'John Grennell')",
,,,,"('Jim Travis', 'Donald Clark')",
,,,,"('Jim Travis', 'Donald Hepkins')",
,,,,"('Jim Travis', 'Brian Rott')",
,,,,"('Bob Knorr', 'Barbara Daniel')",
,,,,"('Bob Knorr', 'Lynda Ostrowski')",
,,,,"('Bob Knorr', 'Bill Henry')",
,,,,"('Bob Knorr', 'Joseph Ostrowski')",
,,,,"('Bob Knorr', 'Debra Ritz')",
,,,,"('Bob Knorr', 'John Grennell')",
,,,,"('Bob Knorr', 'Donald Clark')",
,,,,"('Bob Knorr', 'Donald Hepkins')",
,,,,"('Bob Knorr', 'Brian Rott')",
,,,,"('Barbara Daniel', 'Lynda Ostrowski')",
,,,,"('Barbara Daniel', 'Bill Henry')",
,,,,"('Barbara Daniel', 'Joseph Ostrowski')",
,,,,"('Barbara Daniel', 'Debra Ritz')",
,,,,"('Barbara Daniel', 'John Grennell')",
,,,,"('Barbara Daniel', 'Donald Clark')",
,,,,"('Barbara Daniel', 'Donald Hepkins')",
,,,,"('Barbara Daniel', 'Brian Rott')",
,,,,"('Lynda Ostrowski', 'Bill Henry')",
,,,,"('Lynda Ostrowski', 'Joseph Ostrowski')",
,,,,"('Lynda Ostrowski', 'Debra Ritz')",
,,,,"('Lynda Ostrowski', 'John Grennell')",
,,,,"('Lynda Ostrowski', 'Donald Clark')",
,,,,"('Lynda Ostrowski', 'Donald Hepkins')",
,,,,"('Lynda Ostrowski', 'Brian Rott')",
,,,,"('Bill Henry', 'Joseph Ostrowski')",
,,,,"('Bill Henry', 'Debra Ritz')",
,,,,"('Bill Henry', 'John Grennell')",
,,,,"('Bill Henry', 'Donald Clark')",
,,,,"('Bill Henry', 'Donald Hepkins')",
,,,,"('Bill Henry', 'Brian Rott')",
,,,,"('Joseph Ostrowski', 'Debra Ritz')",
,,,,"('Joseph Ostrowski', 'John Grennell')",
,,,,"('Joseph Ostrowski', 'Donald Clark')",
,,,,"('Joseph Ostrowski', 'Donald Hepkins')",
,,,,"('Joseph Ostrowski', 'Brian Rott')",
,,,,"('Debra Ritz', 'John Grennell')",
,,,,"('Debra Ritz', 'Donald Clark')",
,,,,"('Debra Ritz', 'Donald Hepkins')",
,,,,"('Debra Ritz', 'Brian Rott')",
,,,,"('John Grennell', 'Donald Clark')",
,,,,"('John Grennell', 'Donald Hepkins')",
,,,,"('John Grennell', 'Brian Rott')",
,,,,"('Donald Clark', 'Donald Hepkins')",
,,,,"('Donald Clark', 'Brian Rott')",
,,,,"('Donald Hepkins', 'Brian Rott')",
