AB Actor Overlap,AB Relationship Overlap,Unique A Actors,Unique B Actors,Unique A Relationships,Unique B Relationships
Bonnie Reynolds,"('Bonnie Reynolds', 'Toshia Hance')",Sonya Furness,Michael Bopp,"('Sonya Furness', 'Bonnie Reynolds')","('Michael Bopp', 'Bonnie Reynolds')"
Toshia Hance,,Richard Parker,Mark Wagner,"('Sonya Furness', 'Richard Parker')","('Michael Bopp', 'Mark Wagner')"
,,John Noti,Scott Kurkoski,"('Sonya Furness', 'John Noti')","('Michael Bopp', 'Scott Kurkoski')"
,,William Evans,Jennifer Huntington,"('Sonya Furness', 'William Evans')","('Michael Bopp', 'Jennifer Huntington')"
,,David Slottje,Thomas West,"('Sonya Furness', 'David Slottje')","('Michael Bopp', 'Thomas West')"
,,State Representative of Barker,James Ossont,"('Sonya Furness', 'State Representative of Barker')","('Michael Bopp', 'James Ossont')"
,,Patrick Brennan,Emily DeSantis,"('Sonya Furness', 'Patrick Brennan')","('Michael Bopp', 'Emily DeSantis')"
,,Mark Stolarezyk,Brymer Humphreys,"('Sonya Furness', 'Mark Stolarezyk')","('Michael Bopp', 'Brymer Humphreys')"
,,Keith Williams,Carleton Corey,"('Sonya Furness', 'Keith Williams')","('Michael Bopp', 'Carleton Corey')"
,,Alan Hunt,Nelson Blau,"('Sonya Furness', 'Alan Hunt')","('Michael Bopp', 'Toshia Hance')"
,,Richard Ritenour,Kevin Kelley,"('Sonya Furness', 'Richard Ritenour')","('Michael Bopp', 'Nelson Blau')"
,,Alan Waterman,Jeff Miller,"('Sonya Furness', 'Alan Waterman')","('Michael Bopp', 'Kevin Kelley')"
,,Scott Kimball,Patrick Tyksinski,"('Sonya Furness', 'Scott Kimball')","('Michael Bopp', 'Jeff Miller')"
,,Alicia Lewis,Joseph Martens,"('Sonya Furness', 'Alicia Lewis')","('Michael Bopp', 'Patrick Tyksinski')"
,,Gary Colarusso,James Seward,"('Sonya Furness', 'Gary Colarusso')","('Michael Bopp', 'Joseph Martens')"
,,Codes Officer,Myron Thurston,"('Sonya Furness', 'Codes Officer')","('Michael Bopp', 'James Seward')"
,,Planning Board,Mark Helt,"('Sonya Furness', 'Planning Board')","('Michael Bopp', 'Myron Thurston')"
,,Paula Perra,,"('Sonya Furness', 'Toshia Hance')","('Michael Bopp', 'Mark Helt')"
,,Amy Bucholz,,"('Sonya Furness', 'Paula Perra')","('Bonnie Reynolds', 'Brymer Humphreys')"
,,Mark Stolarczyk,,"('Sonya Furness', 'Amy Bucholz')","('Bonnie Reynolds', 'Mark Wagner')"
,,Norma Vleer,,"('Sonya Furness', 'Mark Stolarczyk')","('Bonnie Reynolds', 'Scott Kurkoski')"
,,Dan Houseman,,"('Sonya Furness', 'Norma Vleer')","('Bonnie Reynolds', 'Jennifer Huntington')"
,,Wayne Russell,,"('Sonya Furness', 'Dan Houseman')","('Bonnie Reynolds', 'Thomas West')"
,,Lois Dillsworth,,"('Sonya Furness', 'Wayne Russell')","('Bonnie Reynolds', 'James Ossont')"
,,Amber Hoke,,"('Sonya Furness', 'Lois Dillsworth')","('Bonnie Reynolds', 'Emily DeSantis')"
,,Suzanne Collins,,"('Sonya Furness', 'Amber Hoke')","('Bonnie Reynolds', 'Carleton Corey')"
,,James Stewart,,"('Sonya Furness', 'Suzanne Collins')","('Bonnie Reynolds', 'Nelson Blau')"
,,Peggy Bartels,,"('Sonya Furness', 'James Stewart')","('Bonnie Reynolds', 'Kevin Kelley')"
,,,,"('Sonya Furness', 'Peggy Bartels')","('Bonnie Reynolds', 'Jeff Miller')"
,,,,"('Bonnie Reynolds', 'Richard Parker')","('Bonnie Reynolds', 'Patrick Tyksinski')"
,,,,"('Bonnie Reynolds', 'John Noti')","('Bonnie Reynolds', 'Joseph Martens')"
,,,,"('Bonnie Reynolds', 'William Evans')","('Bonnie Reynolds', 'James Seward')"
,,,,"('Bonnie Reynolds', 'David Slottje')","('Bonnie Reynolds', 'Myron Thurston')"
,,,,"('Bonnie Reynolds', 'State Representative of Barker')","('Bonnie Reynolds', 'Mark Helt')"
,,,,"('Bonnie Reynolds', 'Patrick Brennan')","('Mark Wagner', 'Scott Kurkoski')"
,,,,"('Bonnie Reynolds', 'Mark Stolarezyk')","('Mark Wagner', 'Jennifer Huntington')"
,,,,"('Bonnie Reynolds', 'Keith Williams')","('Mark Wagner', 'Thomas West')"
,,,,"('Bonnie Reynolds', 'Alan Hunt')","('Mark Wagner', 'James Ossont')"
,,,,"('Bonnie Reynolds', 'Richard Ritenour')","('Mark Wagner', 'Emily DeSantis')"
,,,,"('Bonnie Reynolds', 'Alan Waterman')","('Mark Wagner', 'Brymer Humphreys')"
,,,,"('Bonnie Reynolds', 'Scott Kimball')","('Mark Wagner', 'Carleton Corey')"
,,,,"('Bonnie Reynolds', 'Alicia Lewis')","('Mark Wagner', 'Toshia Hance')"
,,,,"('Bonnie Reynolds', 'Gary Colarusso')","('Mark Wagner', 'Nelson Blau')"
,,,,"('Bonnie Reynolds', 'Codes Officer')","('Mark Wagner', 'Kevin Kelley')"
,,,,"('Bonnie Reynolds', 'Planning Board')","('Mark Wagner', 'Jeff Miller')"
,,,,"('Bonnie Reynolds', 'Paula Perra')","('Mark Wagner', 'Patrick Tyksinski')"
,,,,"('Bonnie Reynolds', 'Amy Bucholz')","('Mark Wagner', 'Joseph Martens')"
,,,,"('Bonnie Reynolds', 'Mark Stolarczyk')","('Mark Wagner', 'James Seward')"
,,,,"('Bonnie Reynolds', 'Norma Vleer')","('Mark Wagner', 'Myron Thurston')"
,,,,"('Bonnie Reynolds', 'Dan Houseman')","('Mark Wagner', 'Mark Helt')"
,,,,"('Bonnie Reynolds', 'Wayne Russell')","('Scott Kurkoski', 'Jennifer Huntington')"
,,,,"('Bonnie Reynolds', 'Lois Dillsworth')","('Scott Kurkoski', 'Thomas West')"
,,,,"('Bonnie Reynolds', 'Amber Hoke')","('Scott Kurkoski', 'James Ossont')"
,,,,"('Bonnie Reynolds', 'Suzanne Collins')","('Scott Kurkoski', 'Emily DeSantis')"
,,,,"('Bonnie Reynolds', 'James Stewart')","('Scott Kurkoski', 'Brymer Humphreys')"
,,,,"('Bonnie Reynolds', 'Peggy Bartels')","('Scott Kurkoski', 'Carleton Corey')"
,,,,"('Richard Parker', 'John Noti')","('Scott Kurkoski', 'Toshia Hance')"
,,,,"('Richard Parker', 'William Evans')","('Scott Kurkoski', 'Nelson Blau')"
,,,,"('Richard Parker', 'David Slottje')","('Scott Kurkoski', 'Kevin Kelley')"
,,,,"('Richard Parker', 'State Representative of Barker')","('Scott Kurkoski', 'Jeff Miller')"
,,,,"('Richard Parker', 'Patrick Brennan')","('Scott Kurkoski', 'Patrick Tyksinski')"
,,,,"('Richard Parker', 'Mark Stolarezyk')","('Scott Kurkoski', 'Joseph Martens')"
,,,,"('Richard Parker', 'Keith Williams')","('Scott Kurkoski', 'James Seward')"
,,,,"('Richard Parker', 'Alan Hunt')","('Scott Kurkoski', 'Myron Thurston')"
,,,,"('Richard Parker', 'Richard Ritenour')","('Scott Kurkoski', 'Mark Helt')"
,,,,"('Richard Parker', 'Alan Waterman')","('Jennifer Huntington', 'Thomas West')"
,,,,"('Richard Parker', 'Scott Kimball')","('Jennifer Huntington', 'James Ossont')"
,,,,"('Richard Parker', 'Alicia Lewis')","('Jennifer Huntington', 'Emily DeSantis')"
,,,,"('Richard Parker', 'Gary Colarusso')","('Jennifer Huntington', 'Brymer Humphreys')"
,,,,"('Richard Parker', 'Codes Officer')","('Jennifer Huntington', 'Carleton Corey')"
,,,,"('Richard Parker', 'Planning Board')","('Jennifer Huntington', 'Toshia Hance')"
,,,,"('Richard Parker', 'Toshia Hance')","('Jennifer Huntington', 'Nelson Blau')"
,,,,"('Richard Parker', 'Paula Perra')","('Jennifer Huntington', 'Kevin Kelley')"
,,,,"('Richard Parker', 'Amy Bucholz')","('Jennifer Huntington', 'Jeff Miller')"
,,,,"('Richard Parker', 'Mark Stolarczyk')","('Jennifer Huntington', 'Patrick Tyksinski')"
,,,,"('Richard Parker', 'Norma Vleer')","('Jennifer Huntington', 'Joseph Martens')"
,,,,"('Richard Parker', 'Dan Houseman')","('Jennifer Huntington', 'James Seward')"
,,,,"('Richard Parker', 'Wayne Russell')","('Jennifer Huntington', 'Myron Thurston')"
,,,,"('Richard Parker', 'Lois Dillsworth')","('Jennifer Huntington', 'Mark Helt')"
,,,,"('Richard Parker', 'Amber Hoke')","('Thomas West', 'James Ossont')"
,,,,"('Richard Parker', 'Suzanne Collins')","('Thomas West', 'Emily DeSantis')"
,,,,"('Richard Parker', 'James Stewart')","('Thomas West', 'Brymer Humphreys')"
,,,,"('Richard Parker', 'Peggy Bartels')","('Thomas West', 'Carleton Corey')"
,,,,"('John Noti', 'Alan Waterman')","('Thomas West', 'Toshia Hance')"
,,,,"('John Noti', 'William Evans')","('Thomas West', 'Nelson Blau')"
,,,,"('John Noti', 'David Slottje')","('Thomas West', 'Kevin Kelley')"
,,,,"('John Noti', 'State Representative of Barker')","('Thomas West', 'Jeff Miller')"
,,,,"('John Noti', 'Patrick Brennan')","('Thomas West', 'Patrick Tyksinski')"
,,,,"('John Noti', 'Mark Stolarezyk')","('Thomas West', 'Joseph Martens')"
,,,,"('John Noti', 'Keith Williams')","('Thomas West', 'James Seward')"
,,,,"('John Noti', 'Alan Hunt')","('Thomas West', 'Myron Thurston')"
,,,,"('John Noti', 'Richard Ritenour')","('Thomas West', 'Mark Helt')"
,,,,"('John Noti', 'Scott Kimball')","('James Ossont', 'Emily DeSantis')"
,,,,"('John Noti', 'Alicia Lewis')","('James Ossont', 'Brymer Humphreys')"
,,,,"('John Noti', 'Gary Colarusso')","('James Ossont', 'Carleton Corey')"
,,,,"('John Noti', 'Codes Officer')","('James Ossont', 'Toshia Hance')"
,,,,"('John Noti', 'Planning Board')","('James Ossont', 'Nelson Blau')"
,,,,"('John Noti', 'Toshia Hance')","('James Ossont', 'Kevin Kelley')"
,,,,"('John Noti', 'Paula Perra')","('James Ossont', 'Jeff Miller')"
,,,,"('John Noti', 'Amy Bucholz')","('James Ossont', 'Patrick Tyksinski')"
,,,,"('John Noti', 'Mark Stolarczyk')","('James Ossont', 'Joseph Martens')"
,,,,"('John Noti', 'Norma Vleer')","('James Ossont', 'James Seward')"
,,,,"('John Noti', 'Dan Houseman')","('James Ossont', 'Myron Thurston')"
,,,,"('John Noti', 'Wayne Russell')","('James Ossont', 'Mark Helt')"
,,,,"('John Noti', 'Lois Dillsworth')","('Emily DeSantis', 'Brymer Humphreys')"
,,,,"('John Noti', 'Amber Hoke')","('Emily DeSantis', 'Carleton Corey')"
,,,,"('John Noti', 'Suzanne Collins')","('Emily DeSantis', 'Toshia Hance')"
,,,,"('John Noti', 'James Stewart')","('Emily DeSantis', 'Nelson Blau')"
,,,,"('John Noti', 'Peggy Bartels')","('Emily DeSantis', 'Kevin Kelley')"
,,,,"('William Evans', 'David Slottje')","('Emily DeSantis', 'Jeff Miller')"
,,,,"('William Evans', 'State Representative of Barker')","('Emily DeSantis', 'Patrick Tyksinski')"
,,,,"('William Evans', 'Patrick Brennan')","('Emily DeSantis', 'Joseph Martens')"
,,,,"('William Evans', 'Mark Stolarezyk')","('Emily DeSantis', 'James Seward')"
,,,,"('William Evans', 'Keith Williams')","('Emily DeSantis', 'Myron Thurston')"
,,,,"('William Evans', 'Alan Hunt')","('Emily DeSantis', 'Mark Helt')"
,,,,"('William Evans', 'Richard Ritenour')","('Brymer Humphreys', 'Toshia Hance')"
,,,,"('William Evans', 'Alan Waterman')","('Brymer Humphreys', 'Carleton Corey')"
,,,,"('William Evans', 'Scott Kimball')","('Brymer Humphreys', 'Nelson Blau')"
,,,,"('William Evans', 'Alicia Lewis')","('Brymer Humphreys', 'Kevin Kelley')"
,,,,"('William Evans', 'Gary Colarusso')","('Brymer Humphreys', 'Jeff Miller')"
,,,,"('William Evans', 'Codes Officer')","('Brymer Humphreys', 'Patrick Tyksinski')"
,,,,"('William Evans', 'Planning Board')","('Brymer Humphreys', 'Joseph Martens')"
,,,,"('William Evans', 'Toshia Hance')","('Brymer Humphreys', 'James Seward')"
,,,,"('William Evans', 'Paula Perra')","('Brymer Humphreys', 'Myron Thurston')"
,,,,"('William Evans', 'Amy Bucholz')","('Brymer Humphreys', 'Mark Helt')"
,,,,"('William Evans', 'Mark Stolarczyk')","('Carleton Corey', 'Toshia Hance')"
,,,,"('William Evans', 'Norma Vleer')","('Carleton Corey', 'Nelson Blau')"
,,,,"('William Evans', 'Dan Houseman')","('Carleton Corey', 'Kevin Kelley')"
,,,,"('William Evans', 'Wayne Russell')","('Carleton Corey', 'Jeff Miller')"
,,,,"('William Evans', 'Lois Dillsworth')","('Carleton Corey', 'Patrick Tyksinski')"
,,,,"('William Evans', 'Amber Hoke')","('Carleton Corey', 'Joseph Martens')"
,,,,"('William Evans', 'Suzanne Collins')","('Carleton Corey', 'James Seward')"
,,,,"('William Evans', 'James Stewart')","('Carleton Corey', 'Myron Thurston')"
,,,,"('William Evans', 'Peggy Bartels')","('Carleton Corey', 'Mark Helt')"
,,,,"('David Slottje', 'State Representative of Barker')","('Toshia Hance', 'Nelson Blau')"
,,,,"('David Slottje', 'Patrick Brennan')","('Toshia Hance', 'Kevin Kelley')"
,,,,"('David Slottje', 'Mark Stolarezyk')","('Toshia Hance', 'Jeff Miller')"
,,,,"('David Slottje', 'Keith Williams')","('Toshia Hance', 'Patrick Tyksinski')"
,,,,"('David Slottje', 'Alan Hunt')","('Toshia Hance', 'Joseph Martens')"
,,,,"('David Slottje', 'Richard Ritenour')","('Toshia Hance', 'James Seward')"
,,,,"('David Slottje', 'Alan Waterman')","('Toshia Hance', 'Myron Thurston')"
,,,,"('David Slottje', 'Scott Kimball')","('Toshia Hance', 'Mark Helt')"
,,,,"('David Slottje', 'Alicia Lewis')","('Nelson Blau', 'Kevin Kelley')"
,,,,"('David Slottje', 'Gary Colarusso')","('Nelson Blau', 'Jeff Miller')"
,,,,"('David Slottje', 'Codes Officer')","('Nelson Blau', 'Patrick Tyksinski')"
,,,,"('David Slottje', 'Planning Board')","('Nelson Blau', 'Joseph Martens')"
,,,,"('David Slottje', 'Toshia Hance')","('Nelson Blau', 'James Seward')"
,,,,"('David Slottje', 'Paula Perra')","('Nelson Blau', 'Myron Thurston')"
,,,,"('David Slottje', 'Amy Bucholz')","('Nelson Blau', 'Mark Helt')"
,,,,"('David Slottje', 'Mark Stolarczyk')","('Kevin Kelley', 'Jeff Miller')"
,,,,"('David Slottje', 'Norma Vleer')","('Kevin Kelley', 'Patrick Tyksinski')"
,,,,"('David Slottje', 'Dan Houseman')","('Kevin Kelley', 'Joseph Martens')"
,,,,"('David Slottje', 'Wayne Russell')","('Kevin Kelley', 'James Seward')"
,,,,"('David Slottje', 'Lois Dillsworth')","('Kevin Kelley', 'Myron Thurston')"
,,,,"('David Slottje', 'Amber Hoke')","('Kevin Kelley', 'Mark Helt')"
,,,,"('David Slottje', 'Suzanne Collins')","('Jeff Miller', 'Patrick Tyksinski')"
,,,,"('David Slottje', 'James Stewart')","('Jeff Miller', 'Joseph Martens')"
,,,,"('David Slottje', 'Peggy Bartels')","('Jeff Miller', 'James Seward')"
,,,,"('State Representative of Barker', 'Patrick Brennan')","('Jeff Miller', 'Myron Thurston')"
,,,,"('State Representative of Barker', 'Mark Stolarezyk')","('Jeff Miller', 'Mark Helt')"
,,,,"('State Representative of Barker', 'Keith Williams')","('Patrick Tyksinski', 'Joseph Martens')"
,,,,"('State Representative of Barker', 'Alan Hunt')","('Patrick Tyksinski', 'James Seward')"
,,,,"('State Representative of Barker', 'Richard Ritenour')","('Patrick Tyksinski', 'Myron Thurston')"
,,,,"('State Representative of Barker', 'Alan Waterman')","('Patrick Tyksinski', 'Mark Helt')"
,,,,"('State Representative of Barker', 'Scott Kimball')","('Joseph Martens', 'James Seward')"
,,,,"('State Representative of Barker', 'Alicia Lewis')","('Joseph Martens', 'Myron Thurston')"
,,,,"('State Representative of Barker', 'Gary Colarusso')","('Joseph Martens', 'Mark Helt')"
,,,,"('State Representative of Barker', 'Codes Officer')","('James Seward', 'Myron Thurston')"
,,,,"('State Representative of Barker', 'Planning Board')","('James Seward', 'Mark Helt')"
,,,,"('State Representative of Barker', 'Toshia Hance')","('Myron Thurston', 'Mark Helt')"
,,,,"('State Representative of Barker', 'Paula Perra')",
,,,,"('State Representative of Barker', 'Amy Bucholz')",
,,,,"('State Representative of Barker', 'Mark Stolarczyk')",
,,,,"('State Representative of Barker', 'Norma Vleer')",
,,,,"('State Representative of Barker', 'Dan Houseman')",
,,,,"('State Representative of Barker', 'Wayne Russell')",
,,,,"('State Representative of Barker', 'Lois Dillsworth')",
,,,,"('State Representative of Barker', 'Amber Hoke')",
,,,,"('State Representative of Barker', 'Suzanne Collins')",
,,,,"('State Representative of Barker', 'James Stewart')",
,,,,"('State Representative of Barker', 'Peggy Bartels')",
,,,,"('Patrick Brennan', 'Mark Stolarezyk')",
,,,,"('Patrick Brennan', 'Keith Williams')",
,,,,"('Patrick Brennan', 'Alan Hunt')",
,,,,"('Patrick Brennan', 'Richard Ritenour')",
,,,,"('Patrick Brennan', 'Alan Waterman')",
,,,,"('Patrick Brennan', 'Scott Kimball')",
,,,,"('Patrick Brennan', 'Alicia Lewis')",
,,,,"('Patrick Brennan', 'Gary Colarusso')",
,,,,"('Patrick Brennan', 'Codes Officer')",
,,,,"('Patrick Brennan', 'Planning Board')",
,,,,"('Patrick Brennan', 'Toshia Hance')",
,,,,"('Patrick Brennan', 'Paula Perra')",
,,,,"('Patrick Brennan', 'Amy Bucholz')",
,,,,"('Patrick Brennan', 'Mark Stolarczyk')",
,,,,"('Patrick Brennan', 'Norma Vleer')",
,,,,"('Patrick Brennan', 'Dan Houseman')",
,,,,"('Patrick Brennan', 'Wayne Russell')",
,,,,"('Patrick Brennan', 'Lois Dillsworth')",
,,,,"('Patrick Brennan', 'Amber Hoke')",
,,,,"('Patrick Brennan', 'Suzanne Collins')",
,,,,"('Patrick Brennan', 'James Stewart')",
,,,,"('Patrick Brennan', 'Peggy Bartels')",
,,,,"('Mark Stolarezyk', 'Keith Williams')",
,,,,"('Mark Stolarezyk', 'Alan Hunt')",
,,,,"('Mark Stolarezyk', 'Richard Ritenour')",
,,,,"('Mark Stolarezyk', 'Alan Waterman')",
,,,,"('Mark Stolarezyk', 'Scott Kimball')",
,,,,"('Mark Stolarezyk', 'Alicia Lewis')",
,,,,"('Mark Stolarezyk', 'Gary Colarusso')",
,,,,"('Mark Stolarezyk', 'Codes Officer')",
,,,,"('Mark Stolarezyk', 'Planning Board')",
,,,,"('Mark Stolarezyk', 'Toshia Hance')",
,,,,"('Mark Stolarezyk', 'Paula Perra')",
,,,,"('Mark Stolarezyk', 'Amy Bucholz')",
,,,,"('Mark Stolarezyk', 'Mark Stolarczyk')",
,,,,"('Mark Stolarezyk', 'Norma Vleer')",
,,,,"('Mark Stolarezyk', 'Dan Houseman')",
,,,,"('Mark Stolarezyk', 'Wayne Russell')",
,,,,"('Mark Stolarezyk', 'Lois Dillsworth')",
,,,,"('Mark Stolarezyk', 'Amber Hoke')",
,,,,"('Mark Stolarezyk', 'Suzanne Collins')",
,,,,"('Mark Stolarezyk', 'James Stewart')",
,,,,"('Mark Stolarezyk', 'Peggy Bartels')",
,,,,"('Keith Williams', 'Alan Hunt')",
,,,,"('Keith Williams', 'Richard Ritenour')",
,,,,"('Keith Williams', 'Alan Waterman')",
,,,,"('Keith Williams', 'Scott Kimball')",
,,,,"('Keith Williams', 'Alicia Lewis')",
,,,,"('Keith Williams', 'Gary Colarusso')",
,,,,"('Keith Williams', 'Codes Officer')",
,,,,"('Keith Williams', 'Planning Board')",
,,,,"('Keith Williams', 'Toshia Hance')",
,,,,"('Keith Williams', 'Paula Perra')",
,,,,"('Keith Williams', 'Amy Bucholz')",
,,,,"('Keith Williams', 'Mark Stolarczyk')",
,,,,"('Keith Williams', 'Norma Vleer')",
,,,,"('Keith Williams', 'Dan Houseman')",
,,,,"('Keith Williams', 'Wayne Russell')",
,,,,"('Keith Williams', 'Lois Dillsworth')",
,,,,"('Keith Williams', 'Amber Hoke')",
,,,,"('Keith Williams', 'Suzanne Collins')",
,,,,"('Keith Williams', 'James Stewart')",
,,,,"('Keith Williams', 'Peggy Bartels')",
,,,,"('Alan Hunt', 'Alan Waterman')",
,,,,"('Alan Hunt', 'Richard Ritenour')",
,,,,"('Alan Hunt', 'Scott Kimball')",
,,,,"('Alan Hunt', 'Alicia Lewis')",
,,,,"('Alan Hunt', 'Gary Colarusso')",
,,,,"('Alan Hunt', 'Codes Officer')",
,,,,"('Alan Hunt', 'Planning Board')",
,,,,"('Alan Hunt', 'Toshia Hance')",
,,,,"('Alan Hunt', 'Paula Perra')",
,,,,"('Alan Hunt', 'Amy Bucholz')",
,,,,"('Alan Hunt', 'Mark Stolarczyk')",
,,,,"('Alan Hunt', 'Norma Vleer')",
,,,,"('Alan Hunt', 'Dan Houseman')",
,,,,"('Alan Hunt', 'Wayne Russell')",
,,,,"('Alan Hunt', 'Lois Dillsworth')",
,,,,"('Alan Hunt', 'Amber Hoke')",
,,,,"('Alan Hunt', 'Suzanne Collins')",
,,,,"('Alan Hunt', 'James Stewart')",
,,,,"('Alan Hunt', 'Peggy Bartels')",
,,,,"('Richard Ritenour', 'Alan Waterman')",
,,,,"('Richard Ritenour', 'Scott Kimball')",
,,,,"('Richard Ritenour', 'Alicia Lewis')",
,,,,"('Richard Ritenour', 'Gary Colarusso')",
,,,,"('Richard Ritenour', 'Codes Officer')",
,,,,"('Richard Ritenour', 'Planning Board')",
,,,,"('Richard Ritenour', 'Toshia Hance')",
,,,,"('Richard Ritenour', 'Paula Perra')",
,,,,"('Richard Ritenour', 'Amy Bucholz')",
,,,,"('Richard Ritenour', 'Mark Stolarczyk')",
,,,,"('Richard Ritenour', 'Norma Vleer')",
,,,,"('Richard Ritenour', 'Dan Houseman')",
,,,,"('Richard Ritenour', 'Wayne Russell')",
,,,,"('Richard Ritenour', 'Lois Dillsworth')",
,,,,"('Richard Ritenour', 'Amber Hoke')",
,,,,"('Richard Ritenour', 'Suzanne Collins')",
,,,,"('Richard Ritenour', 'James Stewart')",
,,,,"('Richard Ritenour', 'Peggy Bartels')",
,,,,"('Alan Waterman', 'Gary Colarusso')",
,,,,"('Alan Waterman', 'Scott Kimball')",
,,,,"('Alan Waterman', 'Alicia Lewis')",
,,,,"('Alan Waterman', 'Codes Officer')",
,,,,"('Alan Waterman', 'Planning Board')",
,,,,"('Alan Waterman', 'Toshia Hance')",
,,,,"('Alan Waterman', 'Paula Perra')",
,,,,"('Alan Waterman', 'Amy Bucholz')",
,,,,"('Alan Waterman', 'Mark Stolarczyk')",
,,,,"('Alan Waterman', 'Norma Vleer')",
,,,,"('Alan Waterman', 'Dan Houseman')",
,,,,"('Alan Waterman', 'Wayne Russell')",
,,,,"('Alan Waterman', 'Lois Dillsworth')",
,,,,"('Alan Waterman', 'Amber Hoke')",
,,,,"('Alan Waterman', 'Suzanne Collins')",
,,,,"('Alan Waterman', 'James Stewart')",
,,,,"('Alan Waterman', 'Peggy Bartels')",
,,,,"('Scott Kimball', 'Alicia Lewis')",
,,,,"('Scott Kimball', 'Gary Colarusso')",
,,,,"('Scott Kimball', 'Codes Officer')",
,,,,"('Scott Kimball', 'Planning Board')",
,,,,"('Scott Kimball', 'Toshia Hance')",
,,,,"('Scott Kimball', 'Paula Perra')",
,,,,"('Scott Kimball', 'Amy Bucholz')",
,,,,"('Scott Kimball', 'Mark Stolarczyk')",
,,,,"('Scott Kimball', 'Norma Vleer')",
,,,,"('Scott Kimball', 'Dan Houseman')",
,,,,"('Scott Kimball', 'Wayne Russell')",
,,,,"('Scott Kimball', 'Lois Dillsworth')",
,,,,"('Scott Kimball', 'Amber Hoke')",
,,,,"('Scott Kimball', 'Suzanne Collins')",
,,,,"('Scott Kimball', 'James Stewart')",
,,,,"('Scott Kimball', 'Peggy Bartels')",
,,,,"('Alicia Lewis', 'Gary Colarusso')",
,,,,"('Alicia Lewis', 'Codes Officer')",
,,,,"('Alicia Lewis', 'Planning Board')",
,,,,"('Alicia Lewis', 'Toshia Hance')",
,,,,"('Alicia Lewis', 'Paula Perra')",
,,,,"('Alicia Lewis', 'Amy Bucholz')",
,,,,"('Alicia Lewis', 'Mark Stolarczyk')",
,,,,"('Alicia Lewis', 'Norma Vleer')",
,,,,"('Alicia Lewis', 'Dan Houseman')",
,,,,"('Alicia Lewis', 'Wayne Russell')",
,,,,"('Alicia Lewis', 'Lois Dillsworth')",
,,,,"('Alicia Lewis', 'Amber Hoke')",
,,,,"('Alicia Lewis', 'Suzanne Collins')",
,,,,"('Alicia Lewis', 'James Stewart')",
,,,,"('Alicia Lewis', 'Peggy Bartels')",
,,,,"('Gary Colarusso', 'Codes Officer')",
,,,,"('Gary Colarusso', 'Planning Board')",
,,,,"('Gary Colarusso', 'Toshia Hance')",
,,,,"('Gary Colarusso', 'Paula Perra')",
,,,,"('Gary Colarusso', 'Amy Bucholz')",
,,,,"('Gary Colarusso', 'Mark Stolarczyk')",
,,,,"('Gary Colarusso', 'Norma Vleer')",
,,,,"('Gary Colarusso', 'Dan Houseman')",
,,,,"('Gary Colarusso', 'Wayne Russell')",
,,,,"('Gary Colarusso', 'Lois Dillsworth')",
,,,,"('Gary Colarusso', 'Amber Hoke')",
,,,,"('Gary Colarusso', 'Suzanne Collins')",
,,,,"('Gary Colarusso', 'James Stewart')",
,,,,"('Gary Colarusso', 'Peggy Bartels')",
,,,,"('Codes Officer', 'Planning Board')",
,,,,"('Codes Officer', 'Toshia Hance')",
,,,,"('Codes Officer', 'Paula Perra')",
,,,,"('Codes Officer', 'Amy Bucholz')",
,,,,"('Codes Officer', 'Mark Stolarczyk')",
,,,,"('Codes Officer', 'Norma Vleer')",
,,,,"('Codes Officer', 'Dan Houseman')",
,,,,"('Codes Officer', 'Wayne Russell')",
,,,,"('Codes Officer', 'Lois Dillsworth')",
,,,,"('Codes Officer', 'Amber Hoke')",
,,,,"('Codes Officer', 'Suzanne Collins')",
,,,,"('Codes Officer', 'James Stewart')",
,,,,"('Codes Officer', 'Peggy Bartels')",
,,,,"('Planning Board', 'Toshia Hance')",
,,,,"('Planning Board', 'Paula Perra')",
,,,,"('Planning Board', 'Amy Bucholz')",
,,,,"('Planning Board', 'Mark Stolarczyk')",
,,,,"('Planning Board', 'Norma Vleer')",
,,,,"('Planning Board', 'Dan Houseman')",
,,,,"('Planning Board', 'Wayne Russell')",
,,,,"('Planning Board', 'Lois Dillsworth')",
,,,,"('Planning Board', 'Amber Hoke')",
,,,,"('Planning Board', 'Suzanne Collins')",
,,,,"('Planning Board', 'James Stewart')",
,,,,"('Planning Board', 'Peggy Bartels')",
,,,,"('Toshia Hance', 'Paula Perra')",
,,,,"('Toshia Hance', 'Amy Bucholz')",
,,,,"('Toshia Hance', 'Mark Stolarczyk')",
,,,,"('Toshia Hance', 'Norma Vleer')",
,,,,"('Toshia Hance', 'Dan Houseman')",
,,,,"('Toshia Hance', 'Wayne Russell')",
,,,,"('Toshia Hance', 'Lois Dillsworth')",
,,,,"('Toshia Hance', 'Amber Hoke')",
,,,,"('Toshia Hance', 'Suzanne Collins')",
,,,,"('Toshia Hance', 'James Stewart')",
,,,,"('Toshia Hance', 'Peggy Bartels')",
,,,,"('Paula Perra', 'Amy Bucholz')",
,,,,"('Paula Perra', 'Mark Stolarczyk')",
,,,,"('Paula Perra', 'Norma Vleer')",
,,,,"('Paula Perra', 'Dan Houseman')",
,,,,"('Paula Perra', 'Wayne Russell')",
,,,,"('Paula Perra', 'Lois Dillsworth')",
,,,,"('Paula Perra', 'Amber Hoke')",
,,,,"('Paula Perra', 'Suzanne Collins')",
,,,,"('Paula Perra', 'James Stewart')",
,,,,"('Paula Perra', 'Peggy Bartels')",
,,,,"('Amy Bucholz', 'Mark Stolarczyk')",
,,,,"('Amy Bucholz', 'Norma Vleer')",
,,,,"('Amy Bucholz', 'Dan Houseman')",
,,,,"('Amy Bucholz', 'Wayne Russell')",
,,,,"('Amy Bucholz', 'Lois Dillsworth')",
,,,,"('Amy Bucholz', 'Amber Hoke')",
,,,,"('Amy Bucholz', 'Suzanne Collins')",
,,,,"('Amy Bucholz', 'James Stewart')",
,,,,"('Amy Bucholz', 'Peggy Bartels')",
,,,,"('Mark Stolarczyk', 'Norma Vleer')",
,,,,"('Mark Stolarczyk', 'Dan Houseman')",
,,,,"('Mark Stolarczyk', 'Wayne Russell')",
,,,,"('Mark Stolarczyk', 'Lois Dillsworth')",
,,,,"('Mark Stolarczyk', 'Amber Hoke')",
,,,,"('Mark Stolarczyk', 'Suzanne Collins')",
,,,,"('Mark Stolarczyk', 'James Stewart')",
,,,,"('Mark Stolarczyk', 'Peggy Bartels')",
,,,,"('Norma Vleer', 'Dan Houseman')",
,,,,"('Norma Vleer', 'Wayne Russell')",
,,,,"('Norma Vleer', 'Lois Dillsworth')",
,,,,"('Norma Vleer', 'Amber Hoke')",
,,,,"('Norma Vleer', 'Suzanne Collins')",
,,,,"('Norma Vleer', 'James Stewart')",
,,,,"('Norma Vleer', 'Peggy Bartels')",
,,,,"('Dan Houseman', 'Wayne Russell')",
,,,,"('Dan Houseman', 'Lois Dillsworth')",
,,,,"('Dan Houseman', 'Amber Hoke')",
,,,,"('Dan Houseman', 'Suzanne Collins')",
,,,,"('Dan Houseman', 'James Stewart')",
,,,,"('Dan Houseman', 'Peggy Bartels')",
,,,,"('Wayne Russell', 'Lois Dillsworth')",
,,,,"('Wayne Russell', 'Amber Hoke')",
,,,,"('Wayne Russell', 'Suzanne Collins')",
,,,,"('Wayne Russell', 'James Stewart')",
,,,,"('Wayne Russell', 'Peggy Bartels')",
,,,,"('Lois Dillsworth', 'Amber Hoke')",
,,,,"('Lois Dillsworth', 'Suzanne Collins')",
,,,,"('Lois Dillsworth', 'James Stewart')",
,,,,"('Lois Dillsworth', 'Peggy Bartels')",
,,,,"('Amber Hoke', 'Suzanne Collins')",
,,,,"('Amber Hoke', 'James Stewart')",
,,,,"('Amber Hoke', 'Peggy Bartels')",
,,,,"('Suzanne Collins', 'James Stewart')",
,,,,"('Suzanne Collins', 'Peggy Bartels')",
,,,,"('James Stewart', 'Peggy Bartels')",
