AB Actor Overlap,AB Relationship Overlap,Unique A Actors,Unique B Actors,Unique A Relationships,Unique B Relationships
,,Steuben County Landowners Coalition,Ron Harmon,"('Steuben County Landowners Coalition', 'Karl Anderson')","('Ron Harmon', 'Darren Dopp')"
,,Karl Anderson,Darren Dopp,"('Steuben County Landowners Coalition', 'Peter Gledhill')","('Ron Harmon', 'Bo Lipari')"
,,Peter Gledhill,Bo Lipari,"('Steuben County Landowners Coalition', 'David McRae')","('Ron Harmon', 'Dan Fitzsimmons')"
,,David McRae,Dan Fitzsimmons,"('Steuben County Landowners Coalition', 'James Johnson')","('Ron Harmon', 'Joe Heath')"
,,James Johnson,Joe Heath,"('Steuben County Landowners Coalition', 'Brian Mattoon')","('Ron Harmon', 'Frank Lysyczyn')"
,,Brian Mattoon,Frank Lysyczyn,"('Steuben County Landowners Coalition', 'Leann Wightman')","('Ron Harmon', 'Sandra Steingraber')"
,,Leann Wightman,Sandra Steingraber,"('Steuben County Landowners Coalition', 'Mayor Robbins')","('Darren Dopp', 'Bo Lipari')"
,,Mayor Robbins,,"('Karl Anderson', 'Peter Gledhill')","('Darren Dopp', 'Dan Fitzsimmons')"
,,,,"('Karl Anderson', 'David McRae')","('Darren Dopp', 'Joe Heath')"
,,,,"('Karl Anderson', 'James Johnson')","('Darren Dopp', 'Frank Lysyczyn')"
,,,,"('Karl Anderson', 'Brian Mattoon')","('Darren Dopp', 'Sandra Steingraber')"
,,,,"('Karl Anderson', 'Leann Wightman')","('Bo Lipari', 'Dan Fitzsimmons')"
,,,,"('Karl Anderson', 'Mayor Robbins')","('Bo Lipari', 'Joe Heath')"
,,,,"('Peter Gledhill', 'David McRae')","('Bo Lipari', 'Frank Lysyczyn')"
,,,,"('Peter Gledhill', 'James Johnson')","('Bo Lipari', 'Sandra Steingraber')"
,,,,"('Peter Gledhill', 'Brian Mattoon')","('Dan Fitzsimmons', 'Joe Heath')"
,,,,"('Peter Gledhill', 'Leann Wightman')","('Dan Fitzsimmons', 'Frank Lysyczyn')"
,,,,"('Peter Gledhill', 'Mayor Robbins')","('Dan Fitzsimmons', 'Sandra Steingraber')"
,,,,"('David McRae', 'James Johnson')","('Joe Heath', 'Frank Lysyczyn')"
,,,,"('David McRae', 'Brian Mattoon')","('Joe Heath', 'Sandra Steingraber')"
,,,,"('David McRae', 'Leann Wightman')","('Frank Lysyczyn', 'Sandra Steingraber')"
,,,,"('David McRae', 'Mayor Robbins')",
,,,,"('James Johnson', 'Brian Mattoon')",
,,,,"('James Johnson', 'Leann Wightman')",
,,,,"('James Johnson', 'Mayor Robbins')",
,,,,"('Brian Mattoon', 'Leann Wightman')",
,,,,"('Brian Mattoon', 'Mayor Robbins')",
,,,,"('Leann Wightman', 'Mayor Robbins')",
