AB Actor Overlap,AB Relationship Overlap,Unique A Actors,Unique B Actors,Unique A Relationships,Unique B Relationships
Brayton Foster,"('Peter Arena', 'Richard Rose')",Rumsey,Carol French,"('Maryann Vellake', 'Roxanne Gupta')","('Carol French', 'Don Barber')"
Maryann Vellake,"('Gary Hunt', 'Anthony Ingraffea')",Valerie Bassett,Hilary Gifford,"('Maryann Vellake', 'Eric Ott')","('Carol French', 'Hilary Gifford')"
Duane Waid,"('Patrick Morrell', 'Richard Rose')",Lee Davidson,Don Barber,"('Maryann Vellake', 'Emily Aman')","('Carol French', 'Roxanne Gupta')"
Roxanne Gupta,"('Linda Blossom', 'Duane Waid')",Colleen Freese,Joseph Heath,"('Maryann Vellake', 'Patrick Morrell')","('Carol French', 'Eric Ott')"
Eric Ott,"('Eric Ott', 'Patrick Morrell')",Stephen Selover,Leon Anders,"('Maryann Vellake', 'Gary Hunt')","('Carol French', 'Maryann Vellake')"
Bruce Austic,"('Roxanne Gupta', 'Michael Reynolds')",John Swanson,Rob Schoeffel,"('Maryann Vellake', 'Rumsey')","('Carol French', 'Emily Aman')"
William Kappel,"('Brayton Foster', 'Charles Bosman')",Judy Kugelamass,Sean Dembrowsky,"('Maryann Vellake', 'Valerie Bassett')","('Carol French', 'Patrick Morrell')"
Emily Aman,"('Brayton Foster', 'Bruce Austic')",Robert Mc Gill JR,Jorden DePue,"('Maryann Vellake', 'Lee Davidson')","('Carol French', 'Joseph Heath')"
Patrick Morrell,"('Maryann Vellake', 'Peter Arena')",Carrie Halcomb,Daniel Dembrosky,"('Maryann Vellake', 'Colleen Freese')","('Carol French', 'Leon Anders')"
Barry Ford,"('Peter Arena', 'Duane Waid')",Donald Austin,Holly Bailey,"('Maryann Vellake', 'Stephen Selover')","('Carol French', 'Gary Hunt')"
Mariah Plumlee,"('Patrick Morrell', 'Anthony Ingraffea')",Jeffrey MacCheyne,Judy Kugelmass,"('Maryann Vellake', 'John Swanson')","('Carol French', 'Noelle Dembrosky')"
Richard Rose,"('Roxanne Gupta', 'Linda Blossom')",Don Kenyon,Carolyn Knapp,"('Maryann Vellake', 'Judy Kugelamass')","('Carol French', 'Rob Schoeffel')"
Gary Hunt,"('Patrick Morrell', 'William Kappel')",Margaret Jastran,Noelle Dembrosky,"('Maryann Vellake', 'Robert Mc Gill JR')","('Carol French', 'Sean Dembrosky')"
Sean Dembrosky,"('Brayton Foster', 'Richard Rose')",Larry Abraham,Carrie Holcomb,"('Maryann Vellake', 'Carrie Halcomb')","('Carol French', 'Brayton Foster')"
Peter Arena,"('Eric Ott', 'Charles Bosman')",Seth Thomas,Meg Jastran,"('Maryann Vellake', 'Donald Austin')","('Carol French', 'Sean Dembrowsky')"
Linda Blossom,"('Maryann Vellake', 'Richard Rose')",Jeffery Vann,Michael Dineen,"('Maryann Vellake', 'Jeffrey MacCheyne')","('Carol French', 'Bruce Austic')"
Anthony Ingraffea,"('Roxanne Gupta', 'Eric Ott')",Donna Levy,Jack Wickham,"('Maryann Vellake', 'Don Kenyon')","('Carol French', 'Jorden DePue')"
Michael Reynolds,"('Eric Ott', 'Barry Ford')",Melissa Madden,Chuck Bosman,"('Maryann Vellake', 'Margaret Jastran')","('Carol French', 'William Kappel')"
Charles Bosman,"('Emily Aman', 'Peter Arena')",Anthony Delplato,Jeff Vann,"('Maryann Vellake', 'Larry Abraham')","('Carol French', 'Daniel Dembrosky')"
,"('Brayton Foster', 'Mariah Plumlee')",,Dave Nowicki,"('Maryann Vellake', 'Seth Thomas')","('Carol French', 'Holly Bailey')"
,"('Peter Arena', 'Charles Bosman')",,Bill Larsen,"('Maryann Vellake', 'Jeffery Vann')","('Carol French', 'Judy Kugelmass')"
,"('Maryann Vellake', 'William Kappel')",,Jeff Asbrand,"('Maryann Vellake', 'Donna Levy')","('Carol French', 'Carolyn Knapp')"
,"('Gary Hunt', 'Michael Reynolds')",,Keith Jay,"('Maryann Vellake', 'Melissa Madden')","('Carol French', 'Peter Arena')"
,"('Maryann Vellake', 'Anthony Ingraffea')",,Mary Ott,"('Maryann Vellake', 'Anthony Delplato')","('Carol French', 'Anthony Ingraffea')"
,"('Brayton Foster', 'Duane Waid')",,Jeff Bond,"('Roxanne Gupta', 'Rumsey')","('Carol French', 'Michael Reynolds')"
,"('Patrick Morrell', 'Peter Arena')",,Michael Covert,"('Roxanne Gupta', 'Valerie Bassett')","('Carol French', 'Charles Bosman')"
,"('Bruce Austic', 'Mariah Plumlee')",,Ruth Same,"('Roxanne Gupta', 'Lee Davidson')","('Carol French', 'Mariah Plumlee')"
,"('Richard Rose', 'Duane Waid')",,David Dresser,"('Roxanne Gupta', 'Colleen Freese')","('Carol French', 'Carrie Holcomb')"
,"('Roxanne Gupta', 'Gary Hunt')",,Barbara Stewart,"('Roxanne Gupta', 'Stephen Selover')","('Carol French', 'Meg Jastran')"
,"('William Kappel', 'Mariah Plumlee')",,Chris Kempf,"('Roxanne Gupta', 'John Swanson')","('Carol French', 'Michael Dineen')"
,"('Emily Aman', 'Charles Bosman')",,,"('Roxanne Gupta', 'Judy Kugelamass')","('Carol French', 'Jack Wickham')"
,"('Bruce Austic', 'William Kappel')",,,"('Roxanne Gupta', 'Robert Mc Gill JR')","('Carol French', 'Barry Ford')"
,"('Emily Aman', 'Brayton Foster')",,,"('Roxanne Gupta', 'Carrie Halcomb')","('Carol French', 'Chuck Bosman')"
,"('Barry Ford', 'Richard Rose')",,,"('Roxanne Gupta', 'Donald Austin')","('Carol French', 'Richard Rose')"
,"('Eric Ott', 'Peter Arena')",,,"('Roxanne Gupta', 'Jeffrey MacCheyne')","('Carol French', 'Jeff Vann')"
,"('Bruce Austic', 'Anthony Ingraffea')",,,"('Roxanne Gupta', 'Don Kenyon')","('Carol French', 'Dave Nowicki')"
,"('Roxanne Gupta', 'Bruce Austic')",,,"('Roxanne Gupta', 'Margaret Jastran')","('Carol French', 'Bill Larsen')"
,"('Brayton Foster', 'William Kappel')",,,"('Roxanne Gupta', 'Larry Abraham')","('Carol French', 'Jeff Asbrand')"
,"('Michael Reynolds', 'Richard Rose')",,,"('Roxanne Gupta', 'Seth Thomas')","('Carol French', 'Keith Jay')"
,"('Eric Ott', 'Michael Reynolds')",,,"('Roxanne Gupta', 'Jeffery Vann')","('Carol French', 'Mary Ott')"
,"('Patrick Morrell', 'Brayton Foster')",,,"('Roxanne Gupta', 'Donna Levy')","('Carol French', 'Linda Blossom')"
,"('William Kappel', 'Barry Ford')",,,"('Roxanne Gupta', 'Melissa Madden')","('Carol French', 'Jeff Bond')"
,"('Maryann Vellake', 'Barry Ford')",,,"('Roxanne Gupta', 'Anthony Delplato')","('Carol French', 'Michael Covert')"
,"('Roxanne Gupta', 'William Kappel')",,,"('Eric Ott', 'Rumsey')","('Carol French', 'Duane Waid')"
,"('Patrick Morrell', 'Linda Blossom')",,,"('Eric Ott', 'Valerie Bassett')","('Carol French', 'Ruth Same')"
,"('Anthony Ingraffea', 'Linda Blossom')",,,"('Eric Ott', 'Lee Davidson')","('Carol French', 'David Dresser')"
,"('William Kappel', 'Duane Waid')",,,"('Eric Ott', 'Colleen Freese')","('Carol French', 'Barbara Stewart')"
,"('Gary Hunt', 'Barry Ford')",,,"('Eric Ott', 'Stephen Selover')","('Carol French', 'Chris Kempf')"
,"('Gary Hunt', 'Charles Bosman')",,,"('Eric Ott', 'John Swanson')","('Hilary Gifford', 'Roxanne Gupta')"
,"('Gary Hunt', 'Bruce Austic')",,,"('Eric Ott', 'Judy Kugelamass')","('Hilary Gifford', 'Eric Ott')"
,"('Bruce Austic', 'Peter Arena')",,,"('Eric Ott', 'Robert Mc Gill JR')","('Hilary Gifford', 'Don Barber')"
,"('Eric Ott', 'Brayton Foster')",,,"('Eric Ott', 'Carrie Halcomb')","('Hilary Gifford', 'Emily Aman')"
,"('William Kappel', 'Richard Rose')",,,"('Eric Ott', 'Donald Austin')","('Hilary Gifford', 'Patrick Morrell')"
,"('Maryann Vellake', 'Mariah Plumlee')",,,"('Eric Ott', 'Jeffrey MacCheyne')","('Hilary Gifford', 'Joseph Heath')"
,"('Bruce Austic', 'Michael Reynolds')",,,"('Eric Ott', 'Don Kenyon')","('Hilary Gifford', 'Leon Anders')"
,"('Gary Hunt', 'Mariah Plumlee')",,,"('Eric Ott', 'Margaret Jastran')","('Hilary Gifford', 'Gary Hunt')"
,"('Brayton Foster', 'Anthony Ingraffea')",,,"('Eric Ott', 'Larry Abraham')","('Hilary Gifford', 'Maryann Vellake')"
,"('Peter Arena', 'Linda Blossom')",,,"('Eric Ott', 'Seth Thomas')","('Hilary Gifford', 'Rob Schoeffel')"
,"('Roxanne Gupta', 'Duane Waid')",,,"('Eric Ott', 'Jeffery Vann')","('Hilary Gifford', 'Sean Dembrosky')"
,"('Roxanne Gupta', 'Barry Ford')",,,"('Eric Ott', 'Donna Levy')","('Hilary Gifford', 'Brayton Foster')"
,"('Emily Aman', 'Anthony Ingraffea')",,,"('Eric Ott', 'Melissa Madden')","('Hilary Gifford', 'Sean Dembrowsky')"
,"('William Kappel', 'Michael Reynolds')",,,"('Eric Ott', 'Anthony Delplato')","('Hilary Gifford', 'Bruce Austic')"
,"('Maryann Vellake', 'Charles Bosman')",,,"('Emily Aman', 'Rumsey')","('Hilary Gifford', 'Jorden DePue')"
,"('Emily Aman', 'Richard Rose')",,,"('Emily Aman', 'Valerie Bassett')","('Hilary Gifford', 'William Kappel')"
,"('Gary Hunt', 'Richard Rose')",,,"('Emily Aman', 'Lee Davidson')","('Hilary Gifford', 'Daniel Dembrosky')"
,"('Eric Ott', 'Duane Waid')",,,"('Emily Aman', 'Colleen Freese')","('Hilary Gifford', 'Holly Bailey')"
,"('Peter Arena', 'Anthony Ingraffea')",,,"('Emily Aman', 'Stephen Selover')","('Hilary Gifford', 'Judy Kugelmass')"
,"('Brayton Foster', 'Peter Arena')",,,"('Emily Aman', 'John Swanson')","('Hilary Gifford', 'Carolyn Knapp')"
,"('Patrick Morrell', 'Gary Hunt')",,,"('Emily Aman', 'Judy Kugelamass')","('Hilary Gifford', 'Peter Arena')"
,"('Barry Ford', 'Linda Blossom')",,,"('Emily Aman', 'Robert Mc Gill JR')","('Hilary Gifford', 'Anthony Ingraffea')"
,"('Emily Aman', 'Mariah Plumlee')",,,"('Emily Aman', 'Carrie Halcomb')","('Hilary Gifford', 'Michael Reynolds')"
,"('Peter Arena', 'Barry Ford')",,,"('Emily Aman', 'Donald Austin')","('Hilary Gifford', 'Charles Bosman')"
,"('William Kappel', 'Charles Bosman')",,,"('Emily Aman', 'Jeffrey MacCheyne')","('Hilary Gifford', 'Noelle Dembrosky')"
,"('Maryann Vellake', 'Michael Reynolds')",,,"('Emily Aman', 'Don Kenyon')","('Hilary Gifford', 'Mariah Plumlee')"
,"('Emily Aman', 'William Kappel')",,,"('Emily Aman', 'Margaret Jastran')","('Hilary Gifford', 'Carrie Holcomb')"
,"('Bruce Austic', 'Richard Rose')",,,"('Emily Aman', 'Larry Abraham')","('Hilary Gifford', 'Meg Jastran')"
,"('Gary Hunt', 'Duane Waid')",,,"('Emily Aman', 'Seth Thomas')","('Hilary Gifford', 'Michael Dineen')"
,"('Eric Ott', 'Richard Rose')",,,"('Emily Aman', 'Jeffery Vann')","('Hilary Gifford', 'Jack Wickham')"
,"('Emily Aman', 'Bruce Austic')",,,"('Emily Aman', 'Donna Levy')","('Hilary Gifford', 'Barry Ford')"
,"('Roxanne Gupta', 'Anthony Ingraffea')",,,"('Emily Aman', 'Melissa Madden')","('Hilary Gifford', 'Chuck Bosman')"
,"('Emily Aman', 'Michael Reynolds')",,,"('Emily Aman', 'Anthony Delplato')","('Hilary Gifford', 'Richard Rose')"
,"('Maryann Vellake', 'Duane Waid')",,,"('Patrick Morrell', 'Rumsey')","('Hilary Gifford', 'Jeff Vann')"
,"('Mariah Plumlee', 'Duane Waid')",,,"('Patrick Morrell', 'Valerie Bassett')","('Hilary Gifford', 'Dave Nowicki')"
,"('Roxanne Gupta', 'Brayton Foster')",,,"('Patrick Morrell', 'Lee Davidson')","('Hilary Gifford', 'Bill Larsen')"
,"('Mariah Plumlee', 'Barry Ford')",,,"('Patrick Morrell', 'Colleen Freese')","('Hilary Gifford', 'Jeff Asbrand')"
,"('Roxanne Gupta', 'Sean Dembrosky')",,,"('Patrick Morrell', 'Stephen Selover')","('Hilary Gifford', 'Keith Jay')"
,"('Patrick Morrell', 'Bruce Austic')",,,"('Patrick Morrell', 'John Swanson')","('Hilary Gifford', 'Mary Ott')"
,"('Peter Arena', 'Michael Reynolds')",,,"('Patrick Morrell', 'Judy Kugelamass')","('Hilary Gifford', 'Linda Blossom')"
,"('Eric Ott', 'Mariah Plumlee')",,,"('Patrick Morrell', 'Robert Mc Gill JR')","('Hilary Gifford', 'Jeff Bond')"
,"('Eric Ott', 'Linda Blossom')",,,"('Patrick Morrell', 'Carrie Halcomb')","('Hilary Gifford', 'Michael Covert')"
,"('Patrick Morrell', 'Duane Waid')",,,"('Patrick Morrell', 'Donald Austin')","('Hilary Gifford', 'Duane Waid')"
,"('Sean Dembrosky', 'Duane Waid')",,,"('Patrick Morrell', 'Jeffrey MacCheyne')","('Hilary Gifford', 'Ruth Same')"
,"('Gary Hunt', 'Brayton Foster')",,,"('Patrick Morrell', 'Don Kenyon')","('Hilary Gifford', 'David Dresser')"
,"('Eric Ott', 'William Kappel')",,,"('Patrick Morrell', 'Margaret Jastran')","('Hilary Gifford', 'Barbara Stewart')"
,"('Eric Ott', 'Bruce Austic')",,,"('Patrick Morrell', 'Larry Abraham')","('Hilary Gifford', 'Chris Kempf')"
,"('Roxanne Gupta', 'Emily Aman')",,,"('Patrick Morrell', 'Seth Thomas')","('Roxanne Gupta', 'Don Barber')"
,"('Eric Ott', 'Emily Aman')",,,"('Patrick Morrell', 'Jeffery Vann')","('Roxanne Gupta', 'Joseph Heath')"
,"('Brayton Foster', 'Barry Ford')",,,"('Patrick Morrell', 'Donna Levy')","('Roxanne Gupta', 'Leon Anders')"
,"('Maryann Vellake', 'Bruce Austic')",,,"('Patrick Morrell', 'Melissa Madden')","('Roxanne Gupta', 'Maryann Vellake')"
,"('William Kappel', 'Peter Arena')",,,"('Patrick Morrell', 'Anthony Delplato')","('Roxanne Gupta', 'Rob Schoeffel')"
,"('Mariah Plumlee', 'Linda Blossom')",,,"('Gary Hunt', 'Rumsey')","('Roxanne Gupta', 'Sean Dembrowsky')"
,"('Anthony Ingraffea', 'Michael Reynolds')",,,"('Gary Hunt', 'Valerie Bassett')","('Roxanne Gupta', 'Jorden DePue')"
,"('Michael Reynolds', 'Linda Blossom')",,,"('Gary Hunt', 'Lee Davidson')","('Roxanne Gupta', 'Daniel Dembrosky')"
,"('Bruce Austic', 'Barry Ford')",,,"('Gary Hunt', 'Colleen Freese')","('Roxanne Gupta', 'Holly Bailey')"
,"('Gary Hunt', 'Peter Arena')",,,"('Gary Hunt', 'Stephen Selover')","('Roxanne Gupta', 'Judy Kugelmass')"
,"('Patrick Morrell', 'Michael Reynolds')",,,"('Gary Hunt', 'John Swanson')","('Roxanne Gupta', 'Carolyn Knapp')"
,"('Gary Hunt', 'William Kappel')",,,"('Gary Hunt', 'Judy Kugelamass')","('Roxanne Gupta', 'Noelle Dembrosky')"
,"('Roxanne Gupta', 'Charles Bosman')",,,"('Gary Hunt', 'Robert Mc Gill JR')","('Roxanne Gupta', 'Carrie Holcomb')"
,"('William Kappel', 'Anthony Ingraffea')",,,"('Gary Hunt', 'Carrie Halcomb')","('Roxanne Gupta', 'Meg Jastran')"
,"('Michael Reynolds', 'Charles Bosman')",,,"('Gary Hunt', 'Donald Austin')","('Roxanne Gupta', 'Michael Dineen')"
,"('Emily Aman', 'Duane Waid')",,,"('Gary Hunt', 'Jeffrey MacCheyne')","('Roxanne Gupta', 'Jack Wickham')"
,"('Emily Aman', 'Sean Dembrosky')",,,"('Gary Hunt', 'Don Kenyon')","('Roxanne Gupta', 'Chuck Bosman')"
,"('Barry Ford', 'Duane Waid')",,,"('Gary Hunt', 'Margaret Jastran')","('Roxanne Gupta', 'Jeff Vann')"
,"('Patrick Morrell', 'Charles Bosman')",,,"('Gary Hunt', 'Larry Abraham')","('Roxanne Gupta', 'Dave Nowicki')"
,"('Sean Dembrosky', 'Linda Blossom')",,,"('Gary Hunt', 'Seth Thomas')","('Roxanne Gupta', 'Bill Larsen')"
,"('Emily Aman', 'Gary Hunt')",,,"('Gary Hunt', 'Jeffery Vann')","('Roxanne Gupta', 'Jeff Asbrand')"
,"('Michael Reynolds', 'Duane Waid')",,,"('Gary Hunt', 'Donna Levy')","('Roxanne Gupta', 'Keith Jay')"
,"('Gary Hunt', 'Linda Blossom')",,,"('Gary Hunt', 'Melissa Madden')","('Roxanne Gupta', 'Mary Ott')"
,"('Brayton Foster', 'Linda Blossom')",,,"('Gary Hunt', 'Anthony Delplato')","('Roxanne Gupta', 'Jeff Bond')"
,"('Roxanne Gupta', 'Patrick Morrell')",,,"('Rumsey', 'Sean Dembrosky')","('Roxanne Gupta', 'Michael Covert')"
,"('Maryann Vellake', 'Sean Dembrosky')",,,"('Rumsey', 'Valerie Bassett')","('Roxanne Gupta', 'Ruth Same')"
,"('Roxanne Gupta', 'Peter Arena')",,,"('Rumsey', 'Brayton Foster')","('Roxanne Gupta', 'David Dresser')"
,"('Anthony Ingraffea', 'Barry Ford')",,,"('Rumsey', 'Lee Davidson')","('Roxanne Gupta', 'Barbara Stewart')"
,"('Richard Rose', 'Linda Blossom')",,,"('Rumsey', 'Colleen Freese')","('Roxanne Gupta', 'Chris Kempf')"
,"('Maryann Vellake', 'Linda Blossom')",,,"('Rumsey', 'Bruce Austic')","('Eric Ott', 'Don Barber')"
,"('Bruce Austic', 'Duane Waid')",,,"('Rumsey', 'Stephen Selover')","('Eric Ott', 'Joseph Heath')"
,"('Anthony Ingraffea', 'Charles Bosman')",,,"('Rumsey', 'William Kappel')","('Eric Ott', 'Leon Anders')"
,"('Maryann Vellake', 'Brayton Foster')",,,"('Rumsey', 'Mariah Plumlee')","('Eric Ott', 'Maryann Vellake')"
,"('Patrick Morrell', 'Mariah Plumlee')",,,"('Rumsey', 'Peter Arena')","('Eric Ott', 'Rob Schoeffel')"
,"('Sean Dembrosky', 'Charles Bosman')",,,"('Rumsey', 'Anthony Ingraffea')","('Eric Ott', 'Sean Dembrowsky')"
,"('Roxanne Gupta', 'Mariah Plumlee')",,,"('Rumsey', 'Michael Reynolds')","('Eric Ott', 'Jorden DePue')"
,"('Anthony Ingraffea', 'Richard Rose')",,,"('Rumsey', 'John Swanson')","('Eric Ott', 'Daniel Dembrosky')"
,"('Bruce Austic', 'Charles Bosman')",,,"('Rumsey', 'Judy Kugelamass')","('Eric Ott', 'Holly Bailey')"
,"('Eric Ott', 'Sean Dembrosky')",,,"('Rumsey', 'Robert Mc Gill JR')","('Eric Ott', 'Judy Kugelmass')"
,"('Gary Hunt', 'Sean Dembrosky')",,,"('Rumsey', 'Carrie Halcomb')","('Eric Ott', 'Carolyn Knapp')"
,"('Eric Ott', 'Anthony Ingraffea')",,,"('Rumsey', 'Barry Ford')","('Eric Ott', 'Noelle Dembrosky')"
,"('Emily Aman', 'Patrick Morrell')",,,"('Rumsey', 'Richard Rose')","('Eric Ott', 'Carrie Holcomb')"
,"('Emily Aman', 'Linda Blossom')",,,"('Rumsey', 'Donald Austin')","('Eric Ott', 'Meg Jastran')"
,"('Eric Ott', 'Gary Hunt')",,,"('Rumsey', 'Jeffrey MacCheyne')","('Eric Ott', 'Michael Dineen')"
,"('Patrick Morrell', 'Barry Ford')",,,"('Rumsey', 'Don Kenyon')","('Eric Ott', 'Jack Wickham')"
,"('Brayton Foster', 'Michael Reynolds')",,,"('Rumsey', 'Margaret Jastran')","('Eric Ott', 'Chuck Bosman')"
,"('Anthony Ingraffea', 'Duane Waid')",,,"('Rumsey', 'Linda Blossom')","('Eric Ott', 'Jeff Vann')"
,"('Roxanne Gupta', 'Richard Rose')",,,"('Rumsey', 'Larry Abraham')","('Eric Ott', 'Dave Nowicki')"
,"('William Kappel', 'Linda Blossom')",,,"('Rumsey', 'Seth Thomas')","('Eric Ott', 'Bill Larsen')"
,"('Mariah Plumlee', 'Richard Rose')",,,"('Rumsey', 'Jeffery Vann')","('Eric Ott', 'Jeff Asbrand')"
,"('Bruce Austic', 'Linda Blossom')",,,"('Rumsey', 'Duane Waid')","('Eric Ott', 'Keith Jay')"
,"('Patrick Morrell', 'Sean Dembrosky')",,,"('Rumsey', 'Charles Bosman')","('Eric Ott', 'Mary Ott')"
,"('Michael Reynolds', 'Barry Ford')",,,"('Rumsey', 'Donna Levy')","('Eric Ott', 'Jeff Bond')"
,"('Emily Aman', 'Barry Ford')",,,"('Rumsey', 'Melissa Madden')","('Eric Ott', 'Michael Covert')"
,,,,"('Rumsey', 'Anthony Delplato')","('Eric Ott', 'Ruth Same')"
,,,,"('Valerie Bassett', 'Brayton Foster')","('Eric Ott', 'David Dresser')"
,,,,"('Valerie Bassett', 'Lee Davidson')","('Eric Ott', 'Barbara Stewart')"
,,,,"('Valerie Bassett', 'Colleen Freese')","('Eric Ott', 'Chris Kempf')"
,,,,"('Valerie Bassett', 'Bruce Austic')","('Don Barber', 'Maryann Vellake')"
,,,,"('Valerie Bassett', 'Stephen Selover')","('Don Barber', 'Emily Aman')"
,,,,"('Valerie Bassett', 'William Kappel')","('Don Barber', 'Patrick Morrell')"
,,,,"('Valerie Bassett', 'Mariah Plumlee')","('Don Barber', 'Joseph Heath')"
,,,,"('Valerie Bassett', 'Peter Arena')","('Don Barber', 'Leon Anders')"
,,,,"('Valerie Bassett', 'Anthony Ingraffea')","('Don Barber', 'Gary Hunt')"
,,,,"('Valerie Bassett', 'Michael Reynolds')","('Don Barber', 'Noelle Dembrosky')"
,,,,"('Valerie Bassett', 'John Swanson')","('Don Barber', 'Rob Schoeffel')"
,,,,"('Valerie Bassett', 'Judy Kugelamass')","('Don Barber', 'Sean Dembrosky')"
,,,,"('Valerie Bassett', 'Robert Mc Gill JR')","('Don Barber', 'Brayton Foster')"
,,,,"('Valerie Bassett', 'Carrie Halcomb')","('Don Barber', 'Sean Dembrowsky')"
,,,,"('Valerie Bassett', 'Barry Ford')","('Don Barber', 'Bruce Austic')"
,,,,"('Valerie Bassett', 'Richard Rose')","('Don Barber', 'Jorden DePue')"
,,,,"('Valerie Bassett', 'Donald Austin')","('Don Barber', 'William Kappel')"
,,,,"('Valerie Bassett', 'Jeffrey MacCheyne')","('Don Barber', 'Daniel Dembrosky')"
,,,,"('Valerie Bassett', 'Sean Dembrosky')","('Don Barber', 'Holly Bailey')"
,,,,"('Valerie Bassett', 'Don Kenyon')","('Don Barber', 'Judy Kugelmass')"
,,,,"('Valerie Bassett', 'Margaret Jastran')","('Don Barber', 'Carolyn Knapp')"
,,,,"('Valerie Bassett', 'Linda Blossom')","('Don Barber', 'Peter Arena')"
,,,,"('Valerie Bassett', 'Larry Abraham')","('Don Barber', 'Anthony Ingraffea')"
,,,,"('Valerie Bassett', 'Seth Thomas')","('Don Barber', 'Michael Reynolds')"
,,,,"('Valerie Bassett', 'Jeffery Vann')","('Don Barber', 'Charles Bosman')"
,,,,"('Valerie Bassett', 'Duane Waid')","('Don Barber', 'Mariah Plumlee')"
,,,,"('Valerie Bassett', 'Charles Bosman')","('Don Barber', 'Carrie Holcomb')"
,,,,"('Valerie Bassett', 'Donna Levy')","('Don Barber', 'Meg Jastran')"
,,,,"('Valerie Bassett', 'Melissa Madden')","('Don Barber', 'Michael Dineen')"
,,,,"('Valerie Bassett', 'Anthony Delplato')","('Don Barber', 'Jack Wickham')"
,,,,"('Brayton Foster', 'Lee Davidson')","('Don Barber', 'Barry Ford')"
,,,,"('Brayton Foster', 'Colleen Freese')","('Don Barber', 'Chuck Bosman')"
,,,,"('Brayton Foster', 'Stephen Selover')","('Don Barber', 'Richard Rose')"
,,,,"('Brayton Foster', 'John Swanson')","('Don Barber', 'Jeff Vann')"
,,,,"('Brayton Foster', 'Judy Kugelamass')","('Don Barber', 'Dave Nowicki')"
,,,,"('Brayton Foster', 'Robert Mc Gill JR')","('Don Barber', 'Bill Larsen')"
,,,,"('Brayton Foster', 'Carrie Halcomb')","('Don Barber', 'Jeff Asbrand')"
,,,,"('Brayton Foster', 'Donald Austin')","('Don Barber', 'Keith Jay')"
,,,,"('Brayton Foster', 'Jeffrey MacCheyne')","('Don Barber', 'Mary Ott')"
,,,,"('Brayton Foster', 'Sean Dembrosky')","('Don Barber', 'Linda Blossom')"
,,,,"('Brayton Foster', 'Don Kenyon')","('Don Barber', 'Jeff Bond')"
,,,,"('Brayton Foster', 'Margaret Jastran')","('Don Barber', 'Michael Covert')"
,,,,"('Brayton Foster', 'Larry Abraham')","('Don Barber', 'Duane Waid')"
,,,,"('Brayton Foster', 'Seth Thomas')","('Don Barber', 'Ruth Same')"
,,,,"('Brayton Foster', 'Jeffery Vann')","('Don Barber', 'David Dresser')"
,,,,"('Brayton Foster', 'Donna Levy')","('Don Barber', 'Barbara Stewart')"
,,,,"('Brayton Foster', 'Melissa Madden')","('Don Barber', 'Chris Kempf')"
,,,,"('Brayton Foster', 'Anthony Delplato')","('Emily Aman', 'Joseph Heath')"
,,,,"('Lee Davidson', 'Colleen Freese')","('Emily Aman', 'Leon Anders')"
,,,,"('Lee Davidson', 'Bruce Austic')","('Emily Aman', 'Maryann Vellake')"
,,,,"('Lee Davidson', 'Stephen Selover')","('Emily Aman', 'Rob Schoeffel')"
,,,,"('Lee Davidson', 'William Kappel')","('Emily Aman', 'Sean Dembrowsky')"
,,,,"('Lee Davidson', 'Mariah Plumlee')","('Emily Aman', 'Jorden DePue')"
,,,,"('Lee Davidson', 'Peter Arena')","('Emily Aman', 'Daniel Dembrosky')"
,,,,"('Lee Davidson', 'Anthony Ingraffea')","('Emily Aman', 'Holly Bailey')"
,,,,"('Lee Davidson', 'Michael Reynolds')","('Emily Aman', 'Judy Kugelmass')"
,,,,"('Lee Davidson', 'John Swanson')","('Emily Aman', 'Carolyn Knapp')"
,,,,"('Lee Davidson', 'Judy Kugelamass')","('Emily Aman', 'Noelle Dembrosky')"
,,,,"('Lee Davidson', 'Robert Mc Gill JR')","('Emily Aman', 'Carrie Holcomb')"
,,,,"('Lee Davidson', 'Carrie Halcomb')","('Emily Aman', 'Meg Jastran')"
,,,,"('Lee Davidson', 'Barry Ford')","('Emily Aman', 'Michael Dineen')"
,,,,"('Lee Davidson', 'Richard Rose')","('Emily Aman', 'Jack Wickham')"
,,,,"('Lee Davidson', 'Donald Austin')","('Emily Aman', 'Chuck Bosman')"
,,,,"('Lee Davidson', 'Jeffrey MacCheyne')","('Emily Aman', 'Jeff Vann')"
,,,,"('Lee Davidson', 'Sean Dembrosky')","('Emily Aman', 'Dave Nowicki')"
,,,,"('Lee Davidson', 'Don Kenyon')","('Emily Aman', 'Bill Larsen')"
,,,,"('Lee Davidson', 'Margaret Jastran')","('Emily Aman', 'Jeff Asbrand')"
,,,,"('Lee Davidson', 'Linda Blossom')","('Emily Aman', 'Keith Jay')"
,,,,"('Lee Davidson', 'Larry Abraham')","('Emily Aman', 'Mary Ott')"
,,,,"('Lee Davidson', 'Seth Thomas')","('Emily Aman', 'Jeff Bond')"
,,,,"('Lee Davidson', 'Jeffery Vann')","('Emily Aman', 'Michael Covert')"
,,,,"('Lee Davidson', 'Duane Waid')","('Emily Aman', 'Ruth Same')"
,,,,"('Lee Davidson', 'Charles Bosman')","('Emily Aman', 'David Dresser')"
,,,,"('Lee Davidson', 'Donna Levy')","('Emily Aman', 'Barbara Stewart')"
,,,,"('Lee Davidson', 'Melissa Madden')","('Emily Aman', 'Chris Kempf')"
,,,,"('Lee Davidson', 'Anthony Delplato')","('Patrick Morrell', 'Joseph Heath')"
,,,,"('Colleen Freese', 'Bruce Austic')","('Patrick Morrell', 'Leon Anders')"
,,,,"('Colleen Freese', 'Stephen Selover')","('Patrick Morrell', 'Maryann Vellake')"
,,,,"('Colleen Freese', 'William Kappel')","('Patrick Morrell', 'Rob Schoeffel')"
,,,,"('Colleen Freese', 'Mariah Plumlee')","('Patrick Morrell', 'Sean Dembrowsky')"
,,,,"('Colleen Freese', 'Peter Arena')","('Patrick Morrell', 'Jorden DePue')"
,,,,"('Colleen Freese', 'Anthony Ingraffea')","('Patrick Morrell', 'Daniel Dembrosky')"
,,,,"('Colleen Freese', 'Michael Reynolds')","('Patrick Morrell', 'Holly Bailey')"
,,,,"('Colleen Freese', 'John Swanson')","('Patrick Morrell', 'Judy Kugelmass')"
,,,,"('Colleen Freese', 'Judy Kugelamass')","('Patrick Morrell', 'Carolyn Knapp')"
,,,,"('Colleen Freese', 'Robert Mc Gill JR')","('Patrick Morrell', 'Noelle Dembrosky')"
,,,,"('Colleen Freese', 'Carrie Halcomb')","('Patrick Morrell', 'Carrie Holcomb')"
,,,,"('Colleen Freese', 'Barry Ford')","('Patrick Morrell', 'Meg Jastran')"
,,,,"('Colleen Freese', 'Richard Rose')","('Patrick Morrell', 'Michael Dineen')"
,,,,"('Colleen Freese', 'Donald Austin')","('Patrick Morrell', 'Jack Wickham')"
,,,,"('Colleen Freese', 'Jeffrey MacCheyne')","('Patrick Morrell', 'Chuck Bosman')"
,,,,"('Colleen Freese', 'Sean Dembrosky')","('Patrick Morrell', 'Jeff Vann')"
,,,,"('Colleen Freese', 'Don Kenyon')","('Patrick Morrell', 'Dave Nowicki')"
,,,,"('Colleen Freese', 'Margaret Jastran')","('Patrick Morrell', 'Bill Larsen')"
,,,,"('Colleen Freese', 'Linda Blossom')","('Patrick Morrell', 'Jeff Asbrand')"
,,,,"('Colleen Freese', 'Larry Abraham')","('Patrick Morrell', 'Keith Jay')"
,,,,"('Colleen Freese', 'Seth Thomas')","('Patrick Morrell', 'Mary Ott')"
,,,,"('Colleen Freese', 'Jeffery Vann')","('Patrick Morrell', 'Jeff Bond')"
,,,,"('Colleen Freese', 'Duane Waid')","('Patrick Morrell', 'Michael Covert')"
,,,,"('Colleen Freese', 'Charles Bosman')","('Patrick Morrell', 'Ruth Same')"
,,,,"('Colleen Freese', 'Donna Levy')","('Patrick Morrell', 'David Dresser')"
,,,,"('Colleen Freese', 'Melissa Madden')","('Patrick Morrell', 'Barbara Stewart')"
,,,,"('Colleen Freese', 'Anthony Delplato')","('Patrick Morrell', 'Chris Kempf')"
,,,,"('Bruce Austic', 'Stephen Selover')","('Joseph Heath', 'Leon Anders')"
,,,,"('Bruce Austic', 'John Swanson')","('Joseph Heath', 'Gary Hunt')"
,,,,"('Bruce Austic', 'Judy Kugelamass')","('Joseph Heath', 'Maryann Vellake')"
,,,,"('Bruce Austic', 'Robert Mc Gill JR')","('Joseph Heath', 'Rob Schoeffel')"
,,,,"('Bruce Austic', 'Carrie Halcomb')","('Joseph Heath', 'Sean Dembrosky')"
,,,,"('Bruce Austic', 'Donald Austin')","('Joseph Heath', 'Brayton Foster')"
,,,,"('Bruce Austic', 'Jeffrey MacCheyne')","('Joseph Heath', 'Sean Dembrowsky')"
,,,,"('Bruce Austic', 'Sean Dembrosky')","('Joseph Heath', 'Bruce Austic')"
,,,,"('Bruce Austic', 'Don Kenyon')","('Joseph Heath', 'Jorden DePue')"
,,,,"('Bruce Austic', 'Margaret Jastran')","('Joseph Heath', 'William Kappel')"
,,,,"('Bruce Austic', 'Larry Abraham')","('Joseph Heath', 'Daniel Dembrosky')"
,,,,"('Bruce Austic', 'Seth Thomas')","('Joseph Heath', 'Holly Bailey')"
,,,,"('Bruce Austic', 'Jeffery Vann')","('Joseph Heath', 'Judy Kugelmass')"
,,,,"('Bruce Austic', 'Donna Levy')","('Joseph Heath', 'Carolyn Knapp')"
,,,,"('Bruce Austic', 'Melissa Madden')","('Joseph Heath', 'Peter Arena')"
,,,,"('Bruce Austic', 'Anthony Delplato')","('Joseph Heath', 'Anthony Ingraffea')"
,,,,"('Stephen Selover', 'William Kappel')","('Joseph Heath', 'Michael Reynolds')"
,,,,"('Stephen Selover', 'Mariah Plumlee')","('Joseph Heath', 'Charles Bosman')"
,,,,"('Stephen Selover', 'Peter Arena')","('Joseph Heath', 'Noelle Dembrosky')"
,,,,"('Stephen Selover', 'Anthony Ingraffea')","('Joseph Heath', 'Mariah Plumlee')"
,,,,"('Stephen Selover', 'Michael Reynolds')","('Joseph Heath', 'Carrie Holcomb')"
,,,,"('Stephen Selover', 'John Swanson')","('Joseph Heath', 'Meg Jastran')"
,,,,"('Stephen Selover', 'Judy Kugelamass')","('Joseph Heath', 'Michael Dineen')"
,,,,"('Stephen Selover', 'Robert Mc Gill JR')","('Joseph Heath', 'Barry Ford')"
,,,,"('Stephen Selover', 'Carrie Halcomb')","('Joseph Heath', 'Jack Wickham')"
,,,,"('Stephen Selover', 'Barry Ford')","('Joseph Heath', 'Chuck Bosman')"
,,,,"('Stephen Selover', 'Richard Rose')","('Joseph Heath', 'Richard Rose')"
,,,,"('Stephen Selover', 'Donald Austin')","('Joseph Heath', 'Jeff Vann')"
,,,,"('Stephen Selover', 'Jeffrey MacCheyne')","('Joseph Heath', 'Dave Nowicki')"
,,,,"('Stephen Selover', 'Sean Dembrosky')","('Joseph Heath', 'Bill Larsen')"
,,,,"('Stephen Selover', 'Don Kenyon')","('Joseph Heath', 'Jeff Asbrand')"
,,,,"('Stephen Selover', 'Margaret Jastran')","('Joseph Heath', 'Keith Jay')"
,,,,"('Stephen Selover', 'Linda Blossom')","('Joseph Heath', 'Mary Ott')"
,,,,"('Stephen Selover', 'Larry Abraham')","('Joseph Heath', 'Linda Blossom')"
,,,,"('Stephen Selover', 'Seth Thomas')","('Joseph Heath', 'Jeff Bond')"
,,,,"('Stephen Selover', 'Jeffery Vann')","('Joseph Heath', 'Michael Covert')"
,,,,"('Stephen Selover', 'Duane Waid')","('Joseph Heath', 'Duane Waid')"
,,,,"('Stephen Selover', 'Charles Bosman')","('Joseph Heath', 'Ruth Same')"
,,,,"('Stephen Selover', 'Donna Levy')","('Joseph Heath', 'David Dresser')"
,,,,"('Stephen Selover', 'Melissa Madden')","('Joseph Heath', 'Barbara Stewart')"
,,,,"('Stephen Selover', 'Anthony Delplato')","('Joseph Heath', 'Chris Kempf')"
,,,,"('William Kappel', 'John Swanson')","('Leon Anders', 'Gary Hunt')"
,,,,"('William Kappel', 'Judy Kugelamass')","('Leon Anders', 'Maryann Vellake')"
,,,,"('William Kappel', 'Robert Mc Gill JR')","('Leon Anders', 'Rob Schoeffel')"
,,,,"('William Kappel', 'Carrie Halcomb')","('Leon Anders', 'Sean Dembrosky')"
,,,,"('William Kappel', 'Donald Austin')","('Leon Anders', 'Brayton Foster')"
,,,,"('William Kappel', 'Jeffrey MacCheyne')","('Leon Anders', 'Sean Dembrowsky')"
,,,,"('William Kappel', 'Sean Dembrosky')","('Leon Anders', 'Bruce Austic')"
,,,,"('William Kappel', 'Don Kenyon')","('Leon Anders', 'Jorden DePue')"
,,,,"('William Kappel', 'Margaret Jastran')","('Leon Anders', 'William Kappel')"
,,,,"('William Kappel', 'Larry Abraham')","('Leon Anders', 'Daniel Dembrosky')"
,,,,"('William Kappel', 'Seth Thomas')","('Leon Anders', 'Holly Bailey')"
,,,,"('William Kappel', 'Jeffery Vann')","('Leon Anders', 'Judy Kugelmass')"
,,,,"('William Kappel', 'Donna Levy')","('Leon Anders', 'Carolyn Knapp')"
,,,,"('William Kappel', 'Melissa Madden')","('Leon Anders', 'Peter Arena')"
,,,,"('William Kappel', 'Anthony Delplato')","('Leon Anders', 'Anthony Ingraffea')"
,,,,"('Mariah Plumlee', 'Peter Arena')","('Leon Anders', 'Michael Reynolds')"
,,,,"('Mariah Plumlee', 'Anthony Ingraffea')","('Leon Anders', 'Charles Bosman')"
,,,,"('Mariah Plumlee', 'Michael Reynolds')","('Leon Anders', 'Noelle Dembrosky')"
,,,,"('Mariah Plumlee', 'John Swanson')","('Leon Anders', 'Mariah Plumlee')"
,,,,"('Mariah Plumlee', 'Judy Kugelamass')","('Leon Anders', 'Carrie Holcomb')"
,,,,"('Mariah Plumlee', 'Robert Mc Gill JR')","('Leon Anders', 'Meg Jastran')"
,,,,"('Mariah Plumlee', 'Carrie Halcomb')","('Leon Anders', 'Michael Dineen')"
,,,,"('Mariah Plumlee', 'Donald Austin')","('Leon Anders', 'Barry Ford')"
,,,,"('Mariah Plumlee', 'Jeffrey MacCheyne')","('Leon Anders', 'Jack Wickham')"
,,,,"('Mariah Plumlee', 'Sean Dembrosky')","('Leon Anders', 'Chuck Bosman')"
,,,,"('Mariah Plumlee', 'Don Kenyon')","('Leon Anders', 'Richard Rose')"
,,,,"('Mariah Plumlee', 'Margaret Jastran')","('Leon Anders', 'Jeff Vann')"
,,,,"('Mariah Plumlee', 'Larry Abraham')","('Leon Anders', 'Dave Nowicki')"
,,,,"('Mariah Plumlee', 'Seth Thomas')","('Leon Anders', 'Bill Larsen')"
,,,,"('Mariah Plumlee', 'Jeffery Vann')","('Leon Anders', 'Jeff Asbrand')"
,,,,"('Mariah Plumlee', 'Charles Bosman')","('Leon Anders', 'Keith Jay')"
,,,,"('Mariah Plumlee', 'Donna Levy')","('Leon Anders', 'Mary Ott')"
,,,,"('Mariah Plumlee', 'Melissa Madden')","('Leon Anders', 'Linda Blossom')"
,,,,"('Mariah Plumlee', 'Anthony Delplato')","('Leon Anders', 'Jeff Bond')"
,,,,"('Peter Arena', 'John Swanson')","('Leon Anders', 'Michael Covert')"
,,,,"('Peter Arena', 'Judy Kugelamass')","('Leon Anders', 'Duane Waid')"
,,,,"('Peter Arena', 'Robert Mc Gill JR')","('Leon Anders', 'Ruth Same')"
,,,,"('Peter Arena', 'Carrie Halcomb')","('Leon Anders', 'David Dresser')"
,,,,"('Peter Arena', 'Donald Austin')","('Leon Anders', 'Barbara Stewart')"
,,,,"('Peter Arena', 'Jeffrey MacCheyne')","('Leon Anders', 'Chris Kempf')"
,,,,"('Peter Arena', 'Sean Dembrosky')","('Gary Hunt', 'Maryann Vellake')"
,,,,"('Peter Arena', 'Don Kenyon')","('Gary Hunt', 'Rob Schoeffel')"
,,,,"('Peter Arena', 'Margaret Jastran')","('Gary Hunt', 'Sean Dembrowsky')"
,,,,"('Peter Arena', 'Larry Abraham')","('Gary Hunt', 'Jorden DePue')"
,,,,"('Peter Arena', 'Seth Thomas')","('Gary Hunt', 'Daniel Dembrosky')"
,,,,"('Peter Arena', 'Jeffery Vann')","('Gary Hunt', 'Holly Bailey')"
,,,,"('Peter Arena', 'Donna Levy')","('Gary Hunt', 'Judy Kugelmass')"
,,,,"('Peter Arena', 'Melissa Madden')","('Gary Hunt', 'Carolyn Knapp')"
,,,,"('Peter Arena', 'Anthony Delplato')","('Gary Hunt', 'Noelle Dembrosky')"
,,,,"('Anthony Ingraffea', 'Melissa Madden')","('Gary Hunt', 'Carrie Holcomb')"
,,,,"('Anthony Ingraffea', 'John Swanson')","('Gary Hunt', 'Meg Jastran')"
,,,,"('Anthony Ingraffea', 'Judy Kugelamass')","('Gary Hunt', 'Michael Dineen')"
,,,,"('Anthony Ingraffea', 'Robert Mc Gill JR')","('Gary Hunt', 'Jack Wickham')"
,,,,"('Anthony Ingraffea', 'Carrie Halcomb')","('Gary Hunt', 'Chuck Bosman')"
,,,,"('Anthony Ingraffea', 'Donald Austin')","('Gary Hunt', 'Jeff Vann')"
,,,,"('Anthony Ingraffea', 'Jeffrey MacCheyne')","('Gary Hunt', 'Dave Nowicki')"
,,,,"('Anthony Ingraffea', 'Sean Dembrosky')","('Gary Hunt', 'Bill Larsen')"
,,,,"('Anthony Ingraffea', 'Don Kenyon')","('Gary Hunt', 'Jeff Asbrand')"
,,,,"('Anthony Ingraffea', 'Margaret Jastran')","('Gary Hunt', 'Keith Jay')"
,,,,"('Anthony Ingraffea', 'Larry Abraham')","('Gary Hunt', 'Mary Ott')"
,,,,"('Anthony Ingraffea', 'Seth Thomas')","('Gary Hunt', 'Jeff Bond')"
,,,,"('Anthony Ingraffea', 'Jeffery Vann')","('Gary Hunt', 'Michael Covert')"
,,,,"('Anthony Ingraffea', 'Donna Levy')","('Gary Hunt', 'Ruth Same')"
,,,,"('Anthony Ingraffea', 'Anthony Delplato')","('Gary Hunt', 'David Dresser')"
,,,,"('Michael Reynolds', 'John Swanson')","('Gary Hunt', 'Barbara Stewart')"
,,,,"('Michael Reynolds', 'Judy Kugelamass')","('Gary Hunt', 'Chris Kempf')"
,,,,"('Michael Reynolds', 'Robert Mc Gill JR')","('Maryann Vellake', 'Noelle Dembrosky')"
,,,,"('Michael Reynolds', 'Carrie Halcomb')","('Maryann Vellake', 'Rob Schoeffel')"
,,,,"('Michael Reynolds', 'Donald Austin')","('Maryann Vellake', 'Sean Dembrowsky')"
,,,,"('Michael Reynolds', 'Jeffrey MacCheyne')","('Maryann Vellake', 'Jorden DePue')"
,,,,"('Michael Reynolds', 'Sean Dembrosky')","('Maryann Vellake', 'Daniel Dembrosky')"
,,,,"('Michael Reynolds', 'Don Kenyon')","('Maryann Vellake', 'Holly Bailey')"
,,,,"('Michael Reynolds', 'Margaret Jastran')","('Maryann Vellake', 'Judy Kugelmass')"
,,,,"('Michael Reynolds', 'Larry Abraham')","('Maryann Vellake', 'Carolyn Knapp')"
,,,,"('Michael Reynolds', 'Seth Thomas')","('Maryann Vellake', 'Carrie Holcomb')"
,,,,"('Michael Reynolds', 'Jeffery Vann')","('Maryann Vellake', 'Meg Jastran')"
,,,,"('Michael Reynolds', 'Donna Levy')","('Maryann Vellake', 'Michael Dineen')"
,,,,"('Michael Reynolds', 'Melissa Madden')","('Maryann Vellake', 'Jack Wickham')"
,,,,"('Michael Reynolds', 'Anthony Delplato')","('Maryann Vellake', 'Chuck Bosman')"
,,,,"('John Swanson', 'Charles Bosman')","('Maryann Vellake', 'Jeff Vann')"
,,,,"('John Swanson', 'Judy Kugelamass')","('Maryann Vellake', 'Dave Nowicki')"
,,,,"('John Swanson', 'Robert Mc Gill JR')","('Maryann Vellake', 'Bill Larsen')"
,,,,"('John Swanson', 'Carrie Halcomb')","('Maryann Vellake', 'Jeff Asbrand')"
,,,,"('John Swanson', 'Barry Ford')","('Maryann Vellake', 'Keith Jay')"
,,,,"('John Swanson', 'Richard Rose')","('Maryann Vellake', 'Mary Ott')"
,,,,"('John Swanson', 'Donald Austin')","('Maryann Vellake', 'Jeff Bond')"
,,,,"('John Swanson', 'Jeffrey MacCheyne')","('Maryann Vellake', 'Michael Covert')"
,,,,"('John Swanson', 'Sean Dembrosky')","('Maryann Vellake', 'Ruth Same')"
,,,,"('John Swanson', 'Don Kenyon')","('Maryann Vellake', 'David Dresser')"
,,,,"('John Swanson', 'Margaret Jastran')","('Maryann Vellake', 'Barbara Stewart')"
,,,,"('John Swanson', 'Linda Blossom')","('Maryann Vellake', 'Chris Kempf')"
,,,,"('John Swanson', 'Larry Abraham')","('Rob Schoeffel', 'Sean Dembrosky')"
,,,,"('John Swanson', 'Seth Thomas')","('Rob Schoeffel', 'Brayton Foster')"
,,,,"('John Swanson', 'Jeffery Vann')","('Rob Schoeffel', 'Sean Dembrowsky')"
,,,,"('John Swanson', 'Duane Waid')","('Rob Schoeffel', 'Bruce Austic')"
,,,,"('John Swanson', 'Donna Levy')","('Rob Schoeffel', 'Jorden DePue')"
,,,,"('John Swanson', 'Melissa Madden')","('Rob Schoeffel', 'William Kappel')"
,,,,"('John Swanson', 'Anthony Delplato')","('Rob Schoeffel', 'Daniel Dembrosky')"
,,,,"('Judy Kugelamass', 'Robert Mc Gill JR')","('Rob Schoeffel', 'Holly Bailey')"
,,,,"('Judy Kugelamass', 'Carrie Halcomb')","('Rob Schoeffel', 'Judy Kugelmass')"
,,,,"('Judy Kugelamass', 'Barry Ford')","('Rob Schoeffel', 'Carolyn Knapp')"
,,,,"('Judy Kugelamass', 'Richard Rose')","('Rob Schoeffel', 'Peter Arena')"
,,,,"('Judy Kugelamass', 'Donald Austin')","('Rob Schoeffel', 'Anthony Ingraffea')"
,,,,"('Judy Kugelamass', 'Jeffrey MacCheyne')","('Rob Schoeffel', 'Michael Reynolds')"
,,,,"('Judy Kugelamass', 'Sean Dembrosky')","('Rob Schoeffel', 'Charles Bosman')"
,,,,"('Judy Kugelamass', 'Don Kenyon')","('Rob Schoeffel', 'Noelle Dembrosky')"
,,,,"('Judy Kugelamass', 'Margaret Jastran')","('Rob Schoeffel', 'Mariah Plumlee')"
,,,,"('Judy Kugelamass', 'Linda Blossom')","('Rob Schoeffel', 'Carrie Holcomb')"
,,,,"('Judy Kugelamass', 'Larry Abraham')","('Rob Schoeffel', 'Meg Jastran')"
,,,,"('Judy Kugelamass', 'Seth Thomas')","('Rob Schoeffel', 'Michael Dineen')"
,,,,"('Judy Kugelamass', 'Jeffery Vann')","('Rob Schoeffel', 'Barry Ford')"
,,,,"('Judy Kugelamass', 'Duane Waid')","('Rob Schoeffel', 'Jack Wickham')"
,,,,"('Judy Kugelamass', 'Charles Bosman')","('Rob Schoeffel', 'Chuck Bosman')"
,,,,"('Judy Kugelamass', 'Donna Levy')","('Rob Schoeffel', 'Richard Rose')"
,,,,"('Judy Kugelamass', 'Melissa Madden')","('Rob Schoeffel', 'Jeff Vann')"
,,,,"('Judy Kugelamass', 'Anthony Delplato')","('Rob Schoeffel', 'Dave Nowicki')"
,,,,"('Robert Mc Gill JR', 'Carrie Halcomb')","('Rob Schoeffel', 'Bill Larsen')"
,,,,"('Robert Mc Gill JR', 'Barry Ford')","('Rob Schoeffel', 'Jeff Asbrand')"
,,,,"('Robert Mc Gill JR', 'Richard Rose')","('Rob Schoeffel', 'Keith Jay')"
,,,,"('Robert Mc Gill JR', 'Donald Austin')","('Rob Schoeffel', 'Mary Ott')"
,,,,"('Robert Mc Gill JR', 'Jeffrey MacCheyne')","('Rob Schoeffel', 'Linda Blossom')"
,,,,"('Robert Mc Gill JR', 'Sean Dembrosky')","('Rob Schoeffel', 'Jeff Bond')"
,,,,"('Robert Mc Gill JR', 'Don Kenyon')","('Rob Schoeffel', 'Michael Covert')"
,,,,"('Robert Mc Gill JR', 'Margaret Jastran')","('Rob Schoeffel', 'Duane Waid')"
,,,,"('Robert Mc Gill JR', 'Linda Blossom')","('Rob Schoeffel', 'Ruth Same')"
,,,,"('Robert Mc Gill JR', 'Larry Abraham')","('Rob Schoeffel', 'David Dresser')"
,,,,"('Robert Mc Gill JR', 'Seth Thomas')","('Rob Schoeffel', 'Barbara Stewart')"
,,,,"('Robert Mc Gill JR', 'Jeffery Vann')","('Rob Schoeffel', 'Chris Kempf')"
,,,,"('Robert Mc Gill JR', 'Duane Waid')","('Sean Dembrosky', 'Brayton Foster')"
,,,,"('Robert Mc Gill JR', 'Charles Bosman')","('Sean Dembrosky', 'Sean Dembrowsky')"
,,,,"('Robert Mc Gill JR', 'Donna Levy')","('Sean Dembrosky', 'Bruce Austic')"
,,,,"('Robert Mc Gill JR', 'Melissa Madden')","('Sean Dembrosky', 'Jorden DePue')"
,,,,"('Robert Mc Gill JR', 'Anthony Delplato')","('Sean Dembrosky', 'William Kappel')"
,,,,"('Carrie Halcomb', 'Barry Ford')","('Sean Dembrosky', 'Daniel Dembrosky')"
,,,,"('Carrie Halcomb', 'Richard Rose')","('Sean Dembrosky', 'Holly Bailey')"
,,,,"('Carrie Halcomb', 'Donald Austin')","('Sean Dembrosky', 'Judy Kugelmass')"
,,,,"('Carrie Halcomb', 'Jeffrey MacCheyne')","('Sean Dembrosky', 'Carolyn Knapp')"
,,,,"('Carrie Halcomb', 'Sean Dembrosky')","('Sean Dembrosky', 'Peter Arena')"
,,,,"('Carrie Halcomb', 'Don Kenyon')","('Sean Dembrosky', 'Anthony Ingraffea')"
,,,,"('Carrie Halcomb', 'Margaret Jastran')","('Sean Dembrosky', 'Michael Reynolds')"
,,,,"('Carrie Halcomb', 'Linda Blossom')","('Sean Dembrosky', 'Noelle Dembrosky')"
,,,,"('Carrie Halcomb', 'Larry Abraham')","('Sean Dembrosky', 'Mariah Plumlee')"
,,,,"('Carrie Halcomb', 'Seth Thomas')","('Sean Dembrosky', 'Carrie Holcomb')"
,,,,"('Carrie Halcomb', 'Jeffery Vann')","('Sean Dembrosky', 'Meg Jastran')"
,,,,"('Carrie Halcomb', 'Duane Waid')","('Sean Dembrosky', 'Michael Dineen')"
,,,,"('Carrie Halcomb', 'Charles Bosman')","('Sean Dembrosky', 'Barry Ford')"
,,,,"('Carrie Halcomb', 'Donna Levy')","('Sean Dembrosky', 'Jack Wickham')"
,,,,"('Carrie Halcomb', 'Melissa Madden')","('Sean Dembrosky', 'Chuck Bosman')"
,,,,"('Carrie Halcomb', 'Anthony Delplato')","('Sean Dembrosky', 'Richard Rose')"
,,,,"('Barry Ford', 'Donald Austin')","('Sean Dembrosky', 'Jeff Vann')"
,,,,"('Barry Ford', 'Jeffrey MacCheyne')","('Sean Dembrosky', 'Dave Nowicki')"
,,,,"('Barry Ford', 'Sean Dembrosky')","('Sean Dembrosky', 'Bill Larsen')"
,,,,"('Barry Ford', 'Don Kenyon')","('Sean Dembrosky', 'Jeff Asbrand')"
,,,,"('Barry Ford', 'Margaret Jastran')","('Sean Dembrosky', 'Keith Jay')"
,,,,"('Barry Ford', 'Larry Abraham')","('Sean Dembrosky', 'Mary Ott')"
,,,,"('Barry Ford', 'Seth Thomas')","('Sean Dembrosky', 'Jeff Bond')"
,,,,"('Barry Ford', 'Jeffery Vann')","('Sean Dembrosky', 'Michael Covert')"
,,,,"('Barry Ford', 'Charles Bosman')","('Sean Dembrosky', 'Ruth Same')"
,,,,"('Barry Ford', 'Donna Levy')","('Sean Dembrosky', 'David Dresser')"
,,,,"('Barry Ford', 'Melissa Madden')","('Sean Dembrosky', 'Barbara Stewart')"
,,,,"('Barry Ford', 'Anthony Delplato')","('Sean Dembrosky', 'Chris Kempf')"
,,,,"('Richard Rose', 'Donald Austin')","('Brayton Foster', 'Noelle Dembrosky')"
,,,,"('Richard Rose', 'Jeffrey MacCheyne')","('Brayton Foster', 'Sean Dembrowsky')"
,,,,"('Richard Rose', 'Sean Dembrosky')","('Brayton Foster', 'Jorden DePue')"
,,,,"('Richard Rose', 'Don Kenyon')","('Brayton Foster', 'Daniel Dembrosky')"
,,,,"('Richard Rose', 'Margaret Jastran')","('Brayton Foster', 'Holly Bailey')"
,,,,"('Richard Rose', 'Larry Abraham')","('Brayton Foster', 'Judy Kugelmass')"
,,,,"('Richard Rose', 'Seth Thomas')","('Brayton Foster', 'Carolyn Knapp')"
,,,,"('Richard Rose', 'Jeffery Vann')","('Brayton Foster', 'Carrie Holcomb')"
,,,,"('Richard Rose', 'Charles Bosman')","('Brayton Foster', 'Meg Jastran')"
,,,,"('Richard Rose', 'Donna Levy')","('Brayton Foster', 'Michael Dineen')"
,,,,"('Richard Rose', 'Melissa Madden')","('Brayton Foster', 'Jack Wickham')"
,,,,"('Richard Rose', 'Anthony Delplato')","('Brayton Foster', 'Chuck Bosman')"
,,,,"('Donald Austin', 'Jeffrey MacCheyne')","('Brayton Foster', 'Jeff Vann')"
,,,,"('Donald Austin', 'Sean Dembrosky')","('Brayton Foster', 'Dave Nowicki')"
,,,,"('Donald Austin', 'Don Kenyon')","('Brayton Foster', 'Bill Larsen')"
,,,,"('Donald Austin', 'Margaret Jastran')","('Brayton Foster', 'Jeff Asbrand')"
,,,,"('Donald Austin', 'Linda Blossom')","('Brayton Foster', 'Keith Jay')"
,,,,"('Donald Austin', 'Larry Abraham')","('Brayton Foster', 'Mary Ott')"
,,,,"('Donald Austin', 'Seth Thomas')","('Brayton Foster', 'Jeff Bond')"
,,,,"('Donald Austin', 'Jeffery Vann')","('Brayton Foster', 'Michael Covert')"
,,,,"('Donald Austin', 'Duane Waid')","('Brayton Foster', 'Ruth Same')"
,,,,"('Donald Austin', 'Charles Bosman')","('Brayton Foster', 'David Dresser')"
,,,,"('Donald Austin', 'Donna Levy')","('Brayton Foster', 'Barbara Stewart')"
,,,,"('Donald Austin', 'Melissa Madden')","('Brayton Foster', 'Chris Kempf')"
,,,,"('Donald Austin', 'Anthony Delplato')","('Sean Dembrowsky', 'Bruce Austic')"
,,,,"('Jeffrey MacCheyne', 'Sean Dembrosky')","('Sean Dembrowsky', 'Jorden DePue')"
,,,,"('Jeffrey MacCheyne', 'Don Kenyon')","('Sean Dembrowsky', 'William Kappel')"
,,,,"('Jeffrey MacCheyne', 'Margaret Jastran')","('Sean Dembrowsky', 'Daniel Dembrosky')"
,,,,"('Jeffrey MacCheyne', 'Linda Blossom')","('Sean Dembrowsky', 'Holly Bailey')"
,,,,"('Jeffrey MacCheyne', 'Larry Abraham')","('Sean Dembrowsky', 'Judy Kugelmass')"
,,,,"('Jeffrey MacCheyne', 'Seth Thomas')","('Sean Dembrowsky', 'Carolyn Knapp')"
,,,,"('Jeffrey MacCheyne', 'Jeffery Vann')","('Sean Dembrowsky', 'Peter Arena')"
,,,,"('Jeffrey MacCheyne', 'Duane Waid')","('Sean Dembrowsky', 'Anthony Ingraffea')"
,,,,"('Jeffrey MacCheyne', 'Charles Bosman')","('Sean Dembrowsky', 'Michael Reynolds')"
,,,,"('Jeffrey MacCheyne', 'Donna Levy')","('Sean Dembrowsky', 'Charles Bosman')"
,,,,"('Jeffrey MacCheyne', 'Melissa Madden')","('Sean Dembrowsky', 'Noelle Dembrosky')"
,,,,"('Jeffrey MacCheyne', 'Anthony Delplato')","('Sean Dembrowsky', 'Mariah Plumlee')"
,,,,"('Sean Dembrosky', 'Don Kenyon')","('Sean Dembrowsky', 'Carrie Holcomb')"
,,,,"('Sean Dembrosky', 'Margaret Jastran')","('Sean Dembrowsky', 'Meg Jastran')"
,,,,"('Sean Dembrosky', 'Larry Abraham')","('Sean Dembrowsky', 'Michael Dineen')"
,,,,"('Sean Dembrosky', 'Seth Thomas')","('Sean Dembrowsky', 'Barry Ford')"
,,,,"('Sean Dembrosky', 'Jeffery Vann')","('Sean Dembrowsky', 'Jack Wickham')"
,,,,"('Sean Dembrosky', 'Donna Levy')","('Sean Dembrowsky', 'Chuck Bosman')"
,,,,"('Sean Dembrosky', 'Melissa Madden')","('Sean Dembrowsky', 'Richard Rose')"
,,,,"('Sean Dembrosky', 'Anthony Delplato')","('Sean Dembrowsky', 'Jeff Vann')"
,,,,"('Don Kenyon', 'Melissa Madden')","('Sean Dembrowsky', 'Dave Nowicki')"
,,,,"('Don Kenyon', 'Margaret Jastran')","('Sean Dembrowsky', 'Bill Larsen')"
,,,,"('Don Kenyon', 'Linda Blossom')","('Sean Dembrowsky', 'Jeff Asbrand')"
,,,,"('Don Kenyon', 'Larry Abraham')","('Sean Dembrowsky', 'Keith Jay')"
,,,,"('Don Kenyon', 'Seth Thomas')","('Sean Dembrowsky', 'Mary Ott')"
,,,,"('Don Kenyon', 'Jeffery Vann')","('Sean Dembrowsky', 'Linda Blossom')"
,,,,"('Don Kenyon', 'Duane Waid')","('Sean Dembrowsky', 'Jeff Bond')"
,,,,"('Don Kenyon', 'Charles Bosman')","('Sean Dembrowsky', 'Michael Covert')"
,,,,"('Don Kenyon', 'Donna Levy')","('Sean Dembrowsky', 'Duane Waid')"
,,,,"('Don Kenyon', 'Anthony Delplato')","('Sean Dembrowsky', 'Ruth Same')"
,,,,"('Margaret Jastran', 'Linda Blossom')","('Sean Dembrowsky', 'David Dresser')"
,,,,"('Margaret Jastran', 'Larry Abraham')","('Sean Dembrowsky', 'Barbara Stewart')"
,,,,"('Margaret Jastran', 'Seth Thomas')","('Sean Dembrowsky', 'Chris Kempf')"
,,,,"('Margaret Jastran', 'Jeffery Vann')","('Bruce Austic', 'Noelle Dembrosky')"
,,,,"('Margaret Jastran', 'Duane Waid')","('Bruce Austic', 'Jorden DePue')"
,,,,"('Margaret Jastran', 'Charles Bosman')","('Bruce Austic', 'Daniel Dembrosky')"
,,,,"('Margaret Jastran', 'Donna Levy')","('Bruce Austic', 'Holly Bailey')"
,,,,"('Margaret Jastran', 'Melissa Madden')","('Bruce Austic', 'Judy Kugelmass')"
,,,,"('Margaret Jastran', 'Anthony Delplato')","('Bruce Austic', 'Carolyn Knapp')"
,,,,"('Linda Blossom', 'Larry Abraham')","('Bruce Austic', 'Carrie Holcomb')"
,,,,"('Linda Blossom', 'Seth Thomas')","('Bruce Austic', 'Meg Jastran')"
,,,,"('Linda Blossom', 'Jeffery Vann')","('Bruce Austic', 'Michael Dineen')"
,,,,"('Linda Blossom', 'Charles Bosman')","('Bruce Austic', 'Jack Wickham')"
,,,,"('Linda Blossom', 'Donna Levy')","('Bruce Austic', 'Chuck Bosman')"
,,,,"('Linda Blossom', 'Melissa Madden')","('Bruce Austic', 'Jeff Vann')"
,,,,"('Linda Blossom', 'Anthony Delplato')","('Bruce Austic', 'Dave Nowicki')"
,,,,"('Larry Abraham', 'Seth Thomas')","('Bruce Austic', 'Bill Larsen')"
,,,,"('Larry Abraham', 'Jeffery Vann')","('Bruce Austic', 'Jeff Asbrand')"
,,,,"('Larry Abraham', 'Duane Waid')","('Bruce Austic', 'Keith Jay')"
,,,,"('Larry Abraham', 'Charles Bosman')","('Bruce Austic', 'Mary Ott')"
,,,,"('Larry Abraham', 'Donna Levy')","('Bruce Austic', 'Jeff Bond')"
,,,,"('Larry Abraham', 'Melissa Madden')","('Bruce Austic', 'Michael Covert')"
,,,,"('Larry Abraham', 'Anthony Delplato')","('Bruce Austic', 'Ruth Same')"
,,,,"('Seth Thomas', 'Jeffery Vann')","('Bruce Austic', 'David Dresser')"
,,,,"('Seth Thomas', 'Duane Waid')","('Bruce Austic', 'Barbara Stewart')"
,,,,"('Seth Thomas', 'Charles Bosman')","('Bruce Austic', 'Chris Kempf')"
,,,,"('Seth Thomas', 'Donna Levy')","('Jorden DePue', 'William Kappel')"
,,,,"('Seth Thomas', 'Melissa Madden')","('Jorden DePue', 'Daniel Dembrosky')"
,,,,"('Seth Thomas', 'Anthony Delplato')","('Jorden DePue', 'Holly Bailey')"
,,,,"('Jeffery Vann', 'Duane Waid')","('Jorden DePue', 'Judy Kugelmass')"
,,,,"('Jeffery Vann', 'Charles Bosman')","('Jorden DePue', 'Carolyn Knapp')"
,,,,"('Jeffery Vann', 'Donna Levy')","('Jorden DePue', 'Peter Arena')"
,,,,"('Jeffery Vann', 'Melissa Madden')","('Jorden DePue', 'Anthony Ingraffea')"
,,,,"('Jeffery Vann', 'Anthony Delplato')","('Jorden DePue', 'Michael Reynolds')"
,,,,"('Duane Waid', 'Charles Bosman')","('Jorden DePue', 'Charles Bosman')"
,,,,"('Duane Waid', 'Donna Levy')","('Jorden DePue', 'Noelle Dembrosky')"
,,,,"('Duane Waid', 'Melissa Madden')","('Jorden DePue', 'Mariah Plumlee')"
,,,,"('Duane Waid', 'Anthony Delplato')","('Jorden DePue', 'Carrie Holcomb')"
,,,,"('Charles Bosman', 'Donna Levy')","('Jorden DePue', 'Meg Jastran')"
,,,,"('Charles Bosman', 'Melissa Madden')","('Jorden DePue', 'Michael Dineen')"
,,,,"('Charles Bosman', 'Anthony Delplato')","('Jorden DePue', 'Barry Ford')"
,,,,"('Donna Levy', 'Melissa Madden')","('Jorden DePue', 'Jack Wickham')"
,,,,"('Donna Levy', 'Anthony Delplato')","('Jorden DePue', 'Chuck Bosman')"
,,,,"('Melissa Madden', 'Anthony Delplato')","('Jorden DePue', 'Richard Rose')"
,,,,,"('Jorden DePue', 'Jeff Vann')"
,,,,,"('Jorden DePue', 'Dave Nowicki')"
,,,,,"('Jorden DePue', 'Bill Larsen')"
,,,,,"('Jorden DePue', 'Jeff Asbrand')"
,,,,,"('Jorden DePue', 'Keith Jay')"
,,,,,"('Jorden DePue', 'Mary Ott')"
,,,,,"('Jorden DePue', 'Linda Blossom')"
,,,,,"('Jorden DePue', 'Jeff Bond')"
,,,,,"('Jorden DePue', 'Michael Covert')"
,,,,,"('Jorden DePue', 'Duane Waid')"
,,,,,"('Jorden DePue', 'Ruth Same')"
,,,,,"('Jorden DePue', 'David Dresser')"
,,,,,"('Jorden DePue', 'Barbara Stewart')"
,,,,,"('Jorden DePue', 'Chris Kempf')"
,,,,,"('William Kappel', 'Daniel Dembrosky')"
,,,,,"('William Kappel', 'Holly Bailey')"
,,,,,"('William Kappel', 'Judy Kugelmass')"
,,,,,"('William Kappel', 'Carolyn Knapp')"
,,,,,"('William Kappel', 'Noelle Dembrosky')"
,,,,,"('William Kappel', 'Carrie Holcomb')"
,,,,,"('William Kappel', 'Meg Jastran')"
,,,,,"('William Kappel', 'Michael Dineen')"
,,,,,"('William Kappel', 'Jack Wickham')"
,,,,,"('William Kappel', 'Chuck Bosman')"
,,,,,"('William Kappel', 'Jeff Vann')"
,,,,,"('William Kappel', 'Dave Nowicki')"
,,,,,"('William Kappel', 'Bill Larsen')"
,,,,,"('William Kappel', 'Jeff Asbrand')"
,,,,,"('William Kappel', 'Keith Jay')"
,,,,,"('William Kappel', 'Mary Ott')"
,,,,,"('William Kappel', 'Jeff Bond')"
,,,,,"('William Kappel', 'Michael Covert')"
,,,,,"('William Kappel', 'Ruth Same')"
,,,,,"('William Kappel', 'David Dresser')"
,,,,,"('William Kappel', 'Barbara Stewart')"
,,,,,"('William Kappel', 'Chris Kempf')"
,,,,,"('Daniel Dembrosky', 'Ruth Same')"
,,,,,"('Daniel Dembrosky', 'Holly Bailey')"
,,,,,"('Daniel Dembrosky', 'Judy Kugelmass')"
,,,,,"('Daniel Dembrosky', 'Carolyn Knapp')"
,,,,,"('Daniel Dembrosky', 'Peter Arena')"
,,,,,"('Daniel Dembrosky', 'Anthony Ingraffea')"
,,,,,"('Daniel Dembrosky', 'Michael Reynolds')"
,,,,,"('Daniel Dembrosky', 'Charles Bosman')"
,,,,,"('Daniel Dembrosky', 'Noelle Dembrosky')"
,,,,,"('Daniel Dembrosky', 'Mariah Plumlee')"
,,,,,"('Daniel Dembrosky', 'Carrie Holcomb')"
,,,,,"('Daniel Dembrosky', 'Meg Jastran')"
,,,,,"('Daniel Dembrosky', 'Michael Dineen')"
,,,,,"('Daniel Dembrosky', 'Barry Ford')"
,,,,,"('Daniel Dembrosky', 'Jack Wickham')"
,,,,,"('Daniel Dembrosky', 'Chuck Bosman')"
,,,,,"('Daniel Dembrosky', 'Richard Rose')"
,,,,,"('Daniel Dembrosky', 'Jeff Vann')"
,,,,,"('Daniel Dembrosky', 'Dave Nowicki')"
,,,,,"('Daniel Dembrosky', 'Bill Larsen')"
,,,,,"('Daniel Dembrosky', 'Jeff Asbrand')"
,,,,,"('Daniel Dembrosky', 'Keith Jay')"
,,,,,"('Daniel Dembrosky', 'Mary Ott')"
,,,,,"('Daniel Dembrosky', 'Linda Blossom')"
,,,,,"('Daniel Dembrosky', 'Jeff Bond')"
,,,,,"('Daniel Dembrosky', 'Michael Covert')"
,,,,,"('Daniel Dembrosky', 'Duane Waid')"
,,,,,"('Daniel Dembrosky', 'David Dresser')"
,,,,,"('Daniel Dembrosky', 'Barbara Stewart')"
,,,,,"('Daniel Dembrosky', 'Chris Kempf')"
,,,,,"('Holly Bailey', 'Judy Kugelmass')"
,,,,,"('Holly Bailey', 'Carolyn Knapp')"
,,,,,"('Holly Bailey', 'Peter Arena')"
,,,,,"('Holly Bailey', 'Anthony Ingraffea')"
,,,,,"('Holly Bailey', 'Michael Reynolds')"
,,,,,"('Holly Bailey', 'Charles Bosman')"
,,,,,"('Holly Bailey', 'Noelle Dembrosky')"
,,,,,"('Holly Bailey', 'Mariah Plumlee')"
,,,,,"('Holly Bailey', 'Carrie Holcomb')"
,,,,,"('Holly Bailey', 'Meg Jastran')"
,,,,,"('Holly Bailey', 'Michael Dineen')"
,,,,,"('Holly Bailey', 'Barry Ford')"
,,,,,"('Holly Bailey', 'Jack Wickham')"
,,,,,"('Holly Bailey', 'Chuck Bosman')"
,,,,,"('Holly Bailey', 'Richard Rose')"
,,,,,"('Holly Bailey', 'Jeff Vann')"
,,,,,"('Holly Bailey', 'Dave Nowicki')"
,,,,,"('Holly Bailey', 'Bill Larsen')"
,,,,,"('Holly Bailey', 'Jeff Asbrand')"
,,,,,"('Holly Bailey', 'Keith Jay')"
,,,,,"('Holly Bailey', 'Mary Ott')"
,,,,,"('Holly Bailey', 'Linda Blossom')"
,,,,,"('Holly Bailey', 'Jeff Bond')"
,,,,,"('Holly Bailey', 'Michael Covert')"
,,,,,"('Holly Bailey', 'Duane Waid')"
,,,,,"('Holly Bailey', 'Ruth Same')"
,,,,,"('Holly Bailey', 'David Dresser')"
,,,,,"('Holly Bailey', 'Barbara Stewart')"
,,,,,"('Holly Bailey', 'Chris Kempf')"
,,,,,"('Judy Kugelmass', 'Carolyn Knapp')"
,,,,,"('Judy Kugelmass', 'Peter Arena')"
,,,,,"('Judy Kugelmass', 'Anthony Ingraffea')"
,,,,,"('Judy Kugelmass', 'Michael Reynolds')"
,,,,,"('Judy Kugelmass', 'Charles Bosman')"
,,,,,"('Judy Kugelmass', 'Noelle Dembrosky')"
,,,,,"('Judy Kugelmass', 'Mariah Plumlee')"
,,,,,"('Judy Kugelmass', 'Carrie Holcomb')"
,,,,,"('Judy Kugelmass', 'Meg Jastran')"
,,,,,"('Judy Kugelmass', 'Michael Dineen')"
,,,,,"('Judy Kugelmass', 'Barry Ford')"
,,,,,"('Judy Kugelmass', 'Jack Wickham')"
,,,,,"('Judy Kugelmass', 'Chuck Bosman')"
,,,,,"('Judy Kugelmass', 'Richard Rose')"
,,,,,"('Judy Kugelmass', 'Jeff Vann')"
,,,,,"('Judy Kugelmass', 'Dave Nowicki')"
,,,,,"('Judy Kugelmass', 'Bill Larsen')"
,,,,,"('Judy Kugelmass', 'Jeff Asbrand')"
,,,,,"('Judy Kugelmass', 'Keith Jay')"
,,,,,"('Judy Kugelmass', 'Mary Ott')"
,,,,,"('Judy Kugelmass', 'Linda Blossom')"
,,,,,"('Judy Kugelmass', 'Jeff Bond')"
,,,,,"('Judy Kugelmass', 'Michael Covert')"
,,,,,"('Judy Kugelmass', 'Duane Waid')"
,,,,,"('Judy Kugelmass', 'Ruth Same')"
,,,,,"('Judy Kugelmass', 'David Dresser')"
,,,,,"('Judy Kugelmass', 'Barbara Stewart')"
,,,,,"('Judy Kugelmass', 'Chris Kempf')"
,,,,,"('Carolyn Knapp', 'Peter Arena')"
,,,,,"('Carolyn Knapp', 'Anthony Ingraffea')"
,,,,,"('Carolyn Knapp', 'Michael Reynolds')"
,,,,,"('Carolyn Knapp', 'Charles Bosman')"
,,,,,"('Carolyn Knapp', 'Noelle Dembrosky')"
,,,,,"('Carolyn Knapp', 'Mariah Plumlee')"
,,,,,"('Carolyn Knapp', 'Carrie Holcomb')"
,,,,,"('Carolyn Knapp', 'Meg Jastran')"
,,,,,"('Carolyn Knapp', 'Michael Dineen')"
,,,,,"('Carolyn Knapp', 'Jack Wickham')"
,,,,,"('Carolyn Knapp', 'Barry Ford')"
,,,,,"('Carolyn Knapp', 'Chuck Bosman')"
,,,,,"('Carolyn Knapp', 'Richard Rose')"
,,,,,"('Carolyn Knapp', 'Jeff Vann')"
,,,,,"('Carolyn Knapp', 'Dave Nowicki')"
,,,,,"('Carolyn Knapp', 'Bill Larsen')"
,,,,,"('Carolyn Knapp', 'Jeff Asbrand')"
,,,,,"('Carolyn Knapp', 'Keith Jay')"
,,,,,"('Carolyn Knapp', 'Mary Ott')"
,,,,,"('Carolyn Knapp', 'Linda Blossom')"
,,,,,"('Carolyn Knapp', 'Jeff Bond')"
,,,,,"('Carolyn Knapp', 'Michael Covert')"
,,,,,"('Carolyn Knapp', 'Duane Waid')"
,,,,,"('Carolyn Knapp', 'Ruth Same')"
,,,,,"('Carolyn Knapp', 'David Dresser')"
,,,,,"('Carolyn Knapp', 'Barbara Stewart')"
,,,,,"('Carolyn Knapp', 'Chris Kempf')"
,,,,,"('Peter Arena', 'Noelle Dembrosky')"
,,,,,"('Peter Arena', 'Mariah Plumlee')"
,,,,,"('Peter Arena', 'Carrie Holcomb')"
,,,,,"('Peter Arena', 'Meg Jastran')"
,,,,,"('Peter Arena', 'Michael Dineen')"
,,,,,"('Peter Arena', 'Jack Wickham')"
,,,,,"('Peter Arena', 'Chuck Bosman')"
,,,,,"('Peter Arena', 'Jeff Vann')"
,,,,,"('Peter Arena', 'Dave Nowicki')"
,,,,,"('Peter Arena', 'Bill Larsen')"
,,,,,"('Peter Arena', 'Jeff Asbrand')"
,,,,,"('Peter Arena', 'Keith Jay')"
,,,,,"('Peter Arena', 'Mary Ott')"
,,,,,"('Peter Arena', 'Jeff Bond')"
,,,,,"('Peter Arena', 'Michael Covert')"
,,,,,"('Peter Arena', 'Ruth Same')"
,,,,,"('Peter Arena', 'David Dresser')"
,,,,,"('Peter Arena', 'Barbara Stewart')"
,,,,,"('Peter Arena', 'Chris Kempf')"
,,,,,"('Anthony Ingraffea', 'Noelle Dembrosky')"
,,,,,"('Anthony Ingraffea', 'Mariah Plumlee')"
,,,,,"('Anthony Ingraffea', 'Carrie Holcomb')"
,,,,,"('Anthony Ingraffea', 'Meg Jastran')"
,,,,,"('Anthony Ingraffea', 'Michael Dineen')"
,,,,,"('Anthony Ingraffea', 'Jack Wickham')"
,,,,,"('Anthony Ingraffea', 'Chuck Bosman')"
,,,,,"('Anthony Ingraffea', 'Jeff Vann')"
,,,,,"('Anthony Ingraffea', 'Dave Nowicki')"
,,,,,"('Anthony Ingraffea', 'Bill Larsen')"
,,,,,"('Anthony Ingraffea', 'Jeff Asbrand')"
,,,,,"('Anthony Ingraffea', 'Keith Jay')"
,,,,,"('Anthony Ingraffea', 'Mary Ott')"
,,,,,"('Anthony Ingraffea', 'Jeff Bond')"
,,,,,"('Anthony Ingraffea', 'Michael Covert')"
,,,,,"('Anthony Ingraffea', 'Ruth Same')"
,,,,,"('Anthony Ingraffea', 'David Dresser')"
,,,,,"('Anthony Ingraffea', 'Barbara Stewart')"
,,,,,"('Anthony Ingraffea', 'Chris Kempf')"
,,,,,"('Michael Reynolds', 'Noelle Dembrosky')"
,,,,,"('Michael Reynolds', 'Mariah Plumlee')"
,,,,,"('Michael Reynolds', 'Carrie Holcomb')"
,,,,,"('Michael Reynolds', 'Meg Jastran')"
,,,,,"('Michael Reynolds', 'Michael Dineen')"
,,,,,"('Michael Reynolds', 'Jack Wickham')"
,,,,,"('Michael Reynolds', 'Chuck Bosman')"
,,,,,"('Michael Reynolds', 'Jeff Vann')"
,,,,,"('Michael Reynolds', 'Dave Nowicki')"
,,,,,"('Michael Reynolds', 'Bill Larsen')"
,,,,,"('Michael Reynolds', 'Jeff Asbrand')"
,,,,,"('Michael Reynolds', 'Keith Jay')"
,,,,,"('Michael Reynolds', 'Mary Ott')"
,,,,,"('Michael Reynolds', 'Jeff Bond')"
,,,,,"('Michael Reynolds', 'Michael Covert')"
,,,,,"('Michael Reynolds', 'Ruth Same')"
,,,,,"('Michael Reynolds', 'David Dresser')"
,,,,,"('Michael Reynolds', 'Barbara Stewart')"
,,,,,"('Michael Reynolds', 'Chris Kempf')"
,,,,,"('Charles Bosman', 'Noelle Dembrosky')"
,,,,,"('Charles Bosman', 'Mariah Plumlee')"
,,,,,"('Charles Bosman', 'Carrie Holcomb')"
,,,,,"('Charles Bosman', 'Meg Jastran')"
,,,,,"('Charles Bosman', 'Michael Dineen')"
,,,,,"('Charles Bosman', 'Jack Wickham')"
,,,,,"('Charles Bosman', 'Barry Ford')"
,,,,,"('Charles Bosman', 'Chuck Bosman')"
,,,,,"('Charles Bosman', 'Richard Rose')"
,,,,,"('Charles Bosman', 'Jeff Vann')"
,,,,,"('Charles Bosman', 'Dave Nowicki')"
,,,,,"('Charles Bosman', 'Bill Larsen')"
,,,,,"('Charles Bosman', 'Jeff Asbrand')"
,,,,,"('Charles Bosman', 'Keith Jay')"
,,,,,"('Charles Bosman', 'Mary Ott')"
,,,,,"('Charles Bosman', 'Linda Blossom')"
,,,,,"('Charles Bosman', 'Jeff Bond')"
,,,,,"('Charles Bosman', 'Michael Covert')"
,,,,,"('Charles Bosman', 'Duane Waid')"
,,,,,"('Charles Bosman', 'Ruth Same')"
,,,,,"('Charles Bosman', 'David Dresser')"
,,,,,"('Charles Bosman', 'Barbara Stewart')"
,,,,,"('Charles Bosman', 'Chris Kempf')"
,,,,,"('Noelle Dembrosky', 'Mariah Plumlee')"
,,,,,"('Noelle Dembrosky', 'Carrie Holcomb')"
,,,,,"('Noelle Dembrosky', 'Meg Jastran')"
,,,,,"('Noelle Dembrosky', 'Michael Dineen')"
,,,,,"('Noelle Dembrosky', 'Barry Ford')"
,,,,,"('Noelle Dembrosky', 'Jack Wickham')"
,,,,,"('Noelle Dembrosky', 'Chuck Bosman')"
,,,,,"('Noelle Dembrosky', 'Richard Rose')"
,,,,,"('Noelle Dembrosky', 'Jeff Vann')"
,,,,,"('Noelle Dembrosky', 'Dave Nowicki')"
,,,,,"('Noelle Dembrosky', 'Bill Larsen')"
,,,,,"('Noelle Dembrosky', 'Jeff Asbrand')"
,,,,,"('Noelle Dembrosky', 'Keith Jay')"
,,,,,"('Noelle Dembrosky', 'Mary Ott')"
,,,,,"('Noelle Dembrosky', 'Linda Blossom')"
,,,,,"('Noelle Dembrosky', 'Jeff Bond')"
,,,,,"('Noelle Dembrosky', 'Michael Covert')"
,,,,,"('Noelle Dembrosky', 'Duane Waid')"
,,,,,"('Noelle Dembrosky', 'Ruth Same')"
,,,,,"('Noelle Dembrosky', 'David Dresser')"
,,,,,"('Noelle Dembrosky', 'Barbara Stewart')"
,,,,,"('Noelle Dembrosky', 'Chris Kempf')"
,,,,,"('Mariah Plumlee', 'Carrie Holcomb')"
,,,,,"('Mariah Plumlee', 'Meg Jastran')"
,,,,,"('Mariah Plumlee', 'Michael Dineen')"
,,,,,"('Mariah Plumlee', 'Jack Wickham')"
,,,,,"('Mariah Plumlee', 'Chuck Bosman')"
,,,,,"('Mariah Plumlee', 'Jeff Vann')"
,,,,,"('Mariah Plumlee', 'Dave Nowicki')"
,,,,,"('Mariah Plumlee', 'Bill Larsen')"
,,,,,"('Mariah Plumlee', 'Jeff Asbrand')"
,,,,,"('Mariah Plumlee', 'Keith Jay')"
,,,,,"('Mariah Plumlee', 'Mary Ott')"
,,,,,"('Mariah Plumlee', 'Jeff Bond')"
,,,,,"('Mariah Plumlee', 'Michael Covert')"
,,,,,"('Mariah Plumlee', 'Ruth Same')"
,,,,,"('Mariah Plumlee', 'David Dresser')"
,,,,,"('Mariah Plumlee', 'Barbara Stewart')"
,,,,,"('Mariah Plumlee', 'Chris Kempf')"
,,,,,"('Carrie Holcomb', 'Meg Jastran')"
,,,,,"('Carrie Holcomb', 'Michael Dineen')"
,,,,,"('Carrie Holcomb', 'Jack Wickham')"
,,,,,"('Carrie Holcomb', 'Barry Ford')"
,,,,,"('Carrie Holcomb', 'Chuck Bosman')"
,,,,,"('Carrie Holcomb', 'Richard Rose')"
,,,,,"('Carrie Holcomb', 'Jeff Vann')"
,,,,,"('Carrie Holcomb', 'Dave Nowicki')"
,,,,,"('Carrie Holcomb', 'Bill Larsen')"
,,,,,"('Carrie Holcomb', 'Jeff Asbrand')"
,,,,,"('Carrie Holcomb', 'Keith Jay')"
,,,,,"('Carrie Holcomb', 'Mary Ott')"
,,,,,"('Carrie Holcomb', 'Linda Blossom')"
,,,,,"('Carrie Holcomb', 'Jeff Bond')"
,,,,,"('Carrie Holcomb', 'Michael Covert')"
,,,,,"('Carrie Holcomb', 'Duane Waid')"
,,,,,"('Carrie Holcomb', 'Ruth Same')"
,,,,,"('Carrie Holcomb', 'David Dresser')"
,,,,,"('Carrie Holcomb', 'Barbara Stewart')"
,,,,,"('Carrie Holcomb', 'Chris Kempf')"
,,,,,"('Meg Jastran', 'Michael Dineen')"
,,,,,"('Meg Jastran', 'Barry Ford')"
,,,,,"('Meg Jastran', 'Jack Wickham')"
,,,,,"('Meg Jastran', 'Chuck Bosman')"
,,,,,"('Meg Jastran', 'Richard Rose')"
,,,,,"('Meg Jastran', 'Jeff Vann')"
,,,,,"('Meg Jastran', 'Dave Nowicki')"
,,,,,"('Meg Jastran', 'Bill Larsen')"
,,,,,"('Meg Jastran', 'Jeff Asbrand')"
,,,,,"('Meg Jastran', 'Keith Jay')"
,,,,,"('Meg Jastran', 'Mary Ott')"
,,,,,"('Meg Jastran', 'Linda Blossom')"
,,,,,"('Meg Jastran', 'Jeff Bond')"
,,,,,"('Meg Jastran', 'Michael Covert')"
,,,,,"('Meg Jastran', 'Duane Waid')"
,,,,,"('Meg Jastran', 'Ruth Same')"
,,,,,"('Meg Jastran', 'David Dresser')"
,,,,,"('Meg Jastran', 'Barbara Stewart')"
,,,,,"('Meg Jastran', 'Chris Kempf')"
,,,,,"('Michael Dineen', 'Barry Ford')"
,,,,,"('Michael Dineen', 'Jack Wickham')"
,,,,,"('Michael Dineen', 'Chuck Bosman')"
,,,,,"('Michael Dineen', 'Richard Rose')"
,,,,,"('Michael Dineen', 'Jeff Vann')"
,,,,,"('Michael Dineen', 'Dave Nowicki')"
,,,,,"('Michael Dineen', 'Bill Larsen')"
,,,,,"('Michael Dineen', 'Jeff Asbrand')"
,,,,,"('Michael Dineen', 'Keith Jay')"
,,,,,"('Michael Dineen', 'Mary Ott')"
,,,,,"('Michael Dineen', 'Linda Blossom')"
,,,,,"('Michael Dineen', 'Jeff Bond')"
,,,,,"('Michael Dineen', 'Michael Covert')"
,,,,,"('Michael Dineen', 'Duane Waid')"
,,,,,"('Michael Dineen', 'Ruth Same')"
,,,,,"('Michael Dineen', 'David Dresser')"
,,,,,"('Michael Dineen', 'Barbara Stewart')"
,,,,,"('Michael Dineen', 'Chris Kempf')"
,,,,,"('Barry Ford', 'Jack Wickham')"
,,,,,"('Barry Ford', 'Chuck Bosman')"
,,,,,"('Barry Ford', 'Jeff Vann')"
,,,,,"('Barry Ford', 'Dave Nowicki')"
,,,,,"('Barry Ford', 'Bill Larsen')"
,,,,,"('Barry Ford', 'Jeff Asbrand')"
,,,,,"('Barry Ford', 'Keith Jay')"
,,,,,"('Barry Ford', 'Mary Ott')"
,,,,,"('Barry Ford', 'Jeff Bond')"
,,,,,"('Barry Ford', 'Michael Covert')"
,,,,,"('Barry Ford', 'Ruth Same')"
,,,,,"('Barry Ford', 'David Dresser')"
,,,,,"('Barry Ford', 'Barbara Stewart')"
,,,,,"('Barry Ford', 'Chris Kempf')"
,,,,,"('Jack Wickham', 'Chuck Bosman')"
,,,,,"('Jack Wickham', 'Richard Rose')"
,,,,,"('Jack Wickham', 'Jeff Vann')"
,,,,,"('Jack Wickham', 'Dave Nowicki')"
,,,,,"('Jack Wickham', 'Bill Larsen')"
,,,,,"('Jack Wickham', 'Jeff Asbrand')"
,,,,,"('Jack Wickham', 'Keith Jay')"
,,,,,"('Jack Wickham', 'Mary Ott')"
,,,,,"('Jack Wickham', 'Linda Blossom')"
,,,,,"('Jack Wickham', 'Jeff Bond')"
,,,,,"('Jack Wickham', 'Michael Covert')"
,,,,,"('Jack Wickham', 'Duane Waid')"
,,,,,"('Jack Wickham', 'Ruth Same')"
,,,,,"('Jack Wickham', 'David Dresser')"
,,,,,"('Jack Wickham', 'Barbara Stewart')"
,,,,,"('Jack Wickham', 'Chris Kempf')"
,,,,,"('Chuck Bosman', 'Keith Jay')"
,,,,,"('Chuck Bosman', 'Richard Rose')"
,,,,,"('Chuck Bosman', 'Jeff Vann')"
,,,,,"('Chuck Bosman', 'Dave Nowicki')"
,,,,,"('Chuck Bosman', 'Bill Larsen')"
,,,,,"('Chuck Bosman', 'Jeff Asbrand')"
,,,,,"('Chuck Bosman', 'Michael Covert')"
,,,,,"('Chuck Bosman', 'Mary Ott')"
,,,,,"('Chuck Bosman', 'Linda Blossom')"
,,,,,"('Chuck Bosman', 'Jeff Bond')"
,,,,,"('Chuck Bosman', 'Duane Waid')"
,,,,,"('Chuck Bosman', 'Ruth Same')"
,,,,,"('Chuck Bosman', 'David Dresser')"
,,,,,"('Chuck Bosman', 'Barbara Stewart')"
,,,,,"('Chuck Bosman', 'Chris Kempf')"
,,,,,"('Richard Rose', 'Jeff Vann')"
,,,,,"('Richard Rose', 'Dave Nowicki')"
,,,,,"('Richard Rose', 'Bill Larsen')"
,,,,,"('Richard Rose', 'Jeff Asbrand')"
,,,,,"('Richard Rose', 'Keith Jay')"
,,,,,"('Richard Rose', 'Mary Ott')"
,,,,,"('Richard Rose', 'Jeff Bond')"
,,,,,"('Richard Rose', 'Michael Covert')"
,,,,,"('Richard Rose', 'Ruth Same')"
,,,,,"('Richard Rose', 'David Dresser')"
,,,,,"('Richard Rose', 'Barbara Stewart')"
,,,,,"('Richard Rose', 'Chris Kempf')"
,,,,,"('Jeff Vann', 'Dave Nowicki')"
,,,,,"('Jeff Vann', 'Bill Larsen')"
,,,,,"('Jeff Vann', 'Jeff Asbrand')"
,,,,,"('Jeff Vann', 'Keith Jay')"
,,,,,"('Jeff Vann', 'Mary Ott')"
,,,,,"('Jeff Vann', 'Linda Blossom')"
,,,,,"('Jeff Vann', 'Jeff Bond')"
,,,,,"('Jeff Vann', 'Michael Covert')"
,,,,,"('Jeff Vann', 'Duane Waid')"
,,,,,"('Jeff Vann', 'Ruth Same')"
,,,,,"('Jeff Vann', 'David Dresser')"
,,,,,"('Jeff Vann', 'Barbara Stewart')"
,,,,,"('Jeff Vann', 'Chris Kempf')"
,,,,,"('Dave Nowicki', 'Bill Larsen')"
,,,,,"('Dave Nowicki', 'Jeff Asbrand')"
,,,,,"('Dave Nowicki', 'Keith Jay')"
,,,,,"('Dave Nowicki', 'Mary Ott')"
,,,,,"('Dave Nowicki', 'Linda Blossom')"
,,,,,"('Dave Nowicki', 'Jeff Bond')"
,,,,,"('Dave Nowicki', 'Michael Covert')"
,,,,,"('Dave Nowicki', 'Duane Waid')"
,,,,,"('Dave Nowicki', 'Ruth Same')"
,,,,,"('Dave Nowicki', 'David Dresser')"
,,,,,"('Dave Nowicki', 'Barbara Stewart')"
,,,,,"('Dave Nowicki', 'Chris Kempf')"
,,,,,"('Bill Larsen', 'Jeff Asbrand')"
,,,,,"('Bill Larsen', 'Keith Jay')"
,,,,,"('Bill Larsen', 'Mary Ott')"
,,,,,"('Bill Larsen', 'Linda Blossom')"
,,,,,"('Bill Larsen', 'Jeff Bond')"
,,,,,"('Bill Larsen', 'Michael Covert')"
,,,,,"('Bill Larsen', 'Duane Waid')"
,,,,,"('Bill Larsen', 'Ruth Same')"
,,,,,"('Bill Larsen', 'David Dresser')"
,,,,,"('Bill Larsen', 'Barbara Stewart')"
,,,,,"('Bill Larsen', 'Chris Kempf')"
,,,,,"('Jeff Asbrand', 'Keith Jay')"
,,,,,"('Jeff Asbrand', 'Mary Ott')"
,,,,,"('Jeff Asbrand', 'Linda Blossom')"
,,,,,"('Jeff Asbrand', 'Jeff Bond')"
,,,,,"('Jeff Asbrand', 'Michael Covert')"
,,,,,"('Jeff Asbrand', 'Duane Waid')"
,,,,,"('Jeff Asbrand', 'Ruth Same')"
,,,,,"('Jeff Asbrand', 'David Dresser')"
,,,,,"('Jeff Asbrand', 'Barbara Stewart')"
,,,,,"('Jeff Asbrand', 'Chris Kempf')"
,,,,,"('Keith Jay', 'Michael Covert')"
,,,,,"('Keith Jay', 'Mary Ott')"
,,,,,"('Keith Jay', 'Linda Blossom')"
,,,,,"('Keith Jay', 'Jeff Bond')"
,,,,,"('Keith Jay', 'Duane Waid')"
,,,,,"('Keith Jay', 'Ruth Same')"
,,,,,"('Keith Jay', 'David Dresser')"
,,,,,"('Keith Jay', 'Barbara Stewart')"
,,,,,"('Keith Jay', 'Chris Kempf')"
,,,,,"('Mary Ott', 'Linda Blossom')"
,,,,,"('Mary Ott', 'Jeff Bond')"
,,,,,"('Mary Ott', 'Michael Covert')"
,,,,,"('Mary Ott', 'Duane Waid')"
,,,,,"('Mary Ott', 'Ruth Same')"
,,,,,"('Mary Ott', 'David Dresser')"
,,,,,"('Mary Ott', 'Barbara Stewart')"
,,,,,"('Mary Ott', 'Chris Kempf')"
,,,,,"('Linda Blossom', 'Jeff Bond')"
,,,,,"('Linda Blossom', 'Michael Covert')"
,,,,,"('Linda Blossom', 'Ruth Same')"
,,,,,"('Linda Blossom', 'David Dresser')"
,,,,,"('Linda Blossom', 'Barbara Stewart')"
,,,,,"('Linda Blossom', 'Chris Kempf')"
,,,,,"('Jeff Bond', 'Michael Covert')"
,,,,,"('Jeff Bond', 'Duane Waid')"
,,,,,"('Jeff Bond', 'Ruth Same')"
,,,,,"('Jeff Bond', 'David Dresser')"
,,,,,"('Jeff Bond', 'Barbara Stewart')"
,,,,,"('Jeff Bond', 'Chris Kempf')"
,,,,,"('Michael Covert', 'Duane Waid')"
,,,,,"('Michael Covert', 'Ruth Same')"
,,,,,"('Michael Covert', 'David Dresser')"
,,,,,"('Michael Covert', 'Barbara Stewart')"
,,,,,"('Michael Covert', 'Chris Kempf')"
,,,,,"('Duane Waid', 'Ruth Same')"
,,,,,"('Duane Waid', 'David Dresser')"
,,,,,"('Duane Waid', 'Barbara Stewart')"
,,,,,"('Duane Waid', 'Chris Kempf')"
,,,,,"('Ruth Same', 'David Dresser')"
,,,,,"('Ruth Same', 'Barbara Stewart')"
,,,,,"('Ruth Same', 'Chris Kempf')"
,,,,,"('David Dresser', 'Barbara Stewart')"
,,,,,"('David Dresser', 'Chris Kempf')"
,,,,,"('Barbara Stewart', 'Chris Kempf')"
