AB Actor Overlap,AB Relationship Overlap,Unique A Actors,Unique B Actors,Unique A Relationships,Unique B Relationships
Steve Born,"('Steve Born', 'Michael Willis')",Chris Everet,Jason Ballard,"('Chris Everet', 'Ray Acomb')","('Jason Ballard', 'Jeff Heller')"
John Vogel,"('Ken Rauber', 'Michael Willis')",Thomas Hager,Peter Gamba,"('Chris Everet', 'Laura Stiggins')","('Jason Ballard', 'Peter Gamba')"
Ken Rauber,"('John Vogel', 'Michael Willis')",Dan Hartwell,Brad Gill,"('Chris Everet', 'Cheryl A Coombes')","('Jason Ballard', 'Brad Gill')"
Michael Willis,"('John Vogel', 'Steve Born')",Briggs,John Holko,"('Chris Everet', 'Carol Robinson')","('Jason Ballard', 'John Holko')"
Ray Acomb,"('Ray Acomb', 'Steve Born')",Nancy Moir,Emily DeSantis,"('Chris Everet', 'Adams')","('Jason Ballard', 'Emily DeSantis')"
,"('Ray Acomb', 'Ken Rauber')",Gene Jackson,Janet Stone,"('Chris Everet', 'Priscilla Rowe How')","('Jason Ballard', 'Janet Stone')"
,"('Ken Rauber', 'John Vogel')",Ellen Gendreau,Jeff Heller,"('Chris Everet', 'Gene Jackson')","('Jason Ballard', 'Joe Martens')"
,"('Ray Acomb', 'John Vogel')",Priscilla Rowe How,James Johnson,"('Chris Everet', 'Ellen Gendreau')","('Jason Ballard', 'James Johnson')"
,"('Ken Rauber', 'Steve Born')",Cheryl A Coombes,Joyce Hunt,"('Chris Everet', 'Emo')","('Jason Ballard', 'Joyce Hunt')"
,"('Ray Acomb', 'Michael Willis')",Carol Robinson,David Slottje,"('Chris Everet', 'Mike Holler')","('Jason Ballard', 'David Slottje')"
,,Adams,Robert Sweeney,"('Chris Everet', 'John Vogel')","('Jason Ballard', 'Robert Sweeney')"
,,Emo,John Falci,"('Chris Everet', 'Nancy Moir')","('Jason Ballard', 'Ray Acomb')"
,,Robert Mahany Jr,Emily Wurth,"('Chris Everet', 'Grasby')","('Jason Ballard', 'John Falci')"
,,Grasby,Tom Santulli,"('Chris Everet', 'Dan Hartwell')","('Jason Ballard', 'Emily Wurth')"
,,Laura Stiggins,Carter Strickland,"('Chris Everet', 'Ken Rauber')","('Jason Ballard', 'Tom Santulli')"
,,Mike Holler,Michael Holler,"('Chris Everet', 'Briggs')","('Jason Ballard', 'Carter Strickland')"
,,Jeff Holler,Linda Knowles,"('Chris Everet', 'Robert Mahany Jr')","('Jason Ballard', 'Michael Holler')"
,,,Katherine Nadeau,"('Chris Everet', 'Steve Born')","('Jason Ballard', 'Linda Knowles')"
,,,Paul Sick,"('Chris Everet', 'Jeff Holler')","('Jason Ballard', 'Katherine Nadeau')"
,,,Jeff Andrysick,"('Chris Everet', 'Thomas Hager')","('Jason Ballard', 'Paul Sick')"
,,,Neil Vitale,"('Chris Everet', 'Michael Willis')","('Jason Ballard', 'Jeff Andrysick')"
,,,Kate Bartholomew,"('Thomas Hager', 'Ray Acomb')","('Jason Ballard', 'Neil Vitale')"
,,,Bill Dominikoski,"('Thomas Hager', 'Laura Stiggins')","('Jason Ballard', 'Kate Bartholomew')"
,,,Ken Isaman,"('Thomas Hager', 'Cheryl A Coombes')","('Jason Ballard', 'Bill Dominikoski')"
,,,Ed Blume,"('Thomas Hager', 'Carol Robinson')","('Jason Ballard', 'Ken Isaman')"
,,,Joe Sempolinski,"('Thomas Hager', 'Adams')","('Jason Ballard', 'Ed Blume')"
,,,Joe Duffy,"('Thomas Hager', 'Priscilla Rowe How')","('Jason Ballard', 'Joe Sempolinski')"
,,,Jamie Carestio,"('Thomas Hager', 'Ellen Gendreau')","('Jason Ballard', 'Joe Duffy')"
,,,Joe Martens,"('Thomas Hager', 'Emo')","('Jason Ballard', 'Jamie Carestio')"
,,,Ivan Davis,"('Thomas Hager', 'Mike Holler')","('Jason Ballard', 'Ken Rauber')"
,,,Joe Hoff,"('Thomas Hager', 'John Vogel')","('Jason Ballard', 'Ivan Davis')"
,,,Robert Nichols,"('Thomas Hager', 'Gene Jackson')","('Jason Ballard', 'Joe Hoff')"
,,,Mike Edwards,"('Thomas Hager', 'Grasby')","('Jason Ballard', 'Robert Nichols')"
,,,Ben Wunder,"('Thomas Hager', 'Dan Hartwell')","('Jason Ballard', 'Mike Edwards')"
,,,Tony Ingraffea,"('Thomas Hager', 'Ken Rauber')","('Jason Ballard', 'Ben Wunder')"
,,,Ron Harmon,"('Thomas Hager', 'Briggs')","('Jason Ballard', 'John Vogel')"
,,,Bob Thompson,"('Thomas Hager', 'Robert Mahany Jr')","('Jason Ballard', 'Tony Ingraffea')"
,,,Jodi Andrysick,"('Thomas Hager', 'Steve Born')","('Jason Ballard', 'Ron Harmon')"
,,,Michael Joy,"('Thomas Hager', 'Jeff Holler')","('Jason Ballard', 'Bob Thompson')"
,,,Jane Russell,"('Thomas Hager', 'Nancy Moir')","('Jason Ballard', 'Jodi Andrysick')"
,,,Craig Stevens,"('Thomas Hager', 'Michael Willis')","('Jason Ballard', 'Michael Joy')"
,,,James Seward,"('Dan Hartwell', 'Ray Acomb')","('Jason Ballard', 'Steve Born')"
,,,Penny Lawrence,"('Dan Hartwell', 'Laura Stiggins')","('Jason Ballard', 'Jane Russell')"
,,,,"('Dan Hartwell', 'Cheryl A Coombes')","('Jason Ballard', 'Craig Stevens')"
,,,,"('Dan Hartwell', 'Carol Robinson')","('Jason Ballard', 'James Seward')"
,,,,"('Dan Hartwell', 'Adams')","('Jason Ballard', 'Penny Lawrence')"
,,,,"('Dan Hartwell', 'Priscilla Rowe How')","('Jason Ballard', 'Michael Willis')"
,,,,"('Dan Hartwell', 'Ellen Gendreau')","('Peter Gamba', 'Brad Gill')"
,,,,"('Dan Hartwell', 'Emo')","('Peter Gamba', 'John Holko')"
,,,,"('Dan Hartwell', 'Mike Holler')","('Peter Gamba', 'Emily DeSantis')"
,,,,"('Dan Hartwell', 'John Vogel')","('Peter Gamba', 'Janet Stone')"
,,,,"('Dan Hartwell', 'Gene Jackson')","('Peter Gamba', 'Jeff Heller')"
,,,,"('Dan Hartwell', 'Grasby')","('Peter Gamba', 'James Johnson')"
,,,,"('Dan Hartwell', 'Ken Rauber')","('Peter Gamba', 'Joyce Hunt')"
,,,,"('Dan Hartwell', 'Briggs')","('Peter Gamba', 'David Slottje')"
,,,,"('Dan Hartwell', 'Robert Mahany Jr')","('Peter Gamba', 'Robert Sweeney')"
,,,,"('Dan Hartwell', 'Steve Born')","('Peter Gamba', 'Ray Acomb')"
,,,,"('Dan Hartwell', 'Jeff Holler')","('Peter Gamba', 'John Falci')"
,,,,"('Dan Hartwell', 'Nancy Moir')","('Peter Gamba', 'Emily Wurth')"
,,,,"('Dan Hartwell', 'Michael Willis')","('Peter Gamba', 'Tom Santulli')"
,,,,"('Ray Acomb', 'Laura Stiggins')","('Peter Gamba', 'Carter Strickland')"
,,,,"('Ray Acomb', 'Cheryl A Coombes')","('Peter Gamba', 'Michael Holler')"
,,,,"('Ray Acomb', 'Carol Robinson')","('Peter Gamba', 'Linda Knowles')"
,,,,"('Ray Acomb', 'Adams')","('Peter Gamba', 'Katherine Nadeau')"
,,,,"('Ray Acomb', 'Priscilla Rowe How')","('Peter Gamba', 'Paul Sick')"
,,,,"('Ray Acomb', 'Ellen Gendreau')","('Peter Gamba', 'Jeff Andrysick')"
,,,,"('Ray Acomb', 'Emo')","('Peter Gamba', 'Neil Vitale')"
,,,,"('Ray Acomb', 'Mike Holler')","('Peter Gamba', 'Kate Bartholomew')"
,,,,"('Ray Acomb', 'Gene Jackson')","('Peter Gamba', 'Bill Dominikoski')"
,,,,"('Ray Acomb', 'Grasby')","('Peter Gamba', 'Ken Isaman')"
,,,,"('Ray Acomb', 'Briggs')","('Peter Gamba', 'Ed Blume')"
,,,,"('Ray Acomb', 'Robert Mahany Jr')","('Peter Gamba', 'Joe Sempolinski')"
,,,,"('Ray Acomb', 'Jeff Holler')","('Peter Gamba', 'Joe Duffy')"
,,,,"('Ray Acomb', 'Nancy Moir')","('Peter Gamba', 'Jamie Carestio')"
,,,,"('Briggs', 'Laura Stiggins')","('Peter Gamba', 'Ken Rauber')"
,,,,"('Briggs', 'Cheryl A Coombes')","('Peter Gamba', 'Joe Martens')"
,,,,"('Briggs', 'Carol Robinson')","('Peter Gamba', 'Ivan Davis')"
,,,,"('Briggs', 'Adams')","('Peter Gamba', 'Joe Hoff')"
,,,,"('Briggs', 'Ellen Gendreau')","('Peter Gamba', 'Robert Nichols')"
,,,,"('Briggs', 'Emo')","('Peter Gamba', 'Mike Edwards')"
,,,,"('Briggs', 'Mike Holler')","('Peter Gamba', 'Ben Wunder')"
,,,,"('Briggs', 'John Vogel')","('Peter Gamba', 'John Vogel')"
,,,,"('Briggs', 'Gene Jackson')","('Peter Gamba', 'Tony Ingraffea')"
,,,,"('Briggs', 'Grasby')","('Peter Gamba', 'Ron Harmon')"
,,,,"('Briggs', 'Ken Rauber')","('Peter Gamba', 'Bob Thompson')"
,,,,"('Briggs', 'Priscilla Rowe How')","('Peter Gamba', 'Jodi Andrysick')"
,,,,"('Briggs', 'Robert Mahany Jr')","('Peter Gamba', 'Michael Joy')"
,,,,"('Briggs', 'Steve Born')","('Peter Gamba', 'Steve Born')"
,,,,"('Briggs', 'Jeff Holler')","('Peter Gamba', 'Jane Russell')"
,,,,"('Briggs', 'Nancy Moir')","('Peter Gamba', 'Craig Stevens')"
,,,,"('Briggs', 'Michael Willis')","('Peter Gamba', 'James Seward')"
,,,,"('Nancy Moir', 'Laura Stiggins')","('Peter Gamba', 'Penny Lawrence')"
,,,,"('Nancy Moir', 'Cheryl A Coombes')","('Peter Gamba', 'Michael Willis')"
,,,,"('Nancy Moir', 'Carol Robinson')","('Brad Gill', 'John Falci')"
,,,,"('Nancy Moir', 'Adams')","('Brad Gill', 'John Holko')"
,,,,"('Nancy Moir', 'Priscilla Rowe How')","('Brad Gill', 'Emily DeSantis')"
,,,,"('Nancy Moir', 'Ellen Gendreau')","('Brad Gill', 'Janet Stone')"
,,,,"('Nancy Moir', 'Emo')","('Brad Gill', 'Joe Martens')"
,,,,"('Nancy Moir', 'Mike Holler')","('Brad Gill', 'James Johnson')"
,,,,"('Nancy Moir', 'John Vogel')","('Brad Gill', 'Joyce Hunt')"
,,,,"('Nancy Moir', 'Gene Jackson')","('Brad Gill', 'David Slottje')"
,,,,"('Nancy Moir', 'Grasby')","('Brad Gill', 'Robert Sweeney')"
,,,,"('Nancy Moir', 'Ken Rauber')","('Brad Gill', 'Ray Acomb')"
,,,,"('Nancy Moir', 'Robert Mahany Jr')","('Brad Gill', 'Emily Wurth')"
,,,,"('Nancy Moir', 'Steve Born')","('Brad Gill', 'Tom Santulli')"
,,,,"('Nancy Moir', 'Jeff Holler')","('Brad Gill', 'Carter Strickland')"
,,,,"('Nancy Moir', 'Michael Willis')","('Brad Gill', 'Michael Holler')"
,,,,"('Gene Jackson', 'Laura Stiggins')","('Brad Gill', 'Linda Knowles')"
,,,,"('Gene Jackson', 'Cheryl A Coombes')","('Brad Gill', 'Katherine Nadeau')"
,,,,"('Gene Jackson', 'Carol Robinson')","('Brad Gill', 'Paul Sick')"
,,,,"('Gene Jackson', 'Adams')","('Brad Gill', 'Jeff Andrysick')"
,,,,"('Gene Jackson', 'Priscilla Rowe How')","('Brad Gill', 'Neil Vitale')"
,,,,"('Gene Jackson', 'Ellen Gendreau')","('Brad Gill', 'Kate Bartholomew')"
,,,,"('Gene Jackson', 'Emo')","('Brad Gill', 'Bill Dominikoski')"
,,,,"('Gene Jackson', 'Mike Holler')","('Brad Gill', 'Ken Isaman')"
,,,,"('Gene Jackson', 'John Vogel')","('Brad Gill', 'Ed Blume')"
,,,,"('Gene Jackson', 'Grasby')","('Brad Gill', 'Joe Sempolinski')"
,,,,"('Gene Jackson', 'Ken Rauber')","('Brad Gill', 'Joe Duffy')"
,,,,"('Gene Jackson', 'Robert Mahany Jr')","('Brad Gill', 'Jamie Carestio')"
,,,,"('Gene Jackson', 'Steve Born')","('Brad Gill', 'Ken Rauber')"
,,,,"('Gene Jackson', 'Jeff Holler')","('Brad Gill', 'Jeff Heller')"
,,,,"('Gene Jackson', 'Michael Willis')","('Brad Gill', 'Ivan Davis')"
,,,,"('Ellen Gendreau', 'Laura Stiggins')","('Brad Gill', 'Joe Hoff')"
,,,,"('Ellen Gendreau', 'Cheryl A Coombes')","('Brad Gill', 'Robert Nichols')"
,,,,"('Ellen Gendreau', 'Carol Robinson')","('Brad Gill', 'Mike Edwards')"
,,,,"('Ellen Gendreau', 'Adams')","('Brad Gill', 'Ben Wunder')"
,,,,"('Ellen Gendreau', 'Priscilla Rowe How')","('Brad Gill', 'John Vogel')"
,,,,"('Ellen Gendreau', 'Emo')","('Brad Gill', 'Tony Ingraffea')"
,,,,"('Ellen Gendreau', 'Mike Holler')","('Brad Gill', 'Ron Harmon')"
,,,,"('Ellen Gendreau', 'John Vogel')","('Brad Gill', 'Bob Thompson')"
,,,,"('Ellen Gendreau', 'Grasby')","('Brad Gill', 'Jodi Andrysick')"
,,,,"('Ellen Gendreau', 'Ken Rauber')","('Brad Gill', 'Michael Joy')"
,,,,"('Ellen Gendreau', 'Robert Mahany Jr')","('Brad Gill', 'Steve Born')"
,,,,"('Ellen Gendreau', 'Steve Born')","('Brad Gill', 'Jane Russell')"
,,,,"('Ellen Gendreau', 'Jeff Holler')","('Brad Gill', 'Craig Stevens')"
,,,,"('Ellen Gendreau', 'Michael Willis')","('Brad Gill', 'James Seward')"
,,,,"('Ken Rauber', 'Laura Stiggins')","('Brad Gill', 'Penny Lawrence')"
,,,,"('Ken Rauber', 'Cheryl A Coombes')","('Brad Gill', 'Michael Willis')"
,,,,"('Ken Rauber', 'Carol Robinson')","('John Holko', 'Emily DeSantis')"
,,,,"('Ken Rauber', 'Adams')","('John Holko', 'Janet Stone')"
,,,,"('Ken Rauber', 'Priscilla Rowe How')","('John Holko', 'Jeff Heller')"
,,,,"('Ken Rauber', 'Emo')","('John Holko', 'James Johnson')"
,,,,"('Ken Rauber', 'Grasby')","('John Holko', 'Joyce Hunt')"
,,,,"('Ken Rauber', 'Mike Holler')","('John Holko', 'David Slottje')"
,,,,"('Ken Rauber', 'Robert Mahany Jr')","('John Holko', 'Robert Sweeney')"
,,,,"('Ken Rauber', 'Jeff Holler')","('John Holko', 'Ray Acomb')"
,,,,"('Priscilla Rowe How', 'Laura Stiggins')","('John Holko', 'John Falci')"
,,,,"('Priscilla Rowe How', 'Cheryl A Coombes')","('John Holko', 'Emily Wurth')"
,,,,"('Priscilla Rowe How', 'Carol Robinson')","('John Holko', 'Tom Santulli')"
,,,,"('Priscilla Rowe How', 'Adams')","('John Holko', 'Carter Strickland')"
,,,,"('Priscilla Rowe How', 'Emo')","('John Holko', 'Michael Holler')"
,,,,"('Priscilla Rowe How', 'Mike Holler')","('John Holko', 'Linda Knowles')"
,,,,"('Priscilla Rowe How', 'John Vogel')","('John Holko', 'Katherine Nadeau')"
,,,,"('Priscilla Rowe How', 'Grasby')","('John Holko', 'Paul Sick')"
,,,,"('Priscilla Rowe How', 'Robert Mahany Jr')","('John Holko', 'Jeff Andrysick')"
,,,,"('Priscilla Rowe How', 'Steve Born')","('John Holko', 'Neil Vitale')"
,,,,"('Priscilla Rowe How', 'Jeff Holler')","('John Holko', 'Kate Bartholomew')"
,,,,"('Priscilla Rowe How', 'Michael Willis')","('John Holko', 'Bill Dominikoski')"
,,,,"('Cheryl A Coombes', 'Laura Stiggins')","('John Holko', 'Ken Isaman')"
,,,,"('Cheryl A Coombes', 'John Vogel')","('John Holko', 'Ed Blume')"
,,,,"('Cheryl A Coombes', 'Carol Robinson')","('John Holko', 'Joe Sempolinski')"
,,,,"('Cheryl A Coombes', 'Adams')","('John Holko', 'Joe Duffy')"
,,,,"('Cheryl A Coombes', 'Emo')","('John Holko', 'Jamie Carestio')"
,,,,"('Cheryl A Coombes', 'Mike Holler')","('John Holko', 'Ken Rauber')"
,,,,"('Cheryl A Coombes', 'Grasby')","('John Holko', 'Joe Martens')"
,,,,"('Cheryl A Coombes', 'Robert Mahany Jr')","('John Holko', 'Ivan Davis')"
,,,,"('Cheryl A Coombes', 'Steve Born')","('John Holko', 'Joe Hoff')"
,,,,"('Cheryl A Coombes', 'Jeff Holler')","('John Holko', 'Robert Nichols')"
,,,,"('Cheryl A Coombes', 'Michael Willis')","('John Holko', 'Mike Edwards')"
,,,,"('Carol Robinson', 'Laura Stiggins')","('John Holko', 'Ben Wunder')"
,,,,"('Carol Robinson', 'Adams')","('John Holko', 'John Vogel')"
,,,,"('Carol Robinson', 'Emo')","('John Holko', 'Tony Ingraffea')"
,,,,"('Carol Robinson', 'Mike Holler')","('John Holko', 'Ron Harmon')"
,,,,"('Carol Robinson', 'John Vogel')","('John Holko', 'Bob Thompson')"
,,,,"('Carol Robinson', 'Grasby')","('John Holko', 'Jodi Andrysick')"
,,,,"('Carol Robinson', 'Robert Mahany Jr')","('John Holko', 'Michael Joy')"
,,,,"('Carol Robinson', 'Steve Born')","('John Holko', 'Steve Born')"
,,,,"('Carol Robinson', 'Jeff Holler')","('John Holko', 'Jane Russell')"
,,,,"('Carol Robinson', 'Michael Willis')","('John Holko', 'Craig Stevens')"
,,,,"('Adams', 'Laura Stiggins')","('John Holko', 'James Seward')"
,,,,"('Adams', 'Emo')","('John Holko', 'Penny Lawrence')"
,,,,"('Adams', 'Mike Holler')","('John Holko', 'Michael Willis')"
,,,,"('Adams', 'John Vogel')","('Emily DeSantis', 'Joe Sempolinski')"
,,,,"('Adams', 'Grasby')","('Emily DeSantis', 'Janet Stone')"
,,,,"('Adams', 'Robert Mahany Jr')","('Emily DeSantis', 'Joe Martens')"
,,,,"('Adams', 'Steve Born')","('Emily DeSantis', 'James Johnson')"
,,,,"('Adams', 'Jeff Holler')","('Emily DeSantis', 'Joyce Hunt')"
,,,,"('Adams', 'Michael Willis')","('Emily DeSantis', 'David Slottje')"
,,,,"('Emo', 'Laura Stiggins')","('Emily DeSantis', 'Robert Sweeney')"
,,,,"('Emo', 'Mike Holler')","('Emily DeSantis', 'Ray Acomb')"
,,,,"('Emo', 'John Vogel')","('Emily DeSantis', 'John Falci')"
,,,,"('Emo', 'Grasby')","('Emily DeSantis', 'Emily Wurth')"
,,,,"('Emo', 'Robert Mahany Jr')","('Emily DeSantis', 'Tom Santulli')"
,,,,"('Emo', 'Steve Born')","('Emily DeSantis', 'Carter Strickland')"
,,,,"('Emo', 'Jeff Holler')","('Emily DeSantis', 'Michael Holler')"
,,,,"('Emo', 'Michael Willis')","('Emily DeSantis', 'Linda Knowles')"
,,,,"('Robert Mahany Jr', 'Laura Stiggins')","('Emily DeSantis', 'Steve Born')"
,,,,"('Robert Mahany Jr', 'Mike Holler')","('Emily DeSantis', 'Paul Sick')"
,,,,"('Robert Mahany Jr', 'John Vogel')","('Emily DeSantis', 'Neil Vitale')"
,,,,"('Robert Mahany Jr', 'Grasby')","('Emily DeSantis', 'Joe Duffy')"
,,,,"('Robert Mahany Jr', 'Steve Born')","('Emily DeSantis', 'Bill Dominikoski')"
,,,,"('Robert Mahany Jr', 'Jeff Holler')","('Emily DeSantis', 'Ken Isaman')"
,,,,"('Robert Mahany Jr', 'Michael Willis')","('Emily DeSantis', 'Ed Blume')"
,,,,"('Grasby', 'Laura Stiggins')","('Emily DeSantis', 'Katherine Nadeau')"
,,,,"('Grasby', 'Mike Holler')","('Emily DeSantis', 'Jeff Andrysick')"
,,,,"('Grasby', 'John Vogel')","('Emily DeSantis', 'Jamie Carestio')"
,,,,"('Grasby', 'Steve Born')","('Emily DeSantis', 'Kate Bartholomew')"
,,,,"('Grasby', 'Jeff Holler')","('Emily DeSantis', 'Jeff Heller')"
,,,,"('Grasby', 'Michael Willis')","('Emily DeSantis', 'Ivan Davis')"
,,,,"('Laura Stiggins', 'Mike Holler')","('Emily DeSantis', 'Joe Hoff')"
,,,,"('Laura Stiggins', 'John Vogel')","('Emily DeSantis', 'Robert Nichols')"
,,,,"('Laura Stiggins', 'Steve Born')","('Emily DeSantis', 'Mike Edwards')"
,,,,"('Laura Stiggins', 'Jeff Holler')","('Emily DeSantis', 'Ben Wunder')"
,,,,"('Laura Stiggins', 'Michael Willis')","('Emily DeSantis', 'John Vogel')"
,,,,"('John Vogel', 'Mike Holler')","('Emily DeSantis', 'Tony Ingraffea')"
,,,,"('John Vogel', 'Jeff Holler')","('Emily DeSantis', 'Ron Harmon')"
,,,,"('Steve Born', 'Mike Holler')","('Emily DeSantis', 'Bob Thompson')"
,,,,"('Steve Born', 'Jeff Holler')","('Emily DeSantis', 'Jodi Andrysick')"
,,,,"('Mike Holler', 'Jeff Holler')","('Emily DeSantis', 'Michael Joy')"
,,,,"('Mike Holler', 'Michael Willis')","('Emily DeSantis', 'Jane Russell')"
,,,,"('Jeff Holler', 'Michael Willis')","('Emily DeSantis', 'Ken Rauber')"
,,,,,"('Emily DeSantis', 'Craig Stevens')"
,,,,,"('Emily DeSantis', 'James Seward')"
,,,,,"('Emily DeSantis', 'Penny Lawrence')"
,,,,,"('Emily DeSantis', 'Michael Willis')"
,,,,,"('Janet Stone', 'Joe Martens')"
,,,,,"('Janet Stone', 'James Johnson')"
,,,,,"('Janet Stone', 'Joyce Hunt')"
,,,,,"('Janet Stone', 'David Slottje')"
,,,,,"('Janet Stone', 'Robert Sweeney')"
,,,,,"('Janet Stone', 'Ray Acomb')"
,,,,,"('Janet Stone', 'John Falci')"
,,,,,"('Janet Stone', 'Emily Wurth')"
,,,,,"('Janet Stone', 'Tom Santulli')"
,,,,,"('Janet Stone', 'Carter Strickland')"
,,,,,"('Janet Stone', 'Michael Holler')"
,,,,,"('Janet Stone', 'Linda Knowles')"
,,,,,"('Janet Stone', 'Katherine Nadeau')"
,,,,,"('Janet Stone', 'Paul Sick')"
,,,,,"('Janet Stone', 'Neil Vitale')"
,,,,,"('Janet Stone', 'Joe Duffy')"
,,,,,"('Janet Stone', 'Bill Dominikoski')"
,,,,,"('Janet Stone', 'Ken Isaman')"
,,,,,"('Janet Stone', 'Ed Blume')"
,,,,,"('Janet Stone', 'Joe Sempolinski')"
,,,,,"('Janet Stone', 'Jeff Andrysick')"
,,,,,"('Janet Stone', 'Jamie Carestio')"
,,,,,"('Janet Stone', 'Kate Bartholomew')"
,,,,,"('Janet Stone', 'Jeff Heller')"
,,,,,"('Janet Stone', 'Ivan Davis')"
,,,,,"('Janet Stone', 'Joe Hoff')"
,,,,,"('Janet Stone', 'Robert Nichols')"
,,,,,"('Janet Stone', 'Mike Edwards')"
,,,,,"('Janet Stone', 'Ben Wunder')"
,,,,,"('Janet Stone', 'John Vogel')"
,,,,,"('Janet Stone', 'Tony Ingraffea')"
,,,,,"('Janet Stone', 'Ron Harmon')"
,,,,,"('Janet Stone', 'Bob Thompson')"
,,,,,"('Janet Stone', 'Jodi Andrysick')"
,,,,,"('Janet Stone', 'Michael Joy')"
,,,,,"('Janet Stone', 'Steve Born')"
,,,,,"('Janet Stone', 'Jane Russell')"
,,,,,"('Janet Stone', 'Ken Rauber')"
,,,,,"('Janet Stone', 'Craig Stevens')"
,,,,,"('Janet Stone', 'James Seward')"
,,,,,"('Janet Stone', 'Penny Lawrence')"
,,,,,"('Janet Stone', 'Michael Willis')"
,,,,,"('Jeff Heller', 'Joe Martens')"
,,,,,"('Jeff Heller', 'James Johnson')"
,,,,,"('Jeff Heller', 'Joyce Hunt')"
,,,,,"('Jeff Heller', 'David Slottje')"
,,,,,"('Jeff Heller', 'Robert Sweeney')"
,,,,,"('Jeff Heller', 'Ray Acomb')"
,,,,,"('Jeff Heller', 'John Falci')"
,,,,,"('Jeff Heller', 'Emily Wurth')"
,,,,,"('Jeff Heller', 'Tom Santulli')"
,,,,,"('Jeff Heller', 'Carter Strickland')"
,,,,,"('Jeff Heller', 'Michael Holler')"
,,,,,"('Jeff Heller', 'Linda Knowles')"
,,,,,"('Jeff Heller', 'Katherine Nadeau')"
,,,,,"('Jeff Heller', 'Paul Sick')"
,,,,,"('Jeff Heller', 'Jeff Andrysick')"
,,,,,"('Jeff Heller', 'Neil Vitale')"
,,,,,"('Jeff Heller', 'Kate Bartholomew')"
,,,,,"('Jeff Heller', 'Bill Dominikoski')"
,,,,,"('Jeff Heller', 'Ken Isaman')"
,,,,,"('Jeff Heller', 'Ed Blume')"
,,,,,"('Jeff Heller', 'Joe Sempolinski')"
,,,,,"('Jeff Heller', 'Joe Duffy')"
,,,,,"('Jeff Heller', 'Jamie Carestio')"
,,,,,"('Jeff Heller', 'Ken Rauber')"
,,,,,"('Jeff Heller', 'Ivan Davis')"
,,,,,"('Jeff Heller', 'Joe Hoff')"
,,,,,"('Jeff Heller', 'Robert Nichols')"
,,,,,"('Jeff Heller', 'Mike Edwards')"
,,,,,"('Jeff Heller', 'Ben Wunder')"
,,,,,"('Jeff Heller', 'John Vogel')"
,,,,,"('Jeff Heller', 'Tony Ingraffea')"
,,,,,"('Jeff Heller', 'Ron Harmon')"
,,,,,"('Jeff Heller', 'Bob Thompson')"
,,,,,"('Jeff Heller', 'Jodi Andrysick')"
,,,,,"('Jeff Heller', 'Michael Joy')"
,,,,,"('Jeff Heller', 'Steve Born')"
,,,,,"('Jeff Heller', 'Jane Russell')"
,,,,,"('Jeff Heller', 'Craig Stevens')"
,,,,,"('Jeff Heller', 'James Seward')"
,,,,,"('Jeff Heller', 'Penny Lawrence')"
,,,,,"('Jeff Heller', 'Michael Willis')"
,,,,,"('James Johnson', 'Joe Martens')"
,,,,,"('James Johnson', 'Ben Wunder')"
,,,,,"('James Johnson', 'Joyce Hunt')"
,,,,,"('James Johnson', 'David Slottje')"
,,,,,"('James Johnson', 'Robert Sweeney')"
,,,,,"('James Johnson', 'Ray Acomb')"
,,,,,"('James Johnson', 'John Falci')"
,,,,,"('James Johnson', 'Emily Wurth')"
,,,,,"('James Johnson', 'Tom Santulli')"
,,,,,"('James Johnson', 'Carter Strickland')"
,,,,,"('James Johnson', 'Michael Holler')"
,,,,,"('James Johnson', 'Linda Knowles')"
,,,,,"('James Johnson', 'Katherine Nadeau')"
,,,,,"('James Johnson', 'Paul Sick')"
,,,,,"('James Johnson', 'Neil Vitale')"
,,,,,"('James Johnson', 'Kate Bartholomew')"
,,,,,"('James Johnson', 'Bill Dominikoski')"
,,,,,"('James Johnson', 'Ken Isaman')"
,,,,,"('James Johnson', 'Ed Blume')"
,,,,,"('James Johnson', 'Joe Sempolinski')"
,,,,,"('James Johnson', 'Jeff Andrysick')"
,,,,,"('James Johnson', 'Jamie Carestio')"
,,,,,"('James Johnson', 'Ken Rauber')"
,,,,,"('James Johnson', 'Ivan Davis')"
,,,,,"('James Johnson', 'Joe Hoff')"
,,,,,"('James Johnson', 'Robert Nichols')"
,,,,,"('James Johnson', 'Mike Edwards')"
,,,,,"('James Johnson', 'Joe Duffy')"
,,,,,"('James Johnson', 'John Vogel')"
,,,,,"('James Johnson', 'Tony Ingraffea')"
,,,,,"('James Johnson', 'Ron Harmon')"
,,,,,"('James Johnson', 'Bob Thompson')"
,,,,,"('James Johnson', 'Jodi Andrysick')"
,,,,,"('James Johnson', 'Michael Joy')"
,,,,,"('James Johnson', 'Steve Born')"
,,,,,"('James Johnson', 'Jane Russell')"
,,,,,"('James Johnson', 'Craig Stevens')"
,,,,,"('James Johnson', 'James Seward')"
,,,,,"('James Johnson', 'Penny Lawrence')"
,,,,,"('James Johnson', 'Michael Willis')"
,,,,,"('Joyce Hunt', 'David Slottje')"
,,,,,"('Joyce Hunt', 'Robert Sweeney')"
,,,,,"('Joyce Hunt', 'Ray Acomb')"
,,,,,"('Joyce Hunt', 'John Falci')"
,,,,,"('Joyce Hunt', 'Emily Wurth')"
,,,,,"('Joyce Hunt', 'Tom Santulli')"
,,,,,"('Joyce Hunt', 'Carter Strickland')"
,,,,,"('Joyce Hunt', 'Michael Holler')"
,,,,,"('Joyce Hunt', 'Linda Knowles')"
,,,,,"('Joyce Hunt', 'Katherine Nadeau')"
,,,,,"('Joyce Hunt', 'Paul Sick')"
,,,,,"('Joyce Hunt', 'Jeff Andrysick')"
,,,,,"('Joyce Hunt', 'Neil Vitale')"
,,,,,"('Joyce Hunt', 'Kate Bartholomew')"
,,,,,"('Joyce Hunt', 'Bill Dominikoski')"
,,,,,"('Joyce Hunt', 'Ken Isaman')"
,,,,,"('Joyce Hunt', 'Ed Blume')"
,,,,,"('Joyce Hunt', 'Joe Sempolinski')"
,,,,,"('Joyce Hunt', 'Joe Duffy')"
,,,,,"('Joyce Hunt', 'Jamie Carestio')"
,,,,,"('Joyce Hunt', 'Ken Rauber')"
,,,,,"('Joyce Hunt', 'Joe Martens')"
,,,,,"('Joyce Hunt', 'Ivan Davis')"
,,,,,"('Joyce Hunt', 'Joe Hoff')"
,,,,,"('Joyce Hunt', 'Robert Nichols')"
,,,,,"('Joyce Hunt', 'Mike Edwards')"
,,,,,"('Joyce Hunt', 'Ben Wunder')"
,,,,,"('Joyce Hunt', 'John Vogel')"
,,,,,"('Joyce Hunt', 'Tony Ingraffea')"
,,,,,"('Joyce Hunt', 'Ron Harmon')"
,,,,,"('Joyce Hunt', 'Bob Thompson')"
,,,,,"('Joyce Hunt', 'Jodi Andrysick')"
,,,,,"('Joyce Hunt', 'Michael Joy')"
,,,,,"('Joyce Hunt', 'Steve Born')"
,,,,,"('Joyce Hunt', 'Jane Russell')"
,,,,,"('Joyce Hunt', 'Craig Stevens')"
,,,,,"('Joyce Hunt', 'James Seward')"
,,,,,"('Joyce Hunt', 'Penny Lawrence')"
,,,,,"('Joyce Hunt', 'Michael Willis')"
,,,,,"('David Slottje', 'Joe Martens')"
,,,,,"('David Slottje', 'Robert Sweeney')"
,,,,,"('David Slottje', 'Ray Acomb')"
,,,,,"('David Slottje', 'John Falci')"
,,,,,"('David Slottje', 'Emily Wurth')"
,,,,,"('David Slottje', 'Tom Santulli')"
,,,,,"('David Slottje', 'Carter Strickland')"
,,,,,"('David Slottje', 'Michael Holler')"
,,,,,"('David Slottje', 'Linda Knowles')"
,,,,,"('David Slottje', 'Katherine Nadeau')"
,,,,,"('David Slottje', 'Paul Sick')"
,,,,,"('David Slottje', 'Jeff Andrysick')"
,,,,,"('David Slottje', 'Neil Vitale')"
,,,,,"('David Slottje', 'Kate Bartholomew')"
,,,,,"('David Slottje', 'Bill Dominikoski')"
,,,,,"('David Slottje', 'Ken Isaman')"
,,,,,"('David Slottje', 'Ed Blume')"
,,,,,"('David Slottje', 'Joe Sempolinski')"
,,,,,"('David Slottje', 'Joe Duffy')"
,,,,,"('David Slottje', 'Jamie Carestio')"
,,,,,"('David Slottje', 'Ken Rauber')"
,,,,,"('David Slottje', 'Ivan Davis')"
,,,,,"('David Slottje', 'Joe Hoff')"
,,,,,"('David Slottje', 'Robert Nichols')"
,,,,,"('David Slottje', 'Mike Edwards')"
,,,,,"('David Slottje', 'Ben Wunder')"
,,,,,"('David Slottje', 'John Vogel')"
,,,,,"('David Slottje', 'Tony Ingraffea')"
,,,,,"('David Slottje', 'Ron Harmon')"
,,,,,"('David Slottje', 'Bob Thompson')"
,,,,,"('David Slottje', 'Jodi Andrysick')"
,,,,,"('David Slottje', 'Michael Joy')"
,,,,,"('David Slottje', 'Steve Born')"
,,,,,"('David Slottje', 'Jane Russell')"
,,,,,"('David Slottje', 'Craig Stevens')"
,,,,,"('David Slottje', 'James Seward')"
,,,,,"('David Slottje', 'Penny Lawrence')"
,,,,,"('David Slottje', 'Michael Willis')"
,,,,,"('Robert Sweeney', 'Ray Acomb')"
,,,,,"('Robert Sweeney', 'John Falci')"
,,,,,"('Robert Sweeney', 'Emily Wurth')"
,,,,,"('Robert Sweeney', 'Tom Santulli')"
,,,,,"('Robert Sweeney', 'Carter Strickland')"
,,,,,"('Robert Sweeney', 'Michael Holler')"
,,,,,"('Robert Sweeney', 'Linda Knowles')"
,,,,,"('Robert Sweeney', 'Katherine Nadeau')"
,,,,,"('Robert Sweeney', 'Paul Sick')"
,,,,,"('Robert Sweeney', 'Jeff Andrysick')"
,,,,,"('Robert Sweeney', 'Neil Vitale')"
,,,,,"('Robert Sweeney', 'Kate Bartholomew')"
,,,,,"('Robert Sweeney', 'Bill Dominikoski')"
,,,,,"('Robert Sweeney', 'Ken Isaman')"
,,,,,"('Robert Sweeney', 'Ed Blume')"
,,,,,"('Robert Sweeney', 'Joe Sempolinski')"
,,,,,"('Robert Sweeney', 'Joe Duffy')"
,,,,,"('Robert Sweeney', 'Jamie Carestio')"
,,,,,"('Robert Sweeney', 'Ken Rauber')"
,,,,,"('Robert Sweeney', 'Joe Martens')"
,,,,,"('Robert Sweeney', 'Ivan Davis')"
,,,,,"('Robert Sweeney', 'Joe Hoff')"
,,,,,"('Robert Sweeney', 'Robert Nichols')"
,,,,,"('Robert Sweeney', 'Mike Edwards')"
,,,,,"('Robert Sweeney', 'Ben Wunder')"
,,,,,"('Robert Sweeney', 'John Vogel')"
,,,,,"('Robert Sweeney', 'Tony Ingraffea')"
,,,,,"('Robert Sweeney', 'Ron Harmon')"
,,,,,"('Robert Sweeney', 'Bob Thompson')"
,,,,,"('Robert Sweeney', 'Jodi Andrysick')"
,,,,,"('Robert Sweeney', 'Michael Joy')"
,,,,,"('Robert Sweeney', 'Steve Born')"
,,,,,"('Robert Sweeney', 'Jane Russell')"
,,,,,"('Robert Sweeney', 'Craig Stevens')"
,,,,,"('Robert Sweeney', 'James Seward')"
,,,,,"('Robert Sweeney', 'Penny Lawrence')"
,,,,,"('Robert Sweeney', 'Michael Willis')"
,,,,,"('Ray Acomb', 'John Falci')"
,,,,,"('Ray Acomb', 'Emily Wurth')"
,,,,,"('Ray Acomb', 'Tom Santulli')"
,,,,,"('Ray Acomb', 'Carter Strickland')"
,,,,,"('Ray Acomb', 'Michael Holler')"
,,,,,"('Ray Acomb', 'Linda Knowles')"
,,,,,"('Ray Acomb', 'Katherine Nadeau')"
,,,,,"('Ray Acomb', 'Paul Sick')"
,,,,,"('Ray Acomb', 'Jeff Andrysick')"
,,,,,"('Ray Acomb', 'Neil Vitale')"
,,,,,"('Ray Acomb', 'Kate Bartholomew')"
,,,,,"('Ray Acomb', 'Bill Dominikoski')"
,,,,,"('Ray Acomb', 'Ken Isaman')"
,,,,,"('Ray Acomb', 'Ed Blume')"
,,,,,"('Ray Acomb', 'Joe Sempolinski')"
,,,,,"('Ray Acomb', 'Joe Duffy')"
,,,,,"('Ray Acomb', 'Jamie Carestio')"
,,,,,"('Ray Acomb', 'Joe Martens')"
,,,,,"('Ray Acomb', 'Ivan Davis')"
,,,,,"('Ray Acomb', 'Joe Hoff')"
,,,,,"('Ray Acomb', 'Robert Nichols')"
,,,,,"('Ray Acomb', 'Mike Edwards')"
,,,,,"('Ray Acomb', 'Ben Wunder')"
,,,,,"('Ray Acomb', 'Tony Ingraffea')"
,,,,,"('Ray Acomb', 'Ron Harmon')"
,,,,,"('Ray Acomb', 'Bob Thompson')"
,,,,,"('Ray Acomb', 'Jodi Andrysick')"
,,,,,"('Ray Acomb', 'Michael Joy')"
,,,,,"('Ray Acomb', 'Jane Russell')"
,,,,,"('Ray Acomb', 'Craig Stevens')"
,,,,,"('Ray Acomb', 'James Seward')"
,,,,,"('Ray Acomb', 'Penny Lawrence')"
,,,,,"('John Falci', 'Emily Wurth')"
,,,,,"('John Falci', 'Tom Santulli')"
,,,,,"('John Falci', 'Carter Strickland')"
,,,,,"('John Falci', 'Michael Holler')"
,,,,,"('John Falci', 'Linda Knowles')"
,,,,,"('John Falci', 'Katherine Nadeau')"
,,,,,"('John Falci', 'Paul Sick')"
,,,,,"('John Falci', 'Jeff Andrysick')"
,,,,,"('John Falci', 'Neil Vitale')"
,,,,,"('John Falci', 'Kate Bartholomew')"
,,,,,"('John Falci', 'Bill Dominikoski')"
,,,,,"('John Falci', 'Ken Isaman')"
,,,,,"('John Falci', 'Ed Blume')"
,,,,,"('John Falci', 'Joe Sempolinski')"
,,,,,"('John Falci', 'Joe Duffy')"
,,,,,"('John Falci', 'Jamie Carestio')"
,,,,,"('John Falci', 'Ken Rauber')"
,,,,,"('John Falci', 'Joe Martens')"
,,,,,"('John Falci', 'Ivan Davis')"
,,,,,"('John Falci', 'Joe Hoff')"
,,,,,"('John Falci', 'Robert Nichols')"
,,,,,"('John Falci', 'Mike Edwards')"
,,,,,"('John Falci', 'Ben Wunder')"
,,,,,"('John Falci', 'John Vogel')"
,,,,,"('John Falci', 'Tony Ingraffea')"
,,,,,"('John Falci', 'Ron Harmon')"
,,,,,"('John Falci', 'Bob Thompson')"
,,,,,"('John Falci', 'Jodi Andrysick')"
,,,,,"('John Falci', 'Michael Joy')"
,,,,,"('John Falci', 'Steve Born')"
,,,,,"('John Falci', 'Jane Russell')"
,,,,,"('John Falci', 'Craig Stevens')"
,,,,,"('John Falci', 'James Seward')"
,,,,,"('John Falci', 'Penny Lawrence')"
,,,,,"('John Falci', 'Michael Willis')"
,,,,,"('Emily Wurth', 'Joe Martens')"
,,,,,"('Emily Wurth', 'Tom Santulli')"
,,,,,"('Emily Wurth', 'Carter Strickland')"
,,,,,"('Emily Wurth', 'Michael Holler')"
,,,,,"('Emily Wurth', 'Linda Knowles')"
,,,,,"('Emily Wurth', 'Katherine Nadeau')"
,,,,,"('Emily Wurth', 'Paul Sick')"
,,,,,"('Emily Wurth', 'Jeff Andrysick')"
,,,,,"('Emily Wurth', 'Neil Vitale')"
,,,,,"('Emily Wurth', 'Kate Bartholomew')"
,,,,,"('Emily Wurth', 'Bill Dominikoski')"
,,,,,"('Emily Wurth', 'Ken Isaman')"
,,,,,"('Emily Wurth', 'Ed Blume')"
,,,,,"('Emily Wurth', 'Joe Sempolinski')"
,,,,,"('Emily Wurth', 'Joe Duffy')"
,,,,,"('Emily Wurth', 'Jamie Carestio')"
,,,,,"('Emily Wurth', 'Ken Rauber')"
,,,,,"('Emily Wurth', 'Ivan Davis')"
,,,,,"('Emily Wurth', 'Joe Hoff')"
,,,,,"('Emily Wurth', 'Robert Nichols')"
,,,,,"('Emily Wurth', 'Mike Edwards')"
,,,,,"('Emily Wurth', 'Ben Wunder')"
,,,,,"('Emily Wurth', 'John Vogel')"
,,,,,"('Emily Wurth', 'Tony Ingraffea')"
,,,,,"('Emily Wurth', 'Ron Harmon')"
,,,,,"('Emily Wurth', 'Bob Thompson')"
,,,,,"('Emily Wurth', 'Jodi Andrysick')"
,,,,,"('Emily Wurth', 'Michael Joy')"
,,,,,"('Emily Wurth', 'Steve Born')"
,,,,,"('Emily Wurth', 'Jane Russell')"
,,,,,"('Emily Wurth', 'Craig Stevens')"
,,,,,"('Emily Wurth', 'James Seward')"
,,,,,"('Emily Wurth', 'Penny Lawrence')"
,,,,,"('Emily Wurth', 'Michael Willis')"
,,,,,"('Tom Santulli', 'Carter Strickland')"
,,,,,"('Tom Santulli', 'Michael Holler')"
,,,,,"('Tom Santulli', 'Linda Knowles')"
,,,,,"('Tom Santulli', 'Katherine Nadeau')"
,,,,,"('Tom Santulli', 'Paul Sick')"
,,,,,"('Tom Santulli', 'Jeff Andrysick')"
,,,,,"('Tom Santulli', 'Neil Vitale')"
,,,,,"('Tom Santulli', 'Kate Bartholomew')"
,,,,,"('Tom Santulli', 'Bill Dominikoski')"
,,,,,"('Tom Santulli', 'Ken Isaman')"
,,,,,"('Tom Santulli', 'Ed Blume')"
,,,,,"('Tom Santulli', 'Joe Sempolinski')"
,,,,,"('Tom Santulli', 'Joe Duffy')"
,,,,,"('Tom Santulli', 'Jamie Carestio')"
,,,,,"('Tom Santulli', 'Ken Rauber')"
,,,,,"('Tom Santulli', 'Joe Martens')"
,,,,,"('Tom Santulli', 'Ivan Davis')"
,,,,,"('Tom Santulli', 'Joe Hoff')"
,,,,,"('Tom Santulli', 'Robert Nichols')"
,,,,,"('Tom Santulli', 'Mike Edwards')"
,,,,,"('Tom Santulli', 'Ben Wunder')"
,,,,,"('Tom Santulli', 'John Vogel')"
,,,,,"('Tom Santulli', 'Tony Ingraffea')"
,,,,,"('Tom Santulli', 'Ron Harmon')"
,,,,,"('Tom Santulli', 'Bob Thompson')"
,,,,,"('Tom Santulli', 'Jodi Andrysick')"
,,,,,"('Tom Santulli', 'Michael Joy')"
,,,,,"('Tom Santulli', 'Steve Born')"
,,,,,"('Tom Santulli', 'Jane Russell')"
,,,,,"('Tom Santulli', 'Craig Stevens')"
,,,,,"('Tom Santulli', 'James Seward')"
,,,,,"('Tom Santulli', 'Penny Lawrence')"
,,,,,"('Tom Santulli', 'Michael Willis')"
,,,,,"('Carter Strickland', 'Joe Martens')"
,,,,,"('Carter Strickland', 'Michael Holler')"
,,,,,"('Carter Strickland', 'Linda Knowles')"
,,,,,"('Carter Strickland', 'Katherine Nadeau')"
,,,,,"('Carter Strickland', 'Paul Sick')"
,,,,,"('Carter Strickland', 'Jeff Andrysick')"
,,,,,"('Carter Strickland', 'Neil Vitale')"
,,,,,"('Carter Strickland', 'Kate Bartholomew')"
,,,,,"('Carter Strickland', 'Bill Dominikoski')"
,,,,,"('Carter Strickland', 'Ken Isaman')"
,,,,,"('Carter Strickland', 'Ed Blume')"
,,,,,"('Carter Strickland', 'Joe Sempolinski')"
,,,,,"('Carter Strickland', 'Joe Duffy')"
,,,,,"('Carter Strickland', 'Jamie Carestio')"
,,,,,"('Carter Strickland', 'Ken Rauber')"
,,,,,"('Carter Strickland', 'Ivan Davis')"
,,,,,"('Carter Strickland', 'Joe Hoff')"
,,,,,"('Carter Strickland', 'Robert Nichols')"
,,,,,"('Carter Strickland', 'Mike Edwards')"
,,,,,"('Carter Strickland', 'Ben Wunder')"
,,,,,"('Carter Strickland', 'John Vogel')"
,,,,,"('Carter Strickland', 'Tony Ingraffea')"
,,,,,"('Carter Strickland', 'Ron Harmon')"
,,,,,"('Carter Strickland', 'Bob Thompson')"
,,,,,"('Carter Strickland', 'Jodi Andrysick')"
,,,,,"('Carter Strickland', 'Michael Joy')"
,,,,,"('Carter Strickland', 'Steve Born')"
,,,,,"('Carter Strickland', 'Jane Russell')"
,,,,,"('Carter Strickland', 'Craig Stevens')"
,,,,,"('Carter Strickland', 'James Seward')"
,,,,,"('Carter Strickland', 'Penny Lawrence')"
,,,,,"('Carter Strickland', 'Michael Willis')"
,,,,,"('Michael Holler', 'Linda Knowles')"
,,,,,"('Michael Holler', 'Katherine Nadeau')"
,,,,,"('Michael Holler', 'Paul Sick')"
,,,,,"('Michael Holler', 'Jeff Andrysick')"
,,,,,"('Michael Holler', 'Neil Vitale')"
,,,,,"('Michael Holler', 'Kate Bartholomew')"
,,,,,"('Michael Holler', 'Bill Dominikoski')"
,,,,,"('Michael Holler', 'Ken Isaman')"
,,,,,"('Michael Holler', 'Ed Blume')"
,,,,,"('Michael Holler', 'Joe Sempolinski')"
,,,,,"('Michael Holler', 'Joe Duffy')"
,,,,,"('Michael Holler', 'Jamie Carestio')"
,,,,,"('Michael Holler', 'Ken Rauber')"
,,,,,"('Michael Holler', 'Joe Martens')"
,,,,,"('Michael Holler', 'Ivan Davis')"
,,,,,"('Michael Holler', 'Joe Hoff')"
,,,,,"('Michael Holler', 'Robert Nichols')"
,,,,,"('Michael Holler', 'Mike Edwards')"
,,,,,"('Michael Holler', 'Ben Wunder')"
,,,,,"('Michael Holler', 'John Vogel')"
,,,,,"('Michael Holler', 'Tony Ingraffea')"
,,,,,"('Michael Holler', 'Ron Harmon')"
,,,,,"('Michael Holler', 'Bob Thompson')"
,,,,,"('Michael Holler', 'Jodi Andrysick')"
,,,,,"('Michael Holler', 'Michael Joy')"
,,,,,"('Michael Holler', 'Steve Born')"
,,,,,"('Michael Holler', 'Jane Russell')"
,,,,,"('Michael Holler', 'Craig Stevens')"
,,,,,"('Michael Holler', 'James Seward')"
,,,,,"('Michael Holler', 'Penny Lawrence')"
,,,,,"('Michael Holler', 'Michael Willis')"
,,,,,"('Linda Knowles', 'Katherine Nadeau')"
,,,,,"('Linda Knowles', 'Paul Sick')"
,,,,,"('Linda Knowles', 'Jeff Andrysick')"
,,,,,"('Linda Knowles', 'Neil Vitale')"
,,,,,"('Linda Knowles', 'Kate Bartholomew')"
,,,,,"('Linda Knowles', 'Bill Dominikoski')"
,,,,,"('Linda Knowles', 'Ken Isaman')"
,,,,,"('Linda Knowles', 'Ed Blume')"
,,,,,"('Linda Knowles', 'Joe Sempolinski')"
,,,,,"('Linda Knowles', 'Joe Duffy')"
,,,,,"('Linda Knowles', 'Jamie Carestio')"
,,,,,"('Linda Knowles', 'Ken Rauber')"
,,,,,"('Linda Knowles', 'Joe Martens')"
,,,,,"('Linda Knowles', 'Ivan Davis')"
,,,,,"('Linda Knowles', 'Joe Hoff')"
,,,,,"('Linda Knowles', 'Robert Nichols')"
,,,,,"('Linda Knowles', 'Mike Edwards')"
,,,,,"('Linda Knowles', 'Ben Wunder')"
,,,,,"('Linda Knowles', 'John Vogel')"
,,,,,"('Linda Knowles', 'Tony Ingraffea')"
,,,,,"('Linda Knowles', 'Ron Harmon')"
,,,,,"('Linda Knowles', 'Bob Thompson')"
,,,,,"('Linda Knowles', 'Jodi Andrysick')"
,,,,,"('Linda Knowles', 'Michael Joy')"
,,,,,"('Linda Knowles', 'Steve Born')"
,,,,,"('Linda Knowles', 'Jane Russell')"
,,,,,"('Linda Knowles', 'Craig Stevens')"
,,,,,"('Linda Knowles', 'James Seward')"
,,,,,"('Linda Knowles', 'Penny Lawrence')"
,,,,,"('Linda Knowles', 'Michael Willis')"
,,,,,"('Katherine Nadeau', 'Steve Born')"
,,,,,"('Katherine Nadeau', 'Paul Sick')"
,,,,,"('Katherine Nadeau', 'Jeff Andrysick')"
,,,,,"('Katherine Nadeau', 'Neil Vitale')"
,,,,,"('Katherine Nadeau', 'Kate Bartholomew')"
,,,,,"('Katherine Nadeau', 'Bill Dominikoski')"
,,,,,"('Katherine Nadeau', 'Ken Isaman')"
,,,,,"('Katherine Nadeau', 'Ed Blume')"
,,,,,"('Katherine Nadeau', 'Joe Sempolinski')"
,,,,,"('Katherine Nadeau', 'Joe Duffy')"
,,,,,"('Katherine Nadeau', 'Jamie Carestio')"
,,,,,"('Katherine Nadeau', 'Ken Rauber')"
,,,,,"('Katherine Nadeau', 'Joe Martens')"
,,,,,"('Katherine Nadeau', 'Ivan Davis')"
,,,,,"('Katherine Nadeau', 'Joe Hoff')"
,,,,,"('Katherine Nadeau', 'Robert Nichols')"
,,,,,"('Katherine Nadeau', 'Mike Edwards')"
,,,,,"('Katherine Nadeau', 'Ben Wunder')"
,,,,,"('Katherine Nadeau', 'John Vogel')"
,,,,,"('Katherine Nadeau', 'Tony Ingraffea')"
,,,,,"('Katherine Nadeau', 'Ron Harmon')"
,,,,,"('Katherine Nadeau', 'Bob Thompson')"
,,,,,"('Katherine Nadeau', 'Jodi Andrysick')"
,,,,,"('Katherine Nadeau', 'Michael Joy')"
,,,,,"('Katherine Nadeau', 'Jane Russell')"
,,,,,"('Katherine Nadeau', 'Craig Stevens')"
,,,,,"('Katherine Nadeau', 'James Seward')"
,,,,,"('Katherine Nadeau', 'Penny Lawrence')"
,,,,,"('Katherine Nadeau', 'Michael Willis')"
,,,,,"('Paul Sick', 'Jeff Andrysick')"
,,,,,"('Paul Sick', 'Neil Vitale')"
,,,,,"('Paul Sick', 'Kate Bartholomew')"
,,,,,"('Paul Sick', 'Bill Dominikoski')"
,,,,,"('Paul Sick', 'Ken Isaman')"
,,,,,"('Paul Sick', 'Ed Blume')"
,,,,,"('Paul Sick', 'Joe Sempolinski')"
,,,,,"('Paul Sick', 'Joe Duffy')"
,,,,,"('Paul Sick', 'Jamie Carestio')"
,,,,,"('Paul Sick', 'Ken Rauber')"
,,,,,"('Paul Sick', 'Joe Martens')"
,,,,,"('Paul Sick', 'Ivan Davis')"
,,,,,"('Paul Sick', 'Joe Hoff')"
,,,,,"('Paul Sick', 'Robert Nichols')"
,,,,,"('Paul Sick', 'Mike Edwards')"
,,,,,"('Paul Sick', 'Ben Wunder')"
,,,,,"('Paul Sick', 'John Vogel')"
,,,,,"('Paul Sick', 'Tony Ingraffea')"
,,,,,"('Paul Sick', 'Ron Harmon')"
,,,,,"('Paul Sick', 'Bob Thompson')"
,,,,,"('Paul Sick', 'Jodi Andrysick')"
,,,,,"('Paul Sick', 'Michael Joy')"
,,,,,"('Paul Sick', 'Steve Born')"
,,,,,"('Paul Sick', 'Jane Russell')"
,,,,,"('Paul Sick', 'Craig Stevens')"
,,,,,"('Paul Sick', 'James Seward')"
,,,,,"('Paul Sick', 'Penny Lawrence')"
,,,,,"('Paul Sick', 'Michael Willis')"
,,,,,"('Jeff Andrysick', 'Joe Martens')"
,,,,,"('Jeff Andrysick', 'Neil Vitale')"
,,,,,"('Jeff Andrysick', 'Kate Bartholomew')"
,,,,,"('Jeff Andrysick', 'Bill Dominikoski')"
,,,,,"('Jeff Andrysick', 'Ken Isaman')"
,,,,,"('Jeff Andrysick', 'Ed Blume')"
,,,,,"('Jeff Andrysick', 'Joe Sempolinski')"
,,,,,"('Jeff Andrysick', 'Joe Duffy')"
,,,,,"('Jeff Andrysick', 'Jamie Carestio')"
,,,,,"('Jeff Andrysick', 'Ken Rauber')"
,,,,,"('Jeff Andrysick', 'Ivan Davis')"
,,,,,"('Jeff Andrysick', 'Joe Hoff')"
,,,,,"('Jeff Andrysick', 'Robert Nichols')"
,,,,,"('Jeff Andrysick', 'Mike Edwards')"
,,,,,"('Jeff Andrysick', 'Ben Wunder')"
,,,,,"('Jeff Andrysick', 'John Vogel')"
,,,,,"('Jeff Andrysick', 'Tony Ingraffea')"
,,,,,"('Jeff Andrysick', 'Ron Harmon')"
,,,,,"('Jeff Andrysick', 'Bob Thompson')"
,,,,,"('Jeff Andrysick', 'Jodi Andrysick')"
,,,,,"('Jeff Andrysick', 'Michael Joy')"
,,,,,"('Jeff Andrysick', 'Steve Born')"
,,,,,"('Jeff Andrysick', 'Jane Russell')"
,,,,,"('Jeff Andrysick', 'Craig Stevens')"
,,,,,"('Jeff Andrysick', 'James Seward')"
,,,,,"('Jeff Andrysick', 'Penny Lawrence')"
,,,,,"('Jeff Andrysick', 'Michael Willis')"
,,,,,"('Neil Vitale', 'Kate Bartholomew')"
,,,,,"('Neil Vitale', 'Bill Dominikoski')"
,,,,,"('Neil Vitale', 'Ken Isaman')"
,,,,,"('Neil Vitale', 'Ed Blume')"
,,,,,"('Neil Vitale', 'Joe Sempolinski')"
,,,,,"('Neil Vitale', 'Joe Duffy')"
,,,,,"('Neil Vitale', 'Jamie Carestio')"
,,,,,"('Neil Vitale', 'Ken Rauber')"
,,,,,"('Neil Vitale', 'Joe Martens')"
,,,,,"('Neil Vitale', 'Ivan Davis')"
,,,,,"('Neil Vitale', 'Joe Hoff')"
,,,,,"('Neil Vitale', 'Robert Nichols')"
,,,,,"('Neil Vitale', 'Mike Edwards')"
,,,,,"('Neil Vitale', 'Ben Wunder')"
,,,,,"('Neil Vitale', 'John Vogel')"
,,,,,"('Neil Vitale', 'Tony Ingraffea')"
,,,,,"('Neil Vitale', 'Ron Harmon')"
,,,,,"('Neil Vitale', 'Bob Thompson')"
,,,,,"('Neil Vitale', 'Jodi Andrysick')"
,,,,,"('Neil Vitale', 'Michael Joy')"
,,,,,"('Neil Vitale', 'Steve Born')"
,,,,,"('Neil Vitale', 'Jane Russell')"
,,,,,"('Neil Vitale', 'Craig Stevens')"
,,,,,"('Neil Vitale', 'James Seward')"
,,,,,"('Neil Vitale', 'Penny Lawrence')"
,,,,,"('Neil Vitale', 'Michael Willis')"
,,,,,"('Kate Bartholomew', 'Ken Rauber')"
,,,,,"('Kate Bartholomew', 'Bill Dominikoski')"
,,,,,"('Kate Bartholomew', 'Ken Isaman')"
,,,,,"('Kate Bartholomew', 'Ed Blume')"
,,,,,"('Kate Bartholomew', 'Joe Sempolinski')"
,,,,,"('Kate Bartholomew', 'Joe Duffy')"
,,,,,"('Kate Bartholomew', 'Jamie Carestio')"
,,,,,"('Kate Bartholomew', 'Joe Martens')"
,,,,,"('Kate Bartholomew', 'Ivan Davis')"
,,,,,"('Kate Bartholomew', 'Joe Hoff')"
,,,,,"('Kate Bartholomew', 'Robert Nichols')"
,,,,,"('Kate Bartholomew', 'Mike Edwards')"
,,,,,"('Kate Bartholomew', 'Ben Wunder')"
,,,,,"('Kate Bartholomew', 'John Vogel')"
,,,,,"('Kate Bartholomew', 'Tony Ingraffea')"
,,,,,"('Kate Bartholomew', 'Ron Harmon')"
,,,,,"('Kate Bartholomew', 'Bob Thompson')"
,,,,,"('Kate Bartholomew', 'Jodi Andrysick')"
,,,,,"('Kate Bartholomew', 'Michael Joy')"
,,,,,"('Kate Bartholomew', 'Steve Born')"
,,,,,"('Kate Bartholomew', 'Jane Russell')"
,,,,,"('Kate Bartholomew', 'Craig Stevens')"
,,,,,"('Kate Bartholomew', 'James Seward')"
,,,,,"('Kate Bartholomew', 'Penny Lawrence')"
,,,,,"('Kate Bartholomew', 'Michael Willis')"
,,,,,"('Bill Dominikoski', 'Joe Martens')"
,,,,,"('Bill Dominikoski', 'Ken Isaman')"
,,,,,"('Bill Dominikoski', 'Ed Blume')"
,,,,,"('Bill Dominikoski', 'Joe Sempolinski')"
,,,,,"('Bill Dominikoski', 'Joe Duffy')"
,,,,,"('Bill Dominikoski', 'Jamie Carestio')"
,,,,,"('Bill Dominikoski', 'Ken Rauber')"
,,,,,"('Bill Dominikoski', 'Ivan Davis')"
,,,,,"('Bill Dominikoski', 'Joe Hoff')"
,,,,,"('Bill Dominikoski', 'Robert Nichols')"
,,,,,"('Bill Dominikoski', 'Mike Edwards')"
,,,,,"('Bill Dominikoski', 'Ben Wunder')"
,,,,,"('Bill Dominikoski', 'John Vogel')"
,,,,,"('Bill Dominikoski', 'Tony Ingraffea')"
,,,,,"('Bill Dominikoski', 'Ron Harmon')"
,,,,,"('Bill Dominikoski', 'Bob Thompson')"
,,,,,"('Bill Dominikoski', 'Jodi Andrysick')"
,,,,,"('Bill Dominikoski', 'Michael Joy')"
,,,,,"('Bill Dominikoski', 'Steve Born')"
,,,,,"('Bill Dominikoski', 'Jane Russell')"
,,,,,"('Bill Dominikoski', 'Craig Stevens')"
,,,,,"('Bill Dominikoski', 'James Seward')"
,,,,,"('Bill Dominikoski', 'Penny Lawrence')"
,,,,,"('Bill Dominikoski', 'Michael Willis')"
,,,,,"('Ken Isaman', 'Ed Blume')"
,,,,,"('Ken Isaman', 'Joe Sempolinski')"
,,,,,"('Ken Isaman', 'Joe Duffy')"
,,,,,"('Ken Isaman', 'Jamie Carestio')"
,,,,,"('Ken Isaman', 'Ken Rauber')"
,,,,,"('Ken Isaman', 'Joe Martens')"
,,,,,"('Ken Isaman', 'Ivan Davis')"
,,,,,"('Ken Isaman', 'Joe Hoff')"
,,,,,"('Ken Isaman', 'Robert Nichols')"
,,,,,"('Ken Isaman', 'Mike Edwards')"
,,,,,"('Ken Isaman', 'Ben Wunder')"
,,,,,"('Ken Isaman', 'John Vogel')"
,,,,,"('Ken Isaman', 'Tony Ingraffea')"
,,,,,"('Ken Isaman', 'Ron Harmon')"
,,,,,"('Ken Isaman', 'Bob Thompson')"
,,,,,"('Ken Isaman', 'Jodi Andrysick')"
,,,,,"('Ken Isaman', 'Michael Joy')"
,,,,,"('Ken Isaman', 'Steve Born')"
,,,,,"('Ken Isaman', 'Jane Russell')"
,,,,,"('Ken Isaman', 'Craig Stevens')"
,,,,,"('Ken Isaman', 'James Seward')"
,,,,,"('Ken Isaman', 'Penny Lawrence')"
,,,,,"('Ken Isaman', 'Michael Willis')"
,,,,,"('Ed Blume', 'Joe Sempolinski')"
,,,,,"('Ed Blume', 'Joe Duffy')"
,,,,,"('Ed Blume', 'Jamie Carestio')"
,,,,,"('Ed Blume', 'Ken Rauber')"
,,,,,"('Ed Blume', 'Joe Martens')"
,,,,,"('Ed Blume', 'Ivan Davis')"
,,,,,"('Ed Blume', 'Joe Hoff')"
,,,,,"('Ed Blume', 'Robert Nichols')"
,,,,,"('Ed Blume', 'Mike Edwards')"
,,,,,"('Ed Blume', 'Ben Wunder')"
,,,,,"('Ed Blume', 'John Vogel')"
,,,,,"('Ed Blume', 'Tony Ingraffea')"
,,,,,"('Ed Blume', 'Ron Harmon')"
,,,,,"('Ed Blume', 'Bob Thompson')"
,,,,,"('Ed Blume', 'Jodi Andrysick')"
,,,,,"('Ed Blume', 'Michael Joy')"
,,,,,"('Ed Blume', 'Steve Born')"
,,,,,"('Ed Blume', 'Jane Russell')"
,,,,,"('Ed Blume', 'Craig Stevens')"
,,,,,"('Ed Blume', 'James Seward')"
,,,,,"('Ed Blume', 'Penny Lawrence')"
,,,,,"('Ed Blume', 'Michael Willis')"
,,,,,"('Joe Sempolinski', 'Steve Born')"
,,,,,"('Joe Sempolinski', 'Joe Duffy')"
,,,,,"('Joe Sempolinski', 'Jamie Carestio')"
,,,,,"('Joe Sempolinski', 'Ken Rauber')"
,,,,,"('Joe Sempolinski', 'Joe Martens')"
,,,,,"('Joe Sempolinski', 'Ivan Davis')"
,,,,,"('Joe Sempolinski', 'Joe Hoff')"
,,,,,"('Joe Sempolinski', 'Robert Nichols')"
,,,,,"('Joe Sempolinski', 'Mike Edwards')"
,,,,,"('Joe Sempolinski', 'Ben Wunder')"
,,,,,"('Joe Sempolinski', 'John Vogel')"
,,,,,"('Joe Sempolinski', 'Tony Ingraffea')"
,,,,,"('Joe Sempolinski', 'Ron Harmon')"
,,,,,"('Joe Sempolinski', 'Bob Thompson')"
,,,,,"('Joe Sempolinski', 'Jodi Andrysick')"
,,,,,"('Joe Sempolinski', 'Michael Joy')"
,,,,,"('Joe Sempolinski', 'Jane Russell')"
,,,,,"('Joe Sempolinski', 'Craig Stevens')"
,,,,,"('Joe Sempolinski', 'James Seward')"
,,,,,"('Joe Sempolinski', 'Penny Lawrence')"
,,,,,"('Joe Sempolinski', 'Michael Willis')"
,,,,,"('Joe Duffy', 'Joe Martens')"
,,,,,"('Joe Duffy', 'Jamie Carestio')"
,,,,,"('Joe Duffy', 'Ken Rauber')"
,,,,,"('Joe Duffy', 'Ivan Davis')"
,,,,,"('Joe Duffy', 'Joe Hoff')"
,,,,,"('Joe Duffy', 'Robert Nichols')"
,,,,,"('Joe Duffy', 'Mike Edwards')"
,,,,,"('Joe Duffy', 'Ben Wunder')"
,,,,,"('Joe Duffy', 'John Vogel')"
,,,,,"('Joe Duffy', 'Tony Ingraffea')"
,,,,,"('Joe Duffy', 'Ron Harmon')"
,,,,,"('Joe Duffy', 'Bob Thompson')"
,,,,,"('Joe Duffy', 'Jodi Andrysick')"
,,,,,"('Joe Duffy', 'Michael Joy')"
,,,,,"('Joe Duffy', 'Steve Born')"
,,,,,"('Joe Duffy', 'Jane Russell')"
,,,,,"('Joe Duffy', 'Craig Stevens')"
,,,,,"('Joe Duffy', 'James Seward')"
,,,,,"('Joe Duffy', 'Penny Lawrence')"
,,,,,"('Joe Duffy', 'Michael Willis')"
,,,,,"('Jamie Carestio', 'Joe Martens')"
,,,,,"('Jamie Carestio', 'Ken Rauber')"
,,,,,"('Jamie Carestio', 'Ivan Davis')"
,,,,,"('Jamie Carestio', 'Joe Hoff')"
,,,,,"('Jamie Carestio', 'Robert Nichols')"
,,,,,"('Jamie Carestio', 'Mike Edwards')"
,,,,,"('Jamie Carestio', 'Ben Wunder')"
,,,,,"('Jamie Carestio', 'John Vogel')"
,,,,,"('Jamie Carestio', 'Tony Ingraffea')"
,,,,,"('Jamie Carestio', 'Ron Harmon')"
,,,,,"('Jamie Carestio', 'Bob Thompson')"
,,,,,"('Jamie Carestio', 'Jodi Andrysick')"
,,,,,"('Jamie Carestio', 'Michael Joy')"
,,,,,"('Jamie Carestio', 'Steve Born')"
,,,,,"('Jamie Carestio', 'Jane Russell')"
,,,,,"('Jamie Carestio', 'Craig Stevens')"
,,,,,"('Jamie Carestio', 'James Seward')"
,,,,,"('Jamie Carestio', 'Penny Lawrence')"
,,,,,"('Jamie Carestio', 'Michael Willis')"
,,,,,"('Ken Rauber', 'Joe Martens')"
,,,,,"('Ken Rauber', 'Ivan Davis')"
,,,,,"('Ken Rauber', 'Joe Hoff')"
,,,,,"('Ken Rauber', 'Robert Nichols')"
,,,,,"('Ken Rauber', 'Mike Edwards')"
,,,,,"('Ken Rauber', 'Ben Wunder')"
,,,,,"('Ken Rauber', 'Tony Ingraffea')"
,,,,,"('Ken Rauber', 'Ron Harmon')"
,,,,,"('Ken Rauber', 'Bob Thompson')"
,,,,,"('Ken Rauber', 'Jodi Andrysick')"
,,,,,"('Ken Rauber', 'Michael Joy')"
,,,,,"('Ken Rauber', 'Jane Russell')"
,,,,,"('Ken Rauber', 'Craig Stevens')"
,,,,,"('Ken Rauber', 'James Seward')"
,,,,,"('Ken Rauber', 'Penny Lawrence')"
,,,,,"('Joe Martens', 'Ivan Davis')"
,,,,,"('Joe Martens', 'Joe Hoff')"
,,,,,"('Joe Martens', 'Robert Nichols')"
,,,,,"('Joe Martens', 'Mike Edwards')"
,,,,,"('Joe Martens', 'Ben Wunder')"
,,,,,"('Joe Martens', 'John Vogel')"
,,,,,"('Joe Martens', 'Tony Ingraffea')"
,,,,,"('Joe Martens', 'Ron Harmon')"
,,,,,"('Joe Martens', 'Bob Thompson')"
,,,,,"('Joe Martens', 'Jodi Andrysick')"
,,,,,"('Joe Martens', 'Michael Joy')"
,,,,,"('Joe Martens', 'Steve Born')"
,,,,,"('Joe Martens', 'Jane Russell')"
,,,,,"('Joe Martens', 'Craig Stevens')"
,,,,,"('Joe Martens', 'James Seward')"
,,,,,"('Joe Martens', 'Penny Lawrence')"
,,,,,"('Joe Martens', 'Michael Willis')"
,,,,,"('Ivan Davis', 'Joe Hoff')"
,,,,,"('Ivan Davis', 'Robert Nichols')"
,,,,,"('Ivan Davis', 'Mike Edwards')"
,,,,,"('Ivan Davis', 'Ben Wunder')"
,,,,,"('Ivan Davis', 'John Vogel')"
,,,,,"('Ivan Davis', 'Tony Ingraffea')"
,,,,,"('Ivan Davis', 'Ron Harmon')"
,,,,,"('Ivan Davis', 'Bob Thompson')"
,,,,,"('Ivan Davis', 'Jodi Andrysick')"
,,,,,"('Ivan Davis', 'Michael Joy')"
,,,,,"('Ivan Davis', 'Steve Born')"
,,,,,"('Ivan Davis', 'Jane Russell')"
,,,,,"('Ivan Davis', 'Craig Stevens')"
,,,,,"('Ivan Davis', 'James Seward')"
,,,,,"('Ivan Davis', 'Penny Lawrence')"
,,,,,"('Ivan Davis', 'Michael Willis')"
,,,,,"('Joe Hoff', 'Robert Nichols')"
,,,,,"('Joe Hoff', 'Mike Edwards')"
,,,,,"('Joe Hoff', 'Ben Wunder')"
,,,,,"('Joe Hoff', 'John Vogel')"
,,,,,"('Joe Hoff', 'Tony Ingraffea')"
,,,,,"('Joe Hoff', 'Ron Harmon')"
,,,,,"('Joe Hoff', 'Bob Thompson')"
,,,,,"('Joe Hoff', 'Jodi Andrysick')"
,,,,,"('Joe Hoff', 'Michael Joy')"
,,,,,"('Joe Hoff', 'Steve Born')"
,,,,,"('Joe Hoff', 'Jane Russell')"
,,,,,"('Joe Hoff', 'Craig Stevens')"
,,,,,"('Joe Hoff', 'James Seward')"
,,,,,"('Joe Hoff', 'Penny Lawrence')"
,,,,,"('Joe Hoff', 'Michael Willis')"
,,,,,"('Robert Nichols', 'Mike Edwards')"
,,,,,"('Robert Nichols', 'Ben Wunder')"
,,,,,"('Robert Nichols', 'John Vogel')"
,,,,,"('Robert Nichols', 'Tony Ingraffea')"
,,,,,"('Robert Nichols', 'Ron Harmon')"
,,,,,"('Robert Nichols', 'Bob Thompson')"
,,,,,"('Robert Nichols', 'Jodi Andrysick')"
,,,,,"('Robert Nichols', 'Michael Joy')"
,,,,,"('Robert Nichols', 'Steve Born')"
,,,,,"('Robert Nichols', 'Jane Russell')"
,,,,,"('Robert Nichols', 'Craig Stevens')"
,,,,,"('Robert Nichols', 'James Seward')"
,,,,,"('Robert Nichols', 'Penny Lawrence')"
,,,,,"('Robert Nichols', 'Michael Willis')"
,,,,,"('Mike Edwards', 'Ben Wunder')"
,,,,,"('Mike Edwards', 'John Vogel')"
,,,,,"('Mike Edwards', 'Tony Ingraffea')"
,,,,,"('Mike Edwards', 'Ron Harmon')"
,,,,,"('Mike Edwards', 'Bob Thompson')"
,,,,,"('Mike Edwards', 'Jodi Andrysick')"
,,,,,"('Mike Edwards', 'Michael Joy')"
,,,,,"('Mike Edwards', 'Steve Born')"
,,,,,"('Mike Edwards', 'Jane Russell')"
,,,,,"('Mike Edwards', 'Craig Stevens')"
,,,,,"('Mike Edwards', 'James Seward')"
,,,,,"('Mike Edwards', 'Penny Lawrence')"
,,,,,"('Mike Edwards', 'Michael Willis')"
,,,,,"('Ben Wunder', 'John Vogel')"
,,,,,"('Ben Wunder', 'Tony Ingraffea')"
,,,,,"('Ben Wunder', 'Ron Harmon')"
,,,,,"('Ben Wunder', 'Bob Thompson')"
,,,,,"('Ben Wunder', 'Jodi Andrysick')"
,,,,,"('Ben Wunder', 'Michael Joy')"
,,,,,"('Ben Wunder', 'Steve Born')"
,,,,,"('Ben Wunder', 'Jane Russell')"
,,,,,"('Ben Wunder', 'Craig Stevens')"
,,,,,"('Ben Wunder', 'James Seward')"
,,,,,"('Ben Wunder', 'Penny Lawrence')"
,,,,,"('Ben Wunder', 'Michael Willis')"
,,,,,"('John Vogel', 'Tony Ingraffea')"
,,,,,"('John Vogel', 'Ron Harmon')"
,,,,,"('John Vogel', 'Bob Thompson')"
,,,,,"('John Vogel', 'Jodi Andrysick')"
,,,,,"('John Vogel', 'Michael Joy')"
,,,,,"('John Vogel', 'Jane Russell')"
,,,,,"('John Vogel', 'Craig Stevens')"
,,,,,"('John Vogel', 'James Seward')"
,,,,,"('John Vogel', 'Penny Lawrence')"
,,,,,"('Tony Ingraffea', 'Ron Harmon')"
,,,,,"('Tony Ingraffea', 'Bob Thompson')"
,,,,,"('Tony Ingraffea', 'Jodi Andrysick')"
,,,,,"('Tony Ingraffea', 'Michael Joy')"
,,,,,"('Tony Ingraffea', 'Steve Born')"
,,,,,"('Tony Ingraffea', 'Jane Russell')"
,,,,,"('Tony Ingraffea', 'Craig Stevens')"
,,,,,"('Tony Ingraffea', 'James Seward')"
,,,,,"('Tony Ingraffea', 'Penny Lawrence')"
,,,,,"('Tony Ingraffea', 'Michael Willis')"
,,,,,"('Ron Harmon', 'Bob Thompson')"
,,,,,"('Ron Harmon', 'Jodi Andrysick')"
,,,,,"('Ron Harmon', 'Michael Joy')"
,,,,,"('Ron Harmon', 'Steve Born')"
,,,,,"('Ron Harmon', 'Jane Russell')"
,,,,,"('Ron Harmon', 'Craig Stevens')"
,,,,,"('Ron Harmon', 'James Seward')"
,,,,,"('Ron Harmon', 'Penny Lawrence')"
,,,,,"('Ron Harmon', 'Michael Willis')"
,,,,,"('Bob Thompson', 'Jodi Andrysick')"
,,,,,"('Bob Thompson', 'Michael Joy')"
,,,,,"('Bob Thompson', 'Steve Born')"
,,,,,"('Bob Thompson', 'Jane Russell')"
,,,,,"('Bob Thompson', 'Craig Stevens')"
,,,,,"('Bob Thompson', 'James Seward')"
,,,,,"('Bob Thompson', 'Penny Lawrence')"
,,,,,"('Bob Thompson', 'Michael Willis')"
,,,,,"('Jodi Andrysick', 'Michael Joy')"
,,,,,"('Jodi Andrysick', 'Steve Born')"
,,,,,"('Jodi Andrysick', 'Jane Russell')"
,,,,,"('Jodi Andrysick', 'Craig Stevens')"
,,,,,"('Jodi Andrysick', 'James Seward')"
,,,,,"('Jodi Andrysick', 'Penny Lawrence')"
,,,,,"('Jodi Andrysick', 'Michael Willis')"
,,,,,"('Michael Joy', 'Steve Born')"
,,,,,"('Michael Joy', 'Jane Russell')"
,,,,,"('Michael Joy', 'Craig Stevens')"
,,,,,"('Michael Joy', 'James Seward')"
,,,,,"('Michael Joy', 'Penny Lawrence')"
,,,,,"('Michael Joy', 'Michael Willis')"
,,,,,"('Steve Born', 'Jane Russell')"
,,,,,"('Steve Born', 'Craig Stevens')"
,,,,,"('Steve Born', 'James Seward')"
,,,,,"('Steve Born', 'Penny Lawrence')"
,,,,,"('Jane Russell', 'Craig Stevens')"
,,,,,"('Jane Russell', 'James Seward')"
,,,,,"('Jane Russell', 'Penny Lawrence')"
,,,,,"('Jane Russell', 'Michael Willis')"
,,,,,"('Craig Stevens', 'James Seward')"
,,,,,"('Craig Stevens', 'Penny Lawrence')"
,,,,,"('Craig Stevens', 'Michael Willis')"
,,,,,"('James Seward', 'Penny Lawrence')"
,,,,,"('James Seward', 'Michael Willis')"
,,,,,"('Penny Lawrence', 'Michael Willis')"
