AB Actor Overlap,AB Relationship Overlap,Unique A Actors,Unique B Actors,Unique A Relationships,Unique B Relationships
Robert Buresch,"('Geoffrey Hack', 'Roberta Herr')",William Dell,Joseph Lorigo,"('William Dell', 'William Kolacki')","('Joseph Lorigo', 'Thomas Mazur')"
Geoffrey Hack,"('Michael Kasprzyk', 'Kim Meyer')",Marty Regan,Thomas Mazur,"('William Dell', 'Marty Regan')","('Joseph Lorigo', 'Patrick Joyce')"
Tammy Adsitt,"('Roberta Herr', 'Karen Kline')",Sandra Chelnov,Patrick Joyce,"('William Dell', 'Sandra Chelnov')","('Joseph Lorigo', 'Jude Hartrich')"
Karen Kline,"('Ronald Bennett', 'Kim Meyer')",Mark Vanderwater,Jude Hartrich,"('William Dell', 'Mark Vanderwater')","('Joseph Lorigo', 'Edward Rath')"
Michael Kasprzyk,"('Ronald Bennett', 'Tammy Adsitt')",Mike O Connor,Edward Rath,"('William Dell', 'Mike O Connor')","('Joseph Lorigo', 'Michael Nolan')"
William Kolacki,"('Ronald Bennett', 'Karen Kline')",Micheal Sluce,Michael Nolan,"('William Dell', 'Micheal Sluce')","('Joseph Lorigo', 'William Kolacki')"
Ronald Bennett,"('William Kolacki', 'Karen Kline')",Merilu Dell,Elaine DiPietro,"('William Dell', 'Michael Kasprzyk')","('Joseph Lorigo', 'Elaine DiPietro')"
Roberta Herr,"('Karen Kline', 'Kim Meyer')",Belinda Ersing,Mike Hogan,"('William Dell', 'Merilu Dell')","('Joseph Lorigo', 'Ronald Bennett')"
Kim Meyer,"('Roberta Herr', 'Kim Meyer')",John Carlone,Andrew Cuomo,"('William Dell', 'Ronald Bennett')","('Joseph Lorigo', 'Mike Hogan')"
,"('William Kolacki', 'Geoffrey Hack')",Carol Keem,George Leone,"('William Dell', 'Belinda Ersing')","('Joseph Lorigo', 'Robert Buresch')"
,"('William Kolacki', 'Ronald Bennett')",Charles Bialecki,Michael Zywar,"('William Dell', 'John Carlone')","('Joseph Lorigo', 'Andrew Cuomo')"
,"('William Kolacki', 'Michael Kasprzyk')",Ron Fraser,Ramon Harris,"('William Dell', 'Carol Keem')","('Joseph Lorigo', 'George Leone')"
,"('William Kolacki', 'Roberta Herr')",Frank Kolbman,Ed Damico,"('William Dell', 'Charles Bialecki')","('Joseph Lorigo', 'Michael Zywar')"
,"('Ronald Bennett', 'Roberta Herr')",Susan Everett,Ray Harris,"('William Dell', 'Ron Fraser')","('Joseph Lorigo', 'Geoffrey Hack')"
,"('Tammy Adsitt', 'Kim Meyer')",William Newell,Mark Poloncarz,"('William Dell', 'Frank Kolbman')","('Joseph Lorigo', 'Tammy Adsitt')"
,"('Tammy Adsitt', 'Karen Kline')",Dorothy Carlone,Michael Sluce,"('William Dell', 'Susan Everett')","('Joseph Lorigo', 'Ramon Harris')"
,"('Robert Buresch', 'Kim Meyer')",Pat Joyce,Michael Simon,"('William Dell', 'William Newell')","('Joseph Lorigo', 'Roberta Herr')"
,"('Geoffrey Hack', 'Kim Meyer')",Bob Ersing,,"('William Dell', 'Dorothy Carlone')","('Joseph Lorigo', 'Ed Damico')"
,"('William Kolacki', 'Kim Meyer')",Sandra Smith,,"('William Dell', 'Geoffrey Hack')","('Joseph Lorigo', 'Ray Harris')"
,"('Tammy Adsitt', 'Roberta Herr')",David Paterson,,"('William Dell', 'Pat Joyce')","('Joseph Lorigo', 'Mark Poloncarz')"
,"('Geoffrey Hack', 'Karen Kline')",David Pratt,,"('William Dell', 'Bob Ersing')","('Joseph Lorigo', 'Michael Sluce')"
,"('William Kolacki', 'Tammy Adsitt')",Jason Dembick,,"('William Dell', 'Tammy Adsitt')","('Joseph Lorigo', 'Karen Kline')"
,"('Geoffrey Hack', 'Tammy Adsitt')",Patty Buresch,,"('William Dell', 'Sandra Smith')","('Joseph Lorigo', 'Michael Simon')"
,"('Ronald Bennett', 'Geoffrey Hack')",Richard Keem,,"('William Dell', 'David Paterson')","('Joseph Lorigo', 'Michael Kasprzyk')"
,"('Ronald Bennett', 'Robert Buresch')",Henry Secord,,"('William Dell', 'David Pratt')","('Joseph Lorigo', 'Kim Meyer')"
,"('William Kolacki', 'Robert Buresch')",Jill Zientek,,"('William Dell', 'Jason Dembick')","('Thomas Mazur', 'Patrick Joyce')"
,,James Britt,,"('William Dell', 'Patty Buresch')","('Thomas Mazur', 'Jude Hartrich')"
,,,,"('William Dell', 'Roberta Herr')","('Thomas Mazur', 'Edward Rath')"
,,,,"('William Dell', 'Richard Keem')","('Thomas Mazur', 'Michael Nolan')"
,,,,"('William Dell', 'Henry Secord')","('Thomas Mazur', 'William Kolacki')"
,,,,"('William Dell', 'Karen Kline')","('Thomas Mazur', 'Elaine DiPietro')"
,,,,"('William Dell', 'Jill Zientek')","('Thomas Mazur', 'Ronald Bennett')"
,,,,"('William Dell', 'James Britt')","('Thomas Mazur', 'Mike Hogan')"
,,,,"('William Dell', 'Robert Buresch')","('Thomas Mazur', 'Robert Buresch')"
,,,,"('William Dell', 'Kim Meyer')","('Thomas Mazur', 'Andrew Cuomo')"
,,,,"('William Kolacki', 'Marty Regan')","('Thomas Mazur', 'George Leone')"
,,,,"('William Kolacki', 'Sandra Chelnov')","('Thomas Mazur', 'Michael Zywar')"
,,,,"('William Kolacki', 'Mark Vanderwater')","('Thomas Mazur', 'Geoffrey Hack')"
,,,,"('William Kolacki', 'Mike O Connor')","('Thomas Mazur', 'Tammy Adsitt')"
,,,,"('William Kolacki', 'Micheal Sluce')","('Thomas Mazur', 'Ramon Harris')"
,,,,"('William Kolacki', 'Merilu Dell')","('Thomas Mazur', 'Roberta Herr')"
,,,,"('William Kolacki', 'Belinda Ersing')","('Thomas Mazur', 'Ed Damico')"
,,,,"('William Kolacki', 'John Carlone')","('Thomas Mazur', 'Ray Harris')"
,,,,"('William Kolacki', 'Carol Keem')","('Thomas Mazur', 'Mark Poloncarz')"
,,,,"('William Kolacki', 'Charles Bialecki')","('Thomas Mazur', 'Michael Sluce')"
,,,,"('William Kolacki', 'Ron Fraser')","('Thomas Mazur', 'Karen Kline')"
,,,,"('William Kolacki', 'Frank Kolbman')","('Thomas Mazur', 'Michael Simon')"
,,,,"('William Kolacki', 'Susan Everett')","('Thomas Mazur', 'Michael Kasprzyk')"
,,,,"('William Kolacki', 'William Newell')","('Thomas Mazur', 'Kim Meyer')"
,,,,"('William Kolacki', 'Dorothy Carlone')","('Patrick Joyce', 'Jude Hartrich')"
,,,,"('William Kolacki', 'Pat Joyce')","('Patrick Joyce', 'Edward Rath')"
,,,,"('William Kolacki', 'Bob Ersing')","('Patrick Joyce', 'Michael Nolan')"
,,,,"('William Kolacki', 'Sandra Smith')","('Patrick Joyce', 'William Kolacki')"
,,,,"('William Kolacki', 'David Paterson')","('Patrick Joyce', 'Elaine DiPietro')"
,,,,"('William Kolacki', 'David Pratt')","('Patrick Joyce', 'Ronald Bennett')"
,,,,"('William Kolacki', 'Jason Dembick')","('Patrick Joyce', 'Mike Hogan')"
,,,,"('William Kolacki', 'Patty Buresch')","('Patrick Joyce', 'Robert Buresch')"
,,,,"('William Kolacki', 'Richard Keem')","('Patrick Joyce', 'Andrew Cuomo')"
,,,,"('William Kolacki', 'Henry Secord')","('Patrick Joyce', 'George Leone')"
,,,,"('William Kolacki', 'Jill Zientek')","('Patrick Joyce', 'Michael Zywar')"
,,,,"('William Kolacki', 'James Britt')","('Patrick Joyce', 'Geoffrey Hack')"
,,,,"('Marty Regan', 'Sandra Chelnov')","('Patrick Joyce', 'Tammy Adsitt')"
,,,,"('Marty Regan', 'Mark Vanderwater')","('Patrick Joyce', 'Ramon Harris')"
,,,,"('Marty Regan', 'Mike O Connor')","('Patrick Joyce', 'Roberta Herr')"
,,,,"('Marty Regan', 'Micheal Sluce')","('Patrick Joyce', 'Ed Damico')"
,,,,"('Marty Regan', 'Michael Kasprzyk')","('Patrick Joyce', 'Ray Harris')"
,,,,"('Marty Regan', 'Merilu Dell')","('Patrick Joyce', 'Mark Poloncarz')"
,,,,"('Marty Regan', 'Ronald Bennett')","('Patrick Joyce', 'Michael Sluce')"
,,,,"('Marty Regan', 'Belinda Ersing')","('Patrick Joyce', 'Karen Kline')"
,,,,"('Marty Regan', 'John Carlone')","('Patrick Joyce', 'Michael Simon')"
,,,,"('Marty Regan', 'Carol Keem')","('Patrick Joyce', 'Michael Kasprzyk')"
,,,,"('Marty Regan', 'Charles Bialecki')","('Patrick Joyce', 'Kim Meyer')"
,,,,"('Marty Regan', 'Ron Fraser')","('Jude Hartrich', 'Edward Rath')"
,,,,"('Marty Regan', 'Frank Kolbman')","('Jude Hartrich', 'Michael Nolan')"
,,,,"('Marty Regan', 'Susan Everett')","('Jude Hartrich', 'William Kolacki')"
,,,,"('Marty Regan', 'William Newell')","('Jude Hartrich', 'Elaine DiPietro')"
,,,,"('Marty Regan', 'Dorothy Carlone')","('Jude Hartrich', 'Ronald Bennett')"
,,,,"('Marty Regan', 'Geoffrey Hack')","('Jude Hartrich', 'Mike Hogan')"
,,,,"('Marty Regan', 'Pat Joyce')","('Jude Hartrich', 'Robert Buresch')"
,,,,"('Marty Regan', 'Bob Ersing')","('Jude Hartrich', 'Andrew Cuomo')"
,,,,"('Marty Regan', 'Tammy Adsitt')","('Jude Hartrich', 'George Leone')"
,,,,"('Marty Regan', 'Sandra Smith')","('Jude Hartrich', 'Michael Zywar')"
,,,,"('Marty Regan', 'David Paterson')","('Jude Hartrich', 'Geoffrey Hack')"
,,,,"('Marty Regan', 'David Pratt')","('Jude Hartrich', 'Tammy Adsitt')"
,,,,"('Marty Regan', 'Jason Dembick')","('Jude Hartrich', 'Ramon Harris')"
,,,,"('Marty Regan', 'Patty Buresch')","('Jude Hartrich', 'Roberta Herr')"
,,,,"('Marty Regan', 'Roberta Herr')","('Jude Hartrich', 'Ed Damico')"
,,,,"('Marty Regan', 'Richard Keem')","('Jude Hartrich', 'Ray Harris')"
,,,,"('Marty Regan', 'Henry Secord')","('Jude Hartrich', 'Mark Poloncarz')"
,,,,"('Marty Regan', 'Karen Kline')","('Jude Hartrich', 'Michael Sluce')"
,,,,"('Marty Regan', 'Jill Zientek')","('Jude Hartrich', 'Karen Kline')"
,,,,"('Marty Regan', 'James Britt')","('Jude Hartrich', 'Michael Simon')"
,,,,"('Marty Regan', 'Robert Buresch')","('Jude Hartrich', 'Michael Kasprzyk')"
,,,,"('Marty Regan', 'Kim Meyer')","('Jude Hartrich', 'Kim Meyer')"
,,,,"('Sandra Chelnov', 'Mark Vanderwater')","('Edward Rath', 'Michael Nolan')"
,,,,"('Sandra Chelnov', 'Mike O Connor')","('Edward Rath', 'William Kolacki')"
,,,,"('Sandra Chelnov', 'Micheal Sluce')","('Edward Rath', 'Elaine DiPietro')"
,,,,"('Sandra Chelnov', 'Michael Kasprzyk')","('Edward Rath', 'Ronald Bennett')"
,,,,"('Sandra Chelnov', 'Merilu Dell')","('Edward Rath', 'Mike Hogan')"
,,,,"('Sandra Chelnov', 'Ronald Bennett')","('Edward Rath', 'Robert Buresch')"
,,,,"('Sandra Chelnov', 'Belinda Ersing')","('Edward Rath', 'Andrew Cuomo')"
,,,,"('Sandra Chelnov', 'John Carlone')","('Edward Rath', 'George Leone')"
,,,,"('Sandra Chelnov', 'Carol Keem')","('Edward Rath', 'Michael Zywar')"
,,,,"('Sandra Chelnov', 'Charles Bialecki')","('Edward Rath', 'Geoffrey Hack')"
,,,,"('Sandra Chelnov', 'Ron Fraser')","('Edward Rath', 'Tammy Adsitt')"
,,,,"('Sandra Chelnov', 'Frank Kolbman')","('Edward Rath', 'Ramon Harris')"
,,,,"('Sandra Chelnov', 'Susan Everett')","('Edward Rath', 'Roberta Herr')"
,,,,"('Sandra Chelnov', 'William Newell')","('Edward Rath', 'Ed Damico')"
,,,,"('Sandra Chelnov', 'Dorothy Carlone')","('Edward Rath', 'Ray Harris')"
,,,,"('Sandra Chelnov', 'Geoffrey Hack')","('Edward Rath', 'Mark Poloncarz')"
,,,,"('Sandra Chelnov', 'Pat Joyce')","('Edward Rath', 'Michael Sluce')"
,,,,"('Sandra Chelnov', 'Bob Ersing')","('Edward Rath', 'Karen Kline')"
,,,,"('Sandra Chelnov', 'Tammy Adsitt')","('Edward Rath', 'Michael Simon')"
,,,,"('Sandra Chelnov', 'Sandra Smith')","('Edward Rath', 'Michael Kasprzyk')"
,,,,"('Sandra Chelnov', 'David Paterson')","('Edward Rath', 'Kim Meyer')"
,,,,"('Sandra Chelnov', 'David Pratt')","('Michael Nolan', 'Michael Kasprzyk')"
,,,,"('Sandra Chelnov', 'Jason Dembick')","('Michael Nolan', 'William Kolacki')"
,,,,"('Sandra Chelnov', 'Patty Buresch')","('Michael Nolan', 'Elaine DiPietro')"
,,,,"('Sandra Chelnov', 'Roberta Herr')","('Michael Nolan', 'Ronald Bennett')"
,,,,"('Sandra Chelnov', 'Richard Keem')","('Michael Nolan', 'Mike Hogan')"
,,,,"('Sandra Chelnov', 'Henry Secord')","('Michael Nolan', 'Robert Buresch')"
,,,,"('Sandra Chelnov', 'Karen Kline')","('Michael Nolan', 'Andrew Cuomo')"
,,,,"('Sandra Chelnov', 'Jill Zientek')","('Michael Nolan', 'George Leone')"
,,,,"('Sandra Chelnov', 'James Britt')","('Michael Nolan', 'Michael Zywar')"
,,,,"('Sandra Chelnov', 'Robert Buresch')","('Michael Nolan', 'Geoffrey Hack')"
,,,,"('Sandra Chelnov', 'Kim Meyer')","('Michael Nolan', 'Tammy Adsitt')"
,,,,"('Mark Vanderwater', 'Mike O Connor')","('Michael Nolan', 'Ramon Harris')"
,,,,"('Mark Vanderwater', 'Micheal Sluce')","('Michael Nolan', 'Roberta Herr')"
,,,,"('Mark Vanderwater', 'Michael Kasprzyk')","('Michael Nolan', 'Ed Damico')"
,,,,"('Mark Vanderwater', 'Merilu Dell')","('Michael Nolan', 'Ray Harris')"
,,,,"('Mark Vanderwater', 'Ronald Bennett')","('Michael Nolan', 'Mark Poloncarz')"
,,,,"('Mark Vanderwater', 'Belinda Ersing')","('Michael Nolan', 'Michael Sluce')"
,,,,"('Mark Vanderwater', 'John Carlone')","('Michael Nolan', 'Karen Kline')"
,,,,"('Mark Vanderwater', 'Carol Keem')","('Michael Nolan', 'Michael Simon')"
,,,,"('Mark Vanderwater', 'Charles Bialecki')","('Michael Nolan', 'Kim Meyer')"
,,,,"('Mark Vanderwater', 'Ron Fraser')","('William Kolacki', 'Elaine DiPietro')"
,,,,"('Mark Vanderwater', 'Frank Kolbman')","('William Kolacki', 'Mike Hogan')"
,,,,"('Mark Vanderwater', 'Susan Everett')","('William Kolacki', 'Andrew Cuomo')"
,,,,"('Mark Vanderwater', 'William Newell')","('William Kolacki', 'George Leone')"
,,,,"('Mark Vanderwater', 'Dorothy Carlone')","('William Kolacki', 'Michael Zywar')"
,,,,"('Mark Vanderwater', 'Geoffrey Hack')","('William Kolacki', 'Ramon Harris')"
,,,,"('Mark Vanderwater', 'Pat Joyce')","('William Kolacki', 'Ed Damico')"
,,,,"('Mark Vanderwater', 'Bob Ersing')","('William Kolacki', 'Ray Harris')"
,,,,"('Mark Vanderwater', 'Tammy Adsitt')","('William Kolacki', 'Mark Poloncarz')"
,,,,"('Mark Vanderwater', 'Sandra Smith')","('William Kolacki', 'Michael Sluce')"
,,,,"('Mark Vanderwater', 'David Paterson')","('William Kolacki', 'Michael Simon')"
,,,,"('Mark Vanderwater', 'David Pratt')","('Elaine DiPietro', 'Ronald Bennett')"
,,,,"('Mark Vanderwater', 'Jason Dembick')","('Elaine DiPietro', 'Mike Hogan')"
,,,,"('Mark Vanderwater', 'Patty Buresch')","('Elaine DiPietro', 'Robert Buresch')"
,,,,"('Mark Vanderwater', 'Roberta Herr')","('Elaine DiPietro', 'Andrew Cuomo')"
,,,,"('Mark Vanderwater', 'Richard Keem')","('Elaine DiPietro', 'George Leone')"
,,,,"('Mark Vanderwater', 'Henry Secord')","('Elaine DiPietro', 'Michael Zywar')"
,,,,"('Mark Vanderwater', 'Karen Kline')","('Elaine DiPietro', 'Geoffrey Hack')"
,,,,"('Mark Vanderwater', 'Jill Zientek')","('Elaine DiPietro', 'Tammy Adsitt')"
,,,,"('Mark Vanderwater', 'James Britt')","('Elaine DiPietro', 'Ramon Harris')"
,,,,"('Mark Vanderwater', 'Robert Buresch')","('Elaine DiPietro', 'Roberta Herr')"
,,,,"('Mark Vanderwater', 'Kim Meyer')","('Elaine DiPietro', 'Ed Damico')"
,,,,"('Mike O Connor', 'Micheal Sluce')","('Elaine DiPietro', 'Ray Harris')"
,,,,"('Mike O Connor', 'Michael Kasprzyk')","('Elaine DiPietro', 'Mark Poloncarz')"
,,,,"('Mike O Connor', 'Merilu Dell')","('Elaine DiPietro', 'Michael Sluce')"
,,,,"('Mike O Connor', 'Ronald Bennett')","('Elaine DiPietro', 'Karen Kline')"
,,,,"('Mike O Connor', 'Belinda Ersing')","('Elaine DiPietro', 'Michael Simon')"
,,,,"('Mike O Connor', 'John Carlone')","('Elaine DiPietro', 'Michael Kasprzyk')"
,,,,"('Mike O Connor', 'Carol Keem')","('Elaine DiPietro', 'Kim Meyer')"
,,,,"('Mike O Connor', 'Charles Bialecki')","('Ronald Bennett', 'Mike Hogan')"
,,,,"('Mike O Connor', 'Ron Fraser')","('Ronald Bennett', 'Andrew Cuomo')"
,,,,"('Mike O Connor', 'Frank Kolbman')","('Ronald Bennett', 'George Leone')"
,,,,"('Mike O Connor', 'Susan Everett')","('Ronald Bennett', 'Michael Zywar')"
,,,,"('Mike O Connor', 'William Newell')","('Ronald Bennett', 'Ramon Harris')"
,,,,"('Mike O Connor', 'Dorothy Carlone')","('Ronald Bennett', 'Ed Damico')"
,,,,"('Mike O Connor', 'Geoffrey Hack')","('Ronald Bennett', 'Ray Harris')"
,,,,"('Mike O Connor', 'Pat Joyce')","('Ronald Bennett', 'Mark Poloncarz')"
,,,,"('Mike O Connor', 'Bob Ersing')","('Ronald Bennett', 'Michael Sluce')"
,,,,"('Mike O Connor', 'Tammy Adsitt')","('Ronald Bennett', 'Michael Simon')"
,,,,"('Mike O Connor', 'Sandra Smith')","('Ronald Bennett', 'Michael Kasprzyk')"
,,,,"('Mike O Connor', 'David Paterson')","('Mike Hogan', 'Robert Buresch')"
,,,,"('Mike O Connor', 'David Pratt')","('Mike Hogan', 'Andrew Cuomo')"
,,,,"('Mike O Connor', 'Jason Dembick')","('Mike Hogan', 'George Leone')"
,,,,"('Mike O Connor', 'Patty Buresch')","('Mike Hogan', 'Michael Zywar')"
,,,,"('Mike O Connor', 'Roberta Herr')","('Mike Hogan', 'Geoffrey Hack')"
,,,,"('Mike O Connor', 'Richard Keem')","('Mike Hogan', 'Tammy Adsitt')"
,,,,"('Mike O Connor', 'Henry Secord')","('Mike Hogan', 'Ramon Harris')"
,,,,"('Mike O Connor', 'Karen Kline')","('Mike Hogan', 'Roberta Herr')"
,,,,"('Mike O Connor', 'Jill Zientek')","('Mike Hogan', 'Ed Damico')"
,,,,"('Mike O Connor', 'James Britt')","('Mike Hogan', 'Ray Harris')"
,,,,"('Mike O Connor', 'Robert Buresch')","('Mike Hogan', 'Mark Poloncarz')"
,,,,"('Mike O Connor', 'Kim Meyer')","('Mike Hogan', 'Michael Sluce')"
,,,,"('Micheal Sluce', 'Michael Kasprzyk')","('Mike Hogan', 'Karen Kline')"
,,,,"('Micheal Sluce', 'Merilu Dell')","('Mike Hogan', 'Michael Simon')"
,,,,"('Micheal Sluce', 'Ronald Bennett')","('Mike Hogan', 'Michael Kasprzyk')"
,,,,"('Micheal Sluce', 'Belinda Ersing')","('Mike Hogan', 'Kim Meyer')"
,,,,"('Micheal Sluce', 'John Carlone')","('Robert Buresch', 'Andrew Cuomo')"
,,,,"('Micheal Sluce', 'Carol Keem')","('Robert Buresch', 'George Leone')"
,,,,"('Micheal Sluce', 'Charles Bialecki')","('Robert Buresch', 'Michael Zywar')"
,,,,"('Micheal Sluce', 'Ron Fraser')","('Robert Buresch', 'Geoffrey Hack')"
,,,,"('Micheal Sluce', 'Frank Kolbman')","('Robert Buresch', 'Tammy Adsitt')"
,,,,"('Micheal Sluce', 'Susan Everett')","('Robert Buresch', 'Ramon Harris')"
,,,,"('Micheal Sluce', 'William Newell')","('Robert Buresch', 'Roberta Herr')"
,,,,"('Micheal Sluce', 'Dorothy Carlone')","('Robert Buresch', 'Ed Damico')"
,,,,"('Micheal Sluce', 'Geoffrey Hack')","('Robert Buresch', 'Ray Harris')"
,,,,"('Micheal Sluce', 'Pat Joyce')","('Robert Buresch', 'Mark Poloncarz')"
,,,,"('Micheal Sluce', 'Bob Ersing')","('Robert Buresch', 'Michael Sluce')"
,,,,"('Micheal Sluce', 'Tammy Adsitt')","('Robert Buresch', 'Karen Kline')"
,,,,"('Micheal Sluce', 'Sandra Smith')","('Robert Buresch', 'Michael Simon')"
,,,,"('Micheal Sluce', 'David Paterson')","('Robert Buresch', 'Michael Kasprzyk')"
,,,,"('Micheal Sluce', 'David Pratt')","('Andrew Cuomo', 'Michael Kasprzyk')"
,,,,"('Micheal Sluce', 'Jason Dembick')","('Andrew Cuomo', 'George Leone')"
,,,,"('Micheal Sluce', 'Patty Buresch')","('Andrew Cuomo', 'Michael Zywar')"
,,,,"('Micheal Sluce', 'Roberta Herr')","('Andrew Cuomo', 'Geoffrey Hack')"
,,,,"('Micheal Sluce', 'Richard Keem')","('Andrew Cuomo', 'Tammy Adsitt')"
,,,,"('Micheal Sluce', 'Henry Secord')","('Andrew Cuomo', 'Ramon Harris')"
,,,,"('Micheal Sluce', 'Karen Kline')","('Andrew Cuomo', 'Roberta Herr')"
,,,,"('Micheal Sluce', 'Jill Zientek')","('Andrew Cuomo', 'Ed Damico')"
,,,,"('Micheal Sluce', 'James Britt')","('Andrew Cuomo', 'Ray Harris')"
,,,,"('Micheal Sluce', 'Robert Buresch')","('Andrew Cuomo', 'Mark Poloncarz')"
,,,,"('Micheal Sluce', 'Kim Meyer')","('Andrew Cuomo', 'Michael Sluce')"
,,,,"('Michael Kasprzyk', 'William Newell')","('Andrew Cuomo', 'Karen Kline')"
,,,,"('Michael Kasprzyk', 'Merilu Dell')","('Andrew Cuomo', 'Michael Simon')"
,,,,"('Michael Kasprzyk', 'Ronald Bennett')","('Andrew Cuomo', 'Kim Meyer')"
,,,,"('Michael Kasprzyk', 'Belinda Ersing')","('George Leone', 'Michael Zywar')"
,,,,"('Michael Kasprzyk', 'John Carlone')","('George Leone', 'Geoffrey Hack')"
,,,,"('Michael Kasprzyk', 'Carol Keem')","('George Leone', 'Tammy Adsitt')"
,,,,"('Michael Kasprzyk', 'Charles Bialecki')","('George Leone', 'Ramon Harris')"
,,,,"('Michael Kasprzyk', 'Ron Fraser')","('George Leone', 'Roberta Herr')"
,,,,"('Michael Kasprzyk', 'Frank Kolbman')","('George Leone', 'Ed Damico')"
,,,,"('Michael Kasprzyk', 'Susan Everett')","('George Leone', 'Ray Harris')"
,,,,"('Michael Kasprzyk', 'Dorothy Carlone')","('George Leone', 'Mark Poloncarz')"
,,,,"('Michael Kasprzyk', 'Geoffrey Hack')","('George Leone', 'Michael Sluce')"
,,,,"('Michael Kasprzyk', 'Pat Joyce')","('George Leone', 'Karen Kline')"
,,,,"('Michael Kasprzyk', 'Bob Ersing')","('George Leone', 'Michael Simon')"
,,,,"('Michael Kasprzyk', 'Tammy Adsitt')","('George Leone', 'Michael Kasprzyk')"
,,,,"('Michael Kasprzyk', 'Sandra Smith')","('George Leone', 'Kim Meyer')"
,,,,"('Michael Kasprzyk', 'David Paterson')","('Michael Zywar', 'Geoffrey Hack')"
,,,,"('Michael Kasprzyk', 'David Pratt')","('Michael Zywar', 'Tammy Adsitt')"
,,,,"('Michael Kasprzyk', 'Jason Dembick')","('Michael Zywar', 'Ramon Harris')"
,,,,"('Michael Kasprzyk', 'Patty Buresch')","('Michael Zywar', 'Roberta Herr')"
,,,,"('Michael Kasprzyk', 'Roberta Herr')","('Michael Zywar', 'Ed Damico')"
,,,,"('Michael Kasprzyk', 'Richard Keem')","('Michael Zywar', 'Ray Harris')"
,,,,"('Michael Kasprzyk', 'Henry Secord')","('Michael Zywar', 'Mark Poloncarz')"
,,,,"('Michael Kasprzyk', 'Karen Kline')","('Michael Zywar', 'Michael Sluce')"
,,,,"('Michael Kasprzyk', 'Jill Zientek')","('Michael Zywar', 'Karen Kline')"
,,,,"('Michael Kasprzyk', 'James Britt')","('Michael Zywar', 'Michael Simon')"
,,,,"('Michael Kasprzyk', 'Robert Buresch')","('Michael Zywar', 'Michael Kasprzyk')"
,,,,"('Merilu Dell', 'Ronald Bennett')","('Michael Zywar', 'Kim Meyer')"
,,,,"('Merilu Dell', 'Belinda Ersing')","('Geoffrey Hack', 'Ramon Harris')"
,,,,"('Merilu Dell', 'John Carlone')","('Geoffrey Hack', 'Ed Damico')"
,,,,"('Merilu Dell', 'Carol Keem')","('Geoffrey Hack', 'Ray Harris')"
,,,,"('Merilu Dell', 'Charles Bialecki')","('Geoffrey Hack', 'Mark Poloncarz')"
,,,,"('Merilu Dell', 'Ron Fraser')","('Geoffrey Hack', 'Michael Sluce')"
,,,,"('Merilu Dell', 'Frank Kolbman')","('Geoffrey Hack', 'Michael Simon')"
,,,,"('Merilu Dell', 'Susan Everett')","('Geoffrey Hack', 'Michael Kasprzyk')"
,,,,"('Merilu Dell', 'William Newell')","('Tammy Adsitt', 'Ramon Harris')"
,,,,"('Merilu Dell', 'Dorothy Carlone')","('Tammy Adsitt', 'Ed Damico')"
,,,,"('Merilu Dell', 'Geoffrey Hack')","('Tammy Adsitt', 'Ray Harris')"
,,,,"('Merilu Dell', 'Pat Joyce')","('Tammy Adsitt', 'Mark Poloncarz')"
,,,,"('Merilu Dell', 'Bob Ersing')","('Tammy Adsitt', 'Michael Sluce')"
,,,,"('Merilu Dell', 'Tammy Adsitt')","('Tammy Adsitt', 'Michael Simon')"
,,,,"('Merilu Dell', 'Sandra Smith')","('Tammy Adsitt', 'Michael Kasprzyk')"
,,,,"('Merilu Dell', 'David Paterson')","('Ramon Harris', 'Roberta Herr')"
,,,,"('Merilu Dell', 'David Pratt')","('Ramon Harris', 'Ed Damico')"
,,,,"('Merilu Dell', 'Jason Dembick')","('Ramon Harris', 'Ray Harris')"
,,,,"('Merilu Dell', 'Patty Buresch')","('Ramon Harris', 'Mark Poloncarz')"
,,,,"('Merilu Dell', 'Roberta Herr')","('Ramon Harris', 'Michael Sluce')"
,,,,"('Merilu Dell', 'Richard Keem')","('Ramon Harris', 'Karen Kline')"
,,,,"('Merilu Dell', 'Henry Secord')","('Ramon Harris', 'Michael Simon')"
,,,,"('Merilu Dell', 'Karen Kline')","('Ramon Harris', 'Michael Kasprzyk')"
,,,,"('Merilu Dell', 'Jill Zientek')","('Ramon Harris', 'Kim Meyer')"
,,,,"('Merilu Dell', 'James Britt')","('Roberta Herr', 'Ed Damico')"
,,,,"('Merilu Dell', 'Robert Buresch')","('Roberta Herr', 'Ray Harris')"
,,,,"('Merilu Dell', 'Kim Meyer')","('Roberta Herr', 'Mark Poloncarz')"
,,,,"('Ronald Bennett', 'Belinda Ersing')","('Roberta Herr', 'Michael Sluce')"
,,,,"('Ronald Bennett', 'John Carlone')","('Roberta Herr', 'Michael Simon')"
,,,,"('Ronald Bennett', 'Carol Keem')","('Roberta Herr', 'Michael Kasprzyk')"
,,,,"('Ronald Bennett', 'Charles Bialecki')","('Ed Damico', 'Ray Harris')"
,,,,"('Ronald Bennett', 'Ron Fraser')","('Ed Damico', 'Mark Poloncarz')"
,,,,"('Ronald Bennett', 'Frank Kolbman')","('Ed Damico', 'Michael Sluce')"
,,,,"('Ronald Bennett', 'Susan Everett')","('Ed Damico', 'Karen Kline')"
,,,,"('Ronald Bennett', 'William Newell')","('Ed Damico', 'Michael Simon')"
,,,,"('Ronald Bennett', 'Dorothy Carlone')","('Ed Damico', 'Michael Kasprzyk')"
,,,,"('Ronald Bennett', 'Pat Joyce')","('Ed Damico', 'Kim Meyer')"
,,,,"('Ronald Bennett', 'Bob Ersing')","('Ray Harris', 'Mark Poloncarz')"
,,,,"('Ronald Bennett', 'Sandra Smith')","('Ray Harris', 'Michael Sluce')"
,,,,"('Ronald Bennett', 'David Paterson')","('Ray Harris', 'Karen Kline')"
,,,,"('Ronald Bennett', 'David Pratt')","('Ray Harris', 'Michael Simon')"
,,,,"('Ronald Bennett', 'Jason Dembick')","('Ray Harris', 'Michael Kasprzyk')"
,,,,"('Ronald Bennett', 'Patty Buresch')","('Ray Harris', 'Kim Meyer')"
,,,,"('Ronald Bennett', 'Richard Keem')","('Mark Poloncarz', 'Michael Sluce')"
,,,,"('Ronald Bennett', 'Henry Secord')","('Mark Poloncarz', 'Karen Kline')"
,,,,"('Ronald Bennett', 'Jill Zientek')","('Mark Poloncarz', 'Michael Simon')"
,,,,"('Ronald Bennett', 'James Britt')","('Mark Poloncarz', 'Michael Kasprzyk')"
,,,,"('Belinda Ersing', 'John Carlone')","('Mark Poloncarz', 'Kim Meyer')"
,,,,"('Belinda Ersing', 'Carol Keem')","('Michael Sluce', 'Karen Kline')"
,,,,"('Belinda Ersing', 'Charles Bialecki')","('Michael Sluce', 'Michael Simon')"
,,,,"('Belinda Ersing', 'Ron Fraser')","('Michael Sluce', 'Michael Kasprzyk')"
,,,,"('Belinda Ersing', 'Frank Kolbman')","('Michael Sluce', 'Kim Meyer')"
,,,,"('Belinda Ersing', 'Susan Everett')","('Karen Kline', 'Michael Simon')"
,,,,"('Belinda Ersing', 'William Newell')","('Karen Kline', 'Michael Kasprzyk')"
,,,,"('Belinda Ersing', 'Dorothy Carlone')","('Michael Simon', 'Michael Kasprzyk')"
,,,,"('Belinda Ersing', 'Geoffrey Hack')","('Michael Simon', 'Kim Meyer')"
,,,,"('Belinda Ersing', 'Pat Joyce')",
,,,,"('Belinda Ersing', 'Bob Ersing')",
,,,,"('Belinda Ersing', 'Tammy Adsitt')",
,,,,"('Belinda Ersing', 'Sandra Smith')",
,,,,"('Belinda Ersing', 'David Paterson')",
,,,,"('Belinda Ersing', 'David Pratt')",
,,,,"('Belinda Ersing', 'Jason Dembick')",
,,,,"('Belinda Ersing', 'Patty Buresch')",
,,,,"('Belinda Ersing', 'Roberta Herr')",
,,,,"('Belinda Ersing', 'Richard Keem')",
,,,,"('Belinda Ersing', 'Henry Secord')",
,,,,"('Belinda Ersing', 'Karen Kline')",
,,,,"('Belinda Ersing', 'Jill Zientek')",
,,,,"('Belinda Ersing', 'James Britt')",
,,,,"('Belinda Ersing', 'Robert Buresch')",
,,,,"('Belinda Ersing', 'Kim Meyer')",
,,,,"('John Carlone', 'Carol Keem')",
,,,,"('John Carlone', 'Charles Bialecki')",
,,,,"('John Carlone', 'Ron Fraser')",
,,,,"('John Carlone', 'Frank Kolbman')",
,,,,"('John Carlone', 'Susan Everett')",
,,,,"('John Carlone', 'William Newell')",
,,,,"('John Carlone', 'Dorothy Carlone')",
,,,,"('John Carlone', 'Geoffrey Hack')",
,,,,"('John Carlone', 'Pat Joyce')",
,,,,"('John Carlone', 'Bob Ersing')",
,,,,"('John Carlone', 'Tammy Adsitt')",
,,,,"('John Carlone', 'Sandra Smith')",
,,,,"('John Carlone', 'David Paterson')",
,,,,"('John Carlone', 'David Pratt')",
,,,,"('John Carlone', 'Jason Dembick')",
,,,,"('John Carlone', 'Patty Buresch')",
,,,,"('John Carlone', 'Roberta Herr')",
,,,,"('John Carlone', 'Richard Keem')",
,,,,"('John Carlone', 'Henry Secord')",
,,,,"('John Carlone', 'Karen Kline')",
,,,,"('John Carlone', 'Jill Zientek')",
,,,,"('John Carlone', 'James Britt')",
,,,,"('John Carlone', 'Robert Buresch')",
,,,,"('John Carlone', 'Kim Meyer')",
,,,,"('Carol Keem', 'Charles Bialecki')",
,,,,"('Carol Keem', 'Ron Fraser')",
,,,,"('Carol Keem', 'Frank Kolbman')",
,,,,"('Carol Keem', 'Susan Everett')",
,,,,"('Carol Keem', 'William Newell')",
,,,,"('Carol Keem', 'Dorothy Carlone')",
,,,,"('Carol Keem', 'Geoffrey Hack')",
,,,,"('Carol Keem', 'Pat Joyce')",
,,,,"('Carol Keem', 'Bob Ersing')",
,,,,"('Carol Keem', 'Tammy Adsitt')",
,,,,"('Carol Keem', 'Sandra Smith')",
,,,,"('Carol Keem', 'David Paterson')",
,,,,"('Carol Keem', 'David Pratt')",
,,,,"('Carol Keem', 'Jason Dembick')",
,,,,"('Carol Keem', 'Patty Buresch')",
,,,,"('Carol Keem', 'Roberta Herr')",
,,,,"('Carol Keem', 'Richard Keem')",
,,,,"('Carol Keem', 'Henry Secord')",
,,,,"('Carol Keem', 'Karen Kline')",
,,,,"('Carol Keem', 'Jill Zientek')",
,,,,"('Carol Keem', 'James Britt')",
,,,,"('Carol Keem', 'Robert Buresch')",
,,,,"('Carol Keem', 'Kim Meyer')",
,,,,"('Charles Bialecki', 'Robert Buresch')",
,,,,"('Charles Bialecki', 'Ron Fraser')",
,,,,"('Charles Bialecki', 'Frank Kolbman')",
,,,,"('Charles Bialecki', 'Susan Everett')",
,,,,"('Charles Bialecki', 'William Newell')",
,,,,"('Charles Bialecki', 'Dorothy Carlone')",
,,,,"('Charles Bialecki', 'Geoffrey Hack')",
,,,,"('Charles Bialecki', 'Pat Joyce')",
,,,,"('Charles Bialecki', 'Bob Ersing')",
,,,,"('Charles Bialecki', 'Tammy Adsitt')",
,,,,"('Charles Bialecki', 'Sandra Smith')",
,,,,"('Charles Bialecki', 'David Paterson')",
,,,,"('Charles Bialecki', 'David Pratt')",
,,,,"('Charles Bialecki', 'Jason Dembick')",
,,,,"('Charles Bialecki', 'Patty Buresch')",
,,,,"('Charles Bialecki', 'Roberta Herr')",
,,,,"('Charles Bialecki', 'Richard Keem')",
,,,,"('Charles Bialecki', 'Henry Secord')",
,,,,"('Charles Bialecki', 'Karen Kline')",
,,,,"('Charles Bialecki', 'Jill Zientek')",
,,,,"('Charles Bialecki', 'James Britt')",
,,,,"('Charles Bialecki', 'Kim Meyer')",
,,,,"('Ron Fraser', 'Frank Kolbman')",
,,,,"('Ron Fraser', 'Susan Everett')",
,,,,"('Ron Fraser', 'William Newell')",
,,,,"('Ron Fraser', 'Dorothy Carlone')",
,,,,"('Ron Fraser', 'Geoffrey Hack')",
,,,,"('Ron Fraser', 'Pat Joyce')",
,,,,"('Ron Fraser', 'Bob Ersing')",
,,,,"('Ron Fraser', 'Tammy Adsitt')",
,,,,"('Ron Fraser', 'Sandra Smith')",
,,,,"('Ron Fraser', 'David Paterson')",
,,,,"('Ron Fraser', 'David Pratt')",
,,,,"('Ron Fraser', 'Jason Dembick')",
,,,,"('Ron Fraser', 'Patty Buresch')",
,,,,"('Ron Fraser', 'Roberta Herr')",
,,,,"('Ron Fraser', 'Richard Keem')",
,,,,"('Ron Fraser', 'Henry Secord')",
,,,,"('Ron Fraser', 'Karen Kline')",
,,,,"('Ron Fraser', 'Jill Zientek')",
,,,,"('Ron Fraser', 'James Britt')",
,,,,"('Ron Fraser', 'Robert Buresch')",
,,,,"('Ron Fraser', 'Kim Meyer')",
,,,,"('Frank Kolbman', 'Susan Everett')",
,,,,"('Frank Kolbman', 'William Newell')",
,,,,"('Frank Kolbman', 'Dorothy Carlone')",
,,,,"('Frank Kolbman', 'Geoffrey Hack')",
,,,,"('Frank Kolbman', 'Pat Joyce')",
,,,,"('Frank Kolbman', 'Bob Ersing')",
,,,,"('Frank Kolbman', 'Tammy Adsitt')",
,,,,"('Frank Kolbman', 'Sandra Smith')",
,,,,"('Frank Kolbman', 'David Paterson')",
,,,,"('Frank Kolbman', 'David Pratt')",
,,,,"('Frank Kolbman', 'Jason Dembick')",
,,,,"('Frank Kolbman', 'Patty Buresch')",
,,,,"('Frank Kolbman', 'Roberta Herr')",
,,,,"('Frank Kolbman', 'Richard Keem')",
,,,,"('Frank Kolbman', 'Henry Secord')",
,,,,"('Frank Kolbman', 'Karen Kline')",
,,,,"('Frank Kolbman', 'Jill Zientek')",
,,,,"('Frank Kolbman', 'James Britt')",
,,,,"('Frank Kolbman', 'Robert Buresch')",
,,,,"('Frank Kolbman', 'Kim Meyer')",
,,,,"('Susan Everett', 'William Newell')",
,,,,"('Susan Everett', 'Dorothy Carlone')",
,,,,"('Susan Everett', 'Geoffrey Hack')",
,,,,"('Susan Everett', 'Pat Joyce')",
,,,,"('Susan Everett', 'Bob Ersing')",
,,,,"('Susan Everett', 'Tammy Adsitt')",
,,,,"('Susan Everett', 'Sandra Smith')",
,,,,"('Susan Everett', 'David Paterson')",
,,,,"('Susan Everett', 'David Pratt')",
,,,,"('Susan Everett', 'Jason Dembick')",
,,,,"('Susan Everett', 'Patty Buresch')",
,,,,"('Susan Everett', 'Roberta Herr')",
,,,,"('Susan Everett', 'Richard Keem')",
,,,,"('Susan Everett', 'Henry Secord')",
,,,,"('Susan Everett', 'Karen Kline')",
,,,,"('Susan Everett', 'Jill Zientek')",
,,,,"('Susan Everett', 'James Britt')",
,,,,"('Susan Everett', 'Robert Buresch')",
,,,,"('Susan Everett', 'Kim Meyer')",
,,,,"('William Newell', 'Dorothy Carlone')",
,,,,"('William Newell', 'Geoffrey Hack')",
,,,,"('William Newell', 'Pat Joyce')",
,,,,"('William Newell', 'Bob Ersing')",
,,,,"('William Newell', 'Tammy Adsitt')",
,,,,"('William Newell', 'Sandra Smith')",
,,,,"('William Newell', 'David Paterson')",
,,,,"('William Newell', 'David Pratt')",
,,,,"('William Newell', 'Jason Dembick')",
,,,,"('William Newell', 'Patty Buresch')",
,,,,"('William Newell', 'Roberta Herr')",
,,,,"('William Newell', 'Richard Keem')",
,,,,"('William Newell', 'Henry Secord')",
,,,,"('William Newell', 'Karen Kline')",
,,,,"('William Newell', 'Jill Zientek')",
,,,,"('William Newell', 'James Britt')",
,,,,"('William Newell', 'Robert Buresch')",
,,,,"('William Newell', 'Kim Meyer')",
,,,,"('Dorothy Carlone', 'Geoffrey Hack')",
,,,,"('Dorothy Carlone', 'Pat Joyce')",
,,,,"('Dorothy Carlone', 'Bob Ersing')",
,,,,"('Dorothy Carlone', 'Tammy Adsitt')",
,,,,"('Dorothy Carlone', 'Sandra Smith')",
,,,,"('Dorothy Carlone', 'David Paterson')",
,,,,"('Dorothy Carlone', 'David Pratt')",
,,,,"('Dorothy Carlone', 'Jason Dembick')",
,,,,"('Dorothy Carlone', 'Patty Buresch')",
,,,,"('Dorothy Carlone', 'Roberta Herr')",
,,,,"('Dorothy Carlone', 'Richard Keem')",
,,,,"('Dorothy Carlone', 'Henry Secord')",
,,,,"('Dorothy Carlone', 'Karen Kline')",
,,,,"('Dorothy Carlone', 'Jill Zientek')",
,,,,"('Dorothy Carlone', 'James Britt')",
,,,,"('Dorothy Carlone', 'Robert Buresch')",
,,,,"('Dorothy Carlone', 'Kim Meyer')",
,,,,"('Geoffrey Hack', 'Pat Joyce')",
,,,,"('Geoffrey Hack', 'Bob Ersing')",
,,,,"('Geoffrey Hack', 'Sandra Smith')",
,,,,"('Geoffrey Hack', 'David Paterson')",
,,,,"('Geoffrey Hack', 'David Pratt')",
,,,,"('Geoffrey Hack', 'Jason Dembick')",
,,,,"('Geoffrey Hack', 'Patty Buresch')",
,,,,"('Geoffrey Hack', 'Richard Keem')",
,,,,"('Geoffrey Hack', 'Henry Secord')",
,,,,"('Geoffrey Hack', 'Jill Zientek')",
,,,,"('Geoffrey Hack', 'James Britt')",
,,,,"('Geoffrey Hack', 'Robert Buresch')",
,,,,"('Pat Joyce', 'Bob Ersing')",
,,,,"('Pat Joyce', 'Tammy Adsitt')",
,,,,"('Pat Joyce', 'Sandra Smith')",
,,,,"('Pat Joyce', 'David Paterson')",
,,,,"('Pat Joyce', 'David Pratt')",
,,,,"('Pat Joyce', 'Jason Dembick')",
,,,,"('Pat Joyce', 'Patty Buresch')",
,,,,"('Pat Joyce', 'Roberta Herr')",
,,,,"('Pat Joyce', 'Richard Keem')",
,,,,"('Pat Joyce', 'Henry Secord')",
,,,,"('Pat Joyce', 'Karen Kline')",
,,,,"('Pat Joyce', 'Jill Zientek')",
,,,,"('Pat Joyce', 'James Britt')",
,,,,"('Pat Joyce', 'Robert Buresch')",
,,,,"('Pat Joyce', 'Kim Meyer')",
,,,,"('Bob Ersing', 'Tammy Adsitt')",
,,,,"('Bob Ersing', 'Sandra Smith')",
,,,,"('Bob Ersing', 'David Paterson')",
,,,,"('Bob Ersing', 'David Pratt')",
,,,,"('Bob Ersing', 'Jason Dembick')",
,,,,"('Bob Ersing', 'Patty Buresch')",
,,,,"('Bob Ersing', 'Roberta Herr')",
,,,,"('Bob Ersing', 'Richard Keem')",
,,,,"('Bob Ersing', 'Henry Secord')",
,,,,"('Bob Ersing', 'Karen Kline')",
,,,,"('Bob Ersing', 'Jill Zientek')",
,,,,"('Bob Ersing', 'James Britt')",
,,,,"('Bob Ersing', 'Robert Buresch')",
,,,,"('Bob Ersing', 'Kim Meyer')",
,,,,"('Tammy Adsitt', 'Sandra Smith')",
,,,,"('Tammy Adsitt', 'David Paterson')",
,,,,"('Tammy Adsitt', 'David Pratt')",
,,,,"('Tammy Adsitt', 'Jason Dembick')",
,,,,"('Tammy Adsitt', 'Patty Buresch')",
,,,,"('Tammy Adsitt', 'Richard Keem')",
,,,,"('Tammy Adsitt', 'Henry Secord')",
,,,,"('Tammy Adsitt', 'Jill Zientek')",
,,,,"('Tammy Adsitt', 'James Britt')",
,,,,"('Tammy Adsitt', 'Robert Buresch')",
,,,,"('Sandra Smith', 'David Paterson')",
,,,,"('Sandra Smith', 'David Pratt')",
,,,,"('Sandra Smith', 'Jason Dembick')",
,,,,"('Sandra Smith', 'Patty Buresch')",
,,,,"('Sandra Smith', 'Roberta Herr')",
,,,,"('Sandra Smith', 'Richard Keem')",
,,,,"('Sandra Smith', 'Henry Secord')",
,,,,"('Sandra Smith', 'Karen Kline')",
,,,,"('Sandra Smith', 'Jill Zientek')",
,,,,"('Sandra Smith', 'James Britt')",
,,,,"('Sandra Smith', 'Robert Buresch')",
,,,,"('Sandra Smith', 'Kim Meyer')",
,,,,"('David Paterson', 'David Pratt')",
,,,,"('David Paterson', 'Jason Dembick')",
,,,,"('David Paterson', 'Patty Buresch')",
,,,,"('David Paterson', 'Roberta Herr')",
,,,,"('David Paterson', 'Richard Keem')",
,,,,"('David Paterson', 'Henry Secord')",
,,,,"('David Paterson', 'Karen Kline')",
,,,,"('David Paterson', 'Jill Zientek')",
,,,,"('David Paterson', 'James Britt')",
,,,,"('David Paterson', 'Robert Buresch')",
,,,,"('David Paterson', 'Kim Meyer')",
,,,,"('David Pratt', 'Jason Dembick')",
,,,,"('David Pratt', 'Patty Buresch')",
,,,,"('David Pratt', 'Roberta Herr')",
,,,,"('David Pratt', 'Richard Keem')",
,,,,"('David Pratt', 'Henry Secord')",
,,,,"('David Pratt', 'Karen Kline')",
,,,,"('David Pratt', 'Jill Zientek')",
,,,,"('David Pratt', 'James Britt')",
,,,,"('David Pratt', 'Robert Buresch')",
,,,,"('David Pratt', 'Kim Meyer')",
,,,,"('Jason Dembick', 'Patty Buresch')",
,,,,"('Jason Dembick', 'Roberta Herr')",
,,,,"('Jason Dembick', 'Richard Keem')",
,,,,"('Jason Dembick', 'Henry Secord')",
,,,,"('Jason Dembick', 'Karen Kline')",
,,,,"('Jason Dembick', 'Jill Zientek')",
,,,,"('Jason Dembick', 'James Britt')",
,,,,"('Jason Dembick', 'Robert Buresch')",
,,,,"('Jason Dembick', 'Kim Meyer')",
,,,,"('Patty Buresch', 'Roberta Herr')",
,,,,"('Patty Buresch', 'Richard Keem')",
,,,,"('Patty Buresch', 'Henry Secord')",
,,,,"('Patty Buresch', 'Karen Kline')",
,,,,"('Patty Buresch', 'Jill Zientek')",
,,,,"('Patty Buresch', 'James Britt')",
,,,,"('Patty Buresch', 'Robert Buresch')",
,,,,"('Patty Buresch', 'Kim Meyer')",
,,,,"('Roberta Herr', 'Richard Keem')",
,,,,"('Roberta Herr', 'Henry Secord')",
,,,,"('Roberta Herr', 'Jill Zientek')",
,,,,"('Roberta Herr', 'James Britt')",
,,,,"('Roberta Herr', 'Robert Buresch')",
,,,,"('Richard Keem', 'Henry Secord')",
,,,,"('Richard Keem', 'Karen Kline')",
,,,,"('Richard Keem', 'Jill Zientek')",
,,,,"('Richard Keem', 'James Britt')",
,,,,"('Richard Keem', 'Robert Buresch')",
,,,,"('Richard Keem', 'Kim Meyer')",
,,,,"('Henry Secord', 'Karen Kline')",
,,,,"('Henry Secord', 'Jill Zientek')",
,,,,"('Henry Secord', 'James Britt')",
,,,,"('Henry Secord', 'Robert Buresch')",
,,,,"('Henry Secord', 'Kim Meyer')",
,,,,"('Karen Kline', 'Jill Zientek')",
,,,,"('Karen Kline', 'James Britt')",
,,,,"('Karen Kline', 'Robert Buresch')",
,,,,"('Jill Zientek', 'James Britt')",
,,,,"('Jill Zientek', 'Robert Buresch')",
,,,,"('Jill Zientek', 'Kim Meyer')",
,,,,"('James Britt', 'Robert Buresch')",
,,,,"('James Britt', 'Kim Meyer')",
