AB Actor Overlap,AB Relationship Overlap,Unique A Actors,Unique B Actors,Unique A Relationships,Unique B Relationships
Richard Flisnik,"('Richard Flisnik', 'Garry Colarusso')",Bonnie Reynolds,Anthony Brindisi,"('Bonnie Reynolds', 'Brian Scala')","('Anthony Brindisi', 'Dan Trevisani')"
Garry Colarusso,,Brian Scala,Dan Trevisani,"('Bonnie Reynolds', 'Brendon Candella')","('Anthony Brindisi', 'George Joseph')"
,,Brendon Candella,George Joseph,"('Bonnie Reynolds', 'William Schmitt')","('Anthony Brindisi', 'Richard Flisnik')"
,,William Schmitt,David Slottje,"('Bonnie Reynolds', 'Keith Schuderer')","('Anthony Brindisi', 'Garry Colarusso')"
,,Keith Schuderer,Lorrie Wasielewski,"('Bonnie Reynolds', 'Thomas Phelps')","('Anthony Brindisi', 'David Slottje')"
,,Thomas Phelps,Patrick Brennan,"('Bonnie Reynolds', 'Richard Flisnik')","('Anthony Brindisi', 'Lorrie Wasielewski')"
,,Gregory Johnson,Helen Slottje,"('Bonnie Reynolds', 'Garry Colarusso')","('Anthony Brindisi', 'Patrick Brennan')"
,,Caren Diamond,Brian Mandryck,"('Bonnie Reynolds', 'Gregory Johnson')","('Anthony Brindisi', 'Helen Slottje')"
,,Francine Broccoli,Harmony Speciale,"('Bonnie Reynolds', 'Caren Diamond')","('Anthony Brindisi', 'Brian Mandryck')"
,,John Bronk,Richard Hanna,"('Bonnie Reynolds', 'Francine Broccoli')","('Anthony Brindisi', 'Harmony Speciale')"
,,Terri Sciortino,RoAnn Destito,"('Bonnie Reynolds', 'John Bronk')","('Anthony Brindisi', 'Richard Hanna')"
,,Frank Pinnisi,Peggy Frantz,"('Bonnie Reynolds', 'Terri Sciortino')","('Anthony Brindisi', 'RoAnn Destito')"
,,Sandy Scofield,Les Porter,"('Bonnie Reynolds', 'Frank Pinnisi')","('Anthony Brindisi', 'Peggy Frantz')"
,,Richard Panella,Greg Johnson,"('Bonnie Reynolds', 'Sandy Scofield')","('Anthony Brindisi', 'Les Porter')"
,,Lant Wagner,Michael Arcuri,"('Bonnie Reynolds', 'Richard Panella')","('Anthony Brindisi', 'Greg Johnson')"
,,Monique Brechter,Duane Ulrich,"('Bonnie Reynolds', 'Lant Wagner')","('Anthony Brindisi', 'Michael Arcuri')"
,,Carl Annese,Jannette Barthe,"('Bonnie Reynolds', 'Monique Brechter')","('Anthony Brindisi', 'Duane Ulrich')"
,,Gina Schillaci,David Wood,"('Bonnie Reynolds', 'Carl Annese')","('Anthony Brindisi', 'Jannette Barthe')"
,,Richard Quigley,Shirley Adams,"('Bonnie Reynolds', 'Gina Schillaci')","('Anthony Brindisi', 'David Wood')"
,,James Goodman,Jody Lynn Henry,"('Bonnie Reynolds', 'Richard Quigley')","('Anthony Brindisi', 'Shirley Adams')"
,,Toshia Hance,Michael Waterman,"('Bonnie Reynolds', 'James Goodman')","('Anthony Brindisi', 'Jody Lynn Henry')"
,,Vito Sciortino,,"('Bonnie Reynolds', 'Toshia Hance')","('Anthony Brindisi', 'Michael Waterman')"
,,Caleton Corey,,"('Bonnie Reynolds', 'Vito Sciortino')","('Dan Trevisani', 'George Joseph')"
,,Steve Zywiak,,"('Bonnie Reynolds', 'Caleton Corey')","('Dan Trevisani', 'Richard Flisnik')"
,,Carson Sorrell,,"('Bonnie Reynolds', 'Steve Zywiak')","('Dan Trevisani', 'Garry Colarusso')"
,,Brendon M Candella,,"('Bonnie Reynolds', 'Carson Sorrell')","('Dan Trevisani', 'David Slottje')"
,,Patrick Clark,,"('Bonnie Reynolds', 'Brendon M Candella')","('Dan Trevisani', 'Lorrie Wasielewski')"
,,Michael Pawloski,,"('Bonnie Reynolds', 'Patrick Clark')","('Dan Trevisani', 'Patrick Brennan')"
,,Thomas Pianella,,"('Bonnie Reynolds', 'Michael Pawloski')","('Dan Trevisani', 'Helen Slottje')"
,,Robert Lambe,,"('Bonnie Reynolds', 'Thomas Pianella')","('Dan Trevisani', 'Brian Mandryck')"
,,Timothy Russell,,"('Bonnie Reynolds', 'Robert Lambe')","('Dan Trevisani', 'Harmony Speciale')"
,,Daniel Berkhoudt,,"('Bonnie Reynolds', 'Timothy Russell')","('Dan Trevisani', 'Richard Hanna')"
,,Paul Evans,,"('Bonnie Reynolds', 'Daniel Berkhoudt')","('Dan Trevisani', 'RoAnn Destito')"
,,,,"('Bonnie Reynolds', 'Paul Evans')","('Dan Trevisani', 'Peggy Frantz')"
,,,,"('Brian Scala', 'Brendon Candella')","('Dan Trevisani', 'Les Porter')"
,,,,"('Brian Scala', 'William Schmitt')","('Dan Trevisani', 'Greg Johnson')"
,,,,"('Brian Scala', 'Keith Schuderer')","('Dan Trevisani', 'Michael Arcuri')"
,,,,"('Brian Scala', 'Thomas Phelps')","('Dan Trevisani', 'Duane Ulrich')"
,,,,"('Brian Scala', 'Richard Flisnik')","('Dan Trevisani', 'Jannette Barthe')"
,,,,"('Brian Scala', 'Garry Colarusso')","('Dan Trevisani', 'David Wood')"
,,,,"('Brian Scala', 'Gregory Johnson')","('Dan Trevisani', 'Shirley Adams')"
,,,,"('Brian Scala', 'Caren Diamond')","('Dan Trevisani', 'Jody Lynn Henry')"
,,,,"('Brian Scala', 'Francine Broccoli')","('Dan Trevisani', 'Michael Waterman')"
,,,,"('Brian Scala', 'Caleton Corey')","('George Joseph', 'Richard Flisnik')"
,,,,"('Brian Scala', 'Terri Sciortino')","('George Joseph', 'Garry Colarusso')"
,,,,"('Brian Scala', 'Frank Pinnisi')","('George Joseph', 'David Slottje')"
,,,,"('Brian Scala', 'Sandy Scofield')","('George Joseph', 'Lorrie Wasielewski')"
,,,,"('Brian Scala', 'Richard Panella')","('George Joseph', 'Patrick Brennan')"
,,,,"('Brian Scala', 'Lant Wagner')","('George Joseph', 'Helen Slottje')"
,,,,"('Brian Scala', 'Monique Brechter')","('George Joseph', 'Brian Mandryck')"
,,,,"('Brian Scala', 'Carl Annese')","('George Joseph', 'Harmony Speciale')"
,,,,"('Brian Scala', 'Gina Schillaci')","('George Joseph', 'Richard Hanna')"
,,,,"('Brian Scala', 'Richard Quigley')","('George Joseph', 'RoAnn Destito')"
,,,,"('Brian Scala', 'James Goodman')","('George Joseph', 'Peggy Frantz')"
,,,,"('Brian Scala', 'Toshia Hance')","('George Joseph', 'Les Porter')"
,,,,"('Brian Scala', 'Vito Sciortino')","('George Joseph', 'Greg Johnson')"
,,,,"('Brian Scala', 'John Bronk')","('George Joseph', 'Michael Arcuri')"
,,,,"('Brian Scala', 'Steve Zywiak')","('George Joseph', 'Duane Ulrich')"
,,,,"('Brian Scala', 'Carson Sorrell')","('George Joseph', 'Jannette Barthe')"
,,,,"('Brian Scala', 'Brendon M Candella')","('George Joseph', 'David Wood')"
,,,,"('Brian Scala', 'Patrick Clark')","('George Joseph', 'Shirley Adams')"
,,,,"('Brian Scala', 'Michael Pawloski')","('George Joseph', 'Jody Lynn Henry')"
,,,,"('Brian Scala', 'Thomas Pianella')","('George Joseph', 'Michael Waterman')"
,,,,"('Brian Scala', 'Robert Lambe')","('Richard Flisnik', 'David Slottje')"
,,,,"('Brian Scala', 'Timothy Russell')","('Richard Flisnik', 'Lorrie Wasielewski')"
,,,,"('Brian Scala', 'Daniel Berkhoudt')","('Richard Flisnik', 'Patrick Brennan')"
,,,,"('Brian Scala', 'Paul Evans')","('Richard Flisnik', 'Helen Slottje')"
,,,,"('Brendon Candella', 'William Schmitt')","('Richard Flisnik', 'Brian Mandryck')"
,,,,"('Brendon Candella', 'Keith Schuderer')","('Richard Flisnik', 'Harmony Speciale')"
,,,,"('Brendon Candella', 'Thomas Phelps')","('Richard Flisnik', 'Richard Hanna')"
,,,,"('Brendon Candella', 'Richard Flisnik')","('Richard Flisnik', 'RoAnn Destito')"
,,,,"('Brendon Candella', 'Garry Colarusso')","('Richard Flisnik', 'Peggy Frantz')"
,,,,"('Brendon Candella', 'Gregory Johnson')","('Richard Flisnik', 'Les Porter')"
,,,,"('Brendon Candella', 'Caren Diamond')","('Richard Flisnik', 'Greg Johnson')"
,,,,"('Brendon Candella', 'Francine Broccoli')","('Richard Flisnik', 'Michael Arcuri')"
,,,,"('Brendon Candella', 'Caleton Corey')","('Richard Flisnik', 'Duane Ulrich')"
,,,,"('Brendon Candella', 'Terri Sciortino')","('Richard Flisnik', 'Jannette Barthe')"
,,,,"('Brendon Candella', 'Frank Pinnisi')","('Richard Flisnik', 'David Wood')"
,,,,"('Brendon Candella', 'Sandy Scofield')","('Richard Flisnik', 'Shirley Adams')"
,,,,"('Brendon Candella', 'Richard Panella')","('Richard Flisnik', 'Jody Lynn Henry')"
,,,,"('Brendon Candella', 'Lant Wagner')","('Richard Flisnik', 'Michael Waterman')"
,,,,"('Brendon Candella', 'Monique Brechter')","('Garry Colarusso', 'David Slottje')"
,,,,"('Brendon Candella', 'Carl Annese')","('Garry Colarusso', 'Lorrie Wasielewski')"
,,,,"('Brendon Candella', 'Gina Schillaci')","('Garry Colarusso', 'Patrick Brennan')"
,,,,"('Brendon Candella', 'Richard Quigley')","('Garry Colarusso', 'Helen Slottje')"
,,,,"('Brendon Candella', 'James Goodman')","('Garry Colarusso', 'Brian Mandryck')"
,,,,"('Brendon Candella', 'Toshia Hance')","('Garry Colarusso', 'Harmony Speciale')"
,,,,"('Brendon Candella', 'Vito Sciortino')","('Garry Colarusso', 'Richard Hanna')"
,,,,"('Brendon Candella', 'John Bronk')","('Garry Colarusso', 'RoAnn Destito')"
,,,,"('Brendon Candella', 'Steve Zywiak')","('Garry Colarusso', 'Peggy Frantz')"
,,,,"('Brendon Candella', 'Carson Sorrell')","('Garry Colarusso', 'Les Porter')"
,,,,"('Brendon Candella', 'Brendon M Candella')","('Garry Colarusso', 'Greg Johnson')"
,,,,"('Brendon Candella', 'Patrick Clark')","('Garry Colarusso', 'Michael Arcuri')"
,,,,"('Brendon Candella', 'Michael Pawloski')","('Garry Colarusso', 'Duane Ulrich')"
,,,,"('Brendon Candella', 'Thomas Pianella')","('Garry Colarusso', 'Jannette Barthe')"
,,,,"('Brendon Candella', 'Robert Lambe')","('Garry Colarusso', 'David Wood')"
,,,,"('Brendon Candella', 'Timothy Russell')","('Garry Colarusso', 'Shirley Adams')"
,,,,"('Brendon Candella', 'Daniel Berkhoudt')","('Garry Colarusso', 'Jody Lynn Henry')"
,,,,"('Brendon Candella', 'Paul Evans')","('Garry Colarusso', 'Michael Waterman')"
,,,,"('William Schmitt', 'Keith Schuderer')","('David Slottje', 'Jody Lynn Henry')"
,,,,"('William Schmitt', 'Thomas Phelps')","('David Slottje', 'Lorrie Wasielewski')"
,,,,"('William Schmitt', 'Richard Flisnik')","('David Slottje', 'Patrick Brennan')"
,,,,"('William Schmitt', 'Garry Colarusso')","('David Slottje', 'Helen Slottje')"
,,,,"('William Schmitt', 'Gregory Johnson')","('David Slottje', 'Brian Mandryck')"
,,,,"('William Schmitt', 'Caren Diamond')","('David Slottje', 'Harmony Speciale')"
,,,,"('William Schmitt', 'Francine Broccoli')","('David Slottje', 'Richard Hanna')"
,,,,"('William Schmitt', 'John Bronk')","('David Slottje', 'RoAnn Destito')"
,,,,"('William Schmitt', 'Terri Sciortino')","('David Slottje', 'Peggy Frantz')"
,,,,"('William Schmitt', 'Frank Pinnisi')","('David Slottje', 'Les Porter')"
,,,,"('William Schmitt', 'Sandy Scofield')","('David Slottje', 'Greg Johnson')"
,,,,"('William Schmitt', 'Richard Panella')","('David Slottje', 'Michael Arcuri')"
,,,,"('William Schmitt', 'Lant Wagner')","('David Slottje', 'Duane Ulrich')"
,,,,"('William Schmitt', 'Monique Brechter')","('David Slottje', 'Jannette Barthe')"
,,,,"('William Schmitt', 'Carl Annese')","('David Slottje', 'David Wood')"
,,,,"('William Schmitt', 'Gina Schillaci')","('David Slottje', 'Shirley Adams')"
,,,,"('William Schmitt', 'Richard Quigley')","('David Slottje', 'Michael Waterman')"
,,,,"('William Schmitt', 'James Goodman')","('Lorrie Wasielewski', 'Patrick Brennan')"
,,,,"('William Schmitt', 'Toshia Hance')","('Lorrie Wasielewski', 'Helen Slottje')"
,,,,"('William Schmitt', 'Vito Sciortino')","('Lorrie Wasielewski', 'Brian Mandryck')"
,,,,"('William Schmitt', 'Caleton Corey')","('Lorrie Wasielewski', 'Harmony Speciale')"
,,,,"('William Schmitt', 'Steve Zywiak')","('Lorrie Wasielewski', 'Richard Hanna')"
,,,,"('William Schmitt', 'Carson Sorrell')","('Lorrie Wasielewski', 'RoAnn Destito')"
,,,,"('William Schmitt', 'Brendon M Candella')","('Lorrie Wasielewski', 'Peggy Frantz')"
,,,,"('William Schmitt', 'Patrick Clark')","('Lorrie Wasielewski', 'Les Porter')"
,,,,"('William Schmitt', 'Michael Pawloski')","('Lorrie Wasielewski', 'Greg Johnson')"
,,,,"('William Schmitt', 'Thomas Pianella')","('Lorrie Wasielewski', 'Michael Arcuri')"
,,,,"('William Schmitt', 'Robert Lambe')","('Lorrie Wasielewski', 'Duane Ulrich')"
,,,,"('William Schmitt', 'Timothy Russell')","('Lorrie Wasielewski', 'Jannette Barthe')"
,,,,"('William Schmitt', 'Daniel Berkhoudt')","('Lorrie Wasielewski', 'David Wood')"
,,,,"('William Schmitt', 'Paul Evans')","('Lorrie Wasielewski', 'Shirley Adams')"
,,,,"('Keith Schuderer', 'Thomas Phelps')","('Lorrie Wasielewski', 'Jody Lynn Henry')"
,,,,"('Keith Schuderer', 'Richard Flisnik')","('Lorrie Wasielewski', 'Michael Waterman')"
,,,,"('Keith Schuderer', 'Garry Colarusso')","('Patrick Brennan', 'Helen Slottje')"
,,,,"('Keith Schuderer', 'Gregory Johnson')","('Patrick Brennan', 'Brian Mandryck')"
,,,,"('Keith Schuderer', 'Caren Diamond')","('Patrick Brennan', 'Harmony Speciale')"
,,,,"('Keith Schuderer', 'Francine Broccoli')","('Patrick Brennan', 'Richard Hanna')"
,,,,"('Keith Schuderer', 'John Bronk')","('Patrick Brennan', 'RoAnn Destito')"
,,,,"('Keith Schuderer', 'Terri Sciortino')","('Patrick Brennan', 'Peggy Frantz')"
,,,,"('Keith Schuderer', 'Frank Pinnisi')","('Patrick Brennan', 'Les Porter')"
,,,,"('Keith Schuderer', 'Sandy Scofield')","('Patrick Brennan', 'Greg Johnson')"
,,,,"('Keith Schuderer', 'Richard Panella')","('Patrick Brennan', 'Michael Arcuri')"
,,,,"('Keith Schuderer', 'Lant Wagner')","('Patrick Brennan', 'Duane Ulrich')"
,,,,"('Keith Schuderer', 'Monique Brechter')","('Patrick Brennan', 'Jannette Barthe')"
,,,,"('Keith Schuderer', 'Carl Annese')","('Patrick Brennan', 'David Wood')"
,,,,"('Keith Schuderer', 'Gina Schillaci')","('Patrick Brennan', 'Shirley Adams')"
,,,,"('Keith Schuderer', 'Richard Quigley')","('Patrick Brennan', 'Jody Lynn Henry')"
,,,,"('Keith Schuderer', 'James Goodman')","('Patrick Brennan', 'Michael Waterman')"
,,,,"('Keith Schuderer', 'Toshia Hance')","('Helen Slottje', 'Brian Mandryck')"
,,,,"('Keith Schuderer', 'Vito Sciortino')","('Helen Slottje', 'Harmony Speciale')"
,,,,"('Keith Schuderer', 'Caleton Corey')","('Helen Slottje', 'Richard Hanna')"
,,,,"('Keith Schuderer', 'Steve Zywiak')","('Helen Slottje', 'RoAnn Destito')"
,,,,"('Keith Schuderer', 'Carson Sorrell')","('Helen Slottje', 'Peggy Frantz')"
,,,,"('Keith Schuderer', 'Brendon M Candella')","('Helen Slottje', 'Les Porter')"
,,,,"('Keith Schuderer', 'Patrick Clark')","('Helen Slottje', 'Greg Johnson')"
,,,,"('Keith Schuderer', 'Michael Pawloski')","('Helen Slottje', 'Michael Arcuri')"
,,,,"('Keith Schuderer', 'Thomas Pianella')","('Helen Slottje', 'Duane Ulrich')"
,,,,"('Keith Schuderer', 'Robert Lambe')","('Helen Slottje', 'Jannette Barthe')"
,,,,"('Keith Schuderer', 'Timothy Russell')","('Helen Slottje', 'David Wood')"
,,,,"('Keith Schuderer', 'Daniel Berkhoudt')","('Helen Slottje', 'Shirley Adams')"
,,,,"('Keith Schuderer', 'Paul Evans')","('Helen Slottje', 'Jody Lynn Henry')"
,,,,"('Thomas Phelps', 'Richard Flisnik')","('Helen Slottje', 'Michael Waterman')"
,,,,"('Thomas Phelps', 'Garry Colarusso')","('Brian Mandryck', 'Harmony Speciale')"
,,,,"('Thomas Phelps', 'Gregory Johnson')","('Brian Mandryck', 'Richard Hanna')"
,,,,"('Thomas Phelps', 'Caren Diamond')","('Brian Mandryck', 'RoAnn Destito')"
,,,,"('Thomas Phelps', 'Francine Broccoli')","('Brian Mandryck', 'Peggy Frantz')"
,,,,"('Thomas Phelps', 'John Bronk')","('Brian Mandryck', 'Les Porter')"
,,,,"('Thomas Phelps', 'Terri Sciortino')","('Brian Mandryck', 'Greg Johnson')"
,,,,"('Thomas Phelps', 'Frank Pinnisi')","('Brian Mandryck', 'Michael Arcuri')"
,,,,"('Thomas Phelps', 'Sandy Scofield')","('Brian Mandryck', 'Duane Ulrich')"
,,,,"('Thomas Phelps', 'Richard Panella')","('Brian Mandryck', 'Jannette Barthe')"
,,,,"('Thomas Phelps', 'Lant Wagner')","('Brian Mandryck', 'David Wood')"
,,,,"('Thomas Phelps', 'Monique Brechter')","('Brian Mandryck', 'Shirley Adams')"
,,,,"('Thomas Phelps', 'Carl Annese')","('Brian Mandryck', 'Jody Lynn Henry')"
,,,,"('Thomas Phelps', 'Gina Schillaci')","('Brian Mandryck', 'Michael Waterman')"
,,,,"('Thomas Phelps', 'Richard Quigley')","('Harmony Speciale', 'Richard Hanna')"
,,,,"('Thomas Phelps', 'James Goodman')","('Harmony Speciale', 'RoAnn Destito')"
,,,,"('Thomas Phelps', 'Toshia Hance')","('Harmony Speciale', 'Peggy Frantz')"
,,,,"('Thomas Phelps', 'Vito Sciortino')","('Harmony Speciale', 'Les Porter')"
,,,,"('Thomas Phelps', 'Caleton Corey')","('Harmony Speciale', 'Greg Johnson')"
,,,,"('Thomas Phelps', 'Steve Zywiak')","('Harmony Speciale', 'Michael Arcuri')"
,,,,"('Thomas Phelps', 'Carson Sorrell')","('Harmony Speciale', 'Duane Ulrich')"
,,,,"('Thomas Phelps', 'Brendon M Candella')","('Harmony Speciale', 'Jannette Barthe')"
,,,,"('Thomas Phelps', 'Patrick Clark')","('Harmony Speciale', 'David Wood')"
,,,,"('Thomas Phelps', 'Michael Pawloski')","('Harmony Speciale', 'Shirley Adams')"
,,,,"('Thomas Phelps', 'Thomas Pianella')","('Harmony Speciale', 'Jody Lynn Henry')"
,,,,"('Thomas Phelps', 'Robert Lambe')","('Harmony Speciale', 'Michael Waterman')"
,,,,"('Thomas Phelps', 'Timothy Russell')","('Richard Hanna', 'RoAnn Destito')"
,,,,"('Thomas Phelps', 'Daniel Berkhoudt')","('Richard Hanna', 'Peggy Frantz')"
,,,,"('Thomas Phelps', 'Paul Evans')","('Richard Hanna', 'Les Porter')"
,,,,"('Richard Flisnik', 'Gregory Johnson')","('Richard Hanna', 'Greg Johnson')"
,,,,"('Richard Flisnik', 'Caren Diamond')","('Richard Hanna', 'Michael Arcuri')"
,,,,"('Richard Flisnik', 'Francine Broccoli')","('Richard Hanna', 'Duane Ulrich')"
,,,,"('Richard Flisnik', 'John Bronk')","('Richard Hanna', 'Jannette Barthe')"
,,,,"('Richard Flisnik', 'Terri Sciortino')","('Richard Hanna', 'David Wood')"
,,,,"('Richard Flisnik', 'Frank Pinnisi')","('Richard Hanna', 'Shirley Adams')"
,,,,"('Richard Flisnik', 'Sandy Scofield')","('Richard Hanna', 'Jody Lynn Henry')"
,,,,"('Richard Flisnik', 'Richard Panella')","('Richard Hanna', 'Michael Waterman')"
,,,,"('Richard Flisnik', 'Lant Wagner')","('RoAnn Destito', 'Peggy Frantz')"
,,,,"('Richard Flisnik', 'Monique Brechter')","('RoAnn Destito', 'Les Porter')"
,,,,"('Richard Flisnik', 'Carl Annese')","('RoAnn Destito', 'Greg Johnson')"
,,,,"('Richard Flisnik', 'Gina Schillaci')","('RoAnn Destito', 'Michael Arcuri')"
,,,,"('Richard Flisnik', 'Richard Quigley')","('RoAnn Destito', 'Duane Ulrich')"
,,,,"('Richard Flisnik', 'James Goodman')","('RoAnn Destito', 'Jannette Barthe')"
,,,,"('Richard Flisnik', 'Toshia Hance')","('RoAnn Destito', 'David Wood')"
,,,,"('Richard Flisnik', 'Vito Sciortino')","('RoAnn Destito', 'Shirley Adams')"
,,,,"('Richard Flisnik', 'Caleton Corey')","('RoAnn Destito', 'Jody Lynn Henry')"
,,,,"('Richard Flisnik', 'Steve Zywiak')","('RoAnn Destito', 'Michael Waterman')"
,,,,"('Richard Flisnik', 'Carson Sorrell')","('Peggy Frantz', 'Les Porter')"
,,,,"('Richard Flisnik', 'Brendon M Candella')","('Peggy Frantz', 'Greg Johnson')"
,,,,"('Richard Flisnik', 'Patrick Clark')","('Peggy Frantz', 'Michael Arcuri')"
,,,,"('Richard Flisnik', 'Michael Pawloski')","('Peggy Frantz', 'Duane Ulrich')"
,,,,"('Richard Flisnik', 'Thomas Pianella')","('Peggy Frantz', 'Jannette Barthe')"
,,,,"('Richard Flisnik', 'Robert Lambe')","('Peggy Frantz', 'David Wood')"
,,,,"('Richard Flisnik', 'Timothy Russell')","('Peggy Frantz', 'Shirley Adams')"
,,,,"('Richard Flisnik', 'Daniel Berkhoudt')","('Peggy Frantz', 'Jody Lynn Henry')"
,,,,"('Richard Flisnik', 'Paul Evans')","('Peggy Frantz', 'Michael Waterman')"
,,,,"('Garry Colarusso', 'Timothy Russell')","('Les Porter', 'Greg Johnson')"
,,,,"('Garry Colarusso', 'Gregory Johnson')","('Les Porter', 'Michael Arcuri')"
,,,,"('Garry Colarusso', 'Caren Diamond')","('Les Porter', 'Duane Ulrich')"
,,,,"('Garry Colarusso', 'Francine Broccoli')","('Les Porter', 'Jannette Barthe')"
,,,,"('Garry Colarusso', 'John Bronk')","('Les Porter', 'David Wood')"
,,,,"('Garry Colarusso', 'Terri Sciortino')","('Les Porter', 'Shirley Adams')"
,,,,"('Garry Colarusso', 'Frank Pinnisi')","('Les Porter', 'Jody Lynn Henry')"
,,,,"('Garry Colarusso', 'Sandy Scofield')","('Les Porter', 'Michael Waterman')"
,,,,"('Garry Colarusso', 'Richard Panella')","('Greg Johnson', 'Michael Arcuri')"
,,,,"('Garry Colarusso', 'Lant Wagner')","('Greg Johnson', 'Duane Ulrich')"
,,,,"('Garry Colarusso', 'Monique Brechter')","('Greg Johnson', 'Jannette Barthe')"
,,,,"('Garry Colarusso', 'Carl Annese')","('Greg Johnson', 'David Wood')"
,,,,"('Garry Colarusso', 'Gina Schillaci')","('Greg Johnson', 'Shirley Adams')"
,,,,"('Garry Colarusso', 'Richard Quigley')","('Greg Johnson', 'Jody Lynn Henry')"
,,,,"('Garry Colarusso', 'James Goodman')","('Greg Johnson', 'Michael Waterman')"
,,,,"('Garry Colarusso', 'Toshia Hance')","('Michael Arcuri', 'Duane Ulrich')"
,,,,"('Garry Colarusso', 'Vito Sciortino')","('Michael Arcuri', 'Jannette Barthe')"
,,,,"('Garry Colarusso', 'Caleton Corey')","('Michael Arcuri', 'David Wood')"
,,,,"('Garry Colarusso', 'Steve Zywiak')","('Michael Arcuri', 'Shirley Adams')"
,,,,"('Garry Colarusso', 'Carson Sorrell')","('Michael Arcuri', 'Jody Lynn Henry')"
,,,,"('Garry Colarusso', 'Brendon M Candella')","('Michael Arcuri', 'Michael Waterman')"
,,,,"('Garry Colarusso', 'Patrick Clark')","('Duane Ulrich', 'Jannette Barthe')"
,,,,"('Garry Colarusso', 'Michael Pawloski')","('Duane Ulrich', 'David Wood')"
,,,,"('Garry Colarusso', 'Thomas Pianella')","('Duane Ulrich', 'Shirley Adams')"
,,,,"('Garry Colarusso', 'Robert Lambe')","('Duane Ulrich', 'Jody Lynn Henry')"
,,,,"('Garry Colarusso', 'Daniel Berkhoudt')","('Duane Ulrich', 'Michael Waterman')"
,,,,"('Garry Colarusso', 'Paul Evans')","('Jannette Barthe', 'David Wood')"
,,,,"('Gregory Johnson', 'Caren Diamond')","('Jannette Barthe', 'Shirley Adams')"
,,,,"('Gregory Johnson', 'Francine Broccoli')","('Jannette Barthe', 'Jody Lynn Henry')"
,,,,"('Gregory Johnson', 'Caleton Corey')","('Jannette Barthe', 'Michael Waterman')"
,,,,"('Gregory Johnson', 'Terri Sciortino')","('David Wood', 'Shirley Adams')"
,,,,"('Gregory Johnson', 'Frank Pinnisi')","('David Wood', 'Jody Lynn Henry')"
,,,,"('Gregory Johnson', 'Sandy Scofield')","('David Wood', 'Michael Waterman')"
,,,,"('Gregory Johnson', 'Richard Panella')","('Shirley Adams', 'Jody Lynn Henry')"
,,,,"('Gregory Johnson', 'Lant Wagner')","('Shirley Adams', 'Michael Waterman')"
,,,,"('Gregory Johnson', 'Monique Brechter')","('Jody Lynn Henry', 'Michael Waterman')"
,,,,"('Gregory Johnson', 'Carl Annese')",
,,,,"('Gregory Johnson', 'Gina Schillaci')",
,,,,"('Gregory Johnson', 'Richard Quigley')",
,,,,"('Gregory Johnson', 'James Goodman')",
,,,,"('Gregory Johnson', 'Toshia Hance')",
,,,,"('Gregory Johnson', 'Vito Sciortino')",
,,,,"('Gregory Johnson', 'John Bronk')",
,,,,"('Gregory Johnson', 'Steve Zywiak')",
,,,,"('Gregory Johnson', 'Carson Sorrell')",
,,,,"('Gregory Johnson', 'Brendon M Candella')",
,,,,"('Gregory Johnson', 'Patrick Clark')",
,,,,"('Gregory Johnson', 'Michael Pawloski')",
,,,,"('Gregory Johnson', 'Thomas Pianella')",
,,,,"('Gregory Johnson', 'Robert Lambe')",
,,,,"('Gregory Johnson', 'Timothy Russell')",
,,,,"('Gregory Johnson', 'Daniel Berkhoudt')",
,,,,"('Gregory Johnson', 'Paul Evans')",
,,,,"('Caren Diamond', 'Francine Broccoli')",
,,,,"('Caren Diamond', 'John Bronk')",
,,,,"('Caren Diamond', 'Terri Sciortino')",
,,,,"('Caren Diamond', 'Frank Pinnisi')",
,,,,"('Caren Diamond', 'Sandy Scofield')",
,,,,"('Caren Diamond', 'Richard Panella')",
,,,,"('Caren Diamond', 'Lant Wagner')",
,,,,"('Caren Diamond', 'Monique Brechter')",
,,,,"('Caren Diamond', 'Carl Annese')",
,,,,"('Caren Diamond', 'Gina Schillaci')",
,,,,"('Caren Diamond', 'Richard Quigley')",
,,,,"('Caren Diamond', 'James Goodman')",
,,,,"('Caren Diamond', 'Toshia Hance')",
,,,,"('Caren Diamond', 'Vito Sciortino')",
,,,,"('Caren Diamond', 'Caleton Corey')",
,,,,"('Caren Diamond', 'Steve Zywiak')",
,,,,"('Caren Diamond', 'Carson Sorrell')",
,,,,"('Caren Diamond', 'Brendon M Candella')",
,,,,"('Caren Diamond', 'Patrick Clark')",
,,,,"('Caren Diamond', 'Michael Pawloski')",
,,,,"('Caren Diamond', 'Thomas Pianella')",
,,,,"('Caren Diamond', 'Robert Lambe')",
,,,,"('Caren Diamond', 'Timothy Russell')",
,,,,"('Caren Diamond', 'Daniel Berkhoudt')",
,,,,"('Caren Diamond', 'Paul Evans')",
,,,,"('Francine Broccoli', 'John Bronk')",
,,,,"('Francine Broccoli', 'Terri Sciortino')",
,,,,"('Francine Broccoli', 'Frank Pinnisi')",
,,,,"('Francine Broccoli', 'Sandy Scofield')",
,,,,"('Francine Broccoli', 'Richard Panella')",
,,,,"('Francine Broccoli', 'Lant Wagner')",
,,,,"('Francine Broccoli', 'Monique Brechter')",
,,,,"('Francine Broccoli', 'Carl Annese')",
,,,,"('Francine Broccoli', 'Gina Schillaci')",
,,,,"('Francine Broccoli', 'Richard Quigley')",
,,,,"('Francine Broccoli', 'James Goodman')",
,,,,"('Francine Broccoli', 'Toshia Hance')",
,,,,"('Francine Broccoli', 'Vito Sciortino')",
,,,,"('Francine Broccoli', 'Caleton Corey')",
,,,,"('Francine Broccoli', 'Steve Zywiak')",
,,,,"('Francine Broccoli', 'Carson Sorrell')",
,,,,"('Francine Broccoli', 'Brendon M Candella')",
,,,,"('Francine Broccoli', 'Patrick Clark')",
,,,,"('Francine Broccoli', 'Michael Pawloski')",
,,,,"('Francine Broccoli', 'Thomas Pianella')",
,,,,"('Francine Broccoli', 'Robert Lambe')",
,,,,"('Francine Broccoli', 'Timothy Russell')",
,,,,"('Francine Broccoli', 'Daniel Berkhoudt')",
,,,,"('Francine Broccoli', 'Paul Evans')",
,,,,"('John Bronk', 'Caleton Corey')",
,,,,"('John Bronk', 'Terri Sciortino')",
,,,,"('John Bronk', 'Frank Pinnisi')",
,,,,"('John Bronk', 'Sandy Scofield')",
,,,,"('John Bronk', 'Richard Panella')",
,,,,"('John Bronk', 'Lant Wagner')",
,,,,"('John Bronk', 'Monique Brechter')",
,,,,"('John Bronk', 'Carl Annese')",
,,,,"('John Bronk', 'Gina Schillaci')",
,,,,"('John Bronk', 'Richard Quigley')",
,,,,"('John Bronk', 'James Goodman')",
,,,,"('John Bronk', 'Toshia Hance')",
,,,,"('John Bronk', 'Vito Sciortino')",
,,,,"('John Bronk', 'Steve Zywiak')",
,,,,"('John Bronk', 'Carson Sorrell')",
,,,,"('John Bronk', 'Brendon M Candella')",
,,,,"('John Bronk', 'Patrick Clark')",
,,,,"('John Bronk', 'Michael Pawloski')",
,,,,"('John Bronk', 'Thomas Pianella')",
,,,,"('John Bronk', 'Robert Lambe')",
,,,,"('John Bronk', 'Timothy Russell')",
,,,,"('John Bronk', 'Daniel Berkhoudt')",
,,,,"('John Bronk', 'Paul Evans')",
,,,,"('Terri Sciortino', 'Frank Pinnisi')",
,,,,"('Terri Sciortino', 'Sandy Scofield')",
,,,,"('Terri Sciortino', 'Richard Panella')",
,,,,"('Terri Sciortino', 'Lant Wagner')",
,,,,"('Terri Sciortino', 'Monique Brechter')",
,,,,"('Terri Sciortino', 'Carl Annese')",
,,,,"('Terri Sciortino', 'Gina Schillaci')",
,,,,"('Terri Sciortino', 'Richard Quigley')",
,,,,"('Terri Sciortino', 'James Goodman')",
,,,,"('Terri Sciortino', 'Toshia Hance')",
,,,,"('Terri Sciortino', 'Vito Sciortino')",
,,,,"('Terri Sciortino', 'Caleton Corey')",
,,,,"('Terri Sciortino', 'Steve Zywiak')",
,,,,"('Terri Sciortino', 'Carson Sorrell')",
,,,,"('Terri Sciortino', 'Brendon M Candella')",
,,,,"('Terri Sciortino', 'Patrick Clark')",
,,,,"('Terri Sciortino', 'Michael Pawloski')",
,,,,"('Terri Sciortino', 'Thomas Pianella')",
,,,,"('Terri Sciortino', 'Robert Lambe')",
,,,,"('Terri Sciortino', 'Timothy Russell')",
,,,,"('Terri Sciortino', 'Daniel Berkhoudt')",
,,,,"('Terri Sciortino', 'Paul Evans')",
,,,,"('Frank Pinnisi', 'Sandy Scofield')",
,,,,"('Frank Pinnisi', 'Richard Panella')",
,,,,"('Frank Pinnisi', 'Lant Wagner')",
,,,,"('Frank Pinnisi', 'Monique Brechter')",
,,,,"('Frank Pinnisi', 'Carl Annese')",
,,,,"('Frank Pinnisi', 'Gina Schillaci')",
,,,,"('Frank Pinnisi', 'Richard Quigley')",
,,,,"('Frank Pinnisi', 'James Goodman')",
,,,,"('Frank Pinnisi', 'Toshia Hance')",
,,,,"('Frank Pinnisi', 'Vito Sciortino')",
,,,,"('Frank Pinnisi', 'Caleton Corey')",
,,,,"('Frank Pinnisi', 'Steve Zywiak')",
,,,,"('Frank Pinnisi', 'Carson Sorrell')",
,,,,"('Frank Pinnisi', 'Brendon M Candella')",
,,,,"('Frank Pinnisi', 'Patrick Clark')",
,,,,"('Frank Pinnisi', 'Michael Pawloski')",
,,,,"('Frank Pinnisi', 'Thomas Pianella')",
,,,,"('Frank Pinnisi', 'Robert Lambe')",
,,,,"('Frank Pinnisi', 'Timothy Russell')",
,,,,"('Frank Pinnisi', 'Daniel Berkhoudt')",
,,,,"('Frank Pinnisi', 'Paul Evans')",
,,,,"('Sandy Scofield', 'Richard Panella')",
,,,,"('Sandy Scofield', 'Lant Wagner')",
,,,,"('Sandy Scofield', 'Monique Brechter')",
,,,,"('Sandy Scofield', 'Carl Annese')",
,,,,"('Sandy Scofield', 'Gina Schillaci')",
,,,,"('Sandy Scofield', 'Richard Quigley')",
,,,,"('Sandy Scofield', 'James Goodman')",
,,,,"('Sandy Scofield', 'Toshia Hance')",
,,,,"('Sandy Scofield', 'Vito Sciortino')",
,,,,"('Sandy Scofield', 'Caleton Corey')",
,,,,"('Sandy Scofield', 'Steve Zywiak')",
,,,,"('Sandy Scofield', 'Carson Sorrell')",
,,,,"('Sandy Scofield', 'Brendon M Candella')",
,,,,"('Sandy Scofield', 'Patrick Clark')",
,,,,"('Sandy Scofield', 'Michael Pawloski')",
,,,,"('Sandy Scofield', 'Thomas Pianella')",
,,,,"('Sandy Scofield', 'Robert Lambe')",
,,,,"('Sandy Scofield', 'Timothy Russell')",
,,,,"('Sandy Scofield', 'Daniel Berkhoudt')",
,,,,"('Sandy Scofield', 'Paul Evans')",
,,,,"('Richard Panella', 'Lant Wagner')",
,,,,"('Richard Panella', 'Monique Brechter')",
,,,,"('Richard Panella', 'Carl Annese')",
,,,,"('Richard Panella', 'Gina Schillaci')",
,,,,"('Richard Panella', 'Richard Quigley')",
,,,,"('Richard Panella', 'James Goodman')",
,,,,"('Richard Panella', 'Toshia Hance')",
,,,,"('Richard Panella', 'Vito Sciortino')",
,,,,"('Richard Panella', 'Caleton Corey')",
,,,,"('Richard Panella', 'Steve Zywiak')",
,,,,"('Richard Panella', 'Carson Sorrell')",
,,,,"('Richard Panella', 'Brendon M Candella')",
,,,,"('Richard Panella', 'Patrick Clark')",
,,,,"('Richard Panella', 'Michael Pawloski')",
,,,,"('Richard Panella', 'Thomas Pianella')",
,,,,"('Richard Panella', 'Robert Lambe')",
,,,,"('Richard Panella', 'Timothy Russell')",
,,,,"('Richard Panella', 'Daniel Berkhoudt')",
,,,,"('Richard Panella', 'Paul Evans')",
,,,,"('Lant Wagner', 'Monique Brechter')",
,,,,"('Lant Wagner', 'Carl Annese')",
,,,,"('Lant Wagner', 'Gina Schillaci')",
,,,,"('Lant Wagner', 'Richard Quigley')",
,,,,"('Lant Wagner', 'James Goodman')",
,,,,"('Lant Wagner', 'Toshia Hance')",
,,,,"('Lant Wagner', 'Vito Sciortino')",
,,,,"('Lant Wagner', 'Caleton Corey')",
,,,,"('Lant Wagner', 'Steve Zywiak')",
,,,,"('Lant Wagner', 'Carson Sorrell')",
,,,,"('Lant Wagner', 'Brendon M Candella')",
,,,,"('Lant Wagner', 'Patrick Clark')",
,,,,"('Lant Wagner', 'Michael Pawloski')",
,,,,"('Lant Wagner', 'Thomas Pianella')",
,,,,"('Lant Wagner', 'Robert Lambe')",
,,,,"('Lant Wagner', 'Timothy Russell')",
,,,,"('Lant Wagner', 'Daniel Berkhoudt')",
,,,,"('Lant Wagner', 'Paul Evans')",
,,,,"('Monique Brechter', 'Carl Annese')",
,,,,"('Monique Brechter', 'Gina Schillaci')",
,,,,"('Monique Brechter', 'Richard Quigley')",
,,,,"('Monique Brechter', 'James Goodman')",
,,,,"('Monique Brechter', 'Toshia Hance')",
,,,,"('Monique Brechter', 'Vito Sciortino')",
,,,,"('Monique Brechter', 'Caleton Corey')",
,,,,"('Monique Brechter', 'Steve Zywiak')",
,,,,"('Monique Brechter', 'Carson Sorrell')",
,,,,"('Monique Brechter', 'Brendon M Candella')",
,,,,"('Monique Brechter', 'Patrick Clark')",
,,,,"('Monique Brechter', 'Michael Pawloski')",
,,,,"('Monique Brechter', 'Thomas Pianella')",
,,,,"('Monique Brechter', 'Robert Lambe')",
,,,,"('Monique Brechter', 'Timothy Russell')",
,,,,"('Monique Brechter', 'Daniel Berkhoudt')",
,,,,"('Monique Brechter', 'Paul Evans')",
,,,,"('Carl Annese', 'Gina Schillaci')",
,,,,"('Carl Annese', 'Richard Quigley')",
,,,,"('Carl Annese', 'James Goodman')",
,,,,"('Carl Annese', 'Toshia Hance')",
,,,,"('Carl Annese', 'Vito Sciortino')",
,,,,"('Carl Annese', 'Caleton Corey')",
,,,,"('Carl Annese', 'Steve Zywiak')",
,,,,"('Carl Annese', 'Carson Sorrell')",
,,,,"('Carl Annese', 'Brendon M Candella')",
,,,,"('Carl Annese', 'Patrick Clark')",
,,,,"('Carl Annese', 'Michael Pawloski')",
,,,,"('Carl Annese', 'Thomas Pianella')",
,,,,"('Carl Annese', 'Robert Lambe')",
,,,,"('Carl Annese', 'Timothy Russell')",
,,,,"('Carl Annese', 'Daniel Berkhoudt')",
,,,,"('Carl Annese', 'Paul Evans')",
,,,,"('Gina Schillaci', 'Richard Quigley')",
,,,,"('Gina Schillaci', 'James Goodman')",
,,,,"('Gina Schillaci', 'Toshia Hance')",
,,,,"('Gina Schillaci', 'Vito Sciortino')",
,,,,"('Gina Schillaci', 'Caleton Corey')",
,,,,"('Gina Schillaci', 'Steve Zywiak')",
,,,,"('Gina Schillaci', 'Carson Sorrell')",
,,,,"('Gina Schillaci', 'Brendon M Candella')",
,,,,"('Gina Schillaci', 'Patrick Clark')",
,,,,"('Gina Schillaci', 'Michael Pawloski')",
,,,,"('Gina Schillaci', 'Thomas Pianella')",
,,,,"('Gina Schillaci', 'Robert Lambe')",
,,,,"('Gina Schillaci', 'Timothy Russell')",
,,,,"('Gina Schillaci', 'Daniel Berkhoudt')",
,,,,"('Gina Schillaci', 'Paul Evans')",
,,,,"('Richard Quigley', 'James Goodman')",
,,,,"('Richard Quigley', 'Toshia Hance')",
,,,,"('Richard Quigley', 'Vito Sciortino')",
,,,,"('Richard Quigley', 'Caleton Corey')",
,,,,"('Richard Quigley', 'Steve Zywiak')",
,,,,"('Richard Quigley', 'Carson Sorrell')",
,,,,"('Richard Quigley', 'Brendon M Candella')",
,,,,"('Richard Quigley', 'Patrick Clark')",
,,,,"('Richard Quigley', 'Michael Pawloski')",
,,,,"('Richard Quigley', 'Thomas Pianella')",
,,,,"('Richard Quigley', 'Robert Lambe')",
,,,,"('Richard Quigley', 'Timothy Russell')",
,,,,"('Richard Quigley', 'Daniel Berkhoudt')",
,,,,"('Richard Quigley', 'Paul Evans')",
,,,,"('James Goodman', 'Toshia Hance')",
,,,,"('James Goodman', 'Vito Sciortino')",
,,,,"('James Goodman', 'Caleton Corey')",
,,,,"('James Goodman', 'Steve Zywiak')",
,,,,"('James Goodman', 'Carson Sorrell')",
,,,,"('James Goodman', 'Brendon M Candella')",
,,,,"('James Goodman', 'Patrick Clark')",
,,,,"('James Goodman', 'Michael Pawloski')",
,,,,"('James Goodman', 'Thomas Pianella')",
,,,,"('James Goodman', 'Robert Lambe')",
,,,,"('James Goodman', 'Timothy Russell')",
,,,,"('James Goodman', 'Daniel Berkhoudt')",
,,,,"('James Goodman', 'Paul Evans')",
,,,,"('Toshia Hance', 'Vito Sciortino')",
,,,,"('Toshia Hance', 'Caleton Corey')",
,,,,"('Toshia Hance', 'Steve Zywiak')",
,,,,"('Toshia Hance', 'Carson Sorrell')",
,,,,"('Toshia Hance', 'Brendon M Candella')",
,,,,"('Toshia Hance', 'Patrick Clark')",
,,,,"('Toshia Hance', 'Michael Pawloski')",
,,,,"('Toshia Hance', 'Thomas Pianella')",
,,,,"('Toshia Hance', 'Robert Lambe')",
,,,,"('Toshia Hance', 'Timothy Russell')",
,,,,"('Toshia Hance', 'Daniel Berkhoudt')",
,,,,"('Toshia Hance', 'Paul Evans')",
,,,,"('Vito Sciortino', 'Caleton Corey')",
,,,,"('Vito Sciortino', 'Steve Zywiak')",
,,,,"('Vito Sciortino', 'Carson Sorrell')",
,,,,"('Vito Sciortino', 'Brendon M Candella')",
,,,,"('Vito Sciortino', 'Patrick Clark')",
,,,,"('Vito Sciortino', 'Michael Pawloski')",
,,,,"('Vito Sciortino', 'Thomas Pianella')",
,,,,"('Vito Sciortino', 'Robert Lambe')",
,,,,"('Vito Sciortino', 'Timothy Russell')",
,,,,"('Vito Sciortino', 'Daniel Berkhoudt')",
,,,,"('Vito Sciortino', 'Paul Evans')",
,,,,"('Caleton Corey', 'Steve Zywiak')",
,,,,"('Caleton Corey', 'Carson Sorrell')",
,,,,"('Caleton Corey', 'Brendon M Candella')",
,,,,"('Caleton Corey', 'Patrick Clark')",
,,,,"('Caleton Corey', 'Michael Pawloski')",
,,,,"('Caleton Corey', 'Thomas Pianella')",
,,,,"('Caleton Corey', 'Robert Lambe')",
,,,,"('Caleton Corey', 'Timothy Russell')",
,,,,"('Caleton Corey', 'Daniel Berkhoudt')",
,,,,"('Caleton Corey', 'Paul Evans')",
,,,,"('Steve Zywiak', 'Carson Sorrell')",
,,,,"('Steve Zywiak', 'Brendon M Candella')",
,,,,"('Steve Zywiak', 'Patrick Clark')",
,,,,"('Steve Zywiak', 'Michael Pawloski')",
,,,,"('Steve Zywiak', 'Thomas Pianella')",
,,,,"('Steve Zywiak', 'Robert Lambe')",
,,,,"('Steve Zywiak', 'Timothy Russell')",
,,,,"('Steve Zywiak', 'Daniel Berkhoudt')",
,,,,"('Steve Zywiak', 'Paul Evans')",
,,,,"('Carson Sorrell', 'Brendon M Candella')",
,,,,"('Carson Sorrell', 'Patrick Clark')",
,,,,"('Carson Sorrell', 'Michael Pawloski')",
,,,,"('Carson Sorrell', 'Thomas Pianella')",
,,,,"('Carson Sorrell', 'Robert Lambe')",
,,,,"('Carson Sorrell', 'Timothy Russell')",
,,,,"('Carson Sorrell', 'Daniel Berkhoudt')",
,,,,"('Carson Sorrell', 'Paul Evans')",
,,,,"('Brendon M Candella', 'Patrick Clark')",
,,,,"('Brendon M Candella', 'Michael Pawloski')",
,,,,"('Brendon M Candella', 'Thomas Pianella')",
,,,,"('Brendon M Candella', 'Robert Lambe')",
,,,,"('Brendon M Candella', 'Timothy Russell')",
,,,,"('Brendon M Candella', 'Daniel Berkhoudt')",
,,,,"('Brendon M Candella', 'Paul Evans')",
,,,,"('Patrick Clark', 'Michael Pawloski')",
,,,,"('Patrick Clark', 'Thomas Pianella')",
,,,,"('Patrick Clark', 'Robert Lambe')",
,,,,"('Patrick Clark', 'Timothy Russell')",
,,,,"('Patrick Clark', 'Daniel Berkhoudt')",
,,,,"('Patrick Clark', 'Paul Evans')",
,,,,"('Michael Pawloski', 'Thomas Pianella')",
,,,,"('Michael Pawloski', 'Robert Lambe')",
,,,,"('Michael Pawloski', 'Timothy Russell')",
,,,,"('Michael Pawloski', 'Daniel Berkhoudt')",
,,,,"('Michael Pawloski', 'Paul Evans')",
,,,,"('Thomas Pianella', 'Robert Lambe')",
,,,,"('Thomas Pianella', 'Timothy Russell')",
,,,,"('Thomas Pianella', 'Daniel Berkhoudt')",
,,,,"('Thomas Pianella', 'Paul Evans')",
,,,,"('Robert Lambe', 'Timothy Russell')",
,,,,"('Robert Lambe', 'Daniel Berkhoudt')",
,,,,"('Robert Lambe', 'Paul Evans')",
,,,,"('Timothy Russell', 'Daniel Berkhoudt')",
,,,,"('Timothy Russell', 'Paul Evans')",
,,,,"('Daniel Berkhoudt', 'Paul Evans')",
