AB Actor Overlap,AB Relationship Overlap,Unique A Actors,Unique B Actors,Unique A Relationships,Unique B Relationships
Kim Sherwood,"('Pierre Chagnon', 'Dan Strickland')",Duncan McNeill,Glenn Wahl,"('Duncan McNeill', 'Diane Miller')","('Glenn Wahl', 'Fred Croscut')"
Dan Strickland,"('Kim Sherwood', 'Dan Strickland')",Diane Miller,Fred Croscut,"('Duncan McNeill', 'Art Thomas')","('Glenn Wahl', 'Bill Boria')"
Pierre Chagnon,"('Kim Sherwood', 'Sally P Carlson')",Art Thomas,Bill Boria,"('Duncan McNeill', 'Kathy Young')","('Glenn Wahl', 'Mary Hajdu')"
Sally P Carlson,"('Sally P Carlson', 'Dan Strickland')",Kathy Young,Mary Hajdu,"('Duncan McNeill', 'Dave Lloyd')","('Glenn Wahl', 'A J Dolce')"
,"('Pierre Chagnon', 'Sally P Carlson')",Dave Lloyd,A J Dolce,"('Duncan McNeill', 'Dan Thomas')","('Glenn Wahl', 'Gary Lash')"
,"('Pierre Chagnon', 'Kim Sherwood')",Dan Thomas,Gary Lash,"('Duncan McNeill', 'Robin Miller')","('Glenn Wahl', 'Bill Parment')"
,,Robin Miller,Bill Parment,"('Duncan McNeill', 'Dick Sena')","('Glenn Wahl', 'Brad Gill')"
,,Dick Sena,Brad Gill,"('Duncan McNeill', 'Pierre Chagnon')","('Glenn Wahl', 'Mike Hogan')"
,,Lois Dilworth,Mike Hogan,"('Duncan McNeill', 'Lois Dilworth')","('Glenn Wahl', 'Andy Goodell')"
,,Jay Gould,Andy Goodell,"('Duncan McNeill', 'Jay Gould')","('Glenn Wahl', 'Roger Doebke')"
,,David Stapleton,Roger Doebke,"('Duncan McNeill', 'David Stapleton')","('Glenn Wahl', 'Roger Ruckman')"
,,Brad Lawson,Roger Ruckman,"('Duncan McNeill', 'Brad Lawson')","('Glenn Wahl', 'Rudy Mueller')"
,,Sharon Turano,Rudy Mueller,"('Duncan McNeill', 'Sharon Turano')","('Glenn Wahl', 'Cathy Young')"
,,Mary Frank,Cathy Young,"('Duncan McNeill', 'Mary Frank')","('Glenn Wahl', 'Pierre Chagnon')"
,,Louis Rieg,Sally Jaroszynski,"('Duncan McNeill', 'Louis Rieg')","('Glenn Wahl', 'Sally Jaroszynski')"
,,Ralph Whitney,Robert Stewart,"('Duncan McNeill', 'Ralph Whitney')","('Glenn Wahl', 'Robert Stewart')"
,,Frank Geracci,Anthony Ingraffea,"('Duncan McNeill', 'Frank Geracci')","('Glenn Wahl', 'Anthony Ingraffea')"
,,Frank Stow,Jim Pullan,"('Duncan McNeill', 'Kim Sherwood')","('Glenn Wahl', 'Jim Pullan')"
,,Paul Silzle,Todd Saracki,"('Duncan McNeill', 'Frank Stow')","('Glenn Wahl', 'Todd Saracki')"
,,Sarah Novak,Barrie Yochim,"('Duncan McNeill', 'Paul Silzle')","('Glenn Wahl', 'Barrie Yochim')"
,,Rax Tolman,Christina Jarvis,"('Duncan McNeill', 'Sarah Novak')","('Glenn Wahl', 'Christina Jarvis')"
,,Randy Holcomb,George Spanos,"('Duncan McNeill', 'Sally P Carlson')","('Glenn Wahl', 'George Spanos')"
,,Nancy Thomas,Frank Gould,"('Duncan McNeill', 'Dan Strickland')","('Glenn Wahl', 'Frank Gould')"
,,,Minda Rae Amiran,"('Duncan McNeill', 'Rax Tolman')","('Glenn Wahl', 'Kim Sherwood')"
,,,Tom Erlandson,"('Duncan McNeill', 'Randy Holcomb')","('Glenn Wahl', 'Minda Rae Amiran')"
,,,James Spann,"('Duncan McNeill', 'Nancy Thomas')","('Glenn Wahl', 'Tom Erlandson')"
,,,John Jablonski,"('Diane Miller', 'Art Thomas')","('Glenn Wahl', 'Sally P Carlson')"
,,,Michael Sullivan,"('Diane Miller', 'Kathy Young')","('Glenn Wahl', 'Dan Strickland')"
,,,Schimminger,"('Diane Miller', 'Dave Lloyd')","('Glenn Wahl', 'James Spann')"
,,,Julie Coppola Cox,"('Diane Miller', 'Dan Thomas')","('Glenn Wahl', 'John Jablonski')"
,,,Jeffrey Piazza,"('Diane Miller', 'Robin Miller')","('Glenn Wahl', 'Michael Sullivan')"
,,,Sam Teresi,"('Diane Miller', 'Dick Sena')","('Glenn Wahl', 'Schimminger')"
,,,,"('Diane Miller', 'Pierre Chagnon')","('Glenn Wahl', 'Julie Coppola Cox')"
,,,,"('Diane Miller', 'Lois Dilworth')","('Glenn Wahl', 'Jeffrey Piazza')"
,,,,"('Diane Miller', 'Jay Gould')","('Glenn Wahl', 'Sam Teresi')"
,,,,"('Diane Miller', 'David Stapleton')","('Fred Croscut', 'Brad Gill')"
,,,,"('Diane Miller', 'Brad Lawson')","('Fred Croscut', 'Bill Boria')"
,,,,"('Diane Miller', 'Sharon Turano')","('Fred Croscut', 'Mary Hajdu')"
,,,,"('Diane Miller', 'Mary Frank')","('Fred Croscut', 'A J Dolce')"
,,,,"('Diane Miller', 'Louis Rieg')","('Fred Croscut', 'Gary Lash')"
,,,,"('Diane Miller', 'Ralph Whitney')","('Fred Croscut', 'Bill Parment')"
,,,,"('Diane Miller', 'Frank Geracci')","('Fred Croscut', 'Mike Hogan')"
,,,,"('Diane Miller', 'Kim Sherwood')","('Fred Croscut', 'Andy Goodell')"
,,,,"('Diane Miller', 'Frank Stow')","('Fred Croscut', 'Roger Doebke')"
,,,,"('Diane Miller', 'Paul Silzle')","('Fred Croscut', 'Roger Ruckman')"
,,,,"('Diane Miller', 'Sarah Novak')","('Fred Croscut', 'Rudy Mueller')"
,,,,"('Diane Miller', 'Sally P Carlson')","('Fred Croscut', 'Cathy Young')"
,,,,"('Diane Miller', 'Dan Strickland')","('Fred Croscut', 'Pierre Chagnon')"
,,,,"('Diane Miller', 'Rax Tolman')","('Fred Croscut', 'Sally Jaroszynski')"
,,,,"('Diane Miller', 'Randy Holcomb')","('Fred Croscut', 'Robert Stewart')"
,,,,"('Diane Miller', 'Nancy Thomas')","('Fred Croscut', 'Anthony Ingraffea')"
,,,,"('Art Thomas', 'Kathy Young')","('Fred Croscut', 'Jim Pullan')"
,,,,"('Art Thomas', 'Dave Lloyd')","('Fred Croscut', 'Todd Saracki')"
,,,,"('Art Thomas', 'Dan Strickland')","('Fred Croscut', 'Barrie Yochim')"
,,,,"('Art Thomas', 'Dan Thomas')","('Fred Croscut', 'Christina Jarvis')"
,,,,"('Art Thomas', 'Robin Miller')","('Fred Croscut', 'George Spanos')"
,,,,"('Art Thomas', 'Dick Sena')","('Fred Croscut', 'Frank Gould')"
,,,,"('Art Thomas', 'Pierre Chagnon')","('Fred Croscut', 'Kim Sherwood')"
,,,,"('Art Thomas', 'Jay Gould')","('Fred Croscut', 'Minda Rae Amiran')"
,,,,"('Art Thomas', 'David Stapleton')","('Fred Croscut', 'Tom Erlandson')"
,,,,"('Art Thomas', 'Brad Lawson')","('Fred Croscut', 'Sally P Carlson')"
,,,,"('Art Thomas', 'Sharon Turano')","('Fred Croscut', 'Dan Strickland')"
,,,,"('Art Thomas', 'Mary Frank')","('Fred Croscut', 'James Spann')"
,,,,"('Art Thomas', 'Louis Rieg')","('Fred Croscut', 'John Jablonski')"
,,,,"('Art Thomas', 'Ralph Whitney')","('Fred Croscut', 'Michael Sullivan')"
,,,,"('Art Thomas', 'Frank Geracci')","('Fred Croscut', 'Schimminger')"
,,,,"('Art Thomas', 'Kim Sherwood')","('Fred Croscut', 'Julie Coppola Cox')"
,,,,"('Art Thomas', 'Frank Stow')","('Fred Croscut', 'Jeffrey Piazza')"
,,,,"('Art Thomas', 'Paul Silzle')","('Fred Croscut', 'Sam Teresi')"
,,,,"('Art Thomas', 'Sarah Novak')","('Bill Boria', 'Brad Gill')"
,,,,"('Art Thomas', 'Sally P Carlson')","('Bill Boria', 'Mary Hajdu')"
,,,,"('Art Thomas', 'Lois Dilworth')","('Bill Boria', 'A J Dolce')"
,,,,"('Art Thomas', 'Rax Tolman')","('Bill Boria', 'Gary Lash')"
,,,,"('Art Thomas', 'Randy Holcomb')","('Bill Boria', 'Bill Parment')"
,,,,"('Art Thomas', 'Nancy Thomas')","('Bill Boria', 'Mike Hogan')"
,,,,"('Kathy Young', 'Dan Strickland')","('Bill Boria', 'Andy Goodell')"
,,,,"('Kathy Young', 'Dave Lloyd')","('Bill Boria', 'Roger Doebke')"
,,,,"('Kathy Young', 'Dan Thomas')","('Bill Boria', 'Roger Ruckman')"
,,,,"('Kathy Young', 'Robin Miller')","('Bill Boria', 'Rudy Mueller')"
,,,,"('Kathy Young', 'Dick Sena')","('Bill Boria', 'Cathy Young')"
,,,,"('Kathy Young', 'Pierre Chagnon')","('Bill Boria', 'Pierre Chagnon')"
,,,,"('Kathy Young', 'Jay Gould')","('Bill Boria', 'Sally Jaroszynski')"
,,,,"('Kathy Young', 'David Stapleton')","('Bill Boria', 'Robert Stewart')"
,,,,"('Kathy Young', 'Brad Lawson')","('Bill Boria', 'Anthony Ingraffea')"
,,,,"('Kathy Young', 'Sharon Turano')","('Bill Boria', 'Jim Pullan')"
,,,,"('Kathy Young', 'Mary Frank')","('Bill Boria', 'Todd Saracki')"
,,,,"('Kathy Young', 'Louis Rieg')","('Bill Boria', 'Barrie Yochim')"
,,,,"('Kathy Young', 'Ralph Whitney')","('Bill Boria', 'Christina Jarvis')"
,,,,"('Kathy Young', 'Frank Geracci')","('Bill Boria', 'George Spanos')"
,,,,"('Kathy Young', 'Kim Sherwood')","('Bill Boria', 'Frank Gould')"
,,,,"('Kathy Young', 'Frank Stow')","('Bill Boria', 'Kim Sherwood')"
,,,,"('Kathy Young', 'Paul Silzle')","('Bill Boria', 'Minda Rae Amiran')"
,,,,"('Kathy Young', 'Sarah Novak')","('Bill Boria', 'Tom Erlandson')"
,,,,"('Kathy Young', 'Sally P Carlson')","('Bill Boria', 'Sally P Carlson')"
,,,,"('Kathy Young', 'Lois Dilworth')","('Bill Boria', 'Dan Strickland')"
,,,,"('Kathy Young', 'Rax Tolman')","('Bill Boria', 'James Spann')"
,,,,"('Kathy Young', 'Randy Holcomb')","('Bill Boria', 'John Jablonski')"
,,,,"('Kathy Young', 'Nancy Thomas')","('Bill Boria', 'Michael Sullivan')"
,,,,"('Dave Lloyd', 'Dan Thomas')","('Bill Boria', 'Schimminger')"
,,,,"('Dave Lloyd', 'Robin Miller')","('Bill Boria', 'Julie Coppola Cox')"
,,,,"('Dave Lloyd', 'Dick Sena')","('Bill Boria', 'Jeffrey Piazza')"
,,,,"('Dave Lloyd', 'Pierre Chagnon')","('Bill Boria', 'Sam Teresi')"
,,,,"('Dave Lloyd', 'Lois Dilworth')","('Mary Hajdu', 'A J Dolce')"
,,,,"('Dave Lloyd', 'Jay Gould')","('Mary Hajdu', 'Gary Lash')"
,,,,"('Dave Lloyd', 'David Stapleton')","('Mary Hajdu', 'Bill Parment')"
,,,,"('Dave Lloyd', 'Brad Lawson')","('Mary Hajdu', 'Brad Gill')"
,,,,"('Dave Lloyd', 'Sharon Turano')","('Mary Hajdu', 'Mike Hogan')"
,,,,"('Dave Lloyd', 'Mary Frank')","('Mary Hajdu', 'Andy Goodell')"
,,,,"('Dave Lloyd', 'Louis Rieg')","('Mary Hajdu', 'Roger Doebke')"
,,,,"('Dave Lloyd', 'Ralph Whitney')","('Mary Hajdu', 'Roger Ruckman')"
,,,,"('Dave Lloyd', 'Frank Geracci')","('Mary Hajdu', 'Rudy Mueller')"
,,,,"('Dave Lloyd', 'Kim Sherwood')","('Mary Hajdu', 'Cathy Young')"
,,,,"('Dave Lloyd', 'Frank Stow')","('Mary Hajdu', 'Pierre Chagnon')"
,,,,"('Dave Lloyd', 'Paul Silzle')","('Mary Hajdu', 'Sally Jaroszynski')"
,,,,"('Dave Lloyd', 'Sarah Novak')","('Mary Hajdu', 'Robert Stewart')"
,,,,"('Dave Lloyd', 'Sally P Carlson')","('Mary Hajdu', 'Anthony Ingraffea')"
,,,,"('Dave Lloyd', 'Dan Strickland')","('Mary Hajdu', 'Jim Pullan')"
,,,,"('Dave Lloyd', 'Rax Tolman')","('Mary Hajdu', 'Todd Saracki')"
,,,,"('Dave Lloyd', 'Randy Holcomb')","('Mary Hajdu', 'Barrie Yochim')"
,,,,"('Dave Lloyd', 'Nancy Thomas')","('Mary Hajdu', 'Christina Jarvis')"
,,,,"('Dan Thomas', 'Robin Miller')","('Mary Hajdu', 'George Spanos')"
,,,,"('Dan Thomas', 'Dick Sena')","('Mary Hajdu', 'Frank Gould')"
,,,,"('Dan Thomas', 'Pierre Chagnon')","('Mary Hajdu', 'Kim Sherwood')"
,,,,"('Dan Thomas', 'Lois Dilworth')","('Mary Hajdu', 'Minda Rae Amiran')"
,,,,"('Dan Thomas', 'Jay Gould')","('Mary Hajdu', 'Tom Erlandson')"
,,,,"('Dan Thomas', 'David Stapleton')","('Mary Hajdu', 'Sally P Carlson')"
,,,,"('Dan Thomas', 'Brad Lawson')","('Mary Hajdu', 'Dan Strickland')"
,,,,"('Dan Thomas', 'Sharon Turano')","('Mary Hajdu', 'James Spann')"
,,,,"('Dan Thomas', 'Mary Frank')","('Mary Hajdu', 'John Jablonski')"
,,,,"('Dan Thomas', 'Louis Rieg')","('Mary Hajdu', 'Michael Sullivan')"
,,,,"('Dan Thomas', 'Ralph Whitney')","('Mary Hajdu', 'Schimminger')"
,,,,"('Dan Thomas', 'Frank Geracci')","('Mary Hajdu', 'Julie Coppola Cox')"
,,,,"('Dan Thomas', 'Kim Sherwood')","('Mary Hajdu', 'Jeffrey Piazza')"
,,,,"('Dan Thomas', 'Frank Stow')","('Mary Hajdu', 'Sam Teresi')"
,,,,"('Dan Thomas', 'Paul Silzle')","('A J Dolce', 'Brad Gill')"
,,,,"('Dan Thomas', 'Sarah Novak')","('A J Dolce', 'Gary Lash')"
,,,,"('Dan Thomas', 'Sally P Carlson')","('A J Dolce', 'Bill Parment')"
,,,,"('Dan Thomas', 'Dan Strickland')","('A J Dolce', 'Mike Hogan')"
,,,,"('Dan Thomas', 'Rax Tolman')","('A J Dolce', 'Andy Goodell')"
,,,,"('Dan Thomas', 'Randy Holcomb')","('A J Dolce', 'Roger Doebke')"
,,,,"('Dan Thomas', 'Nancy Thomas')","('A J Dolce', 'Roger Ruckman')"
,,,,"('Robin Miller', 'Dick Sena')","('A J Dolce', 'Rudy Mueller')"
,,,,"('Robin Miller', 'Pierre Chagnon')","('A J Dolce', 'Cathy Young')"
,,,,"('Robin Miller', 'Lois Dilworth')","('A J Dolce', 'Pierre Chagnon')"
,,,,"('Robin Miller', 'Jay Gould')","('A J Dolce', 'Sally Jaroszynski')"
,,,,"('Robin Miller', 'David Stapleton')","('A J Dolce', 'Robert Stewart')"
,,,,"('Robin Miller', 'Brad Lawson')","('A J Dolce', 'Anthony Ingraffea')"
,,,,"('Robin Miller', 'Sharon Turano')","('A J Dolce', 'Jim Pullan')"
,,,,"('Robin Miller', 'Mary Frank')","('A J Dolce', 'Todd Saracki')"
,,,,"('Robin Miller', 'Louis Rieg')","('A J Dolce', 'Barrie Yochim')"
,,,,"('Robin Miller', 'Ralph Whitney')","('A J Dolce', 'Christina Jarvis')"
,,,,"('Robin Miller', 'Frank Geracci')","('A J Dolce', 'George Spanos')"
,,,,"('Robin Miller', 'Kim Sherwood')","('A J Dolce', 'Frank Gould')"
,,,,"('Robin Miller', 'Frank Stow')","('A J Dolce', 'Kim Sherwood')"
,,,,"('Robin Miller', 'Paul Silzle')","('A J Dolce', 'Minda Rae Amiran')"
,,,,"('Robin Miller', 'Sarah Novak')","('A J Dolce', 'Tom Erlandson')"
,,,,"('Robin Miller', 'Sally P Carlson')","('A J Dolce', 'Sally P Carlson')"
,,,,"('Robin Miller', 'Dan Strickland')","('A J Dolce', 'Dan Strickland')"
,,,,"('Robin Miller', 'Rax Tolman')","('A J Dolce', 'James Spann')"
,,,,"('Robin Miller', 'Randy Holcomb')","('A J Dolce', 'John Jablonski')"
,,,,"('Robin Miller', 'Nancy Thomas')","('A J Dolce', 'Michael Sullivan')"
,,,,"('Dick Sena', 'Sarah Novak')","('A J Dolce', 'Schimminger')"
,,,,"('Dick Sena', 'Pierre Chagnon')","('A J Dolce', 'Julie Coppola Cox')"
,,,,"('Dick Sena', 'Lois Dilworth')","('A J Dolce', 'Jeffrey Piazza')"
,,,,"('Dick Sena', 'Jay Gould')","('A J Dolce', 'Sam Teresi')"
,,,,"('Dick Sena', 'David Stapleton')","('Gary Lash', 'Bill Parment')"
,,,,"('Dick Sena', 'Brad Lawson')","('Gary Lash', 'Brad Gill')"
,,,,"('Dick Sena', 'Sharon Turano')","('Gary Lash', 'Mike Hogan')"
,,,,"('Dick Sena', 'Mary Frank')","('Gary Lash', 'Andy Goodell')"
,,,,"('Dick Sena', 'Louis Rieg')","('Gary Lash', 'Roger Doebke')"
,,,,"('Dick Sena', 'Ralph Whitney')","('Gary Lash', 'Roger Ruckman')"
,,,,"('Dick Sena', 'Frank Geracci')","('Gary Lash', 'Rudy Mueller')"
,,,,"('Dick Sena', 'Kim Sherwood')","('Gary Lash', 'Cathy Young')"
,,,,"('Dick Sena', 'Frank Stow')","('Gary Lash', 'Pierre Chagnon')"
,,,,"('Dick Sena', 'Paul Silzle')","('Gary Lash', 'Sally Jaroszynski')"
,,,,"('Dick Sena', 'Sally P Carlson')","('Gary Lash', 'Robert Stewart')"
,,,,"('Dick Sena', 'Dan Strickland')","('Gary Lash', 'Anthony Ingraffea')"
,,,,"('Dick Sena', 'Rax Tolman')","('Gary Lash', 'Jim Pullan')"
,,,,"('Dick Sena', 'Randy Holcomb')","('Gary Lash', 'Todd Saracki')"
,,,,"('Dick Sena', 'Nancy Thomas')","('Gary Lash', 'Barrie Yochim')"
,,,,"('Pierre Chagnon', 'Lois Dilworth')","('Gary Lash', 'Christina Jarvis')"
,,,,"('Pierre Chagnon', 'Jay Gould')","('Gary Lash', 'George Spanos')"
,,,,"('Pierre Chagnon', 'David Stapleton')","('Gary Lash', 'Frank Gould')"
,,,,"('Pierre Chagnon', 'Brad Lawson')","('Gary Lash', 'Kim Sherwood')"
,,,,"('Pierre Chagnon', 'Sharon Turano')","('Gary Lash', 'Minda Rae Amiran')"
,,,,"('Pierre Chagnon', 'Mary Frank')","('Gary Lash', 'Tom Erlandson')"
,,,,"('Pierre Chagnon', 'Louis Rieg')","('Gary Lash', 'Sally P Carlson')"
,,,,"('Pierre Chagnon', 'Ralph Whitney')","('Gary Lash', 'Dan Strickland')"
,,,,"('Pierre Chagnon', 'Frank Geracci')","('Gary Lash', 'James Spann')"
,,,,"('Pierre Chagnon', 'Frank Stow')","('Gary Lash', 'John Jablonski')"
,,,,"('Pierre Chagnon', 'Paul Silzle')","('Gary Lash', 'Michael Sullivan')"
,,,,"('Pierre Chagnon', 'Sarah Novak')","('Gary Lash', 'Schimminger')"
,,,,"('Pierre Chagnon', 'Rax Tolman')","('Gary Lash', 'Julie Coppola Cox')"
,,,,"('Pierre Chagnon', 'Randy Holcomb')","('Gary Lash', 'Jeffrey Piazza')"
,,,,"('Pierre Chagnon', 'Nancy Thomas')","('Gary Lash', 'Sam Teresi')"
,,,,"('Lois Dilworth', 'Jay Gould')","('Bill Parment', 'Brad Gill')"
,,,,"('Lois Dilworth', 'David Stapleton')","('Bill Parment', 'Dan Strickland')"
,,,,"('Lois Dilworth', 'Brad Lawson')","('Bill Parment', 'Mike Hogan')"
,,,,"('Lois Dilworth', 'Sharon Turano')","('Bill Parment', 'Andy Goodell')"
,,,,"('Lois Dilworth', 'Mary Frank')","('Bill Parment', 'Roger Doebke')"
,,,,"('Lois Dilworth', 'Louis Rieg')","('Bill Parment', 'Roger Ruckman')"
,,,,"('Lois Dilworth', 'Ralph Whitney')","('Bill Parment', 'Rudy Mueller')"
,,,,"('Lois Dilworth', 'Frank Geracci')","('Bill Parment', 'Cathy Young')"
,,,,"('Lois Dilworth', 'Kim Sherwood')","('Bill Parment', 'Pierre Chagnon')"
,,,,"('Lois Dilworth', 'Frank Stow')","('Bill Parment', 'Sally Jaroszynski')"
,,,,"('Lois Dilworth', 'Paul Silzle')","('Bill Parment', 'Robert Stewart')"
,,,,"('Lois Dilworth', 'Sarah Novak')","('Bill Parment', 'Anthony Ingraffea')"
,,,,"('Lois Dilworth', 'Sally P Carlson')","('Bill Parment', 'Jim Pullan')"
,,,,"('Lois Dilworth', 'Dan Strickland')","('Bill Parment', 'Todd Saracki')"
,,,,"('Lois Dilworth', 'Rax Tolman')","('Bill Parment', 'Barrie Yochim')"
,,,,"('Lois Dilworth', 'Randy Holcomb')","('Bill Parment', 'Christina Jarvis')"
,,,,"('Lois Dilworth', 'Nancy Thomas')","('Bill Parment', 'George Spanos')"
,,,,"('Jay Gould', 'David Stapleton')","('Bill Parment', 'Frank Gould')"
,,,,"('Jay Gould', 'Brad Lawson')","('Bill Parment', 'Kim Sherwood')"
,,,,"('Jay Gould', 'Sharon Turano')","('Bill Parment', 'Minda Rae Amiran')"
,,,,"('Jay Gould', 'Mary Frank')","('Bill Parment', 'Tom Erlandson')"
,,,,"('Jay Gould', 'Louis Rieg')","('Bill Parment', 'Sally P Carlson')"
,,,,"('Jay Gould', 'Ralph Whitney')","('Bill Parment', 'James Spann')"
,,,,"('Jay Gould', 'Frank Geracci')","('Bill Parment', 'John Jablonski')"
,,,,"('Jay Gould', 'Kim Sherwood')","('Bill Parment', 'Michael Sullivan')"
,,,,"('Jay Gould', 'Frank Stow')","('Bill Parment', 'Schimminger')"
,,,,"('Jay Gould', 'Paul Silzle')","('Bill Parment', 'Julie Coppola Cox')"
,,,,"('Jay Gould', 'Sarah Novak')","('Bill Parment', 'Jeffrey Piazza')"
,,,,"('Jay Gould', 'Sally P Carlson')","('Bill Parment', 'Sam Teresi')"
,,,,"('Jay Gould', 'Dan Strickland')","('Brad Gill', 'Mike Hogan')"
,,,,"('Jay Gould', 'Rax Tolman')","('Brad Gill', 'Andy Goodell')"
,,,,"('Jay Gould', 'Randy Holcomb')","('Brad Gill', 'Roger Doebke')"
,,,,"('Jay Gould', 'Nancy Thomas')","('Brad Gill', 'Roger Ruckman')"
,,,,"('David Stapleton', 'Brad Lawson')","('Brad Gill', 'Rudy Mueller')"
,,,,"('David Stapleton', 'Sharon Turano')","('Brad Gill', 'Cathy Young')"
,,,,"('David Stapleton', 'Mary Frank')","('Brad Gill', 'Pierre Chagnon')"
,,,,"('David Stapleton', 'Louis Rieg')","('Brad Gill', 'Sally Jaroszynski')"
,,,,"('David Stapleton', 'Ralph Whitney')","('Brad Gill', 'Robert Stewart')"
,,,,"('David Stapleton', 'Frank Geracci')","('Brad Gill', 'Anthony Ingraffea')"
,,,,"('David Stapleton', 'Kim Sherwood')","('Brad Gill', 'Jim Pullan')"
,,,,"('David Stapleton', 'Frank Stow')","('Brad Gill', 'Todd Saracki')"
,,,,"('David Stapleton', 'Paul Silzle')","('Brad Gill', 'Barrie Yochim')"
,,,,"('David Stapleton', 'Sarah Novak')","('Brad Gill', 'Christina Jarvis')"
,,,,"('David Stapleton', 'Sally P Carlson')","('Brad Gill', 'George Spanos')"
,,,,"('David Stapleton', 'Dan Strickland')","('Brad Gill', 'Frank Gould')"
,,,,"('David Stapleton', 'Rax Tolman')","('Brad Gill', 'Kim Sherwood')"
,,,,"('David Stapleton', 'Randy Holcomb')","('Brad Gill', 'Minda Rae Amiran')"
,,,,"('David Stapleton', 'Nancy Thomas')","('Brad Gill', 'Tom Erlandson')"
,,,,"('Brad Lawson', 'Sharon Turano')","('Brad Gill', 'Sally P Carlson')"
,,,,"('Brad Lawson', 'Mary Frank')","('Brad Gill', 'Dan Strickland')"
,,,,"('Brad Lawson', 'Louis Rieg')","('Brad Gill', 'James Spann')"
,,,,"('Brad Lawson', 'Ralph Whitney')","('Brad Gill', 'John Jablonski')"
,,,,"('Brad Lawson', 'Frank Geracci')","('Brad Gill', 'Michael Sullivan')"
,,,,"('Brad Lawson', 'Kim Sherwood')","('Brad Gill', 'Schimminger')"
,,,,"('Brad Lawson', 'Frank Stow')","('Brad Gill', 'Julie Coppola Cox')"
,,,,"('Brad Lawson', 'Paul Silzle')","('Brad Gill', 'Jeffrey Piazza')"
,,,,"('Brad Lawson', 'Sarah Novak')","('Brad Gill', 'Sam Teresi')"
,,,,"('Brad Lawson', 'Sally P Carlson')","('Mike Hogan', 'Andy Goodell')"
,,,,"('Brad Lawson', 'Dan Strickland')","('Mike Hogan', 'Roger Doebke')"
,,,,"('Brad Lawson', 'Rax Tolman')","('Mike Hogan', 'Roger Ruckman')"
,,,,"('Brad Lawson', 'Randy Holcomb')","('Mike Hogan', 'Rudy Mueller')"
,,,,"('Brad Lawson', 'Nancy Thomas')","('Mike Hogan', 'Cathy Young')"
,,,,"('Sharon Turano', 'Mary Frank')","('Mike Hogan', 'Pierre Chagnon')"
,,,,"('Sharon Turano', 'Louis Rieg')","('Mike Hogan', 'Sally Jaroszynski')"
,,,,"('Sharon Turano', 'Ralph Whitney')","('Mike Hogan', 'Robert Stewart')"
,,,,"('Sharon Turano', 'Frank Geracci')","('Mike Hogan', 'Anthony Ingraffea')"
,,,,"('Sharon Turano', 'Kim Sherwood')","('Mike Hogan', 'Jim Pullan')"
,,,,"('Sharon Turano', 'Frank Stow')","('Mike Hogan', 'Todd Saracki')"
,,,,"('Sharon Turano', 'Paul Silzle')","('Mike Hogan', 'Barrie Yochim')"
,,,,"('Sharon Turano', 'Sarah Novak')","('Mike Hogan', 'Christina Jarvis')"
,,,,"('Sharon Turano', 'Sally P Carlson')","('Mike Hogan', 'George Spanos')"
,,,,"('Sharon Turano', 'Dan Strickland')","('Mike Hogan', 'Frank Gould')"
,,,,"('Sharon Turano', 'Rax Tolman')","('Mike Hogan', 'Kim Sherwood')"
,,,,"('Sharon Turano', 'Randy Holcomb')","('Mike Hogan', 'Minda Rae Amiran')"
,,,,"('Sharon Turano', 'Nancy Thomas')","('Mike Hogan', 'Tom Erlandson')"
,,,,"('Mary Frank', 'Louis Rieg')","('Mike Hogan', 'Sally P Carlson')"
,,,,"('Mary Frank', 'Ralph Whitney')","('Mike Hogan', 'Dan Strickland')"
,,,,"('Mary Frank', 'Frank Geracci')","('Mike Hogan', 'James Spann')"
,,,,"('Mary Frank', 'Kim Sherwood')","('Mike Hogan', 'John Jablonski')"
,,,,"('Mary Frank', 'Frank Stow')","('Mike Hogan', 'Michael Sullivan')"
,,,,"('Mary Frank', 'Paul Silzle')","('Mike Hogan', 'Schimminger')"
,,,,"('Mary Frank', 'Sarah Novak')","('Mike Hogan', 'Julie Coppola Cox')"
,,,,"('Mary Frank', 'Sally P Carlson')","('Mike Hogan', 'Jeffrey Piazza')"
,,,,"('Mary Frank', 'Dan Strickland')","('Mike Hogan', 'Sam Teresi')"
,,,,"('Mary Frank', 'Rax Tolman')","('Andy Goodell', 'Roger Doebke')"
,,,,"('Mary Frank', 'Randy Holcomb')","('Andy Goodell', 'Roger Ruckman')"
,,,,"('Mary Frank', 'Nancy Thomas')","('Andy Goodell', 'Rudy Mueller')"
,,,,"('Louis Rieg', 'Ralph Whitney')","('Andy Goodell', 'Cathy Young')"
,,,,"('Louis Rieg', 'Frank Geracci')","('Andy Goodell', 'Pierre Chagnon')"
,,,,"('Louis Rieg', 'Kim Sherwood')","('Andy Goodell', 'Sally Jaroszynski')"
,,,,"('Louis Rieg', 'Frank Stow')","('Andy Goodell', 'Robert Stewart')"
,,,,"('Louis Rieg', 'Paul Silzle')","('Andy Goodell', 'Anthony Ingraffea')"
,,,,"('Louis Rieg', 'Sarah Novak')","('Andy Goodell', 'Jim Pullan')"
,,,,"('Louis Rieg', 'Sally P Carlson')","('Andy Goodell', 'Todd Saracki')"
,,,,"('Louis Rieg', 'Dan Strickland')","('Andy Goodell', 'Barrie Yochim')"
,,,,"('Louis Rieg', 'Rax Tolman')","('Andy Goodell', 'Christina Jarvis')"
,,,,"('Louis Rieg', 'Randy Holcomb')","('Andy Goodell', 'George Spanos')"
,,,,"('Louis Rieg', 'Nancy Thomas')","('Andy Goodell', 'Frank Gould')"
,,,,"('Ralph Whitney', 'Frank Geracci')","('Andy Goodell', 'Kim Sherwood')"
,,,,"('Ralph Whitney', 'Kim Sherwood')","('Andy Goodell', 'Minda Rae Amiran')"
,,,,"('Ralph Whitney', 'Frank Stow')","('Andy Goodell', 'Tom Erlandson')"
,,,,"('Ralph Whitney', 'Paul Silzle')","('Andy Goodell', 'Sally P Carlson')"
,,,,"('Ralph Whitney', 'Sarah Novak')","('Andy Goodell', 'Dan Strickland')"
,,,,"('Ralph Whitney', 'Sally P Carlson')","('Andy Goodell', 'James Spann')"
,,,,"('Ralph Whitney', 'Dan Strickland')","('Andy Goodell', 'John Jablonski')"
,,,,"('Ralph Whitney', 'Rax Tolman')","('Andy Goodell', 'Michael Sullivan')"
,,,,"('Ralph Whitney', 'Randy Holcomb')","('Andy Goodell', 'Schimminger')"
,,,,"('Ralph Whitney', 'Nancy Thomas')","('Andy Goodell', 'Julie Coppola Cox')"
,,,,"('Frank Geracci', 'Kim Sherwood')","('Andy Goodell', 'Jeffrey Piazza')"
,,,,"('Frank Geracci', 'Frank Stow')","('Andy Goodell', 'Sam Teresi')"
,,,,"('Frank Geracci', 'Paul Silzle')","('Roger Doebke', 'Roger Ruckman')"
,,,,"('Frank Geracci', 'Sarah Novak')","('Roger Doebke', 'Rudy Mueller')"
,,,,"('Frank Geracci', 'Sally P Carlson')","('Roger Doebke', 'Cathy Young')"
,,,,"('Frank Geracci', 'Dan Strickland')","('Roger Doebke', 'Pierre Chagnon')"
,,,,"('Frank Geracci', 'Rax Tolman')","('Roger Doebke', 'Sally Jaroszynski')"
,,,,"('Frank Geracci', 'Randy Holcomb')","('Roger Doebke', 'Robert Stewart')"
,,,,"('Frank Geracci', 'Nancy Thomas')","('Roger Doebke', 'Anthony Ingraffea')"
,,,,"('Kim Sherwood', 'Frank Stow')","('Roger Doebke', 'Jim Pullan')"
,,,,"('Kim Sherwood', 'Paul Silzle')","('Roger Doebke', 'Todd Saracki')"
,,,,"('Kim Sherwood', 'Sarah Novak')","('Roger Doebke', 'Barrie Yochim')"
,,,,"('Kim Sherwood', 'Rax Tolman')","('Roger Doebke', 'Christina Jarvis')"
,,,,"('Kim Sherwood', 'Randy Holcomb')","('Roger Doebke', 'George Spanos')"
,,,,"('Kim Sherwood', 'Nancy Thomas')","('Roger Doebke', 'Frank Gould')"
,,,,"('Frank Stow', 'Paul Silzle')","('Roger Doebke', 'Kim Sherwood')"
,,,,"('Frank Stow', 'Sarah Novak')","('Roger Doebke', 'Minda Rae Amiran')"
,,,,"('Frank Stow', 'Sally P Carlson')","('Roger Doebke', 'Tom Erlandson')"
,,,,"('Frank Stow', 'Dan Strickland')","('Roger Doebke', 'Sally P Carlson')"
,,,,"('Frank Stow', 'Rax Tolman')","('Roger Doebke', 'Dan Strickland')"
,,,,"('Frank Stow', 'Randy Holcomb')","('Roger Doebke', 'James Spann')"
,,,,"('Frank Stow', 'Nancy Thomas')","('Roger Doebke', 'John Jablonski')"
,,,,"('Paul Silzle', 'Sarah Novak')","('Roger Doebke', 'Michael Sullivan')"
,,,,"('Paul Silzle', 'Sally P Carlson')","('Roger Doebke', 'Schimminger')"
,,,,"('Paul Silzle', 'Dan Strickland')","('Roger Doebke', 'Julie Coppola Cox')"
,,,,"('Paul Silzle', 'Rax Tolman')","('Roger Doebke', 'Jeffrey Piazza')"
,,,,"('Paul Silzle', 'Randy Holcomb')","('Roger Doebke', 'Sam Teresi')"
,,,,"('Paul Silzle', 'Nancy Thomas')","('Roger Ruckman', 'Schimminger')"
,,,,"('Sarah Novak', 'Sally P Carlson')","('Roger Ruckman', 'Rudy Mueller')"
,,,,"('Sarah Novak', 'Dan Strickland')","('Roger Ruckman', 'Cathy Young')"
,,,,"('Sarah Novak', 'Rax Tolman')","('Roger Ruckman', 'Pierre Chagnon')"
,,,,"('Sarah Novak', 'Randy Holcomb')","('Roger Ruckman', 'Sally Jaroszynski')"
,,,,"('Sarah Novak', 'Nancy Thomas')","('Roger Ruckman', 'Robert Stewart')"
,,,,"('Sally P Carlson', 'Rax Tolman')","('Roger Ruckman', 'Anthony Ingraffea')"
,,,,"('Sally P Carlson', 'Randy Holcomb')","('Roger Ruckman', 'Jim Pullan')"
,,,,"('Sally P Carlson', 'Nancy Thomas')","('Roger Ruckman', 'Todd Saracki')"
,,,,"('Dan Strickland', 'Rax Tolman')","('Roger Ruckman', 'Barrie Yochim')"
,,,,"('Dan Strickland', 'Randy Holcomb')","('Roger Ruckman', 'Christina Jarvis')"
,,,,"('Dan Strickland', 'Nancy Thomas')","('Roger Ruckman', 'George Spanos')"
,,,,"('Rax Tolman', 'Randy Holcomb')","('Roger Ruckman', 'Frank Gould')"
,,,,"('Rax Tolman', 'Nancy Thomas')","('Roger Ruckman', 'Kim Sherwood')"
,,,,"('Randy Holcomb', 'Nancy Thomas')","('Roger Ruckman', 'Minda Rae Amiran')"
,,,,,"('Roger Ruckman', 'Tom Erlandson')"
,,,,,"('Roger Ruckman', 'Sally P Carlson')"
,,,,,"('Roger Ruckman', 'Dan Strickland')"
,,,,,"('Roger Ruckman', 'James Spann')"
,,,,,"('Roger Ruckman', 'John Jablonski')"
,,,,,"('Roger Ruckman', 'Michael Sullivan')"
,,,,,"('Roger Ruckman', 'Julie Coppola Cox')"
,,,,,"('Roger Ruckman', 'Jeffrey Piazza')"
,,,,,"('Roger Ruckman', 'Sam Teresi')"
,,,,,"('Rudy Mueller', 'Cathy Young')"
,,,,,"('Rudy Mueller', 'Pierre Chagnon')"
,,,,,"('Rudy Mueller', 'Sally Jaroszynski')"
,,,,,"('Rudy Mueller', 'Robert Stewart')"
,,,,,"('Rudy Mueller', 'Anthony Ingraffea')"
,,,,,"('Rudy Mueller', 'Jim Pullan')"
,,,,,"('Rudy Mueller', 'Todd Saracki')"
,,,,,"('Rudy Mueller', 'Barrie Yochim')"
,,,,,"('Rudy Mueller', 'Christina Jarvis')"
,,,,,"('Rudy Mueller', 'George Spanos')"
,,,,,"('Rudy Mueller', 'Frank Gould')"
,,,,,"('Rudy Mueller', 'Kim Sherwood')"
,,,,,"('Rudy Mueller', 'Minda Rae Amiran')"
,,,,,"('Rudy Mueller', 'Tom Erlandson')"
,,,,,"('Rudy Mueller', 'Sally P Carlson')"
,,,,,"('Rudy Mueller', 'Dan Strickland')"
,,,,,"('Rudy Mueller', 'James Spann')"
,,,,,"('Rudy Mueller', 'John Jablonski')"
,,,,,"('Rudy Mueller', 'Michael Sullivan')"
,,,,,"('Rudy Mueller', 'Schimminger')"
,,,,,"('Rudy Mueller', 'Julie Coppola Cox')"
,,,,,"('Rudy Mueller', 'Jeffrey Piazza')"
,,,,,"('Rudy Mueller', 'Sam Teresi')"
,,,,,"('Cathy Young', 'Pierre Chagnon')"
,,,,,"('Cathy Young', 'Sally Jaroszynski')"
,,,,,"('Cathy Young', 'Robert Stewart')"
,,,,,"('Cathy Young', 'Anthony Ingraffea')"
,,,,,"('Cathy Young', 'Jim Pullan')"
,,,,,"('Cathy Young', 'Todd Saracki')"
,,,,,"('Cathy Young', 'Barrie Yochim')"
,,,,,"('Cathy Young', 'Christina Jarvis')"
,,,,,"('Cathy Young', 'George Spanos')"
,,,,,"('Cathy Young', 'Frank Gould')"
,,,,,"('Cathy Young', 'Kim Sherwood')"
,,,,,"('Cathy Young', 'Minda Rae Amiran')"
,,,,,"('Cathy Young', 'Tom Erlandson')"
,,,,,"('Cathy Young', 'Sally P Carlson')"
,,,,,"('Cathy Young', 'Dan Strickland')"
,,,,,"('Cathy Young', 'James Spann')"
,,,,,"('Cathy Young', 'John Jablonski')"
,,,,,"('Cathy Young', 'Michael Sullivan')"
,,,,,"('Cathy Young', 'Schimminger')"
,,,,,"('Cathy Young', 'Julie Coppola Cox')"
,,,,,"('Cathy Young', 'Jeffrey Piazza')"
,,,,,"('Cathy Young', 'Sam Teresi')"
,,,,,"('Pierre Chagnon', 'Sally Jaroszynski')"
,,,,,"('Pierre Chagnon', 'Robert Stewart')"
,,,,,"('Pierre Chagnon', 'Anthony Ingraffea')"
,,,,,"('Pierre Chagnon', 'Jim Pullan')"
,,,,,"('Pierre Chagnon', 'Todd Saracki')"
,,,,,"('Pierre Chagnon', 'Barrie Yochim')"
,,,,,"('Pierre Chagnon', 'Christina Jarvis')"
,,,,,"('Pierre Chagnon', 'George Spanos')"
,,,,,"('Pierre Chagnon', 'Frank Gould')"
,,,,,"('Pierre Chagnon', 'Minda Rae Amiran')"
,,,,,"('Pierre Chagnon', 'Tom Erlandson')"
,,,,,"('Pierre Chagnon', 'James Spann')"
,,,,,"('Pierre Chagnon', 'John Jablonski')"
,,,,,"('Pierre Chagnon', 'Michael Sullivan')"
,,,,,"('Pierre Chagnon', 'Schimminger')"
,,,,,"('Pierre Chagnon', 'Julie Coppola Cox')"
,,,,,"('Pierre Chagnon', 'Jeffrey Piazza')"
,,,,,"('Pierre Chagnon', 'Sam Teresi')"
,,,,,"('Sally Jaroszynski', 'Robert Stewart')"
,,,,,"('Sally Jaroszynski', 'Anthony Ingraffea')"
,,,,,"('Sally Jaroszynski', 'Jim Pullan')"
,,,,,"('Sally Jaroszynski', 'Todd Saracki')"
,,,,,"('Sally Jaroszynski', 'Barrie Yochim')"
,,,,,"('Sally Jaroszynski', 'Christina Jarvis')"
,,,,,"('Sally Jaroszynski', 'George Spanos')"
,,,,,"('Sally Jaroszynski', 'Frank Gould')"
,,,,,"('Sally Jaroszynski', 'Kim Sherwood')"
,,,,,"('Sally Jaroszynski', 'Minda Rae Amiran')"
,,,,,"('Sally Jaroszynski', 'Tom Erlandson')"
,,,,,"('Sally Jaroszynski', 'Sally P Carlson')"
,,,,,"('Sally Jaroszynski', 'Dan Strickland')"
,,,,,"('Sally Jaroszynski', 'James Spann')"
,,,,,"('Sally Jaroszynski', 'John Jablonski')"
,,,,,"('Sally Jaroszynski', 'Michael Sullivan')"
,,,,,"('Sally Jaroszynski', 'Schimminger')"
,,,,,"('Sally Jaroszynski', 'Julie Coppola Cox')"
,,,,,"('Sally Jaroszynski', 'Jeffrey Piazza')"
,,,,,"('Sally Jaroszynski', 'Sam Teresi')"
,,,,,"('Robert Stewart', 'Anthony Ingraffea')"
,,,,,"('Robert Stewart', 'Jim Pullan')"
,,,,,"('Robert Stewart', 'Todd Saracki')"
,,,,,"('Robert Stewart', 'Barrie Yochim')"
,,,,,"('Robert Stewart', 'Christina Jarvis')"
,,,,,"('Robert Stewart', 'George Spanos')"
,,,,,"('Robert Stewart', 'Frank Gould')"
,,,,,"('Robert Stewart', 'Kim Sherwood')"
,,,,,"('Robert Stewart', 'Minda Rae Amiran')"
,,,,,"('Robert Stewart', 'Tom Erlandson')"
,,,,,"('Robert Stewart', 'Sally P Carlson')"
,,,,,"('Robert Stewart', 'Dan Strickland')"
,,,,,"('Robert Stewart', 'James Spann')"
,,,,,"('Robert Stewart', 'John Jablonski')"
,,,,,"('Robert Stewart', 'Michael Sullivan')"
,,,,,"('Robert Stewart', 'Schimminger')"
,,,,,"('Robert Stewart', 'Julie Coppola Cox')"
,,,,,"('Robert Stewart', 'Jeffrey Piazza')"
,,,,,"('Robert Stewart', 'Sam Teresi')"
,,,,,"('Anthony Ingraffea', 'Jim Pullan')"
,,,,,"('Anthony Ingraffea', 'Todd Saracki')"
,,,,,"('Anthony Ingraffea', 'Barrie Yochim')"
,,,,,"('Anthony Ingraffea', 'Christina Jarvis')"
,,,,,"('Anthony Ingraffea', 'George Spanos')"
,,,,,"('Anthony Ingraffea', 'Frank Gould')"
,,,,,"('Anthony Ingraffea', 'Kim Sherwood')"
,,,,,"('Anthony Ingraffea', 'Minda Rae Amiran')"
,,,,,"('Anthony Ingraffea', 'Tom Erlandson')"
,,,,,"('Anthony Ingraffea', 'Sally P Carlson')"
,,,,,"('Anthony Ingraffea', 'Dan Strickland')"
,,,,,"('Anthony Ingraffea', 'James Spann')"
,,,,,"('Anthony Ingraffea', 'John Jablonski')"
,,,,,"('Anthony Ingraffea', 'Michael Sullivan')"
,,,,,"('Anthony Ingraffea', 'Schimminger')"
,,,,,"('Anthony Ingraffea', 'Julie Coppola Cox')"
,,,,,"('Anthony Ingraffea', 'Jeffrey Piazza')"
,,,,,"('Anthony Ingraffea', 'Sam Teresi')"
,,,,,"('Jim Pullan', 'Todd Saracki')"
,,,,,"('Jim Pullan', 'Barrie Yochim')"
,,,,,"('Jim Pullan', 'Christina Jarvis')"
,,,,,"('Jim Pullan', 'George Spanos')"
,,,,,"('Jim Pullan', 'Frank Gould')"
,,,,,"('Jim Pullan', 'Kim Sherwood')"
,,,,,"('Jim Pullan', 'Minda Rae Amiran')"
,,,,,"('Jim Pullan', 'Tom Erlandson')"
,,,,,"('Jim Pullan', 'Sally P Carlson')"
,,,,,"('Jim Pullan', 'Dan Strickland')"
,,,,,"('Jim Pullan', 'James Spann')"
,,,,,"('Jim Pullan', 'John Jablonski')"
,,,,,"('Jim Pullan', 'Michael Sullivan')"
,,,,,"('Jim Pullan', 'Schimminger')"
,,,,,"('Jim Pullan', 'Julie Coppola Cox')"
,,,,,"('Jim Pullan', 'Jeffrey Piazza')"
,,,,,"('Jim Pullan', 'Sam Teresi')"
,,,,,"('Todd Saracki', 'Barrie Yochim')"
,,,,,"('Todd Saracki', 'Christina Jarvis')"
,,,,,"('Todd Saracki', 'George Spanos')"
,,,,,"('Todd Saracki', 'Frank Gould')"
,,,,,"('Todd Saracki', 'Kim Sherwood')"
,,,,,"('Todd Saracki', 'Minda Rae Amiran')"
,,,,,"('Todd Saracki', 'Tom Erlandson')"
,,,,,"('Todd Saracki', 'Sally P Carlson')"
,,,,,"('Todd Saracki', 'Dan Strickland')"
,,,,,"('Todd Saracki', 'James Spann')"
,,,,,"('Todd Saracki', 'John Jablonski')"
,,,,,"('Todd Saracki', 'Michael Sullivan')"
,,,,,"('Todd Saracki', 'Schimminger')"
,,,,,"('Todd Saracki', 'Julie Coppola Cox')"
,,,,,"('Todd Saracki', 'Jeffrey Piazza')"
,,,,,"('Todd Saracki', 'Sam Teresi')"
,,,,,"('Barrie Yochim', 'Dan Strickland')"
,,,,,"('Barrie Yochim', 'Christina Jarvis')"
,,,,,"('Barrie Yochim', 'George Spanos')"
,,,,,"('Barrie Yochim', 'Frank Gould')"
,,,,,"('Barrie Yochim', 'Kim Sherwood')"
,,,,,"('Barrie Yochim', 'Minda Rae Amiran')"
,,,,,"('Barrie Yochim', 'Tom Erlandson')"
,,,,,"('Barrie Yochim', 'Sally P Carlson')"
,,,,,"('Barrie Yochim', 'James Spann')"
,,,,,"('Barrie Yochim', 'John Jablonski')"
,,,,,"('Barrie Yochim', 'Michael Sullivan')"
,,,,,"('Barrie Yochim', 'Schimminger')"
,,,,,"('Barrie Yochim', 'Julie Coppola Cox')"
,,,,,"('Barrie Yochim', 'Jeffrey Piazza')"
,,,,,"('Barrie Yochim', 'Sam Teresi')"
,,,,,"('Christina Jarvis', 'George Spanos')"
,,,,,"('Christina Jarvis', 'Frank Gould')"
,,,,,"('Christina Jarvis', 'Kim Sherwood')"
,,,,,"('Christina Jarvis', 'Minda Rae Amiran')"
,,,,,"('Christina Jarvis', 'Tom Erlandson')"
,,,,,"('Christina Jarvis', 'Sally P Carlson')"
,,,,,"('Christina Jarvis', 'Dan Strickland')"
,,,,,"('Christina Jarvis', 'James Spann')"
,,,,,"('Christina Jarvis', 'John Jablonski')"
,,,,,"('Christina Jarvis', 'Michael Sullivan')"
,,,,,"('Christina Jarvis', 'Schimminger')"
,,,,,"('Christina Jarvis', 'Julie Coppola Cox')"
,,,,,"('Christina Jarvis', 'Jeffrey Piazza')"
,,,,,"('Christina Jarvis', 'Sam Teresi')"
,,,,,"('George Spanos', 'Frank Gould')"
,,,,,"('George Spanos', 'Kim Sherwood')"
,,,,,"('George Spanos', 'Minda Rae Amiran')"
,,,,,"('George Spanos', 'Tom Erlandson')"
,,,,,"('George Spanos', 'Sally P Carlson')"
,,,,,"('George Spanos', 'Dan Strickland')"
,,,,,"('George Spanos', 'James Spann')"
,,,,,"('George Spanos', 'John Jablonski')"
,,,,,"('George Spanos', 'Michael Sullivan')"
,,,,,"('George Spanos', 'Schimminger')"
,,,,,"('George Spanos', 'Julie Coppola Cox')"
,,,,,"('George Spanos', 'Jeffrey Piazza')"
,,,,,"('George Spanos', 'Sam Teresi')"
,,,,,"('Frank Gould', 'Kim Sherwood')"
,,,,,"('Frank Gould', 'Minda Rae Amiran')"
,,,,,"('Frank Gould', 'Tom Erlandson')"
,,,,,"('Frank Gould', 'Sally P Carlson')"
,,,,,"('Frank Gould', 'Dan Strickland')"
,,,,,"('Frank Gould', 'James Spann')"
,,,,,"('Frank Gould', 'John Jablonski')"
,,,,,"('Frank Gould', 'Michael Sullivan')"
,,,,,"('Frank Gould', 'Schimminger')"
,,,,,"('Frank Gould', 'Julie Coppola Cox')"
,,,,,"('Frank Gould', 'Jeffrey Piazza')"
,,,,,"('Frank Gould', 'Sam Teresi')"
,,,,,"('Kim Sherwood', 'Minda Rae Amiran')"
,,,,,"('Kim Sherwood', 'Tom Erlandson')"
,,,,,"('Kim Sherwood', 'James Spann')"
,,,,,"('Kim Sherwood', 'John Jablonski')"
,,,,,"('Kim Sherwood', 'Michael Sullivan')"
,,,,,"('Kim Sherwood', 'Schimminger')"
,,,,,"('Kim Sherwood', 'Julie Coppola Cox')"
,,,,,"('Kim Sherwood', 'Jeffrey Piazza')"
,,,,,"('Kim Sherwood', 'Sam Teresi')"
,,,,,"('Minda Rae Amiran', 'Tom Erlandson')"
,,,,,"('Minda Rae Amiran', 'Sally P Carlson')"
,,,,,"('Minda Rae Amiran', 'Dan Strickland')"
,,,,,"('Minda Rae Amiran', 'James Spann')"
,,,,,"('Minda Rae Amiran', 'John Jablonski')"
,,,,,"('Minda Rae Amiran', 'Michael Sullivan')"
,,,,,"('Minda Rae Amiran', 'Schimminger')"
,,,,,"('Minda Rae Amiran', 'Julie Coppola Cox')"
,,,,,"('Minda Rae Amiran', 'Jeffrey Piazza')"
,,,,,"('Minda Rae Amiran', 'Sam Teresi')"
,,,,,"('Tom Erlandson', 'Sally P Carlson')"
,,,,,"('Tom Erlandson', 'Dan Strickland')"
,,,,,"('Tom Erlandson', 'James Spann')"
,,,,,"('Tom Erlandson', 'John Jablonski')"
,,,,,"('Tom Erlandson', 'Michael Sullivan')"
,,,,,"('Tom Erlandson', 'Schimminger')"
,,,,,"('Tom Erlandson', 'Julie Coppola Cox')"
,,,,,"('Tom Erlandson', 'Jeffrey Piazza')"
,,,,,"('Tom Erlandson', 'Sam Teresi')"
,,,,,"('Sally P Carlson', 'James Spann')"
,,,,,"('Sally P Carlson', 'John Jablonski')"
,,,,,"('Sally P Carlson', 'Michael Sullivan')"
,,,,,"('Sally P Carlson', 'Schimminger')"
,,,,,"('Sally P Carlson', 'Julie Coppola Cox')"
,,,,,"('Sally P Carlson', 'Jeffrey Piazza')"
,,,,,"('Sally P Carlson', 'Sam Teresi')"
,,,,,"('Dan Strickland', 'James Spann')"
,,,,,"('Dan Strickland', 'John Jablonski')"
,,,,,"('Dan Strickland', 'Michael Sullivan')"
,,,,,"('Dan Strickland', 'Schimminger')"
,,,,,"('Dan Strickland', 'Julie Coppola Cox')"
,,,,,"('Dan Strickland', 'Jeffrey Piazza')"
,,,,,"('Dan Strickland', 'Sam Teresi')"
,,,,,"('James Spann', 'Schimminger')"
,,,,,"('James Spann', 'John Jablonski')"
,,,,,"('James Spann', 'Michael Sullivan')"
,,,,,"('James Spann', 'Julie Coppola Cox')"
,,,,,"('James Spann', 'Jeffrey Piazza')"
,,,,,"('James Spann', 'Sam Teresi')"
,,,,,"('John Jablonski', 'Michael Sullivan')"
,,,,,"('John Jablonski', 'Schimminger')"
,,,,,"('John Jablonski', 'Julie Coppola Cox')"
,,,,,"('John Jablonski', 'Jeffrey Piazza')"
,,,,,"('John Jablonski', 'Sam Teresi')"
,,,,,"('Michael Sullivan', 'Schimminger')"
,,,,,"('Michael Sullivan', 'Julie Coppola Cox')"
,,,,,"('Michael Sullivan', 'Jeffrey Piazza')"
,,,,,"('Michael Sullivan', 'Sam Teresi')"
,,,,,"('Schimminger', 'Julie Coppola Cox')"
,,,,,"('Schimminger', 'Jeffrey Piazza')"
,,,,,"('Schimminger', 'Sam Teresi')"
,,,,,"('Julie Coppola Cox', 'Jeffrey Piazza')"
,,,,,"('Julie Coppola Cox', 'Sam Teresi')"
,,,,,"('Jeffrey Piazza', 'Sam Teresi')"
