AB Actor Overlap,AB Relationship Overlap,Unique A Actors,Unique B Actors,Unique A Relationships,Unique B Relationships
Carol Chase,"('Carol Chase', 'Daniel Ripley')",Mary Osgood,Ellen Harrison,"('Carol Chase', 'Mary Osgood')","('Ellen Harrison', 'Frank Ray')"
Daniel Ripley,"('Carol Chase', 'Duane Reynolds')",Doug Staley,Frank Ray,"('Carol Chase', 'Doug Staley')","('Ellen Harrison', 'Carol Chase')"
Amie Prince,"('Carol Chase', 'Amie Prince')",Michael Bidwell,Barbara Lifton,"('Carol Chase', 'Michael Bidwell')","('Ellen Harrison', 'Barbara Lifton')"
Duane Reynolds,"('Carol Chase', 'Charles Ripley')",Michael Passalugo,Barbara Harvey,"('Carol Chase', 'Michael Passalugo')","('Ellen Harrison', 'Barbara Harvey')"
Charles Ripley,"('Daniel Ripley', 'Amie Prince')",Dorothy Gavrielides,Jim Weiss,"('Carol Chase', 'Dorothy Gavrielides')","('Ellen Harrison', 'Jim Weiss')"
,"('Daniel Ripley', 'Duane Reynolds')",David Slottje,Jim Sewards,"('Carol Chase', 'David Slottje')","('Ellen Harrison', 'Jim Sewards')"
,,Christopher Ryan,Joe Pullman,"('Carol Chase', 'Christopher Ryan')","('Ellen Harrison', 'Daniel Ripley')"
,,Ted Norman,Maryfaith Miller,"('Carol Chase', 'Ted Norman')","('Ellen Harrison', 'Amie Prince')"
,,Guy Krogh,Susan Stout,"('Carol Chase', 'Guy Krogh')","('Ellen Harrison', 'Duane Reynolds')"
,,Shannon Caldwell,,"('Carol Chase', 'Shannon Caldwell')","('Ellen Harrison', 'Joe Pullman')"
,,Helen Slottje,,"('Carol Chase', 'Helen Slottje')","('Ellen Harrison', 'Charles Ripley')"
,,,,"('Mary Osgood', 'Doug Staley')","('Ellen Harrison', 'Maryfaith Miller')"
,,,,"('Mary Osgood', 'Michael Bidwell')","('Ellen Harrison', 'Susan Stout')"
,,,,"('Mary Osgood', 'Michael Passalugo')","('Frank Ray', 'Carol Chase')"
,,,,"('Mary Osgood', 'Charles Ripley')","('Frank Ray', 'Barbara Lifton')"
,,,,"('Mary Osgood', 'Dorothy Gavrielides')","('Frank Ray', 'Barbara Harvey')"
,,,,"('Mary Osgood', 'Daniel Ripley')","('Frank Ray', 'Jim Weiss')"
,,,,"('Mary Osgood', 'David Slottje')","('Frank Ray', 'Jim Sewards')"
,,,,"('Mary Osgood', 'Duane Reynolds')","('Frank Ray', 'Daniel Ripley')"
,,,,"('Mary Osgood', 'Christopher Ryan')","('Frank Ray', 'Amie Prince')"
,,,,"('Mary Osgood', 'Ted Norman')","('Frank Ray', 'Duane Reynolds')"
,,,,"('Mary Osgood', 'Amie Prince')","('Frank Ray', 'Joe Pullman')"
,,,,"('Mary Osgood', 'Guy Krogh')","('Frank Ray', 'Charles Ripley')"
,,,,"('Mary Osgood', 'Shannon Caldwell')","('Frank Ray', 'Maryfaith Miller')"
,,,,"('Mary Osgood', 'Helen Slottje')","('Frank Ray', 'Susan Stout')"
,,,,"('Doug Staley', 'Michael Bidwell')","('Carol Chase', 'Barbara Lifton')"
,,,,"('Doug Staley', 'Michael Passalugo')","('Carol Chase', 'Barbara Harvey')"
,,,,"('Doug Staley', 'Charles Ripley')","('Carol Chase', 'Jim Weiss')"
,,,,"('Doug Staley', 'Dorothy Gavrielides')","('Carol Chase', 'Jim Sewards')"
,,,,"('Doug Staley', 'Daniel Ripley')","('Carol Chase', 'Joe Pullman')"
,,,,"('Doug Staley', 'David Slottje')","('Carol Chase', 'Maryfaith Miller')"
,,,,"('Doug Staley', 'Duane Reynolds')","('Carol Chase', 'Susan Stout')"
,,,,"('Doug Staley', 'Christopher Ryan')","('Barbara Lifton', 'Barbara Harvey')"
,,,,"('Doug Staley', 'Ted Norman')","('Barbara Lifton', 'Jim Weiss')"
,,,,"('Doug Staley', 'Amie Prince')","('Barbara Lifton', 'Jim Sewards')"
,,,,"('Doug Staley', 'Guy Krogh')","('Barbara Lifton', 'Daniel Ripley')"
,,,,"('Doug Staley', 'Shannon Caldwell')","('Barbara Lifton', 'Amie Prince')"
,,,,"('Doug Staley', 'Helen Slottje')","('Barbara Lifton', 'Duane Reynolds')"
,,,,"('Michael Bidwell', 'Michael Passalugo')","('Barbara Lifton', 'Joe Pullman')"
,,,,"('Michael Bidwell', 'Charles Ripley')","('Barbara Lifton', 'Charles Ripley')"
,,,,"('Michael Bidwell', 'Dorothy Gavrielides')","('Barbara Lifton', 'Maryfaith Miller')"
,,,,"('Michael Bidwell', 'Daniel Ripley')","('Barbara Lifton', 'Susan Stout')"
,,,,"('Michael Bidwell', 'David Slottje')","('Barbara Harvey', 'Jim Weiss')"
,,,,"('Michael Bidwell', 'Duane Reynolds')","('Barbara Harvey', 'Jim Sewards')"
,,,,"('Michael Bidwell', 'Christopher Ryan')","('Barbara Harvey', 'Daniel Ripley')"
,,,,"('Michael Bidwell', 'Ted Norman')","('Barbara Harvey', 'Amie Prince')"
,,,,"('Michael Bidwell', 'Amie Prince')","('Barbara Harvey', 'Duane Reynolds')"
,,,,"('Michael Bidwell', 'Guy Krogh')","('Barbara Harvey', 'Joe Pullman')"
,,,,"('Michael Bidwell', 'Shannon Caldwell')","('Barbara Harvey', 'Charles Ripley')"
,,,,"('Michael Bidwell', 'Helen Slottje')","('Barbara Harvey', 'Maryfaith Miller')"
,,,,"('Michael Passalugo', 'Charles Ripley')","('Barbara Harvey', 'Susan Stout')"
,,,,"('Michael Passalugo', 'Dorothy Gavrielides')","('Jim Weiss', 'Maryfaith Miller')"
,,,,"('Michael Passalugo', 'Daniel Ripley')","('Jim Weiss', 'Jim Sewards')"
,,,,"('Michael Passalugo', 'David Slottje')","('Jim Weiss', 'Daniel Ripley')"
,,,,"('Michael Passalugo', 'Duane Reynolds')","('Jim Weiss', 'Amie Prince')"
,,,,"('Michael Passalugo', 'Christopher Ryan')","('Jim Weiss', 'Duane Reynolds')"
,,,,"('Michael Passalugo', 'Ted Norman')","('Jim Weiss', 'Joe Pullman')"
,,,,"('Michael Passalugo', 'Amie Prince')","('Jim Weiss', 'Charles Ripley')"
,,,,"('Michael Passalugo', 'Guy Krogh')","('Jim Weiss', 'Susan Stout')"
,,,,"('Michael Passalugo', 'Shannon Caldwell')","('Jim Sewards', 'Joe Pullman')"
,,,,"('Michael Passalugo', 'Helen Slottje')","('Jim Sewards', 'Daniel Ripley')"
,,,,"('Charles Ripley', 'Dorothy Gavrielides')","('Jim Sewards', 'Amie Prince')"
,,,,"('Charles Ripley', 'Daniel Ripley')","('Jim Sewards', 'Duane Reynolds')"
,,,,"('Charles Ripley', 'David Slottje')","('Jim Sewards', 'Charles Ripley')"
,,,,"('Charles Ripley', 'Duane Reynolds')","('Jim Sewards', 'Maryfaith Miller')"
,,,,"('Charles Ripley', 'Christopher Ryan')","('Jim Sewards', 'Susan Stout')"
,,,,"('Charles Ripley', 'Ted Norman')","('Daniel Ripley', 'Joe Pullman')"
,,,,"('Charles Ripley', 'Amie Prince')","('Daniel Ripley', 'Charles Ripley')"
,,,,"('Charles Ripley', 'Guy Krogh')","('Daniel Ripley', 'Maryfaith Miller')"
,,,,"('Charles Ripley', 'Shannon Caldwell')","('Daniel Ripley', 'Susan Stout')"
,,,,"('Charles Ripley', 'Helen Slottje')","('Amie Prince', 'Duane Reynolds')"
,,,,"('Dorothy Gavrielides', 'Daniel Ripley')","('Amie Prince', 'Joe Pullman')"
,,,,"('Dorothy Gavrielides', 'David Slottje')","('Amie Prince', 'Charles Ripley')"
,,,,"('Dorothy Gavrielides', 'Duane Reynolds')","('Amie Prince', 'Maryfaith Miller')"
,,,,"('Dorothy Gavrielides', 'Christopher Ryan')","('Amie Prince', 'Susan Stout')"
,,,,"('Dorothy Gavrielides', 'Ted Norman')","('Duane Reynolds', 'Joe Pullman')"
,,,,"('Dorothy Gavrielides', 'Amie Prince')","('Duane Reynolds', 'Charles Ripley')"
,,,,"('Dorothy Gavrielides', 'Guy Krogh')","('Duane Reynolds', 'Maryfaith Miller')"
,,,,"('Dorothy Gavrielides', 'Shannon Caldwell')","('Duane Reynolds', 'Susan Stout')"
,,,,"('Dorothy Gavrielides', 'Helen Slottje')","('Joe Pullman', 'Charles Ripley')"
,,,,"('Daniel Ripley', 'Guy Krogh')","('Joe Pullman', 'Maryfaith Miller')"
,,,,"('Daniel Ripley', 'David Slottje')","('Joe Pullman', 'Susan Stout')"
,,,,"('Daniel Ripley', 'Christopher Ryan')","('Charles Ripley', 'Maryfaith Miller')"
,,,,"('Daniel Ripley', 'Ted Norman')","('Charles Ripley', 'Susan Stout')"
,,,,"('Daniel Ripley', 'Shannon Caldwell')","('Maryfaith Miller', 'Susan Stout')"
,,,,"('Daniel Ripley', 'Helen Slottje')",
,,,,"('David Slottje', 'Amie Prince')",
,,,,"('David Slottje', 'Duane Reynolds')",
,,,,"('David Slottje', 'Christopher Ryan')",
,,,,"('David Slottje', 'Ted Norman')",
,,,,"('David Slottje', 'Guy Krogh')",
,,,,"('David Slottje', 'Shannon Caldwell')",
,,,,"('David Slottje', 'Helen Slottje')",
,,,,"('Duane Reynolds', 'Christopher Ryan')",
,,,,"('Duane Reynolds', 'Ted Norman')",
,,,,"('Duane Reynolds', 'Amie Prince')",
,,,,"('Duane Reynolds', 'Guy Krogh')",
,,,,"('Duane Reynolds', 'Shannon Caldwell')",
,,,,"('Duane Reynolds', 'Helen Slottje')",
,,,,"('Christopher Ryan', 'Ted Norman')",
,,,,"('Christopher Ryan', 'Amie Prince')",
,,,,"('Christopher Ryan', 'Guy Krogh')",
,,,,"('Christopher Ryan', 'Shannon Caldwell')",
,,,,"('Christopher Ryan', 'Helen Slottje')",
,,,,"('Ted Norman', 'Amie Prince')",
,,,,"('Ted Norman', 'Guy Krogh')",
,,,,"('Ted Norman', 'Shannon Caldwell')",
,,,,"('Ted Norman', 'Helen Slottje')",
,,,,"('Amie Prince', 'Guy Krogh')",
,,,,"('Amie Prince', 'Shannon Caldwell')",
,,,,"('Amie Prince', 'Helen Slottje')",
,,,,"('Guy Krogh', 'Shannon Caldwell')",
,,,,"('Guy Krogh', 'Helen Slottje')",
,,,,"('Shannon Caldwell', 'Helen Slottje')",
