AB Actor Overlap,AB Relationship Overlap,Unique A Actors,Unique B Actors,Unique A Relationships,Unique B Relationships
Mary Frances Sabin,"('Anthony Saraceni', 'Ann Horan')",Derek Shepard,Joseph Saraceni,"('Derek Shepard', 'Jessie Plumley')","('Joseph Saraceni', 'Sharon Osika Michales')"
Howard Tupper,"('Harold Johnson', 'Claude Sykes')",Jessie Plumley,Mike Shepard,"('Derek Shepard', 'Marianne Miles')","('Joseph Saraceni', 'Mike Shepard')"
Joel Plumley,"('Howard Tupper', 'Joel Plumley')",Marianne Miles,Bruce Stebbins,"('Derek Shepard', 'Parks')","('Joseph Saraceni', 'Bruce Stebbins')"
Anthony Saraceni,"('Mary Frances Sabin', 'Joel Plumley')",Parks,Dick Clarke,"('Derek Shepard', 'Foster')","('Joseph Saraceni', 'Mary Frances Sabin')"
Ann Horan,"('Howard Tupper', 'Ann Horan')",Foster,Sharon Osika Michales,"('Derek Shepard', 'Cheryl Sica Michaels')","('Joseph Saraceni', 'Howard Tupper')"
Harold Johnson,,Cheryl Sica Michaels,Mark Wilder,"('Derek Shepard', 'Harold Johnson')","('Joseph Saraceni', 'Dick Clarke')"
Claude Sykes,,Patricia Dickman,Rick Presley,"('Derek Shepard', 'Claude Sykes')","('Joseph Saraceni', 'Mark Wilder')"
,,Ronald Dudzinski,Art Levy,"('Derek Shepard', 'Patricia Dickman')","('Joseph Saraceni', 'Joel Plumley')"
,,Brian May,Ron Dudzinski,"('Derek Shepard', 'Ronald Dudzinski')","('Joseph Saraceni', 'Anthony Saraceni')"
,,Joanne Mahoney,Megan O Donnell,"('Derek Shepard', 'Anthony Saraceni')","('Joseph Saraceni', 'Rick Presley')"
,,Jeff Brown,Patrician Dickman,"('Derek Shepard', 'Howard Tupper')","('Joseph Saraceni', 'Ann Horan')"
,,Bob Crandall,,"('Derek Shepard', 'Brian May')","('Joseph Saraceni', 'Art Levy')"
,,Frank Karboski,,"('Derek Shepard', 'Joanne Mahoney')","('Joseph Saraceni', 'Ron Dudzinski')"
,,Golden,,"('Derek Shepard', 'Jeff Brown')","('Joseph Saraceni', 'Harold Johnson')"
,,Mary Menapace,,"('Derek Shepard', 'Ann Horan')","('Joseph Saraceni', 'Megan O Donnell')"
,,Fred Neff,,"('Derek Shepard', 'Bob Crandall')","('Joseph Saraceni', 'Claude Sykes')"
,,,,"('Derek Shepard', 'Frank Karboski')","('Joseph Saraceni', 'Patrician Dickman')"
,,,,"('Derek Shepard', 'Golden')","('Mike Shepard', 'Bruce Stebbins')"
,,,,"('Derek Shepard', 'Mary Frances Sabin')","('Mike Shepard', 'Mary Frances Sabin')"
,,,,"('Derek Shepard', 'Mary Menapace')","('Mike Shepard', 'Howard Tupper')"
,,,,"('Derek Shepard', 'Joel Plumley')","('Mike Shepard', 'Dick Clarke')"
,,,,"('Derek Shepard', 'Fred Neff')","('Mike Shepard', 'Sharon Osika Michales')"
,,,,"('Jessie Plumley', 'Marianne Miles')","('Mike Shepard', 'Mark Wilder')"
,,,,"('Jessie Plumley', 'Parks')","('Mike Shepard', 'Joel Plumley')"
,,,,"('Jessie Plumley', 'Foster')","('Mike Shepard', 'Anthony Saraceni')"
,,,,"('Jessie Plumley', 'Cheryl Sica Michaels')","('Mike Shepard', 'Rick Presley')"
,,,,"('Jessie Plumley', 'Harold Johnson')","('Mike Shepard', 'Ann Horan')"
,,,,"('Jessie Plumley', 'Claude Sykes')","('Mike Shepard', 'Art Levy')"
,,,,"('Jessie Plumley', 'Patricia Dickman')","('Mike Shepard', 'Ron Dudzinski')"
,,,,"('Jessie Plumley', 'Ronald Dudzinski')","('Mike Shepard', 'Harold Johnson')"
,,,,"('Jessie Plumley', 'Anthony Saraceni')","('Mike Shepard', 'Megan O Donnell')"
,,,,"('Jessie Plumley', 'Howard Tupper')","('Mike Shepard', 'Claude Sykes')"
,,,,"('Jessie Plumley', 'Brian May')","('Mike Shepard', 'Patrician Dickman')"
,,,,"('Jessie Plumley', 'Joanne Mahoney')","('Bruce Stebbins', 'Mary Frances Sabin')"
,,,,"('Jessie Plumley', 'Jeff Brown')","('Bruce Stebbins', 'Howard Tupper')"
,,,,"('Jessie Plumley', 'Ann Horan')","('Bruce Stebbins', 'Dick Clarke')"
,,,,"('Jessie Plumley', 'Bob Crandall')","('Bruce Stebbins', 'Sharon Osika Michales')"
,,,,"('Jessie Plumley', 'Frank Karboski')","('Bruce Stebbins', 'Mark Wilder')"
,,,,"('Jessie Plumley', 'Golden')","('Bruce Stebbins', 'Joel Plumley')"
,,,,"('Jessie Plumley', 'Mary Frances Sabin')","('Bruce Stebbins', 'Anthony Saraceni')"
,,,,"('Jessie Plumley', 'Mary Menapace')","('Bruce Stebbins', 'Rick Presley')"
,,,,"('Jessie Plumley', 'Joel Plumley')","('Bruce Stebbins', 'Ann Horan')"
,,,,"('Jessie Plumley', 'Fred Neff')","('Bruce Stebbins', 'Art Levy')"
,,,,"('Marianne Miles', 'Parks')","('Bruce Stebbins', 'Ron Dudzinski')"
,,,,"('Marianne Miles', 'Foster')","('Bruce Stebbins', 'Harold Johnson')"
,,,,"('Marianne Miles', 'Cheryl Sica Michaels')","('Bruce Stebbins', 'Megan O Donnell')"
,,,,"('Marianne Miles', 'Harold Johnson')","('Bruce Stebbins', 'Claude Sykes')"
,,,,"('Marianne Miles', 'Claude Sykes')","('Bruce Stebbins', 'Patrician Dickman')"
,,,,"('Marianne Miles', 'Patricia Dickman')","('Mary Frances Sabin', 'Howard Tupper')"
,,,,"('Marianne Miles', 'Ronald Dudzinski')","('Mary Frances Sabin', 'Dick Clarke')"
,,,,"('Marianne Miles', 'Anthony Saraceni')","('Mary Frances Sabin', 'Sharon Osika Michales')"
,,,,"('Marianne Miles', 'Howard Tupper')","('Mary Frances Sabin', 'Mark Wilder')"
,,,,"('Marianne Miles', 'Brian May')","('Mary Frances Sabin', 'Anthony Saraceni')"
,,,,"('Marianne Miles', 'Joanne Mahoney')","('Mary Frances Sabin', 'Rick Presley')"
,,,,"('Marianne Miles', 'Jeff Brown')","('Mary Frances Sabin', 'Ann Horan')"
,,,,"('Marianne Miles', 'Ann Horan')","('Mary Frances Sabin', 'Art Levy')"
,,,,"('Marianne Miles', 'Bob Crandall')","('Mary Frances Sabin', 'Ron Dudzinski')"
,,,,"('Marianne Miles', 'Frank Karboski')","('Mary Frances Sabin', 'Harold Johnson')"
,,,,"('Marianne Miles', 'Golden')","('Mary Frances Sabin', 'Megan O Donnell')"
,,,,"('Marianne Miles', 'Mary Frances Sabin')","('Mary Frances Sabin', 'Claude Sykes')"
,,,,"('Marianne Miles', 'Mary Menapace')","('Mary Frances Sabin', 'Patrician Dickman')"
,,,,"('Marianne Miles', 'Joel Plumley')","('Howard Tupper', 'Dick Clarke')"
,,,,"('Marianne Miles', 'Fred Neff')","('Howard Tupper', 'Sharon Osika Michales')"
,,,,"('Parks', 'Foster')","('Howard Tupper', 'Mark Wilder')"
,,,,"('Parks', 'Cheryl Sica Michaels')","('Howard Tupper', 'Anthony Saraceni')"
,,,,"('Parks', 'Harold Johnson')","('Howard Tupper', 'Rick Presley')"
,,,,"('Parks', 'Claude Sykes')","('Howard Tupper', 'Art Levy')"
,,,,"('Parks', 'Patricia Dickman')","('Howard Tupper', 'Ron Dudzinski')"
,,,,"('Parks', 'Ronald Dudzinski')","('Howard Tupper', 'Harold Johnson')"
,,,,"('Parks', 'Anthony Saraceni')","('Howard Tupper', 'Megan O Donnell')"
,,,,"('Parks', 'Howard Tupper')","('Howard Tupper', 'Claude Sykes')"
,,,,"('Parks', 'Brian May')","('Howard Tupper', 'Patrician Dickman')"
,,,,"('Parks', 'Joanne Mahoney')","('Dick Clarke', 'Sharon Osika Michales')"
,,,,"('Parks', 'Jeff Brown')","('Dick Clarke', 'Mark Wilder')"
,,,,"('Parks', 'Ann Horan')","('Dick Clarke', 'Joel Plumley')"
,,,,"('Parks', 'Bob Crandall')","('Dick Clarke', 'Anthony Saraceni')"
,,,,"('Parks', 'Frank Karboski')","('Dick Clarke', 'Rick Presley')"
,,,,"('Parks', 'Golden')","('Dick Clarke', 'Ann Horan')"
,,,,"('Parks', 'Mary Frances Sabin')","('Dick Clarke', 'Art Levy')"
,,,,"('Parks', 'Mary Menapace')","('Dick Clarke', 'Ron Dudzinski')"
,,,,"('Parks', 'Joel Plumley')","('Dick Clarke', 'Harold Johnson')"
,,,,"('Parks', 'Fred Neff')","('Dick Clarke', 'Megan O Donnell')"
,,,,"('Foster', 'Cheryl Sica Michaels')","('Dick Clarke', 'Claude Sykes')"
,,,,"('Foster', 'Harold Johnson')","('Dick Clarke', 'Patrician Dickman')"
,,,,"('Foster', 'Claude Sykes')","('Sharon Osika Michales', 'Mark Wilder')"
,,,,"('Foster', 'Patricia Dickman')","('Sharon Osika Michales', 'Joel Plumley')"
,,,,"('Foster', 'Ronald Dudzinski')","('Sharon Osika Michales', 'Anthony Saraceni')"
,,,,"('Foster', 'Anthony Saraceni')","('Sharon Osika Michales', 'Rick Presley')"
,,,,"('Foster', 'Howard Tupper')","('Sharon Osika Michales', 'Ann Horan')"
,,,,"('Foster', 'Brian May')","('Sharon Osika Michales', 'Art Levy')"
,,,,"('Foster', 'Joanne Mahoney')","('Sharon Osika Michales', 'Ron Dudzinski')"
,,,,"('Foster', 'Jeff Brown')","('Sharon Osika Michales', 'Harold Johnson')"
,,,,"('Foster', 'Ann Horan')","('Sharon Osika Michales', 'Megan O Donnell')"
,,,,"('Foster', 'Bob Crandall')","('Sharon Osika Michales', 'Claude Sykes')"
,,,,"('Foster', 'Frank Karboski')","('Sharon Osika Michales', 'Patrician Dickman')"
,,,,"('Foster', 'Golden')","('Mark Wilder', 'Joel Plumley')"
,,,,"('Foster', 'Mary Frances Sabin')","('Mark Wilder', 'Anthony Saraceni')"
,,,,"('Foster', 'Mary Menapace')","('Mark Wilder', 'Rick Presley')"
,,,,"('Foster', 'Joel Plumley')","('Mark Wilder', 'Ann Horan')"
,,,,"('Foster', 'Fred Neff')","('Mark Wilder', 'Art Levy')"
,,,,"('Cheryl Sica Michaels', 'Harold Johnson')","('Mark Wilder', 'Ron Dudzinski')"
,,,,"('Cheryl Sica Michaels', 'Claude Sykes')","('Mark Wilder', 'Harold Johnson')"
,,,,"('Cheryl Sica Michaels', 'Patricia Dickman')","('Mark Wilder', 'Megan O Donnell')"
,,,,"('Cheryl Sica Michaels', 'Ronald Dudzinski')","('Mark Wilder', 'Claude Sykes')"
,,,,"('Cheryl Sica Michaels', 'Anthony Saraceni')","('Mark Wilder', 'Patrician Dickman')"
,,,,"('Cheryl Sica Michaels', 'Howard Tupper')","('Joel Plumley', 'Anthony Saraceni')"
,,,,"('Cheryl Sica Michaels', 'Brian May')","('Joel Plumley', 'Rick Presley')"
,,,,"('Cheryl Sica Michaels', 'Joanne Mahoney')","('Joel Plumley', 'Ann Horan')"
,,,,"('Cheryl Sica Michaels', 'Jeff Brown')","('Joel Plumley', 'Art Levy')"
,,,,"('Cheryl Sica Michaels', 'Ann Horan')","('Joel Plumley', 'Ron Dudzinski')"
,,,,"('Cheryl Sica Michaels', 'Bob Crandall')","('Joel Plumley', 'Harold Johnson')"
,,,,"('Cheryl Sica Michaels', 'Frank Karboski')","('Joel Plumley', 'Megan O Donnell')"
,,,,"('Cheryl Sica Michaels', 'Golden')","('Joel Plumley', 'Claude Sykes')"
,,,,"('Cheryl Sica Michaels', 'Mary Frances Sabin')","('Joel Plumley', 'Patrician Dickman')"
,,,,"('Cheryl Sica Michaels', 'Mary Menapace')","('Anthony Saraceni', 'Rick Presley')"
,,,,"('Cheryl Sica Michaels', 'Joel Plumley')","('Anthony Saraceni', 'Art Levy')"
,,,,"('Cheryl Sica Michaels', 'Fred Neff')","('Anthony Saraceni', 'Ron Dudzinski')"
,,,,"('Harold Johnson', 'Patricia Dickman')","('Anthony Saraceni', 'Harold Johnson')"
,,,,"('Harold Johnson', 'Ronald Dudzinski')","('Anthony Saraceni', 'Megan O Donnell')"
,,,,"('Harold Johnson', 'Anthony Saraceni')","('Anthony Saraceni', 'Claude Sykes')"
,,,,"('Harold Johnson', 'Howard Tupper')","('Anthony Saraceni', 'Patrician Dickman')"
,,,,"('Harold Johnson', 'Brian May')","('Rick Presley', 'Ann Horan')"
,,,,"('Harold Johnson', 'Joanne Mahoney')","('Rick Presley', 'Art Levy')"
,,,,"('Harold Johnson', 'Jeff Brown')","('Rick Presley', 'Ron Dudzinski')"
,,,,"('Harold Johnson', 'Ann Horan')","('Rick Presley', 'Harold Johnson')"
,,,,"('Harold Johnson', 'Bob Crandall')","('Rick Presley', 'Megan O Donnell')"
,,,,"('Harold Johnson', 'Frank Karboski')","('Rick Presley', 'Claude Sykes')"
,,,,"('Harold Johnson', 'Golden')","('Rick Presley', 'Patrician Dickman')"
,,,,"('Harold Johnson', 'Mary Frances Sabin')","('Ann Horan', 'Art Levy')"
,,,,"('Harold Johnson', 'Mary Menapace')","('Ann Horan', 'Ron Dudzinski')"
,,,,"('Harold Johnson', 'Joel Plumley')","('Ann Horan', 'Harold Johnson')"
,,,,"('Harold Johnson', 'Fred Neff')","('Ann Horan', 'Megan O Donnell')"
,,,,"('Claude Sykes', 'Patricia Dickman')","('Ann Horan', 'Claude Sykes')"
,,,,"('Claude Sykes', 'Ronald Dudzinski')","('Ann Horan', 'Patrician Dickman')"
,,,,"('Claude Sykes', 'Anthony Saraceni')","('Art Levy', 'Claude Sykes')"
,,,,"('Claude Sykes', 'Howard Tupper')","('Art Levy', 'Ron Dudzinski')"
,,,,"('Claude Sykes', 'Brian May')","('Art Levy', 'Harold Johnson')"
,,,,"('Claude Sykes', 'Joanne Mahoney')","('Art Levy', 'Megan O Donnell')"
,,,,"('Claude Sykes', 'Jeff Brown')","('Art Levy', 'Patrician Dickman')"
,,,,"('Claude Sykes', 'Ann Horan')","('Ron Dudzinski', 'Harold Johnson')"
,,,,"('Claude Sykes', 'Bob Crandall')","('Ron Dudzinski', 'Megan O Donnell')"
,,,,"('Claude Sykes', 'Frank Karboski')","('Ron Dudzinski', 'Claude Sykes')"
,,,,"('Claude Sykes', 'Golden')","('Ron Dudzinski', 'Patrician Dickman')"
,,,,"('Claude Sykes', 'Mary Frances Sabin')","('Harold Johnson', 'Megan O Donnell')"
,,,,"('Claude Sykes', 'Mary Menapace')","('Harold Johnson', 'Patrician Dickman')"
,,,,"('Claude Sykes', 'Joel Plumley')","('Megan O Donnell', 'Claude Sykes')"
,,,,"('Claude Sykes', 'Fred Neff')","('Megan O Donnell', 'Patrician Dickman')"
,,,,"('Patricia Dickman', 'Ronald Dudzinski')","('Claude Sykes', 'Patrician Dickman')"
,,,,"('Patricia Dickman', 'Anthony Saraceni')",
,,,,"('Patricia Dickman', 'Howard Tupper')",
,,,,"('Patricia Dickman', 'Brian May')",
,,,,"('Patricia Dickman', 'Joanne Mahoney')",
,,,,"('Patricia Dickman', 'Jeff Brown')",
,,,,"('Patricia Dickman', 'Ann Horan')",
,,,,"('Patricia Dickman', 'Bob Crandall')",
,,,,"('Patricia Dickman', 'Frank Karboski')",
,,,,"('Patricia Dickman', 'Golden')",
,,,,"('Patricia Dickman', 'Mary Frances Sabin')",
,,,,"('Patricia Dickman', 'Mary Menapace')",
,,,,"('Patricia Dickman', 'Joel Plumley')",
,,,,"('Patricia Dickman', 'Fred Neff')",
,,,,"('Ronald Dudzinski', 'Anthony Saraceni')",
,,,,"('Ronald Dudzinski', 'Howard Tupper')",
,,,,"('Ronald Dudzinski', 'Brian May')",
,,,,"('Ronald Dudzinski', 'Joanne Mahoney')",
,,,,"('Ronald Dudzinski', 'Jeff Brown')",
,,,,"('Ronald Dudzinski', 'Ann Horan')",
,,,,"('Ronald Dudzinski', 'Bob Crandall')",
,,,,"('Ronald Dudzinski', 'Frank Karboski')",
,,,,"('Ronald Dudzinski', 'Golden')",
,,,,"('Ronald Dudzinski', 'Mary Frances Sabin')",
,,,,"('Ronald Dudzinski', 'Mary Menapace')",
,,,,"('Ronald Dudzinski', 'Joel Plumley')",
,,,,"('Ronald Dudzinski', 'Fred Neff')",
,,,,"('Anthony Saraceni', 'Howard Tupper')",
,,,,"('Anthony Saraceni', 'Brian May')",
,,,,"('Anthony Saraceni', 'Joanne Mahoney')",
,,,,"('Anthony Saraceni', 'Jeff Brown')",
,,,,"('Anthony Saraceni', 'Bob Crandall')",
,,,,"('Anthony Saraceni', 'Frank Karboski')",
,,,,"('Anthony Saraceni', 'Golden')",
,,,,"('Anthony Saraceni', 'Mary Frances Sabin')",
,,,,"('Anthony Saraceni', 'Mary Menapace')",
,,,,"('Anthony Saraceni', 'Joel Plumley')",
,,,,"('Anthony Saraceni', 'Fred Neff')",
,,,,"('Howard Tupper', 'Brian May')",
,,,,"('Howard Tupper', 'Joanne Mahoney')",
,,,,"('Howard Tupper', 'Jeff Brown')",
,,,,"('Howard Tupper', 'Bob Crandall')",
,,,,"('Howard Tupper', 'Frank Karboski')",
,,,,"('Howard Tupper', 'Golden')",
,,,,"('Howard Tupper', 'Mary Frances Sabin')",
,,,,"('Howard Tupper', 'Mary Menapace')",
,,,,"('Howard Tupper', 'Fred Neff')",
,,,,"('Brian May', 'Joanne Mahoney')",
,,,,"('Brian May', 'Jeff Brown')",
,,,,"('Brian May', 'Ann Horan')",
,,,,"('Brian May', 'Bob Crandall')",
,,,,"('Brian May', 'Frank Karboski')",
,,,,"('Brian May', 'Golden')",
,,,,"('Brian May', 'Mary Frances Sabin')",
,,,,"('Brian May', 'Mary Menapace')",
,,,,"('Brian May', 'Joel Plumley')",
,,,,"('Brian May', 'Fred Neff')",
,,,,"('Joanne Mahoney', 'Jeff Brown')",
,,,,"('Joanne Mahoney', 'Ann Horan')",
,,,,"('Joanne Mahoney', 'Bob Crandall')",
,,,,"('Joanne Mahoney', 'Frank Karboski')",
,,,,"('Joanne Mahoney', 'Golden')",
,,,,"('Joanne Mahoney', 'Mary Frances Sabin')",
,,,,"('Joanne Mahoney', 'Mary Menapace')",
,,,,"('Joanne Mahoney', 'Joel Plumley')",
,,,,"('Joanne Mahoney', 'Fred Neff')",
,,,,"('Jeff Brown', 'Ann Horan')",
,,,,"('Jeff Brown', 'Bob Crandall')",
,,,,"('Jeff Brown', 'Frank Karboski')",
,,,,"('Jeff Brown', 'Golden')",
,,,,"('Jeff Brown', 'Mary Frances Sabin')",
,,,,"('Jeff Brown', 'Mary Menapace')",
,,,,"('Jeff Brown', 'Joel Plumley')",
,,,,"('Jeff Brown', 'Fred Neff')",
,,,,"('Ann Horan', 'Bob Crandall')",
,,,,"('Ann Horan', 'Frank Karboski')",
,,,,"('Ann Horan', 'Golden')",
,,,,"('Ann Horan', 'Mary Frances Sabin')",
,,,,"('Ann Horan', 'Mary Menapace')",
,,,,"('Ann Horan', 'Joel Plumley')",
,,,,"('Ann Horan', 'Fred Neff')",
,,,,"('Bob Crandall', 'Frank Karboski')",
,,,,"('Bob Crandall', 'Golden')",
,,,,"('Bob Crandall', 'Mary Frances Sabin')",
,,,,"('Bob Crandall', 'Mary Menapace')",
,,,,"('Bob Crandall', 'Joel Plumley')",
,,,,"('Bob Crandall', 'Fred Neff')",
,,,,"('Frank Karboski', 'Golden')",
,,,,"('Frank Karboski', 'Mary Frances Sabin')",
,,,,"('Frank Karboski', 'Mary Menapace')",
,,,,"('Frank Karboski', 'Joel Plumley')",
,,,,"('Frank Karboski', 'Fred Neff')",
,,,,"('Golden', 'Mary Frances Sabin')",
,,,,"('Golden', 'Mary Menapace')",
,,,,"('Golden', 'Joel Plumley')",
,,,,"('Golden', 'Fred Neff')",
,,,,"('Mary Frances Sabin', 'Mary Menapace')",
,,,,"('Mary Frances Sabin', 'Fred Neff')",
,,,,"('Mary Menapace', 'Joel Plumley')",
,,,,"('Mary Menapace', 'Fred Neff')",
,,,,"('Joel Plumley', 'Fred Neff')",
