AB Actor Overlap,AB Relationship Overlap,Unique A Actors,Unique B Actors,Unique A Relationships,Unique B Relationships
Hubert Pritchard,"('Scott Brown', 'Charles Hebbard')",Gordon Reese,James Zecca,"('Scott Brown', 'Gordon Reese')","('James Zecca', 'Scott Brown')"
Jody Burdick,"('Scott Brown', 'Jody Burdick')",Gregory Sydoriw,Emily DeSantis,"('Scott Brown', 'Gregory Sydoriw')","('James Zecca', 'Emily DeSantis')"
David Husted,"('Greg Mattacola', 'Jody Burdick')",Lisa Taber,Joe Martens,"('Scott Brown', 'Lisa Taber')","('James Zecca', 'Joe Martens')"
Scott Brown,"('Charles Hebbard', 'Jody Burdick')",Peggy Bartles,Garry Colarusso,"('Scott Brown', 'Peggy Bartles')","('James Zecca', 'Garry Colarusso')"
Greg Mattacola,"('Jody Burdick', 'Kenneth Eisnor')",Tasha Hance,Mark West,"('Scott Brown', 'Tasha Hance')","('James Zecca', 'Mark West')"
Kenneth Eisnor,"('Scott Brown', 'Greg Mattacola')",Jonathan Barns,Jay Babich,"('Scott Brown', 'Jonathan Barns')","('James Zecca', 'Jay Babich')"
Charles Hebbard,"('Charles Hebbard', 'David Husted')",Diane Rolewicz,Thomas West,"('Scott Brown', 'Diane Rolewicz')","('James Zecca', 'Thomas West')"
,"('Scott Brown', 'Hubert Pritchard')",Jim Stewart,Andrew Cuomo,"('Scott Brown', 'Jim Stewart')","('James Zecca', 'Hubert Pritchard')"
,"('David Husted', 'Jody Burdick')",Ronald Watson,Patrick Tyksinski,"('Scott Brown', 'Ronald Watson')","('James Zecca', 'Andrew Cuomo')"
,"('Hubert Pritchard', 'Greg Mattacola')",Howard Waldas,Scott Kurkoski,"('Scott Brown', 'Howard Waldas')","('James Zecca', 'Patrick Tyksinski')"
,"('David Husted', 'Kenneth Eisnor')",Terry Williamson,Jason Espino,"('Scott Brown', 'Terry Williamson')","('James Zecca', 'Charles Hebbard')"
,"('Charles Hebbard', 'Greg Mattacola')",Victor Cardillo,Howard Pollman,"('Scott Brown', 'Victor Cardillo')","('James Zecca', 'Scott Kurkoski')"
,"('David Husted', 'Greg Mattacola')",Julie Waldras,Frank Vescera,"('Scott Brown', 'Julie Waldras')","('James Zecca', 'Jason Espino')"
,"('Greg Mattacola', 'Kenneth Eisnor')",Jerrid Otis,Jannette Barthe,"('Scott Brown', 'Jerrid Otis')","('James Zecca', 'David Husted')"
,"('Scott Brown', 'Kenneth Eisnor')",Tony DeBella,Robert McHale,"('Scott Brown', 'Tony DeBella')","('James Zecca', 'Howard Pollman')"
,"('Hubert Pritchard', 'David Husted')",Gary Palirusso,Claudia Tenney,"('Scott Brown', 'Gary Palirusso')","('James Zecca', 'Greg Mattacola')"
,"('Hubert Pritchard', 'Jody Burdick')",Kevin Burger,Julie Waldas,"('Scott Brown', 'Kevin Burger')","('James Zecca', 'Frank Vescera')"
,"('Hubert Pritchard', 'Kenneth Eisnor')",Russell Young,Jennifer Huntington,"('Scott Brown', 'Russell Young')","('James Zecca', 'Jannette Barthe')"
,"('Scott Brown', 'David Husted')",Carlton Cory,Mike Kotz,"('Scott Brown', 'Carlton Cory')","('James Zecca', 'Robert McHale')"
,"('Charles Hebbard', 'Kenneth Eisnor')",Jack Maine,William Johnson,"('Scott Brown', 'Jack Maine')","('James Zecca', 'Claudia Tenney')"
,,Mark Crane,Michael Baker,"('Scott Brown', 'Mark Crane')","('James Zecca', 'Julie Waldas')"
,,Harris Samuels,,"('Scott Brown', 'Harris Samuels')","('James Zecca', 'Jennifer Huntington')"
,,Charles Smith,,"('Scott Brown', 'Charles Smith')","('James Zecca', 'Jody Burdick')"
,,Mike DeBella,,"('Scott Brown', 'Mike DeBella')","('James Zecca', 'Mike Kotz')"
,,Bernard Szarek,,"('Scott Brown', 'Bernard Szarek')","('James Zecca', 'William Johnson')"
,,Riley McFadden,,"('Scott Brown', 'Riley McFadden')","('James Zecca', 'Kenneth Eisnor')"
,,Peter Bianco,,"('Scott Brown', 'Peter Bianco')","('James Zecca', 'Michael Baker')"
,,David Wood,,"('Scott Brown', 'David Wood')","('Scott Brown', 'Emily DeSantis')"
,,Gregory Mattacola,,"('Scott Brown', 'Gregory Mattacola')","('Scott Brown', 'Joe Martens')"
,,Sally Glouse,,"('Scott Brown', 'Sally Glouse')","('Scott Brown', 'Garry Colarusso')"
,,James Kimball,,"('Scott Brown', 'James Kimball')","('Scott Brown', 'Mark West')"
,,Bonnie Joe,,"('Scott Brown', 'Bonnie Joe')","('Scott Brown', 'Jay Babich')"
,,Margaret Leone,,"('Scott Brown', 'Margaret Leone')","('Scott Brown', 'Thomas West')"
,,Carl Eddy,,"('Scott Brown', 'Carl Eddy')","('Scott Brown', 'Andrew Cuomo')"
,,Thomas Phelan,,"('Scott Brown', 'Thomas Phelan')","('Scott Brown', 'Patrick Tyksinski')"
,,Mike Lally,,"('Scott Brown', 'Mike Lally')","('Scott Brown', 'Scott Kurkoski')"
,,Randy Rundall,,"('Scott Brown', 'Randy Rundall')","('Scott Brown', 'Jason Espino')"
,,,,"('Gordon Reese', 'Jonathan Barns')","('Scott Brown', 'Howard Pollman')"
,,,,"('Gordon Reese', 'Gregory Sydoriw')","('Scott Brown', 'Frank Vescera')"
,,,,"('Gordon Reese', 'Lisa Taber')","('Scott Brown', 'Jannette Barthe')"
,,,,"('Gordon Reese', 'Peggy Bartles')","('Scott Brown', 'Robert McHale')"
,,,,"('Gordon Reese', 'Tasha Hance')","('Scott Brown', 'Claudia Tenney')"
,,,,"('Gordon Reese', 'Diane Rolewicz')","('Scott Brown', 'Julie Waldas')"
,,,,"('Gordon Reese', 'Jim Stewart')","('Scott Brown', 'Jennifer Huntington')"
,,,,"('Gordon Reese', 'Ronald Watson')","('Scott Brown', 'Mike Kotz')"
,,,,"('Gordon Reese', 'Howard Waldas')","('Scott Brown', 'William Johnson')"
,,,,"('Gordon Reese', 'Terry Williamson')","('Scott Brown', 'Michael Baker')"
,,,,"('Gordon Reese', 'Victor Cardillo')","('Emily DeSantis', 'Joe Martens')"
,,,,"('Gordon Reese', 'Charles Hebbard')","('Emily DeSantis', 'Garry Colarusso')"
,,,,"('Gordon Reese', 'Julie Waldras')","('Emily DeSantis', 'Mark West')"
,,,,"('Gordon Reese', 'Jerrid Otis')","('Emily DeSantis', 'Jay Babich')"
,,,,"('Gordon Reese', 'Tony DeBella')","('Emily DeSantis', 'Thomas West')"
,,,,"('Gordon Reese', 'Hubert Pritchard')","('Emily DeSantis', 'Jason Espino')"
,,,,"('Gordon Reese', 'David Husted')","('Emily DeSantis', 'Andrew Cuomo')"
,,,,"('Gordon Reese', 'Gary Palirusso')","('Emily DeSantis', 'Patrick Tyksinski')"
,,,,"('Gordon Reese', 'Kevin Burger')","('Emily DeSantis', 'Charles Hebbard')"
,,,,"('Gordon Reese', 'Russell Young')","('Emily DeSantis', 'Scott Kurkoski')"
,,,,"('Gordon Reese', 'Greg Mattacola')","('Emily DeSantis', 'Hubert Pritchard')"
,,,,"('Gordon Reese', 'Carlton Cory')","('Emily DeSantis', 'David Husted')"
,,,,"('Gordon Reese', 'Jack Maine')","('Emily DeSantis', 'Howard Pollman')"
,,,,"('Gordon Reese', 'Mark Crane')","('Emily DeSantis', 'Greg Mattacola')"
,,,,"('Gordon Reese', 'Harris Samuels')","('Emily DeSantis', 'Frank Vescera')"
,,,,"('Gordon Reese', 'Charles Smith')","('Emily DeSantis', 'Jannette Barthe')"
,,,,"('Gordon Reese', 'Mike DeBella')","('Emily DeSantis', 'Robert McHale')"
,,,,"('Gordon Reese', 'Bernard Szarek')","('Emily DeSantis', 'Claudia Tenney')"
,,,,"('Gordon Reese', 'Riley McFadden')","('Emily DeSantis', 'Julie Waldas')"
,,,,"('Gordon Reese', 'Peter Bianco')","('Emily DeSantis', 'Jennifer Huntington')"
,,,,"('Gordon Reese', 'Jody Burdick')","('Emily DeSantis', 'Jody Burdick')"
,,,,"('Gordon Reese', 'David Wood')","('Emily DeSantis', 'Mike Kotz')"
,,,,"('Gordon Reese', 'Gregory Mattacola')","('Emily DeSantis', 'William Johnson')"
,,,,"('Gordon Reese', 'Sally Glouse')","('Emily DeSantis', 'Kenneth Eisnor')"
,,,,"('Gordon Reese', 'James Kimball')","('Emily DeSantis', 'Michael Baker')"
,,,,"('Gordon Reese', 'Bonnie Joe')","('Joe Martens', 'Garry Colarusso')"
,,,,"('Gordon Reese', 'Margaret Leone')","('Joe Martens', 'Mark West')"
,,,,"('Gordon Reese', 'Carl Eddy')","('Joe Martens', 'Jay Babich')"
,,,,"('Gordon Reese', 'Kenneth Eisnor')","('Joe Martens', 'Thomas West')"
,,,,"('Gordon Reese', 'Thomas Phelan')","('Joe Martens', 'Hubert Pritchard')"
,,,,"('Gordon Reese', 'Mike Lally')","('Joe Martens', 'Andrew Cuomo')"
,,,,"('Gordon Reese', 'Randy Rundall')","('Joe Martens', 'Patrick Tyksinski')"
,,,,"('Gregory Sydoriw', 'Randy Rundall')","('Joe Martens', 'Charles Hebbard')"
,,,,"('Gregory Sydoriw', 'Lisa Taber')","('Joe Martens', 'Scott Kurkoski')"
,,,,"('Gregory Sydoriw', 'Peggy Bartles')","('Joe Martens', 'Jason Espino')"
,,,,"('Gregory Sydoriw', 'Tasha Hance')","('Joe Martens', 'David Husted')"
,,,,"('Gregory Sydoriw', 'Jonathan Barns')","('Joe Martens', 'Howard Pollman')"
,,,,"('Gregory Sydoriw', 'Diane Rolewicz')","('Joe Martens', 'Greg Mattacola')"
,,,,"('Gregory Sydoriw', 'Jim Stewart')","('Joe Martens', 'Frank Vescera')"
,,,,"('Gregory Sydoriw', 'Ronald Watson')","('Joe Martens', 'Jannette Barthe')"
,,,,"('Gregory Sydoriw', 'Howard Waldas')","('Joe Martens', 'Robert McHale')"
,,,,"('Gregory Sydoriw', 'Terry Williamson')","('Joe Martens', 'Claudia Tenney')"
,,,,"('Gregory Sydoriw', 'Victor Cardillo')","('Joe Martens', 'Julie Waldas')"
,,,,"('Gregory Sydoriw', 'Charles Hebbard')","('Joe Martens', 'Jennifer Huntington')"
,,,,"('Gregory Sydoriw', 'Julie Waldras')","('Joe Martens', 'Jody Burdick')"
,,,,"('Gregory Sydoriw', 'Jerrid Otis')","('Joe Martens', 'Mike Kotz')"
,,,,"('Gregory Sydoriw', 'Tony DeBella')","('Joe Martens', 'William Johnson')"
,,,,"('Gregory Sydoriw', 'Hubert Pritchard')","('Joe Martens', 'Kenneth Eisnor')"
,,,,"('Gregory Sydoriw', 'David Husted')","('Joe Martens', 'Michael Baker')"
,,,,"('Gregory Sydoriw', 'Gary Palirusso')","('Garry Colarusso', 'Mark West')"
,,,,"('Gregory Sydoriw', 'Kevin Burger')","('Garry Colarusso', 'Jay Babich')"
,,,,"('Gregory Sydoriw', 'Russell Young')","('Garry Colarusso', 'Thomas West')"
,,,,"('Gregory Sydoriw', 'Greg Mattacola')","('Garry Colarusso', 'Hubert Pritchard')"
,,,,"('Gregory Sydoriw', 'Carlton Cory')","('Garry Colarusso', 'Andrew Cuomo')"
,,,,"('Gregory Sydoriw', 'Jack Maine')","('Garry Colarusso', 'Patrick Tyksinski')"
,,,,"('Gregory Sydoriw', 'Mark Crane')","('Garry Colarusso', 'Charles Hebbard')"
,,,,"('Gregory Sydoriw', 'Harris Samuels')","('Garry Colarusso', 'Scott Kurkoski')"
,,,,"('Gregory Sydoriw', 'Charles Smith')","('Garry Colarusso', 'Jason Espino')"
,,,,"('Gregory Sydoriw', 'Mike DeBella')","('Garry Colarusso', 'David Husted')"
,,,,"('Gregory Sydoriw', 'Bernard Szarek')","('Garry Colarusso', 'Howard Pollman')"
,,,,"('Gregory Sydoriw', 'Riley McFadden')","('Garry Colarusso', 'Greg Mattacola')"
,,,,"('Gregory Sydoriw', 'Peter Bianco')","('Garry Colarusso', 'Frank Vescera')"
,,,,"('Gregory Sydoriw', 'Jody Burdick')","('Garry Colarusso', 'Jannette Barthe')"
,,,,"('Gregory Sydoriw', 'David Wood')","('Garry Colarusso', 'Robert McHale')"
,,,,"('Gregory Sydoriw', 'Gregory Mattacola')","('Garry Colarusso', 'Claudia Tenney')"
,,,,"('Gregory Sydoriw', 'Sally Glouse')","('Garry Colarusso', 'Julie Waldas')"
,,,,"('Gregory Sydoriw', 'James Kimball')","('Garry Colarusso', 'Jennifer Huntington')"
,,,,"('Gregory Sydoriw', 'Bonnie Joe')","('Garry Colarusso', 'Jody Burdick')"
,,,,"('Gregory Sydoriw', 'Margaret Leone')","('Garry Colarusso', 'Mike Kotz')"
,,,,"('Gregory Sydoriw', 'Carl Eddy')","('Garry Colarusso', 'William Johnson')"
,,,,"('Gregory Sydoriw', 'Kenneth Eisnor')","('Garry Colarusso', 'Kenneth Eisnor')"
,,,,"('Gregory Sydoriw', 'Thomas Phelan')","('Garry Colarusso', 'Michael Baker')"
,,,,"('Gregory Sydoriw', 'Mike Lally')","('Mark West', 'Jay Babich')"
,,,,"('Lisa Taber', 'Peggy Bartles')","('Mark West', 'Thomas West')"
,,,,"('Lisa Taber', 'Tasha Hance')","('Mark West', 'Hubert Pritchard')"
,,,,"('Lisa Taber', 'Jonathan Barns')","('Mark West', 'Andrew Cuomo')"
,,,,"('Lisa Taber', 'Diane Rolewicz')","('Mark West', 'Patrick Tyksinski')"
,,,,"('Lisa Taber', 'Jim Stewart')","('Mark West', 'Charles Hebbard')"
,,,,"('Lisa Taber', 'Ronald Watson')","('Mark West', 'Scott Kurkoski')"
,,,,"('Lisa Taber', 'Howard Waldas')","('Mark West', 'Jason Espino')"
,,,,"('Lisa Taber', 'Terry Williamson')","('Mark West', 'David Husted')"
,,,,"('Lisa Taber', 'Victor Cardillo')","('Mark West', 'Howard Pollman')"
,,,,"('Lisa Taber', 'Charles Hebbard')","('Mark West', 'Greg Mattacola')"
,,,,"('Lisa Taber', 'Julie Waldras')","('Mark West', 'Frank Vescera')"
,,,,"('Lisa Taber', 'Jerrid Otis')","('Mark West', 'Jannette Barthe')"
,,,,"('Lisa Taber', 'Tony DeBella')","('Mark West', 'Robert McHale')"
,,,,"('Lisa Taber', 'Hubert Pritchard')","('Mark West', 'Claudia Tenney')"
,,,,"('Lisa Taber', 'David Husted')","('Mark West', 'Julie Waldas')"
,,,,"('Lisa Taber', 'Gary Palirusso')","('Mark West', 'Jennifer Huntington')"
,,,,"('Lisa Taber', 'Kevin Burger')","('Mark West', 'Jody Burdick')"
,,,,"('Lisa Taber', 'Russell Young')","('Mark West', 'Mike Kotz')"
,,,,"('Lisa Taber', 'Greg Mattacola')","('Mark West', 'William Johnson')"
,,,,"('Lisa Taber', 'Carlton Cory')","('Mark West', 'Kenneth Eisnor')"
,,,,"('Lisa Taber', 'Jack Maine')","('Mark West', 'Michael Baker')"
,,,,"('Lisa Taber', 'Mark Crane')","('Jay Babich', 'Thomas West')"
,,,,"('Lisa Taber', 'Harris Samuels')","('Jay Babich', 'Hubert Pritchard')"
,,,,"('Lisa Taber', 'Charles Smith')","('Jay Babich', 'Andrew Cuomo')"
,,,,"('Lisa Taber', 'Mike DeBella')","('Jay Babich', 'Patrick Tyksinski')"
,,,,"('Lisa Taber', 'Bernard Szarek')","('Jay Babich', 'Charles Hebbard')"
,,,,"('Lisa Taber', 'Riley McFadden')","('Jay Babich', 'Scott Kurkoski')"
,,,,"('Lisa Taber', 'Peter Bianco')","('Jay Babich', 'Jason Espino')"
,,,,"('Lisa Taber', 'Jody Burdick')","('Jay Babich', 'David Husted')"
,,,,"('Lisa Taber', 'David Wood')","('Jay Babich', 'Howard Pollman')"
,,,,"('Lisa Taber', 'Gregory Mattacola')","('Jay Babich', 'Greg Mattacola')"
,,,,"('Lisa Taber', 'Sally Glouse')","('Jay Babich', 'Frank Vescera')"
,,,,"('Lisa Taber', 'James Kimball')","('Jay Babich', 'Jannette Barthe')"
,,,,"('Lisa Taber', 'Bonnie Joe')","('Jay Babich', 'Robert McHale')"
,,,,"('Lisa Taber', 'Margaret Leone')","('Jay Babich', 'Claudia Tenney')"
,,,,"('Lisa Taber', 'Carl Eddy')","('Jay Babich', 'Julie Waldas')"
,,,,"('Lisa Taber', 'Kenneth Eisnor')","('Jay Babich', 'Jennifer Huntington')"
,,,,"('Lisa Taber', 'Thomas Phelan')","('Jay Babich', 'Jody Burdick')"
,,,,"('Lisa Taber', 'Mike Lally')","('Jay Babich', 'Mike Kotz')"
,,,,"('Lisa Taber', 'Randy Rundall')","('Jay Babich', 'William Johnson')"
,,,,"('Peggy Bartles', 'Tasha Hance')","('Jay Babich', 'Kenneth Eisnor')"
,,,,"('Peggy Bartles', 'Jonathan Barns')","('Jay Babich', 'Michael Baker')"
,,,,"('Peggy Bartles', 'Diane Rolewicz')","('Thomas West', 'Hubert Pritchard')"
,,,,"('Peggy Bartles', 'Jim Stewart')","('Thomas West', 'Andrew Cuomo')"
,,,,"('Peggy Bartles', 'Ronald Watson')","('Thomas West', 'Patrick Tyksinski')"
,,,,"('Peggy Bartles', 'Howard Waldas')","('Thomas West', 'Charles Hebbard')"
,,,,"('Peggy Bartles', 'Terry Williamson')","('Thomas West', 'Scott Kurkoski')"
,,,,"('Peggy Bartles', 'Victor Cardillo')","('Thomas West', 'Jason Espino')"
,,,,"('Peggy Bartles', 'Charles Hebbard')","('Thomas West', 'David Husted')"
,,,,"('Peggy Bartles', 'Julie Waldras')","('Thomas West', 'Howard Pollman')"
,,,,"('Peggy Bartles', 'Jerrid Otis')","('Thomas West', 'Greg Mattacola')"
,,,,"('Peggy Bartles', 'Tony DeBella')","('Thomas West', 'Frank Vescera')"
,,,,"('Peggy Bartles', 'Hubert Pritchard')","('Thomas West', 'Jannette Barthe')"
,,,,"('Peggy Bartles', 'David Husted')","('Thomas West', 'Robert McHale')"
,,,,"('Peggy Bartles', 'Gary Palirusso')","('Thomas West', 'Claudia Tenney')"
,,,,"('Peggy Bartles', 'Kevin Burger')","('Thomas West', 'Julie Waldas')"
,,,,"('Peggy Bartles', 'Russell Young')","('Thomas West', 'Jennifer Huntington')"
,,,,"('Peggy Bartles', 'Greg Mattacola')","('Thomas West', 'Jody Burdick')"
,,,,"('Peggy Bartles', 'Carlton Cory')","('Thomas West', 'Mike Kotz')"
,,,,"('Peggy Bartles', 'Jack Maine')","('Thomas West', 'William Johnson')"
,,,,"('Peggy Bartles', 'Mark Crane')","('Thomas West', 'Kenneth Eisnor')"
,,,,"('Peggy Bartles', 'Harris Samuels')","('Thomas West', 'Michael Baker')"
,,,,"('Peggy Bartles', 'Charles Smith')","('Hubert Pritchard', 'Mike Kotz')"
,,,,"('Peggy Bartles', 'Mike DeBella')","('Hubert Pritchard', 'Andrew Cuomo')"
,,,,"('Peggy Bartles', 'Bernard Szarek')","('Hubert Pritchard', 'Patrick Tyksinski')"
,,,,"('Peggy Bartles', 'Riley McFadden')","('Hubert Pritchard', 'Charles Hebbard')"
,,,,"('Peggy Bartles', 'Peter Bianco')","('Hubert Pritchard', 'Scott Kurkoski')"
,,,,"('Peggy Bartles', 'Jody Burdick')","('Hubert Pritchard', 'Jason Espino')"
,,,,"('Peggy Bartles', 'David Wood')","('Hubert Pritchard', 'Howard Pollman')"
,,,,"('Peggy Bartles', 'Gregory Mattacola')","('Hubert Pritchard', 'Frank Vescera')"
,,,,"('Peggy Bartles', 'Sally Glouse')","('Hubert Pritchard', 'Jannette Barthe')"
,,,,"('Peggy Bartles', 'James Kimball')","('Hubert Pritchard', 'Robert McHale')"
,,,,"('Peggy Bartles', 'Bonnie Joe')","('Hubert Pritchard', 'Claudia Tenney')"
,,,,"('Peggy Bartles', 'Margaret Leone')","('Hubert Pritchard', 'Julie Waldas')"
,,,,"('Peggy Bartles', 'Carl Eddy')","('Hubert Pritchard', 'Jennifer Huntington')"
,,,,"('Peggy Bartles', 'Kenneth Eisnor')","('Hubert Pritchard', 'William Johnson')"
,,,,"('Peggy Bartles', 'Thomas Phelan')","('Hubert Pritchard', 'Michael Baker')"
,,,,"('Peggy Bartles', 'Mike Lally')","('Andrew Cuomo', 'Patrick Tyksinski')"
,,,,"('Peggy Bartles', 'Randy Rundall')","('Andrew Cuomo', 'Charles Hebbard')"
,,,,"('Tasha Hance', 'Jonathan Barns')","('Andrew Cuomo', 'Scott Kurkoski')"
,,,,"('Tasha Hance', 'Diane Rolewicz')","('Andrew Cuomo', 'Jason Espino')"
,,,,"('Tasha Hance', 'Jim Stewart')","('Andrew Cuomo', 'David Husted')"
,,,,"('Tasha Hance', 'Ronald Watson')","('Andrew Cuomo', 'Howard Pollman')"
,,,,"('Tasha Hance', 'Howard Waldas')","('Andrew Cuomo', 'Greg Mattacola')"
,,,,"('Tasha Hance', 'Terry Williamson')","('Andrew Cuomo', 'Frank Vescera')"
,,,,"('Tasha Hance', 'Victor Cardillo')","('Andrew Cuomo', 'Jannette Barthe')"
,,,,"('Tasha Hance', 'Charles Hebbard')","('Andrew Cuomo', 'Robert McHale')"
,,,,"('Tasha Hance', 'Julie Waldras')","('Andrew Cuomo', 'Claudia Tenney')"
,,,,"('Tasha Hance', 'Jerrid Otis')","('Andrew Cuomo', 'Julie Waldas')"
,,,,"('Tasha Hance', 'Tony DeBella')","('Andrew Cuomo', 'Jennifer Huntington')"
,,,,"('Tasha Hance', 'Hubert Pritchard')","('Andrew Cuomo', 'Jody Burdick')"
,,,,"('Tasha Hance', 'David Husted')","('Andrew Cuomo', 'Mike Kotz')"
,,,,"('Tasha Hance', 'Gary Palirusso')","('Andrew Cuomo', 'William Johnson')"
,,,,"('Tasha Hance', 'Kevin Burger')","('Andrew Cuomo', 'Kenneth Eisnor')"
,,,,"('Tasha Hance', 'Russell Young')","('Andrew Cuomo', 'Michael Baker')"
,,,,"('Tasha Hance', 'Greg Mattacola')","('Patrick Tyksinski', 'Scott Kurkoski')"
,,,,"('Tasha Hance', 'Carlton Cory')","('Patrick Tyksinski', 'Charles Hebbard')"
,,,,"('Tasha Hance', 'Jack Maine')","('Patrick Tyksinski', 'Jason Espino')"
,,,,"('Tasha Hance', 'Mark Crane')","('Patrick Tyksinski', 'David Husted')"
,,,,"('Tasha Hance', 'Harris Samuels')","('Patrick Tyksinski', 'Howard Pollman')"
,,,,"('Tasha Hance', 'Charles Smith')","('Patrick Tyksinski', 'Greg Mattacola')"
,,,,"('Tasha Hance', 'Mike DeBella')","('Patrick Tyksinski', 'Frank Vescera')"
,,,,"('Tasha Hance', 'Bernard Szarek')","('Patrick Tyksinski', 'Jannette Barthe')"
,,,,"('Tasha Hance', 'Riley McFadden')","('Patrick Tyksinski', 'Robert McHale')"
,,,,"('Tasha Hance', 'Peter Bianco')","('Patrick Tyksinski', 'Claudia Tenney')"
,,,,"('Tasha Hance', 'Jody Burdick')","('Patrick Tyksinski', 'Julie Waldas')"
,,,,"('Tasha Hance', 'David Wood')","('Patrick Tyksinski', 'Jennifer Huntington')"
,,,,"('Tasha Hance', 'Gregory Mattacola')","('Patrick Tyksinski', 'Jody Burdick')"
,,,,"('Tasha Hance', 'Sally Glouse')","('Patrick Tyksinski', 'Mike Kotz')"
,,,,"('Tasha Hance', 'James Kimball')","('Patrick Tyksinski', 'William Johnson')"
,,,,"('Tasha Hance', 'Bonnie Joe')","('Patrick Tyksinski', 'Kenneth Eisnor')"
,,,,"('Tasha Hance', 'Margaret Leone')","('Patrick Tyksinski', 'Michael Baker')"
,,,,"('Tasha Hance', 'Carl Eddy')","('Charles Hebbard', 'Scott Kurkoski')"
,,,,"('Tasha Hance', 'Kenneth Eisnor')","('Charles Hebbard', 'Jason Espino')"
,,,,"('Tasha Hance', 'Thomas Phelan')","('Charles Hebbard', 'Howard Pollman')"
,,,,"('Tasha Hance', 'Mike Lally')","('Charles Hebbard', 'Frank Vescera')"
,,,,"('Tasha Hance', 'Randy Rundall')","('Charles Hebbard', 'Jannette Barthe')"
,,,,"('Jonathan Barns', 'Diane Rolewicz')","('Charles Hebbard', 'Robert McHale')"
,,,,"('Jonathan Barns', 'Jim Stewart')","('Charles Hebbard', 'Claudia Tenney')"
,,,,"('Jonathan Barns', 'Ronald Watson')","('Charles Hebbard', 'Julie Waldas')"
,,,,"('Jonathan Barns', 'Howard Waldas')","('Charles Hebbard', 'Jennifer Huntington')"
,,,,"('Jonathan Barns', 'Terry Williamson')","('Charles Hebbard', 'Mike Kotz')"
,,,,"('Jonathan Barns', 'Victor Cardillo')","('Charles Hebbard', 'William Johnson')"
,,,,"('Jonathan Barns', 'Charles Hebbard')","('Charles Hebbard', 'Michael Baker')"
,,,,"('Jonathan Barns', 'Julie Waldras')","('Scott Kurkoski', 'Jason Espino')"
,,,,"('Jonathan Barns', 'Jerrid Otis')","('Scott Kurkoski', 'David Husted')"
,,,,"('Jonathan Barns', 'Tony DeBella')","('Scott Kurkoski', 'Howard Pollman')"
,,,,"('Jonathan Barns', 'Hubert Pritchard')","('Scott Kurkoski', 'Greg Mattacola')"
,,,,"('Jonathan Barns', 'David Husted')","('Scott Kurkoski', 'Frank Vescera')"
,,,,"('Jonathan Barns', 'Gary Palirusso')","('Scott Kurkoski', 'Jannette Barthe')"
,,,,"('Jonathan Barns', 'Kevin Burger')","('Scott Kurkoski', 'Robert McHale')"
,,,,"('Jonathan Barns', 'Russell Young')","('Scott Kurkoski', 'Claudia Tenney')"
,,,,"('Jonathan Barns', 'Greg Mattacola')","('Scott Kurkoski', 'Julie Waldas')"
,,,,"('Jonathan Barns', 'Carlton Cory')","('Scott Kurkoski', 'Jennifer Huntington')"
,,,,"('Jonathan Barns', 'Jack Maine')","('Scott Kurkoski', 'Jody Burdick')"
,,,,"('Jonathan Barns', 'Mark Crane')","('Scott Kurkoski', 'Mike Kotz')"
,,,,"('Jonathan Barns', 'Harris Samuels')","('Scott Kurkoski', 'William Johnson')"
,,,,"('Jonathan Barns', 'Charles Smith')","('Scott Kurkoski', 'Kenneth Eisnor')"
,,,,"('Jonathan Barns', 'Mike DeBella')","('Scott Kurkoski', 'Michael Baker')"
,,,,"('Jonathan Barns', 'Bernard Szarek')","('Jason Espino', 'Mike Kotz')"
,,,,"('Jonathan Barns', 'Riley McFadden')","('Jason Espino', 'David Husted')"
,,,,"('Jonathan Barns', 'Peter Bianco')","('Jason Espino', 'Howard Pollman')"
,,,,"('Jonathan Barns', 'Jody Burdick')","('Jason Espino', 'Greg Mattacola')"
,,,,"('Jonathan Barns', 'David Wood')","('Jason Espino', 'Frank Vescera')"
,,,,"('Jonathan Barns', 'Gregory Mattacola')","('Jason Espino', 'Jannette Barthe')"
,,,,"('Jonathan Barns', 'Sally Glouse')","('Jason Espino', 'Robert McHale')"
,,,,"('Jonathan Barns', 'James Kimball')","('Jason Espino', 'Claudia Tenney')"
,,,,"('Jonathan Barns', 'Bonnie Joe')","('Jason Espino', 'Julie Waldas')"
,,,,"('Jonathan Barns', 'Margaret Leone')","('Jason Espino', 'Jennifer Huntington')"
,,,,"('Jonathan Barns', 'Carl Eddy')","('Jason Espino', 'Jody Burdick')"
,,,,"('Jonathan Barns', 'Kenneth Eisnor')","('Jason Espino', 'William Johnson')"
,,,,"('Jonathan Barns', 'Thomas Phelan')","('Jason Espino', 'Kenneth Eisnor')"
,,,,"('Jonathan Barns', 'Mike Lally')","('Jason Espino', 'Michael Baker')"
,,,,"('Jonathan Barns', 'Randy Rundall')","('David Husted', 'Howard Pollman')"
,,,,"('Diane Rolewicz', 'Jim Stewart')","('David Husted', 'Frank Vescera')"
,,,,"('Diane Rolewicz', 'Ronald Watson')","('David Husted', 'Jannette Barthe')"
,,,,"('Diane Rolewicz', 'Howard Waldas')","('David Husted', 'Robert McHale')"
,,,,"('Diane Rolewicz', 'Terry Williamson')","('David Husted', 'Claudia Tenney')"
,,,,"('Diane Rolewicz', 'Victor Cardillo')","('David Husted', 'Julie Waldas')"
,,,,"('Diane Rolewicz', 'Charles Hebbard')","('David Husted', 'Jennifer Huntington')"
,,,,"('Diane Rolewicz', 'Julie Waldras')","('David Husted', 'Mike Kotz')"
,,,,"('Diane Rolewicz', 'Jerrid Otis')","('David Husted', 'William Johnson')"
,,,,"('Diane Rolewicz', 'Tony DeBella')","('David Husted', 'Michael Baker')"
,,,,"('Diane Rolewicz', 'Hubert Pritchard')","('Howard Pollman', 'Greg Mattacola')"
,,,,"('Diane Rolewicz', 'David Husted')","('Howard Pollman', 'Frank Vescera')"
,,,,"('Diane Rolewicz', 'Gary Palirusso')","('Howard Pollman', 'Jannette Barthe')"
,,,,"('Diane Rolewicz', 'Kevin Burger')","('Howard Pollman', 'Robert McHale')"
,,,,"('Diane Rolewicz', 'Russell Young')","('Howard Pollman', 'Claudia Tenney')"
,,,,"('Diane Rolewicz', 'Greg Mattacola')","('Howard Pollman', 'Julie Waldas')"
,,,,"('Diane Rolewicz', 'Carlton Cory')","('Howard Pollman', 'Jennifer Huntington')"
,,,,"('Diane Rolewicz', 'Jack Maine')","('Howard Pollman', 'Jody Burdick')"
,,,,"('Diane Rolewicz', 'Mark Crane')","('Howard Pollman', 'Mike Kotz')"
,,,,"('Diane Rolewicz', 'Harris Samuels')","('Howard Pollman', 'William Johnson')"
,,,,"('Diane Rolewicz', 'Charles Smith')","('Howard Pollman', 'Kenneth Eisnor')"
,,,,"('Diane Rolewicz', 'Mike DeBella')","('Howard Pollman', 'Michael Baker')"
,,,,"('Diane Rolewicz', 'Bernard Szarek')","('Greg Mattacola', 'Frank Vescera')"
,,,,"('Diane Rolewicz', 'Riley McFadden')","('Greg Mattacola', 'Jannette Barthe')"
,,,,"('Diane Rolewicz', 'Peter Bianco')","('Greg Mattacola', 'Robert McHale')"
,,,,"('Diane Rolewicz', 'Jody Burdick')","('Greg Mattacola', 'Claudia Tenney')"
,,,,"('Diane Rolewicz', 'David Wood')","('Greg Mattacola', 'Julie Waldas')"
,,,,"('Diane Rolewicz', 'Gregory Mattacola')","('Greg Mattacola', 'Jennifer Huntington')"
,,,,"('Diane Rolewicz', 'Sally Glouse')","('Greg Mattacola', 'Mike Kotz')"
,,,,"('Diane Rolewicz', 'James Kimball')","('Greg Mattacola', 'William Johnson')"
,,,,"('Diane Rolewicz', 'Bonnie Joe')","('Greg Mattacola', 'Michael Baker')"
,,,,"('Diane Rolewicz', 'Margaret Leone')","('Frank Vescera', 'Jannette Barthe')"
,,,,"('Diane Rolewicz', 'Carl Eddy')","('Frank Vescera', 'Robert McHale')"
,,,,"('Diane Rolewicz', 'Kenneth Eisnor')","('Frank Vescera', 'Claudia Tenney')"
,,,,"('Diane Rolewicz', 'Thomas Phelan')","('Frank Vescera', 'Julie Waldas')"
,,,,"('Diane Rolewicz', 'Mike Lally')","('Frank Vescera', 'Jennifer Huntington')"
,,,,"('Diane Rolewicz', 'Randy Rundall')","('Frank Vescera', 'Jody Burdick')"
,,,,"('Jim Stewart', 'James Kimball')","('Frank Vescera', 'Mike Kotz')"
,,,,"('Jim Stewart', 'Ronald Watson')","('Frank Vescera', 'William Johnson')"
,,,,"('Jim Stewart', 'Howard Waldas')","('Frank Vescera', 'Kenneth Eisnor')"
,,,,"('Jim Stewart', 'Terry Williamson')","('Frank Vescera', 'Michael Baker')"
,,,,"('Jim Stewart', 'Victor Cardillo')","('Jannette Barthe', 'Robert McHale')"
,,,,"('Jim Stewart', 'Charles Hebbard')","('Jannette Barthe', 'Claudia Tenney')"
,,,,"('Jim Stewart', 'Julie Waldras')","('Jannette Barthe', 'Julie Waldas')"
,,,,"('Jim Stewart', 'Jerrid Otis')","('Jannette Barthe', 'Jennifer Huntington')"
,,,,"('Jim Stewart', 'Tony DeBella')","('Jannette Barthe', 'Jody Burdick')"
,,,,"('Jim Stewart', 'Hubert Pritchard')","('Jannette Barthe', 'Mike Kotz')"
,,,,"('Jim Stewart', 'David Husted')","('Jannette Barthe', 'William Johnson')"
,,,,"('Jim Stewart', 'Gary Palirusso')","('Jannette Barthe', 'Kenneth Eisnor')"
,,,,"('Jim Stewart', 'Kevin Burger')","('Jannette Barthe', 'Michael Baker')"
,,,,"('Jim Stewart', 'Russell Young')","('Robert McHale', 'Claudia Tenney')"
,,,,"('Jim Stewart', 'Greg Mattacola')","('Robert McHale', 'Julie Waldas')"
,,,,"('Jim Stewart', 'Carlton Cory')","('Robert McHale', 'Jennifer Huntington')"
,,,,"('Jim Stewart', 'Jack Maine')","('Robert McHale', 'Jody Burdick')"
,,,,"('Jim Stewart', 'Mark Crane')","('Robert McHale', 'Mike Kotz')"
,,,,"('Jim Stewart', 'Harris Samuels')","('Robert McHale', 'William Johnson')"
,,,,"('Jim Stewart', 'Charles Smith')","('Robert McHale', 'Kenneth Eisnor')"
,,,,"('Jim Stewart', 'Mike DeBella')","('Robert McHale', 'Michael Baker')"
,,,,"('Jim Stewart', 'Bernard Szarek')","('Claudia Tenney', 'Julie Waldas')"
,,,,"('Jim Stewart', 'Riley McFadden')","('Claudia Tenney', 'Jennifer Huntington')"
,,,,"('Jim Stewart', 'Peter Bianco')","('Claudia Tenney', 'Jody Burdick')"
,,,,"('Jim Stewart', 'Jody Burdick')","('Claudia Tenney', 'Mike Kotz')"
,,,,"('Jim Stewart', 'David Wood')","('Claudia Tenney', 'William Johnson')"
,,,,"('Jim Stewart', 'Gregory Mattacola')","('Claudia Tenney', 'Kenneth Eisnor')"
,,,,"('Jim Stewart', 'Sally Glouse')","('Claudia Tenney', 'Michael Baker')"
,,,,"('Jim Stewart', 'Bonnie Joe')","('Julie Waldas', 'Jennifer Huntington')"
,,,,"('Jim Stewart', 'Margaret Leone')","('Julie Waldas', 'Jody Burdick')"
,,,,"('Jim Stewart', 'Carl Eddy')","('Julie Waldas', 'Mike Kotz')"
,,,,"('Jim Stewart', 'Kenneth Eisnor')","('Julie Waldas', 'William Johnson')"
,,,,"('Jim Stewart', 'Thomas Phelan')","('Julie Waldas', 'Kenneth Eisnor')"
,,,,"('Jim Stewart', 'Mike Lally')","('Julie Waldas', 'Michael Baker')"
,,,,"('Jim Stewart', 'Randy Rundall')","('Jennifer Huntington', 'Jody Burdick')"
,,,,"('Ronald Watson', 'Howard Waldas')","('Jennifer Huntington', 'Mike Kotz')"
,,,,"('Ronald Watson', 'Terry Williamson')","('Jennifer Huntington', 'William Johnson')"
,,,,"('Ronald Watson', 'Victor Cardillo')","('Jennifer Huntington', 'Kenneth Eisnor')"
,,,,"('Ronald Watson', 'Charles Hebbard')","('Jennifer Huntington', 'Michael Baker')"
,,,,"('Ronald Watson', 'Julie Waldras')","('Jody Burdick', 'Mike Kotz')"
,,,,"('Ronald Watson', 'Jerrid Otis')","('Jody Burdick', 'William Johnson')"
,,,,"('Ronald Watson', 'Tony DeBella')","('Jody Burdick', 'Michael Baker')"
,,,,"('Ronald Watson', 'Hubert Pritchard')","('Mike Kotz', 'William Johnson')"
,,,,"('Ronald Watson', 'David Husted')","('Mike Kotz', 'Kenneth Eisnor')"
,,,,"('Ronald Watson', 'Gary Palirusso')","('Mike Kotz', 'Michael Baker')"
,,,,"('Ronald Watson', 'Kevin Burger')","('William Johnson', 'Kenneth Eisnor')"
,,,,"('Ronald Watson', 'Russell Young')","('William Johnson', 'Michael Baker')"
,,,,"('Ronald Watson', 'Greg Mattacola')","('Kenneth Eisnor', 'Michael Baker')"
,,,,"('Ronald Watson', 'Carlton Cory')",
,,,,"('Ronald Watson', 'Jack Maine')",
,,,,"('Ronald Watson', 'Mark Crane')",
,,,,"('Ronald Watson', 'Harris Samuels')",
,,,,"('Ronald Watson', 'Charles Smith')",
,,,,"('Ronald Watson', 'Mike DeBella')",
,,,,"('Ronald Watson', 'Bernard Szarek')",
,,,,"('Ronald Watson', 'Riley McFadden')",
,,,,"('Ronald Watson', 'Peter Bianco')",
,,,,"('Ronald Watson', 'Jody Burdick')",
,,,,"('Ronald Watson', 'David Wood')",
,,,,"('Ronald Watson', 'Gregory Mattacola')",
,,,,"('Ronald Watson', 'Sally Glouse')",
,,,,"('Ronald Watson', 'James Kimball')",
,,,,"('Ronald Watson', 'Bonnie Joe')",
,,,,"('Ronald Watson', 'Margaret Leone')",
,,,,"('Ronald Watson', 'Carl Eddy')",
,,,,"('Ronald Watson', 'Kenneth Eisnor')",
,,,,"('Ronald Watson', 'Thomas Phelan')",
,,,,"('Ronald Watson', 'Mike Lally')",
,,,,"('Ronald Watson', 'Randy Rundall')",
,,,,"('Howard Waldas', 'James Kimball')",
,,,,"('Howard Waldas', 'Terry Williamson')",
,,,,"('Howard Waldas', 'Victor Cardillo')",
,,,,"('Howard Waldas', 'Charles Hebbard')",
,,,,"('Howard Waldas', 'Julie Waldras')",
,,,,"('Howard Waldas', 'Jerrid Otis')",
,,,,"('Howard Waldas', 'Tony DeBella')",
,,,,"('Howard Waldas', 'Hubert Pritchard')",
,,,,"('Howard Waldas', 'David Husted')",
,,,,"('Howard Waldas', 'Gary Palirusso')",
,,,,"('Howard Waldas', 'Kevin Burger')",
,,,,"('Howard Waldas', 'Russell Young')",
,,,,"('Howard Waldas', 'Greg Mattacola')",
,,,,"('Howard Waldas', 'Carlton Cory')",
,,,,"('Howard Waldas', 'Jack Maine')",
,,,,"('Howard Waldas', 'Mark Crane')",
,,,,"('Howard Waldas', 'Harris Samuels')",
,,,,"('Howard Waldas', 'Charles Smith')",
,,,,"('Howard Waldas', 'Mike DeBella')",
,,,,"('Howard Waldas', 'Bernard Szarek')",
,,,,"('Howard Waldas', 'Riley McFadden')",
,,,,"('Howard Waldas', 'Peter Bianco')",
,,,,"('Howard Waldas', 'Jody Burdick')",
,,,,"('Howard Waldas', 'David Wood')",
,,,,"('Howard Waldas', 'Gregory Mattacola')",
,,,,"('Howard Waldas', 'Sally Glouse')",
,,,,"('Howard Waldas', 'Bonnie Joe')",
,,,,"('Howard Waldas', 'Margaret Leone')",
,,,,"('Howard Waldas', 'Carl Eddy')",
,,,,"('Howard Waldas', 'Kenneth Eisnor')",
,,,,"('Howard Waldas', 'Thomas Phelan')",
,,,,"('Howard Waldas', 'Mike Lally')",
,,,,"('Howard Waldas', 'Randy Rundall')",
,,,,"('Terry Williamson', 'Victor Cardillo')",
,,,,"('Terry Williamson', 'Charles Hebbard')",
,,,,"('Terry Williamson', 'Julie Waldras')",
,,,,"('Terry Williamson', 'Jerrid Otis')",
,,,,"('Terry Williamson', 'Tony DeBella')",
,,,,"('Terry Williamson', 'Hubert Pritchard')",
,,,,"('Terry Williamson', 'David Husted')",
,,,,"('Terry Williamson', 'Gary Palirusso')",
,,,,"('Terry Williamson', 'Kevin Burger')",
,,,,"('Terry Williamson', 'Russell Young')",
,,,,"('Terry Williamson', 'Greg Mattacola')",
,,,,"('Terry Williamson', 'Carlton Cory')",
,,,,"('Terry Williamson', 'Jack Maine')",
,,,,"('Terry Williamson', 'Mark Crane')",
,,,,"('Terry Williamson', 'Harris Samuels')",
,,,,"('Terry Williamson', 'Charles Smith')",
,,,,"('Terry Williamson', 'Mike DeBella')",
,,,,"('Terry Williamson', 'Bernard Szarek')",
,,,,"('Terry Williamson', 'Riley McFadden')",
,,,,"('Terry Williamson', 'Peter Bianco')",
,,,,"('Terry Williamson', 'Jody Burdick')",
,,,,"('Terry Williamson', 'David Wood')",
,,,,"('Terry Williamson', 'Gregory Mattacola')",
,,,,"('Terry Williamson', 'Sally Glouse')",
,,,,"('Terry Williamson', 'James Kimball')",
,,,,"('Terry Williamson', 'Bonnie Joe')",
,,,,"('Terry Williamson', 'Margaret Leone')",
,,,,"('Terry Williamson', 'Carl Eddy')",
,,,,"('Terry Williamson', 'Kenneth Eisnor')",
,,,,"('Terry Williamson', 'Thomas Phelan')",
,,,,"('Terry Williamson', 'Mike Lally')",
,,,,"('Terry Williamson', 'Randy Rundall')",
,,,,"('Victor Cardillo', 'Charles Hebbard')",
,,,,"('Victor Cardillo', 'Julie Waldras')",
,,,,"('Victor Cardillo', 'Jerrid Otis')",
,,,,"('Victor Cardillo', 'Tony DeBella')",
,,,,"('Victor Cardillo', 'Hubert Pritchard')",
,,,,"('Victor Cardillo', 'David Husted')",
,,,,"('Victor Cardillo', 'Gary Palirusso')",
,,,,"('Victor Cardillo', 'Kevin Burger')",
,,,,"('Victor Cardillo', 'Russell Young')",
,,,,"('Victor Cardillo', 'Greg Mattacola')",
,,,,"('Victor Cardillo', 'Carlton Cory')",
,,,,"('Victor Cardillo', 'Jack Maine')",
,,,,"('Victor Cardillo', 'Mark Crane')",
,,,,"('Victor Cardillo', 'Harris Samuels')",
,,,,"('Victor Cardillo', 'Charles Smith')",
,,,,"('Victor Cardillo', 'Mike DeBella')",
,,,,"('Victor Cardillo', 'Bernard Szarek')",
,,,,"('Victor Cardillo', 'Riley McFadden')",
,,,,"('Victor Cardillo', 'Peter Bianco')",
,,,,"('Victor Cardillo', 'Jody Burdick')",
,,,,"('Victor Cardillo', 'David Wood')",
,,,,"('Victor Cardillo', 'Gregory Mattacola')",
,,,,"('Victor Cardillo', 'Sally Glouse')",
,,,,"('Victor Cardillo', 'James Kimball')",
,,,,"('Victor Cardillo', 'Bonnie Joe')",
,,,,"('Victor Cardillo', 'Margaret Leone')",
,,,,"('Victor Cardillo', 'Carl Eddy')",
,,,,"('Victor Cardillo', 'Kenneth Eisnor')",
,,,,"('Victor Cardillo', 'Thomas Phelan')",
,,,,"('Victor Cardillo', 'Mike Lally')",
,,,,"('Victor Cardillo', 'Randy Rundall')",
,,,,"('Charles Hebbard', 'Thomas Phelan')",
,,,,"('Charles Hebbard', 'Julie Waldras')",
,,,,"('Charles Hebbard', 'Jerrid Otis')",
,,,,"('Charles Hebbard', 'Tony DeBella')",
,,,,"('Charles Hebbard', 'Hubert Pritchard')",
,,,,"('Charles Hebbard', 'Gary Palirusso')",
,,,,"('Charles Hebbard', 'Kevin Burger')",
,,,,"('Charles Hebbard', 'Russell Young')",
,,,,"('Charles Hebbard', 'Carlton Cory')",
,,,,"('Charles Hebbard', 'Jack Maine')",
,,,,"('Charles Hebbard', 'Mark Crane')",
,,,,"('Charles Hebbard', 'Harris Samuels')",
,,,,"('Charles Hebbard', 'Charles Smith')",
,,,,"('Charles Hebbard', 'Mike DeBella')",
,,,,"('Charles Hebbard', 'Bernard Szarek')",
,,,,"('Charles Hebbard', 'Riley McFadden')",
,,,,"('Charles Hebbard', 'Peter Bianco')",
,,,,"('Charles Hebbard', 'David Wood')",
,,,,"('Charles Hebbard', 'Gregory Mattacola')",
,,,,"('Charles Hebbard', 'Sally Glouse')",
,,,,"('Charles Hebbard', 'James Kimball')",
,,,,"('Charles Hebbard', 'Bonnie Joe')",
,,,,"('Charles Hebbard', 'Margaret Leone')",
,,,,"('Charles Hebbard', 'Carl Eddy')",
,,,,"('Charles Hebbard', 'Mike Lally')",
,,,,"('Charles Hebbard', 'Randy Rundall')",
,,,,"('Julie Waldras', 'Jerrid Otis')",
,,,,"('Julie Waldras', 'Tony DeBella')",
,,,,"('Julie Waldras', 'Hubert Pritchard')",
,,,,"('Julie Waldras', 'David Husted')",
,,,,"('Julie Waldras', 'Gary Palirusso')",
,,,,"('Julie Waldras', 'Kevin Burger')",
,,,,"('Julie Waldras', 'Russell Young')",
,,,,"('Julie Waldras', 'Greg Mattacola')",
,,,,"('Julie Waldras', 'Carlton Cory')",
,,,,"('Julie Waldras', 'Jack Maine')",
,,,,"('Julie Waldras', 'Mark Crane')",
,,,,"('Julie Waldras', 'Harris Samuels')",
,,,,"('Julie Waldras', 'Charles Smith')",
,,,,"('Julie Waldras', 'Mike DeBella')",
,,,,"('Julie Waldras', 'Bernard Szarek')",
,,,,"('Julie Waldras', 'Riley McFadden')",
,,,,"('Julie Waldras', 'Peter Bianco')",
,,,,"('Julie Waldras', 'Jody Burdick')",
,,,,"('Julie Waldras', 'David Wood')",
,,,,"('Julie Waldras', 'Gregory Mattacola')",
,,,,"('Julie Waldras', 'Sally Glouse')",
,,,,"('Julie Waldras', 'James Kimball')",
,,,,"('Julie Waldras', 'Bonnie Joe')",
,,,,"('Julie Waldras', 'Margaret Leone')",
,,,,"('Julie Waldras', 'Carl Eddy')",
,,,,"('Julie Waldras', 'Kenneth Eisnor')",
,,,,"('Julie Waldras', 'Thomas Phelan')",
,,,,"('Julie Waldras', 'Mike Lally')",
,,,,"('Julie Waldras', 'Randy Rundall')",
,,,,"('Jerrid Otis', 'Tony DeBella')",
,,,,"('Jerrid Otis', 'Hubert Pritchard')",
,,,,"('Jerrid Otis', 'David Husted')",
,,,,"('Jerrid Otis', 'Gary Palirusso')",
,,,,"('Jerrid Otis', 'Kevin Burger')",
,,,,"('Jerrid Otis', 'Russell Young')",
,,,,"('Jerrid Otis', 'Greg Mattacola')",
,,,,"('Jerrid Otis', 'Carlton Cory')",
,,,,"('Jerrid Otis', 'Jack Maine')",
,,,,"('Jerrid Otis', 'Mark Crane')",
,,,,"('Jerrid Otis', 'Harris Samuels')",
,,,,"('Jerrid Otis', 'Charles Smith')",
,,,,"('Jerrid Otis', 'Mike DeBella')",
,,,,"('Jerrid Otis', 'Bernard Szarek')",
,,,,"('Jerrid Otis', 'Riley McFadden')",
,,,,"('Jerrid Otis', 'Peter Bianco')",
,,,,"('Jerrid Otis', 'Jody Burdick')",
,,,,"('Jerrid Otis', 'David Wood')",
,,,,"('Jerrid Otis', 'Gregory Mattacola')",
,,,,"('Jerrid Otis', 'Sally Glouse')",
,,,,"('Jerrid Otis', 'James Kimball')",
,,,,"('Jerrid Otis', 'Bonnie Joe')",
,,,,"('Jerrid Otis', 'Margaret Leone')",
,,,,"('Jerrid Otis', 'Carl Eddy')",
,,,,"('Jerrid Otis', 'Kenneth Eisnor')",
,,,,"('Jerrid Otis', 'Thomas Phelan')",
,,,,"('Jerrid Otis', 'Mike Lally')",
,,,,"('Jerrid Otis', 'Randy Rundall')",
,,,,"('Tony DeBella', 'Hubert Pritchard')",
,,,,"('Tony DeBella', 'David Husted')",
,,,,"('Tony DeBella', 'Gary Palirusso')",
,,,,"('Tony DeBella', 'Kevin Burger')",
,,,,"('Tony DeBella', 'Russell Young')",
,,,,"('Tony DeBella', 'Greg Mattacola')",
,,,,"('Tony DeBella', 'Carlton Cory')",
,,,,"('Tony DeBella', 'Jack Maine')",
,,,,"('Tony DeBella', 'Mark Crane')",
,,,,"('Tony DeBella', 'Harris Samuels')",
,,,,"('Tony DeBella', 'Charles Smith')",
,,,,"('Tony DeBella', 'Mike DeBella')",
,,,,"('Tony DeBella', 'Bernard Szarek')",
,,,,"('Tony DeBella', 'Riley McFadden')",
,,,,"('Tony DeBella', 'Peter Bianco')",
,,,,"('Tony DeBella', 'Jody Burdick')",
,,,,"('Tony DeBella', 'David Wood')",
,,,,"('Tony DeBella', 'Gregory Mattacola')",
,,,,"('Tony DeBella', 'Sally Glouse')",
,,,,"('Tony DeBella', 'James Kimball')",
,,,,"('Tony DeBella', 'Bonnie Joe')",
,,,,"('Tony DeBella', 'Margaret Leone')",
,,,,"('Tony DeBella', 'Carl Eddy')",
,,,,"('Tony DeBella', 'Kenneth Eisnor')",
,,,,"('Tony DeBella', 'Thomas Phelan')",
,,,,"('Tony DeBella', 'Mike Lally')",
,,,,"('Tony DeBella', 'Randy Rundall')",
,,,,"('Hubert Pritchard', 'James Kimball')",
,,,,"('Hubert Pritchard', 'Gary Palirusso')",
,,,,"('Hubert Pritchard', 'Kevin Burger')",
,,,,"('Hubert Pritchard', 'Russell Young')",
,,,,"('Hubert Pritchard', 'Carlton Cory')",
,,,,"('Hubert Pritchard', 'Jack Maine')",
,,,,"('Hubert Pritchard', 'Mark Crane')",
,,,,"('Hubert Pritchard', 'Harris Samuels')",
,,,,"('Hubert Pritchard', 'Charles Smith')",
,,,,"('Hubert Pritchard', 'Mike DeBella')",
,,,,"('Hubert Pritchard', 'Bernard Szarek')",
,,,,"('Hubert Pritchard', 'Riley McFadden')",
,,,,"('Hubert Pritchard', 'Peter Bianco')",
,,,,"('Hubert Pritchard', 'David Wood')",
,,,,"('Hubert Pritchard', 'Gregory Mattacola')",
,,,,"('Hubert Pritchard', 'Sally Glouse')",
,,,,"('Hubert Pritchard', 'Bonnie Joe')",
,,,,"('Hubert Pritchard', 'Margaret Leone')",
,,,,"('Hubert Pritchard', 'Carl Eddy')",
,,,,"('Hubert Pritchard', 'Thomas Phelan')",
,,,,"('Hubert Pritchard', 'Mike Lally')",
,,,,"('Hubert Pritchard', 'Randy Rundall')",
,,,,"('David Husted', 'Gary Palirusso')",
,,,,"('David Husted', 'Kevin Burger')",
,,,,"('David Husted', 'Russell Young')",
,,,,"('David Husted', 'Carlton Cory')",
,,,,"('David Husted', 'Jack Maine')",
,,,,"('David Husted', 'Mark Crane')",
,,,,"('David Husted', 'Harris Samuels')",
,,,,"('David Husted', 'Charles Smith')",
,,,,"('David Husted', 'Mike DeBella')",
,,,,"('David Husted', 'Bernard Szarek')",
,,,,"('David Husted', 'Riley McFadden')",
,,,,"('David Husted', 'Peter Bianco')",
,,,,"('David Husted', 'David Wood')",
,,,,"('David Husted', 'Gregory Mattacola')",
,,,,"('David Husted', 'Sally Glouse')",
,,,,"('David Husted', 'James Kimball')",
,,,,"('David Husted', 'Bonnie Joe')",
,,,,"('David Husted', 'Margaret Leone')",
,,,,"('David Husted', 'Carl Eddy')",
,,,,"('David Husted', 'Thomas Phelan')",
,,,,"('David Husted', 'Mike Lally')",
,,,,"('David Husted', 'Randy Rundall')",
,,,,"('Gary Palirusso', 'Kevin Burger')",
,,,,"('Gary Palirusso', 'Russell Young')",
,,,,"('Gary Palirusso', 'Greg Mattacola')",
,,,,"('Gary Palirusso', 'Carlton Cory')",
,,,,"('Gary Palirusso', 'Jack Maine')",
,,,,"('Gary Palirusso', 'Mark Crane')",
,,,,"('Gary Palirusso', 'Harris Samuels')",
,,,,"('Gary Palirusso', 'Charles Smith')",
,,,,"('Gary Palirusso', 'Mike DeBella')",
,,,,"('Gary Palirusso', 'Bernard Szarek')",
,,,,"('Gary Palirusso', 'Riley McFadden')",
,,,,"('Gary Palirusso', 'Peter Bianco')",
,,,,"('Gary Palirusso', 'Jody Burdick')",
,,,,"('Gary Palirusso', 'David Wood')",
,,,,"('Gary Palirusso', 'Gregory Mattacola')",
,,,,"('Gary Palirusso', 'Sally Glouse')",
,,,,"('Gary Palirusso', 'James Kimball')",
,,,,"('Gary Palirusso', 'Bonnie Joe')",
,,,,"('Gary Palirusso', 'Margaret Leone')",
,,,,"('Gary Palirusso', 'Carl Eddy')",
,,,,"('Gary Palirusso', 'Kenneth Eisnor')",
,,,,"('Gary Palirusso', 'Thomas Phelan')",
,,,,"('Gary Palirusso', 'Mike Lally')",
,,,,"('Gary Palirusso', 'Randy Rundall')",
,,,,"('Kevin Burger', 'Mark Crane')",
,,,,"('Kevin Burger', 'Russell Young')",
,,,,"('Kevin Burger', 'Greg Mattacola')",
,,,,"('Kevin Burger', 'Carlton Cory')",
,,,,"('Kevin Burger', 'Jack Maine')",
,,,,"('Kevin Burger', 'Sally Glouse')",
,,,,"('Kevin Burger', 'Harris Samuels')",
,,,,"('Kevin Burger', 'Charles Smith')",
,,,,"('Kevin Burger', 'Mike DeBella')",
,,,,"('Kevin Burger', 'Bernard Szarek')",
,,,,"('Kevin Burger', 'Riley McFadden')",
,,,,"('Kevin Burger', 'Peter Bianco')",
,,,,"('Kevin Burger', 'Jody Burdick')",
,,,,"('Kevin Burger', 'David Wood')",
,,,,"('Kevin Burger', 'Gregory Mattacola')",
,,,,"('Kevin Burger', 'James Kimball')",
,,,,"('Kevin Burger', 'Bonnie Joe')",
,,,,"('Kevin Burger', 'Margaret Leone')",
,,,,"('Kevin Burger', 'Carl Eddy')",
,,,,"('Kevin Burger', 'Kenneth Eisnor')",
,,,,"('Kevin Burger', 'Thomas Phelan')",
,,,,"('Kevin Burger', 'Mike Lally')",
,,,,"('Kevin Burger', 'Randy Rundall')",
,,,,"('Russell Young', 'Greg Mattacola')",
,,,,"('Russell Young', 'Carlton Cory')",
,,,,"('Russell Young', 'Jack Maine')",
,,,,"('Russell Young', 'Mark Crane')",
,,,,"('Russell Young', 'Harris Samuels')",
,,,,"('Russell Young', 'Charles Smith')",
,,,,"('Russell Young', 'Mike DeBella')",
,,,,"('Russell Young', 'Bernard Szarek')",
,,,,"('Russell Young', 'Riley McFadden')",
,,,,"('Russell Young', 'Peter Bianco')",
,,,,"('Russell Young', 'Jody Burdick')",
,,,,"('Russell Young', 'David Wood')",
,,,,"('Russell Young', 'Gregory Mattacola')",
,,,,"('Russell Young', 'Sally Glouse')",
,,,,"('Russell Young', 'James Kimball')",
,,,,"('Russell Young', 'Bonnie Joe')",
,,,,"('Russell Young', 'Margaret Leone')",
,,,,"('Russell Young', 'Carl Eddy')",
,,,,"('Russell Young', 'Kenneth Eisnor')",
,,,,"('Russell Young', 'Thomas Phelan')",
,,,,"('Russell Young', 'Mike Lally')",
,,,,"('Russell Young', 'Randy Rundall')",
,,,,"('Greg Mattacola', 'James Kimball')",
,,,,"('Greg Mattacola', 'Carlton Cory')",
,,,,"('Greg Mattacola', 'Jack Maine')",
,,,,"('Greg Mattacola', 'Mark Crane')",
,,,,"('Greg Mattacola', 'Harris Samuels')",
,,,,"('Greg Mattacola', 'Charles Smith')",
,,,,"('Greg Mattacola', 'Mike DeBella')",
,,,,"('Greg Mattacola', 'Bernard Szarek')",
,,,,"('Greg Mattacola', 'Riley McFadden')",
,,,,"('Greg Mattacola', 'Peter Bianco')",
,,,,"('Greg Mattacola', 'David Wood')",
,,,,"('Greg Mattacola', 'Gregory Mattacola')",
,,,,"('Greg Mattacola', 'Sally Glouse')",
,,,,"('Greg Mattacola', 'Bonnie Joe')",
,,,,"('Greg Mattacola', 'Margaret Leone')",
,,,,"('Greg Mattacola', 'Carl Eddy')",
,,,,"('Greg Mattacola', 'Thomas Phelan')",
,,,,"('Greg Mattacola', 'Mike Lally')",
,,,,"('Greg Mattacola', 'Randy Rundall')",
,,,,"('Carlton Cory', 'Jack Maine')",
,,,,"('Carlton Cory', 'Mark Crane')",
,,,,"('Carlton Cory', 'Harris Samuels')",
,,,,"('Carlton Cory', 'Charles Smith')",
,,,,"('Carlton Cory', 'Mike DeBella')",
,,,,"('Carlton Cory', 'Bernard Szarek')",
,,,,"('Carlton Cory', 'Riley McFadden')",
,,,,"('Carlton Cory', 'Peter Bianco')",
,,,,"('Carlton Cory', 'Jody Burdick')",
,,,,"('Carlton Cory', 'David Wood')",
,,,,"('Carlton Cory', 'Gregory Mattacola')",
,,,,"('Carlton Cory', 'Sally Glouse')",
,,,,"('Carlton Cory', 'James Kimball')",
,,,,"('Carlton Cory', 'Bonnie Joe')",
,,,,"('Carlton Cory', 'Margaret Leone')",
,,,,"('Carlton Cory', 'Carl Eddy')",
,,,,"('Carlton Cory', 'Kenneth Eisnor')",
,,,,"('Carlton Cory', 'Thomas Phelan')",
,,,,"('Carlton Cory', 'Mike Lally')",
,,,,"('Carlton Cory', 'Randy Rundall')",
,,,,"('Jack Maine', 'Bonnie Joe')",
,,,,"('Jack Maine', 'Mark Crane')",
,,,,"('Jack Maine', 'Harris Samuels')",
,,,,"('Jack Maine', 'Charles Smith')",
,,,,"('Jack Maine', 'Mike DeBella')",
,,,,"('Jack Maine', 'Bernard Szarek')",
,,,,"('Jack Maine', 'Riley McFadden')",
,,,,"('Jack Maine', 'Peter Bianco')",
,,,,"('Jack Maine', 'Jody Burdick')",
,,,,"('Jack Maine', 'David Wood')",
,,,,"('Jack Maine', 'Gregory Mattacola')",
,,,,"('Jack Maine', 'Sally Glouse')",
,,,,"('Jack Maine', 'James Kimball')",
,,,,"('Jack Maine', 'Margaret Leone')",
,,,,"('Jack Maine', 'Carl Eddy')",
,,,,"('Jack Maine', 'Kenneth Eisnor')",
,,,,"('Jack Maine', 'Thomas Phelan')",
,,,,"('Jack Maine', 'Mike Lally')",
,,,,"('Jack Maine', 'Randy Rundall')",
,,,,"('Mark Crane', 'Sally Glouse')",
,,,,"('Mark Crane', 'Harris Samuels')",
,,,,"('Mark Crane', 'Charles Smith')",
,,,,"('Mark Crane', 'Mike DeBella')",
,,,,"('Mark Crane', 'Bernard Szarek')",
,,,,"('Mark Crane', 'Riley McFadden')",
,,,,"('Mark Crane', 'Peter Bianco')",
,,,,"('Mark Crane', 'Jody Burdick')",
,,,,"('Mark Crane', 'David Wood')",
,,,,"('Mark Crane', 'Gregory Mattacola')",
,,,,"('Mark Crane', 'James Kimball')",
,,,,"('Mark Crane', 'Bonnie Joe')",
,,,,"('Mark Crane', 'Margaret Leone')",
,,,,"('Mark Crane', 'Carl Eddy')",
,,,,"('Mark Crane', 'Kenneth Eisnor')",
,,,,"('Mark Crane', 'Thomas Phelan')",
,,,,"('Mark Crane', 'Mike Lally')",
,,,,"('Mark Crane', 'Randy Rundall')",
,,,,"('Harris Samuels', 'Charles Smith')",
,,,,"('Harris Samuels', 'Mike DeBella')",
,,,,"('Harris Samuels', 'Bernard Szarek')",
,,,,"('Harris Samuels', 'Riley McFadden')",
,,,,"('Harris Samuels', 'Peter Bianco')",
,,,,"('Harris Samuels', 'Jody Burdick')",
,,,,"('Harris Samuels', 'David Wood')",
,,,,"('Harris Samuels', 'Gregory Mattacola')",
,,,,"('Harris Samuels', 'Sally Glouse')",
,,,,"('Harris Samuels', 'James Kimball')",
,,,,"('Harris Samuels', 'Bonnie Joe')",
,,,,"('Harris Samuels', 'Margaret Leone')",
,,,,"('Harris Samuels', 'Carl Eddy')",
,,,,"('Harris Samuels', 'Kenneth Eisnor')",
,,,,"('Harris Samuels', 'Thomas Phelan')",
,,,,"('Harris Samuels', 'Mike Lally')",
,,,,"('Harris Samuels', 'Randy Rundall')",
,,,,"('Charles Smith', 'Mike DeBella')",
,,,,"('Charles Smith', 'Bernard Szarek')",
,,,,"('Charles Smith', 'Riley McFadden')",
,,,,"('Charles Smith', 'Peter Bianco')",
,,,,"('Charles Smith', 'Jody Burdick')",
,,,,"('Charles Smith', 'David Wood')",
,,,,"('Charles Smith', 'Gregory Mattacola')",
,,,,"('Charles Smith', 'Sally Glouse')",
,,,,"('Charles Smith', 'James Kimball')",
,,,,"('Charles Smith', 'Bonnie Joe')",
,,,,"('Charles Smith', 'Margaret Leone')",
,,,,"('Charles Smith', 'Carl Eddy')",
,,,,"('Charles Smith', 'Kenneth Eisnor')",
,,,,"('Charles Smith', 'Thomas Phelan')",
,,,,"('Charles Smith', 'Mike Lally')",
,,,,"('Charles Smith', 'Randy Rundall')",
,,,,"('Mike DeBella', 'Bernard Szarek')",
,,,,"('Mike DeBella', 'Riley McFadden')",
,,,,"('Mike DeBella', 'Peter Bianco')",
,,,,"('Mike DeBella', 'Jody Burdick')",
,,,,"('Mike DeBella', 'David Wood')",
,,,,"('Mike DeBella', 'Gregory Mattacola')",
,,,,"('Mike DeBella', 'Sally Glouse')",
,,,,"('Mike DeBella', 'James Kimball')",
,,,,"('Mike DeBella', 'Bonnie Joe')",
,,,,"('Mike DeBella', 'Margaret Leone')",
,,,,"('Mike DeBella', 'Carl Eddy')",
,,,,"('Mike DeBella', 'Kenneth Eisnor')",
,,,,"('Mike DeBella', 'Thomas Phelan')",
,,,,"('Mike DeBella', 'Mike Lally')",
,,,,"('Mike DeBella', 'Randy Rundall')",
,,,,"('Bernard Szarek', 'Riley McFadden')",
,,,,"('Bernard Szarek', 'Peter Bianco')",
,,,,"('Bernard Szarek', 'Jody Burdick')",
,,,,"('Bernard Szarek', 'David Wood')",
,,,,"('Bernard Szarek', 'Gregory Mattacola')",
,,,,"('Bernard Szarek', 'Sally Glouse')",
,,,,"('Bernard Szarek', 'James Kimball')",
,,,,"('Bernard Szarek', 'Bonnie Joe')",
,,,,"('Bernard Szarek', 'Margaret Leone')",
,,,,"('Bernard Szarek', 'Carl Eddy')",
,,,,"('Bernard Szarek', 'Kenneth Eisnor')",
,,,,"('Bernard Szarek', 'Thomas Phelan')",
,,,,"('Bernard Szarek', 'Mike Lally')",
,,,,"('Bernard Szarek', 'Randy Rundall')",
,,,,"('Riley McFadden', 'Peter Bianco')",
,,,,"('Riley McFadden', 'Jody Burdick')",
,,,,"('Riley McFadden', 'David Wood')",
,,,,"('Riley McFadden', 'Gregory Mattacola')",
,,,,"('Riley McFadden', 'Sally Glouse')",
,,,,"('Riley McFadden', 'James Kimball')",
,,,,"('Riley McFadden', 'Bonnie Joe')",
,,,,"('Riley McFadden', 'Margaret Leone')",
,,,,"('Riley McFadden', 'Carl Eddy')",
,,,,"('Riley McFadden', 'Kenneth Eisnor')",
,,,,"('Riley McFadden', 'Thomas Phelan')",
,,,,"('Riley McFadden', 'Mike Lally')",
,,,,"('Riley McFadden', 'Randy Rundall')",
,,,,"('Peter Bianco', 'Jody Burdick')",
,,,,"('Peter Bianco', 'David Wood')",
,,,,"('Peter Bianco', 'Gregory Mattacola')",
,,,,"('Peter Bianco', 'Sally Glouse')",
,,,,"('Peter Bianco', 'James Kimball')",
,,,,"('Peter Bianco', 'Bonnie Joe')",
,,,,"('Peter Bianco', 'Margaret Leone')",
,,,,"('Peter Bianco', 'Carl Eddy')",
,,,,"('Peter Bianco', 'Kenneth Eisnor')",
,,,,"('Peter Bianco', 'Thomas Phelan')",
,,,,"('Peter Bianco', 'Mike Lally')",
,,,,"('Peter Bianco', 'Randy Rundall')",
,,,,"('Jody Burdick', 'Sally Glouse')",
,,,,"('Jody Burdick', 'David Wood')",
,,,,"('Jody Burdick', 'Gregory Mattacola')",
,,,,"('Jody Burdick', 'James Kimball')",
,,,,"('Jody Burdick', 'Bonnie Joe')",
,,,,"('Jody Burdick', 'Margaret Leone')",
,,,,"('Jody Burdick', 'Carl Eddy')",
,,,,"('Jody Burdick', 'Thomas Phelan')",
,,,,"('Jody Burdick', 'Mike Lally')",
,,,,"('Jody Burdick', 'Randy Rundall')",
,,,,"('David Wood', 'James Kimball')",
,,,,"('David Wood', 'Gregory Mattacola')",
,,,,"('David Wood', 'Sally Glouse')",
,,,,"('David Wood', 'Bonnie Joe')",
,,,,"('David Wood', 'Margaret Leone')",
,,,,"('David Wood', 'Carl Eddy')",
,,,,"('David Wood', 'Kenneth Eisnor')",
,,,,"('David Wood', 'Thomas Phelan')",
,,,,"('David Wood', 'Mike Lally')",
,,,,"('David Wood', 'Randy Rundall')",
,,,,"('Gregory Mattacola', 'Sally Glouse')",
,,,,"('Gregory Mattacola', 'James Kimball')",
,,,,"('Gregory Mattacola', 'Bonnie Joe')",
,,,,"('Gregory Mattacola', 'Margaret Leone')",
,,,,"('Gregory Mattacola', 'Carl Eddy')",
,,,,"('Gregory Mattacola', 'Kenneth Eisnor')",
,,,,"('Gregory Mattacola', 'Thomas Phelan')",
,,,,"('Gregory Mattacola', 'Mike Lally')",
,,,,"('Gregory Mattacola', 'Randy Rundall')",
,,,,"('Sally Glouse', 'James Kimball')",
,,,,"('Sally Glouse', 'Bonnie Joe')",
,,,,"('Sally Glouse', 'Margaret Leone')",
,,,,"('Sally Glouse', 'Carl Eddy')",
,,,,"('Sally Glouse', 'Kenneth Eisnor')",
,,,,"('Sally Glouse', 'Thomas Phelan')",
,,,,"('Sally Glouse', 'Mike Lally')",
,,,,"('Sally Glouse', 'Randy Rundall')",
,,,,"('James Kimball', 'Bonnie Joe')",
,,,,"('James Kimball', 'Margaret Leone')",
,,,,"('James Kimball', 'Carl Eddy')",
,,,,"('James Kimball', 'Kenneth Eisnor')",
,,,,"('James Kimball', 'Thomas Phelan')",
,,,,"('James Kimball', 'Mike Lally')",
,,,,"('James Kimball', 'Randy Rundall')",
,,,,"('Bonnie Joe', 'Margaret Leone')",
,,,,"('Bonnie Joe', 'Carl Eddy')",
,,,,"('Bonnie Joe', 'Kenneth Eisnor')",
,,,,"('Bonnie Joe', 'Thomas Phelan')",
,,,,"('Bonnie Joe', 'Mike Lally')",
,,,,"('Bonnie Joe', 'Randy Rundall')",
,,,,"('Margaret Leone', 'Carl Eddy')",
,,,,"('Margaret Leone', 'Kenneth Eisnor')",
,,,,"('Margaret Leone', 'Thomas Phelan')",
,,,,"('Margaret Leone', 'Mike Lally')",
,,,,"('Margaret Leone', 'Randy Rundall')",
,,,,"('Carl Eddy', 'Kenneth Eisnor')",
,,,,"('Carl Eddy', 'Thomas Phelan')",
,,,,"('Carl Eddy', 'Mike Lally')",
,,,,"('Carl Eddy', 'Randy Rundall')",
,,,,"('Kenneth Eisnor', 'Thomas Phelan')",
,,,,"('Kenneth Eisnor', 'Mike Lally')",
,,,,"('Kenneth Eisnor', 'Randy Rundall')",
,,,,"('Thomas Phelan', 'Mike Lally')",
,,,,"('Thomas Phelan', 'Randy Rundall')",
,,,,"('Mike Lally', 'Randy Rundall')",
