AB Actor Overlap,AB Relationship Overlap,Unique A Actors,Unique B Actors,Unique A Relationships,Unique B Relationships
Michael Bopp,"('Mark Wagner', 'Thomas West')",,,,
Bonnie Reynolds,"('Jennifer Huntington', 'James Ossont')",,,,
Mark Wagner,"('Bonnie Reynolds', 'Myron Thurston')",,,,
Scott Kurkoski,"('Brymer Humphreys', 'Nelson Blau')",,,,
Jennifer Huntington,"('Michael Bopp', 'Nelson Blau')",,,,
Thomas West,"('Mark Wagner', 'Toshia Hance')",,,,
Emily DeSantis,"('Jennifer Huntington', 'Joseph Martens')",,,,
Brymer Humphreys,"('Kevin Kelley', 'Patrick Tyksinski')",,,,
Carleton Corey,"('James Ossont', 'Joseph Martens')",,,,
Toshia Hance,"('Thomas West', 'Mark Helt')",,,,
Nelson Blau,"('Jennifer Huntington', 'James Seward')",,,,
Kevin Kelley,"('Kevin Kelley', 'Jeff Miller')",,,,
Jeff Miller,"('Nelson Blau', 'Joseph Martens')",,,,
Patrick Tyksinski,"('James Ossont', 'Emily DeSantis')",,,,
Joseph Martens,"('Jennifer Huntington', 'Patrick Tyksinski')",,,,
James Seward,"('Jennifer Huntington', 'Emily DeSantis')",,,,
James Ossont,"('James Ossont', 'Toshia Hance')",,,,
Myron Thurston,"('Jeff Miller', 'Mark Helt')",,,,
Mark Helt,"('Carleton Corey', 'Toshia Hance')",,,,
,"('James Ossont', 'Carleton Corey')",,,,
,"('Scott Kurkoski', 'James Ossont')",,,,
,"('James Ossont', 'Brymer Humphreys')",,,,
,"('Jennifer Huntington', 'Nelson Blau')",,,,
,"('Scott Kurkoski', 'Joseph Martens')",,,,
,"('Carleton Corey', 'Kevin Kelley')",,,,
,"('Scott Kurkoski', 'James Seward')",,,,
,"('James Ossont', 'Kevin Kelley')",,,,
,"('Michael Bopp', 'Emily DeSantis')",,,,
,"('Mark Wagner', 'Scott Kurkoski')",,,,
,"('Thomas West', 'James Seward')",,,,
,"('Emily DeSantis', 'Nelson Blau')",,,,
,"('Michael Bopp', 'Joseph Martens')",,,,
,"('Jennifer Huntington', 'Carleton Corey')",,,,
,"('Toshia Hance', 'Patrick Tyksinski')",,,,
,"('Brymer Humphreys', 'Mark Helt')",,,,
,"('Bonnie Reynolds', 'Jennifer Huntington')",,,,
,"('Michael Bopp', 'James Seward')",,,,
,"('Joseph Martens', 'Myron Thurston')",,,,
,"('Emily DeSantis', 'Myron Thurston')",,,,
,"('Thomas West', 'Jeff Miller')",,,,
,"('Bonnie Reynolds', 'Patrick Tyksinski')",,,,
,"('Bonnie Reynolds', 'Mark Helt')",,,,
,"('Kevin Kelley', 'Myron Thurston')",,,,
,"('Jennifer Huntington', 'Mark Helt')",,,,
,"('Brymer Humphreys', 'Jeff Miller')",,,,
,"('Brymer Humphreys', 'Patrick Tyksinski')",,,,
,"('Carleton Corey', 'Jeff Miller')",,,,
,"('Emily DeSantis', 'Jeff Miller')",,,,
,"('Carleton Corey', 'Patrick Tyksinski')",,,,
,"('Carleton Corey', 'Myron Thurston')",,,,
,"('Mark Wagner', 'James Seward')",,,,
,"('Thomas West', 'Toshia Hance')",,,,
,"('Scott Kurkoski', 'Thomas West')",,,,
,"('Thomas West', 'Nelson Blau')",,,,
,"('Emily DeSantis', 'James Seward')",,,,
,"('Scott Kurkoski', 'Nelson Blau')",,,,
,"('Toshia Hance', 'Kevin Kelley')",,,,
,"('Thomas West', 'Brymer Humphreys')",,,,
,"('Patrick Tyksinski', 'Joseph Martens')",,,,
,"('Jeff Miller', 'Patrick Tyksinski')",,,,
,"('Kevin Kelley', 'James Seward')",,,,
,"('Patrick Tyksinski', 'James Seward')",,,,
,"('Thomas West', 'Kevin Kelley')",,,,
,"('Mark Wagner', 'Carleton Corey')",,,,
,"('Bonnie Reynolds', 'Joseph Martens')",,,,
,"('Carleton Corey', 'James Seward')",,,,
,"('James Ossont', 'James Seward')",,,,
,"('Brymer Humphreys', 'Kevin Kelley')",,,,
,"('Bonnie Reynolds', 'Mark Wagner')",,,,
,"('Scott Kurkoski', 'Toshia Hance')",,,,
,"('Thomas West', 'James Ossont')",,,,
,"('Emily DeSantis', 'Brymer Humphreys')",,,,
,"('Scott Kurkoski', 'Carleton Corey')",,,,
,"('Brymer Humphreys', 'Joseph Martens')",,,,
,"('James Ossont', 'Jeff Miller')",,,,
,"('Toshia Hance', 'Mark Helt')",,,,
,"('Emily DeSantis', 'Carleton Corey')",,,,
,"('Patrick Tyksinski', 'Myron Thurston')",,,,
,"('Carleton Corey', 'Joseph Martens')",,,,
,"('Jeff Miller', 'Myron Thurston')",,,,
,"('Mark Wagner', 'Emily DeSantis')",,,,
,"('Michael Bopp', 'James Ossont')",,,,
,"('Mark Wagner', 'Mark Helt')",,,,
,"('Michael Bopp', 'Scott Kurkoski')",,,,
,"('Jennifer Huntington', 'Thomas West')",,,,
,"('Bonnie Reynolds', 'Kevin Kelley')",,,,
,"('Michael Bopp', 'Patrick Tyksinski')",,,,
,"('Michael Bopp', 'Carleton Corey')",,,,
,"('Nelson Blau', 'James Seward')",,,,
,"('Jennifer Huntington', 'Toshia Hance')",,,,
,"('Bonnie Reynolds', 'Thomas West')",,,,
,"('James Ossont', 'Myron Thurston')",,,,
,"('Scott Kurkoski', 'Jeff Miller')",,,,
,"('Michael Bopp', 'Myron Thurston')",,,,
,"('Toshia Hance', 'Jeff Miller')",,,,
,"('Brymer Humphreys', 'Myron Thurston')",,,,
,"('Michael Bopp', 'Kevin Kelley')",,,,
,"('Carleton Corey', 'Nelson Blau')",,,,
,"('James Ossont', 'Nelson Blau')",,,,
,"('Bonnie Reynolds', 'James Ossont')",,,,
,"('Thomas West', 'Patrick Tyksinski')",,,,
,"('James Seward', 'Mark Helt')",,,,
,"('Carleton Corey', 'Mark Helt')",,,,
,"('Kevin Kelley', 'Mark Helt')",,,,
,"('Mark Wagner', 'Nelson Blau')",,,,
,"('Michael Bopp', 'Toshia Hance')",,,,
,"('Brymer Humphreys', 'Toshia Hance')",,,,
,"('Jennifer Huntington', 'Brymer Humphreys')",,,,
,"('Nelson Blau', 'Kevin Kelley')",,,,
,"('Michael Bopp', 'Thomas West')",,,,
,"('Bonnie Reynolds', 'Brymer Humphreys')",,,,
,"('Jennifer Huntington', 'Kevin Kelley')",,,,
,"('Mark Wagner', 'Kevin Kelley')",,,,
,"('Myron Thurston', 'Mark Helt')",,,,
,"('Bonnie Reynolds', 'Nelson Blau')",,,,
,"('Bonnie Reynolds', 'Emily DeSantis')",,,,
,"('Emily DeSantis', 'Kevin Kelley')",,,,
,"('Emily DeSantis', 'Joseph Martens')",,,,
,"('Bonnie Reynolds', 'Toshia Hance')",,,,
,"('Patrick Tyksinski', 'Mark Helt')",,,,
,"('Michael Bopp', 'Mark Wagner')",,,,
,"('Scott Kurkoski', 'Myron Thurston')",,,,
,"('Bonnie Reynolds', 'Carleton Corey')",,,,
,"('Mark Wagner', 'James Ossont')",,,,
,"('Toshia Hance', 'Joseph Martens')",,,,
,"('Michael Bopp', 'Jeff Miller')",,,,
,"('Joseph Martens', 'James Seward')",,,,
,"('Jennifer Huntington', 'Myron Thurston')",,,,
,"('Scott Kurkoski', 'Kevin Kelley')",,,,
,"('Nelson Blau', 'Mark Helt')",,,,
,"('Mark Wagner', 'Myron Thurston')",,,,
,"('Thomas West', 'Joseph Martens')",,,,
,"('James Ossont', 'Mark Helt')",,,,
,"('Brymer Humphreys', 'Carleton Corey')",,,,
,"('Thomas West', 'Myron Thurston')",,,,
,"('Thomas West', 'Emily DeSantis')",,,,
,"('Bonnie Reynolds', 'Jeff Miller')",,,,
,"('Joseph Martens', 'Mark Helt')",,,,
,"('Toshia Hance', 'James Seward')",,,,
,"('Toshia Hance', 'Myron Thurston')",,,,
,"('Jennifer Huntington', 'Jeff Miller')",,,,
,"('Michael Bopp', 'Bonnie Reynolds')",,,,
,"('Thomas West', 'Carleton Corey')",,,,
,"('Mark Wagner', 'Joseph Martens')",,,,
,"('Kevin Kelley', 'Joseph Martens')",,,,
,"('Nelson Blau', 'Jeff Miller')",,,,
,"('James Ossont', 'Patrick Tyksinski')",,,,
,"('Bonnie Reynolds', 'James Seward')",,,,
,"('Nelson Blau', 'Patrick Tyksinski')",,,,
,"('James Seward', 'Myron Thurston')",,,,
,"('Emily DeSantis', 'Patrick Tyksinski')",,,,
,"('Toshia Hance', 'Nelson Blau')",,,,
,"('Mark Wagner', 'Patrick Tyksinski')",,,,
,"('Scott Kurkoski', 'Jennifer Huntington')",,,,
,"('Mark Wagner', 'Jeff Miller')",,,,
,"('Mark Wagner', 'Brymer Humphreys')",,,,
,"('Michael Bopp', 'Mark Helt')",,,,
,"('Brymer Humphreys', 'James Seward')",,,,
,"('Scott Kurkoski', 'Brymer Humphreys')",,,,
,"('Jeff Miller', 'James Seward')",,,,
,"('Mark Wagner', 'Jennifer Huntington')",,,,
,"('Scott Kurkoski', 'Patrick Tyksinski')",,,,
,"('Jeff Miller', 'Joseph Martens')",,,,
,"('Emily DeSantis', 'Mark Helt')",,,,
,"('Michael Bopp', 'Jennifer Huntington')",,,,
,"('Bonnie Reynolds', 'Scott Kurkoski')",,,,
,"('Scott Kurkoski', 'Mark Helt')",,,,
,"('Scott Kurkoski', 'Emily DeSantis')",,,,
,"('Emily DeSantis', 'Toshia Hance')",,,,
,"('Michael Bopp', 'Brymer Humphreys')",,,,
,"('Nelson Blau', 'Myron Thurston')",,,,
