AB Actor Overlap,AB Relationship Overlap,Unique A Actors,Unique B Actors,Unique A Relationships,Unique B Relationships
Ron Harmon,"('Ron Harmon', 'Bo Lipari')",,,,
Darren Dopp,"('Bo Lipari', 'Sandra Steingraber')",,,,
Bo Lipari,"('Darren Dopp', 'Bo Lipari')",,,,
Dan Fitzsimmons,"('Bo Lipari', 'Dan Fitzsimmons')",,,,
Joe Heath,"('Ron Harmon', 'Darren Dopp')",,,,
Frank Lysyczyn,"('Ron Harmon', 'Joe Heath')",,,,
Sandra Steingraber,"('Darren Dopp', 'Frank Lysyczyn')",,,,
,"('Joe Heath', 'Sandra Steingraber')",,,,
,"('Darren Dopp', 'Sandra Steingraber')",,,,
,"('Bo Lipari', 'Frank Lysyczyn')",,,,
,"('Ron Harmon', 'Dan Fitzsimmons')",,,,
,"('Bo Lipari', 'Joe Heath')",,,,
,"('Dan Fitzsimmons', 'Joe Heath')",,,,
,"('Frank Lysyczyn', 'Sandra Steingraber')",,,,
,"('Darren Dopp', 'Joe Heath')",,,,
,"('Darren Dopp', 'Dan Fitzsimmons')",,,,
,"('Ron Harmon', 'Frank Lysyczyn')",,,,
,"('Dan Fitzsimmons', 'Sandra Steingraber')",,,,
,"('Dan Fitzsimmons', 'Frank Lysyczyn')",,,,
,"('Ron Harmon', 'Sandra Steingraber')",,,,
,"('Joe Heath', 'Frank Lysyczyn')",,,,
