Actor Overlap,Relationship Overlap,Unique Newspaper Network Actors,Unique Meeting Minute Network Actors,Unique Newspaper Network Relationships,Unique Newspaper Network Relationships
David Slottje,"('Charles Joyce', 'David Slottje')",Matthew Cortese,Fred Fredrickson,"('Matthew Cortese', 'Neal Simon')","('Fred Fredrickson', 'Tim Timbrook')"
Charles Joyce,,John Williams,Kier Dirlam,"('Matthew Cortese', 'John Williams')","('Fred Fredrickson', 'Kier Dirlam')"
Neal Simon,,David Robinson,Doug Turner,"('Matthew Cortese', 'David Robinson')","('Fred Fredrickson', 'Doug Turner')"
,,Brent Kelley,Tim Timbrook,"('Matthew Cortese', 'Brent Kelley')","('Fred Fredrickson', 'Tom Mansfield')"
,,Art Van Tyne,Tom Mansfield,"('Matthew Cortese', 'Art Van Tyne')","('Fred Fredrickson', 'Tim Cochran')"
,,Kevin LaForge,Tim Cochran,"('Matthew Cortese', 'Kevin LaForge')","('Fred Fredrickson', 'Steve Kilmer')"
,,Joel Kassirer,Steve Kilmer,"('Matthew Cortese', 'Joel Kassirer')","('Fred Fredrickson', 'Bob Ormsby')"
,,Cheryl Green,Bob Ormsby,"('Matthew Cortese', 'Cheryl Green')","('Fred Fredrickson', 'Charles Joyce')"
,,Mike Atchie,Phil Curran,"('Matthew Cortese', 'Mike Atchie')","('Fred Fredrickson', 'David Slottje')"
,,Renee Lawrence,Fion MacCrea,"('Matthew Cortese', 'Charles Joyce')","('Fred Fredrickson', 'Phil Curran')"
,,Jack Liguori,Tim O Grady,"('Matthew Cortese', 'David Slottje')","('Fred Fredrickson', 'Fion MacCrea')"
,,Norman Ungermann,Cathy Young,"('Matthew Cortese', 'Renee Lawrence')","('Fred Fredrickson', 'Tim O Grady')"
,,Fred Sinclair,Jan Burdick,"('Matthew Cortese', 'Jack Liguori')","('Fred Fredrickson', 'Neal Simon')"
,,Marika Burke,Kim Donius,"('Matthew Cortese', 'Norman Ungermann')","('Fred Fredrickson', 'Cathy Young')"
,,Walter Hang,Debora Jakobi,"('Matthew Cortese', 'Fred Sinclair')","('Fred Fredrickson', 'Jan Burdick')"
,,Curt Crandall,Virginia Rasmussen,"('Matthew Cortese', 'Marika Burke')","('Fred Fredrickson', 'Kim Donius')"
,,Ryan Papaserge,David Orr,"('Matthew Cortese', 'Walter Hang')","('Fred Fredrickson', 'Debora Jakobi')"
,,,Donn Lang,"('Matthew Cortese', 'Curt Crandall')","('Fred Fredrickson', 'Virginia Rasmussen')"
,,,David Fredrickson,"('Matthew Cortese', 'Ryan Papaserge')","('Fred Fredrickson', 'David Orr')"
,,,Jerry Snyder,"('John Williams', 'Neal Simon')","('Fred Fredrickson', 'Donn Lang')"
,,,Mark Klingensmith,"('John Williams', 'David Robinson')","('Fred Fredrickson', 'David Fredrickson')"
,,,Jamie Mansfield,"('John Williams', 'Brent Kelley')","('Fred Fredrickson', 'Jerry Snyder')"
,,,Kasey Klingensmith,"('John Williams', 'Art Van Tyne')","('Fred Fredrickson', 'Mark Klingensmith')"
,,,Mary Stearns,"('John Williams', 'Kevin LaForge')","('Fred Fredrickson', 'Jamie Mansfield')"
,,,Megan Steffel Marks,"('John Williams', 'Joel Kassirer')","('Fred Fredrickson', 'Kasey Klingensmith')"
,,,Elsie Cushing,"('John Williams', 'Cheryl Green')","('Fred Fredrickson', 'Mary Stearns')"
,,,Craig Clark,"('John Williams', 'Mike Atchie')","('Fred Fredrickson', 'Megan Steffel Marks')"
,,,David Snyder,"('John Williams', 'Charles Joyce')","('Fred Fredrickson', 'Elsie Cushing')"
,,,Bill Cleveland,"('John Williams', 'David Slottje')","('Fred Fredrickson', 'Craig Clark')"
,,,Town Attorney,"('John Williams', 'Renee Lawrence')","('Fred Fredrickson', 'David Snyder')"
,,,Graham Marks,"('John Williams', 'Jack Liguori')","('Fred Fredrickson', 'Bill Cleveland')"
,,,Chris Romanchunk,"('John Williams', 'Norman Ungermann')","('Fred Fredrickson', 'Town Attorney')"
,,,Dan Acton,"('John Williams', 'Fred Sinclair')","('Fred Fredrickson', 'Graham Marks')"
,,,,"('John Williams', 'Marika Burke')","('Fred Fredrickson', 'Chris Romanchunk')"
,,,,"('John Williams', 'Walter Hang')","('Fred Fredrickson', 'Dan Acton')"
,,,,"('John Williams', 'Curt Crandall')","('Kier Dirlam', 'Doug Turner')"
,,,,"('John Williams', 'Ryan Papaserge')","('Kier Dirlam', 'Tim Timbrook')"
,,,,"('Neal Simon', 'David Robinson')","('Kier Dirlam', 'Tom Mansfield')"
,,,,"('Neal Simon', 'Brent Kelley')","('Kier Dirlam', 'Tim Cochran')"
,,,,"('Neal Simon', 'Art Van Tyne')","('Kier Dirlam', 'Steve Kilmer')"
,,,,"('Neal Simon', 'Kevin LaForge')","('Kier Dirlam', 'Bob Ormsby')"
,,,,"('Neal Simon', 'Joel Kassirer')","('Kier Dirlam', 'Charles Joyce')"
,,,,"('Neal Simon', 'Cheryl Green')","('Kier Dirlam', 'David Slottje')"
,,,,"('Neal Simon', 'Mike Atchie')","('Kier Dirlam', 'Phil Curran')"
,,,,"('Neal Simon', 'Charles Joyce')","('Kier Dirlam', 'Fion MacCrea')"
,,,,"('Neal Simon', 'David Slottje')","('Kier Dirlam', 'Tim O Grady')"
,,,,"('Neal Simon', 'Renee Lawrence')","('Kier Dirlam', 'Neal Simon')"
,,,,"('Neal Simon', 'Jack Liguori')","('Kier Dirlam', 'Cathy Young')"
,,,,"('Neal Simon', 'Norman Ungermann')","('Kier Dirlam', 'Jan Burdick')"
,,,,"('Neal Simon', 'Fred Sinclair')","('Kier Dirlam', 'Kim Donius')"
,,,,"('Neal Simon', 'Marika Burke')","('Kier Dirlam', 'Debora Jakobi')"
,,,,"('Neal Simon', 'Walter Hang')","('Kier Dirlam', 'Virginia Rasmussen')"
,,,,"('Neal Simon', 'Curt Crandall')","('Kier Dirlam', 'David Orr')"
,,,,"('Neal Simon', 'Ryan Papaserge')","('Kier Dirlam', 'Donn Lang')"
,,,,"('David Robinson', 'Brent Kelley')","('Kier Dirlam', 'David Fredrickson')"
,,,,"('David Robinson', 'Art Van Tyne')","('Kier Dirlam', 'Jerry Snyder')"
,,,,"('David Robinson', 'Kevin LaForge')","('Kier Dirlam', 'Mark Klingensmith')"
,,,,"('David Robinson', 'Joel Kassirer')","('Kier Dirlam', 'Jamie Mansfield')"
,,,,"('David Robinson', 'Cheryl Green')","('Kier Dirlam', 'Kasey Klingensmith')"
,,,,"('David Robinson', 'Mike Atchie')","('Kier Dirlam', 'Mary Stearns')"
,,,,"('David Robinson', 'Charles Joyce')","('Kier Dirlam', 'Megan Steffel Marks')"
,,,,"('David Robinson', 'David Slottje')","('Kier Dirlam', 'Elsie Cushing')"
,,,,"('David Robinson', 'Renee Lawrence')","('Kier Dirlam', 'Craig Clark')"
,,,,"('David Robinson', 'Jack Liguori')","('Kier Dirlam', 'David Snyder')"
,,,,"('David Robinson', 'Norman Ungermann')","('Kier Dirlam', 'Bill Cleveland')"
,,,,"('David Robinson', 'Fred Sinclair')","('Kier Dirlam', 'Town Attorney')"
,,,,"('David Robinson', 'Marika Burke')","('Kier Dirlam', 'Graham Marks')"
,,,,"('David Robinson', 'Walter Hang')","('Kier Dirlam', 'Chris Romanchunk')"
,,,,"('David Robinson', 'Curt Crandall')","('Kier Dirlam', 'Dan Acton')"
,,,,"('David Robinson', 'Ryan Papaserge')","('Doug Turner', 'Tim Timbrook')"
,,,,"('Brent Kelley', 'Walter Hang')","('Doug Turner', 'Tom Mansfield')"
,,,,"('Brent Kelley', 'Art Van Tyne')","('Doug Turner', 'Tim Cochran')"
,,,,"('Brent Kelley', 'Kevin LaForge')","('Doug Turner', 'Steve Kilmer')"
,,,,"('Brent Kelley', 'Joel Kassirer')","('Doug Turner', 'Bob Ormsby')"
,,,,"('Brent Kelley', 'Cheryl Green')","('Doug Turner', 'Charles Joyce')"
,,,,"('Brent Kelley', 'Mike Atchie')","('Doug Turner', 'David Slottje')"
,,,,"('Brent Kelley', 'Charles Joyce')","('Doug Turner', 'Phil Curran')"
,,,,"('Brent Kelley', 'David Slottje')","('Doug Turner', 'Fion MacCrea')"
,,,,"('Brent Kelley', 'Renee Lawrence')","('Doug Turner', 'Tim O Grady')"
,,,,"('Brent Kelley', 'Jack Liguori')","('Doug Turner', 'Neal Simon')"
,,,,"('Brent Kelley', 'Norman Ungermann')","('Doug Turner', 'Cathy Young')"
,,,,"('Brent Kelley', 'Fred Sinclair')","('Doug Turner', 'Jan Burdick')"
,,,,"('Brent Kelley', 'Marika Burke')","('Doug Turner', 'Kim Donius')"
,,,,"('Brent Kelley', 'Curt Crandall')","('Doug Turner', 'Debora Jakobi')"
,,,,"('Brent Kelley', 'Ryan Papaserge')","('Doug Turner', 'Virginia Rasmussen')"
,,,,"('Art Van Tyne', 'Kevin LaForge')","('Doug Turner', 'David Orr')"
,,,,"('Art Van Tyne', 'Joel Kassirer')","('Doug Turner', 'Donn Lang')"
,,,,"('Art Van Tyne', 'Cheryl Green')","('Doug Turner', 'David Fredrickson')"
,,,,"('Art Van Tyne', 'Mike Atchie')","('Doug Turner', 'Jerry Snyder')"
,,,,"('Art Van Tyne', 'Charles Joyce')","('Doug Turner', 'Mark Klingensmith')"
,,,,"('Art Van Tyne', 'David Slottje')","('Doug Turner', 'Jamie Mansfield')"
,,,,"('Art Van Tyne', 'Renee Lawrence')","('Doug Turner', 'Kasey Klingensmith')"
,,,,"('Art Van Tyne', 'Jack Liguori')","('Doug Turner', 'Mary Stearns')"
,,,,"('Art Van Tyne', 'Norman Ungermann')","('Doug Turner', 'Megan Steffel Marks')"
,,,,"('Art Van Tyne', 'Fred Sinclair')","('Doug Turner', 'Elsie Cushing')"
,,,,"('Art Van Tyne', 'Marika Burke')","('Doug Turner', 'Craig Clark')"
,,,,"('Art Van Tyne', 'Walter Hang')","('Doug Turner', 'David Snyder')"
,,,,"('Art Van Tyne', 'Curt Crandall')","('Doug Turner', 'Bill Cleveland')"
,,,,"('Art Van Tyne', 'Ryan Papaserge')","('Doug Turner', 'Town Attorney')"
,,,,"('Kevin LaForge', 'Walter Hang')","('Doug Turner', 'Graham Marks')"
,,,,"('Kevin LaForge', 'Joel Kassirer')","('Doug Turner', 'Chris Romanchunk')"
,,,,"('Kevin LaForge', 'Cheryl Green')","('Doug Turner', 'Dan Acton')"
,,,,"('Kevin LaForge', 'Mike Atchie')","('Tim Timbrook', 'Tom Mansfield')"
,,,,"('Kevin LaForge', 'Charles Joyce')","('Tim Timbrook', 'Tim Cochran')"
,,,,"('Kevin LaForge', 'David Slottje')","('Tim Timbrook', 'Steve Kilmer')"
,,,,"('Kevin LaForge', 'Renee Lawrence')","('Tim Timbrook', 'Bob Ormsby')"
,,,,"('Kevin LaForge', 'Jack Liguori')","('Tim Timbrook', 'Charles Joyce')"
,,,,"('Kevin LaForge', 'Norman Ungermann')","('Tim Timbrook', 'David Slottje')"
,,,,"('Kevin LaForge', 'Fred Sinclair')","('Tim Timbrook', 'Phil Curran')"
,,,,"('Kevin LaForge', 'Marika Burke')","('Tim Timbrook', 'Fion MacCrea')"
,,,,"('Kevin LaForge', 'Curt Crandall')","('Tim Timbrook', 'Tim O Grady')"
,,,,"('Kevin LaForge', 'Ryan Papaserge')","('Tim Timbrook', 'Neal Simon')"
,,,,"('Joel Kassirer', 'Mike Atchie')","('Tim Timbrook', 'Cathy Young')"
,,,,"('Joel Kassirer', 'Cheryl Green')","('Tim Timbrook', 'Jan Burdick')"
,,,,"('Joel Kassirer', 'Charles Joyce')","('Tim Timbrook', 'Kim Donius')"
,,,,"('Joel Kassirer', 'David Slottje')","('Tim Timbrook', 'Debora Jakobi')"
,,,,"('Joel Kassirer', 'Renee Lawrence')","('Tim Timbrook', 'Virginia Rasmussen')"
,,,,"('Joel Kassirer', 'Jack Liguori')","('Tim Timbrook', 'David Orr')"
,,,,"('Joel Kassirer', 'Norman Ungermann')","('Tim Timbrook', 'Donn Lang')"
,,,,"('Joel Kassirer', 'Fred Sinclair')","('Tim Timbrook', 'David Fredrickson')"
,,,,"('Joel Kassirer', 'Marika Burke')","('Tim Timbrook', 'Jerry Snyder')"
,,,,"('Joel Kassirer', 'Walter Hang')","('Tim Timbrook', 'Mark Klingensmith')"
,,,,"('Joel Kassirer', 'Curt Crandall')","('Tim Timbrook', 'Jamie Mansfield')"
,,,,"('Joel Kassirer', 'Ryan Papaserge')","('Tim Timbrook', 'Kasey Klingensmith')"
,,,,"('Cheryl Green', 'Renee Lawrence')","('Tim Timbrook', 'Mary Stearns')"
,,,,"('Cheryl Green', 'Mike Atchie')","('Tim Timbrook', 'Megan Steffel Marks')"
,,,,"('Cheryl Green', 'Charles Joyce')","('Tim Timbrook', 'Elsie Cushing')"
,,,,"('Cheryl Green', 'David Slottje')","('Tim Timbrook', 'Craig Clark')"
,,,,"('Cheryl Green', 'Jack Liguori')","('Tim Timbrook', 'David Snyder')"
,,,,"('Cheryl Green', 'Norman Ungermann')","('Tim Timbrook', 'Bill Cleveland')"
,,,,"('Cheryl Green', 'Fred Sinclair')","('Tim Timbrook', 'Town Attorney')"
,,,,"('Cheryl Green', 'Marika Burke')","('Tim Timbrook', 'Graham Marks')"
,,,,"('Cheryl Green', 'Walter Hang')","('Tim Timbrook', 'Chris Romanchunk')"
,,,,"('Cheryl Green', 'Curt Crandall')","('Tim Timbrook', 'Dan Acton')"
,,,,"('Cheryl Green', 'Ryan Papaserge')","('Tom Mansfield', 'Tim Cochran')"
,,,,"('Mike Atchie', 'Charles Joyce')","('Tom Mansfield', 'Steve Kilmer')"
,,,,"('Mike Atchie', 'David Slottje')","('Tom Mansfield', 'Bob Ormsby')"
,,,,"('Mike Atchie', 'Renee Lawrence')","('Tom Mansfield', 'Charles Joyce')"
,,,,"('Mike Atchie', 'Jack Liguori')","('Tom Mansfield', 'David Slottje')"
,,,,"('Mike Atchie', 'Norman Ungermann')","('Tom Mansfield', 'Phil Curran')"
,,,,"('Mike Atchie', 'Fred Sinclair')","('Tom Mansfield', 'Fion MacCrea')"
,,,,"('Mike Atchie', 'Marika Burke')","('Tom Mansfield', 'Tim O Grady')"
,,,,"('Mike Atchie', 'Walter Hang')","('Tom Mansfield', 'Neal Simon')"
,,,,"('Mike Atchie', 'Curt Crandall')","('Tom Mansfield', 'Cathy Young')"
,,,,"('Mike Atchie', 'Ryan Papaserge')","('Tom Mansfield', 'Jan Burdick')"
,,,,"('Charles Joyce', 'Walter Hang')","('Tom Mansfield', 'Kim Donius')"
,,,,"('Charles Joyce', 'Renee Lawrence')","('Tom Mansfield', 'Debora Jakobi')"
,,,,"('Charles Joyce', 'Jack Liguori')","('Tom Mansfield', 'Virginia Rasmussen')"
,,,,"('Charles Joyce', 'Norman Ungermann')","('Tom Mansfield', 'David Orr')"
,,,,"('Charles Joyce', 'Fred Sinclair')","('Tom Mansfield', 'Donn Lang')"
,,,,"('Charles Joyce', 'Marika Burke')","('Tom Mansfield', 'David Fredrickson')"
,,,,"('Charles Joyce', 'Curt Crandall')","('Tom Mansfield', 'Jerry Snyder')"
,,,,"('Charles Joyce', 'Ryan Papaserge')","('Tom Mansfield', 'Mark Klingensmith')"
,,,,"('David Slottje', 'Renee Lawrence')","('Tom Mansfield', 'Jamie Mansfield')"
,,,,"('David Slottje', 'Jack Liguori')","('Tom Mansfield', 'Kasey Klingensmith')"
,,,,"('David Slottje', 'Norman Ungermann')","('Tom Mansfield', 'Mary Stearns')"
,,,,"('David Slottje', 'Fred Sinclair')","('Tom Mansfield', 'Megan Steffel Marks')"
,,,,"('David Slottje', 'Marika Burke')","('Tom Mansfield', 'Elsie Cushing')"
,,,,"('David Slottje', 'Walter Hang')","('Tom Mansfield', 'Craig Clark')"
,,,,"('David Slottje', 'Curt Crandall')","('Tom Mansfield', 'David Snyder')"
,,,,"('David Slottje', 'Ryan Papaserge')","('Tom Mansfield', 'Bill Cleveland')"
,,,,"('Renee Lawrence', 'Jack Liguori')","('Tom Mansfield', 'Town Attorney')"
,,,,"('Renee Lawrence', 'Norman Ungermann')","('Tom Mansfield', 'Graham Marks')"
,,,,"('Renee Lawrence', 'Fred Sinclair')","('Tom Mansfield', 'Chris Romanchunk')"
,,,,"('Renee Lawrence', 'Marika Burke')","('Tom Mansfield', 'Dan Acton')"
,,,,"('Renee Lawrence', 'Walter Hang')","('Tim Cochran', 'Steve Kilmer')"
,,,,"('Renee Lawrence', 'Curt Crandall')","('Tim Cochran', 'Bob Ormsby')"
,,,,"('Renee Lawrence', 'Ryan Papaserge')","('Tim Cochran', 'Charles Joyce')"
,,,,"('Jack Liguori', 'Norman Ungermann')","('Tim Cochran', 'David Slottje')"
,,,,"('Jack Liguori', 'Fred Sinclair')","('Tim Cochran', 'Phil Curran')"
,,,,"('Jack Liguori', 'Marika Burke')","('Tim Cochran', 'Fion MacCrea')"
,,,,"('Jack Liguori', 'Walter Hang')","('Tim Cochran', 'Tim O Grady')"
,,,,"('Jack Liguori', 'Curt Crandall')","('Tim Cochran', 'Neal Simon')"
,,,,"('Jack Liguori', 'Ryan Papaserge')","('Tim Cochran', 'Cathy Young')"
,,,,"('Norman Ungermann', 'Fred Sinclair')","('Tim Cochran', 'Jan Burdick')"
,,,,"('Norman Ungermann', 'Marika Burke')","('Tim Cochran', 'Kim Donius')"
,,,,"('Norman Ungermann', 'Walter Hang')","('Tim Cochran', 'Debora Jakobi')"
,,,,"('Norman Ungermann', 'Curt Crandall')","('Tim Cochran', 'Virginia Rasmussen')"
,,,,"('Norman Ungermann', 'Ryan Papaserge')","('Tim Cochran', 'David Orr')"
,,,,"('Fred Sinclair', 'Marika Burke')","('Tim Cochran', 'Donn Lang')"
,,,,"('Fred Sinclair', 'Walter Hang')","('Tim Cochran', 'David Fredrickson')"
,,,,"('Fred Sinclair', 'Curt Crandall')","('Tim Cochran', 'Jerry Snyder')"
,,,,"('Fred Sinclair', 'Ryan Papaserge')","('Tim Cochran', 'Mark Klingensmith')"
,,,,"('Marika Burke', 'Walter Hang')","('Tim Cochran', 'Jamie Mansfield')"
,,,,"('Marika Burke', 'Curt Crandall')","('Tim Cochran', 'Kasey Klingensmith')"
,,,,"('Marika Burke', 'Ryan Papaserge')","('Tim Cochran', 'Mary Stearns')"
,,,,"('Walter Hang', 'Curt Crandall')","('Tim Cochran', 'Megan Steffel Marks')"
,,,,"('Walter Hang', 'Ryan Papaserge')","('Tim Cochran', 'Elsie Cushing')"
,,,,"('Curt Crandall', 'Ryan Papaserge')","('Tim Cochran', 'Craig Clark')"
,,,,,"('Tim Cochran', 'David Snyder')"
,,,,,"('Tim Cochran', 'Bill Cleveland')"
,,,,,"('Tim Cochran', 'Town Attorney')"
,,,,,"('Tim Cochran', 'Graham Marks')"
,,,,,"('Tim Cochran', 'Chris Romanchunk')"
,,,,,"('Tim Cochran', 'Dan Acton')"
,,,,,"('Steve Kilmer', 'Bob Ormsby')"
,,,,,"('Steve Kilmer', 'Charles Joyce')"
,,,,,"('Steve Kilmer', 'David Slottje')"
,,,,,"('Steve Kilmer', 'Phil Curran')"
,,,,,"('Steve Kilmer', 'Fion MacCrea')"
,,,,,"('Steve Kilmer', 'Tim O Grady')"
,,,,,"('Steve Kilmer', 'Neal Simon')"
,,,,,"('Steve Kilmer', 'Cathy Young')"
,,,,,"('Steve Kilmer', 'Jan Burdick')"
,,,,,"('Steve Kilmer', 'Kim Donius')"
,,,,,"('Steve Kilmer', 'Debora Jakobi')"
,,,,,"('Steve Kilmer', 'Virginia Rasmussen')"
,,,,,"('Steve Kilmer', 'David Orr')"
,,,,,"('Steve Kilmer', 'Donn Lang')"
,,,,,"('Steve Kilmer', 'David Fredrickson')"
,,,,,"('Steve Kilmer', 'Jerry Snyder')"
,,,,,"('Steve Kilmer', 'Mark Klingensmith')"
,,,,,"('Steve Kilmer', 'Jamie Mansfield')"
,,,,,"('Steve Kilmer', 'Kasey Klingensmith')"
,,,,,"('Steve Kilmer', 'Mary Stearns')"
,,,,,"('Steve Kilmer', 'Megan Steffel Marks')"
,,,,,"('Steve Kilmer', 'Elsie Cushing')"
,,,,,"('Steve Kilmer', 'Craig Clark')"
,,,,,"('Steve Kilmer', 'David Snyder')"
,,,,,"('Steve Kilmer', 'Bill Cleveland')"
,,,,,"('Steve Kilmer', 'Town Attorney')"
,,,,,"('Steve Kilmer', 'Graham Marks')"
,,,,,"('Steve Kilmer', 'Chris Romanchunk')"
,,,,,"('Steve Kilmer', 'Dan Acton')"
,,,,,"('Bob Ormsby', 'Charles Joyce')"
,,,,,"('Bob Ormsby', 'David Slottje')"
,,,,,"('Bob Ormsby', 'Phil Curran')"
,,,,,"('Bob Ormsby', 'Fion MacCrea')"
,,,,,"('Bob Ormsby', 'Tim O Grady')"
,,,,,"('Bob Ormsby', 'Neal Simon')"
,,,,,"('Bob Ormsby', 'Cathy Young')"
,,,,,"('Bob Ormsby', 'Jan Burdick')"
,,,,,"('Bob Ormsby', 'Kim Donius')"
,,,,,"('Bob Ormsby', 'Debora Jakobi')"
,,,,,"('Bob Ormsby', 'Virginia Rasmussen')"
,,,,,"('Bob Ormsby', 'David Orr')"
,,,,,"('Bob Ormsby', 'Donn Lang')"
,,,,,"('Bob Ormsby', 'David Fredrickson')"
,,,,,"('Bob Ormsby', 'Jerry Snyder')"
,,,,,"('Bob Ormsby', 'Mark Klingensmith')"
,,,,,"('Bob Ormsby', 'Jamie Mansfield')"
,,,,,"('Bob Ormsby', 'Kasey Klingensmith')"
,,,,,"('Bob Ormsby', 'Mary Stearns')"
,,,,,"('Bob Ormsby', 'Megan Steffel Marks')"
,,,,,"('Bob Ormsby', 'Elsie Cushing')"
,,,,,"('Bob Ormsby', 'Craig Clark')"
,,,,,"('Bob Ormsby', 'David Snyder')"
,,,,,"('Bob Ormsby', 'Bill Cleveland')"
,,,,,"('Bob Ormsby', 'Town Attorney')"
,,,,,"('Bob Ormsby', 'Graham Marks')"
,,,,,"('Bob Ormsby', 'Chris Romanchunk')"
,,,,,"('Bob Ormsby', 'Dan Acton')"
,,,,,"('Charles Joyce', 'Phil Curran')"
,,,,,"('Charles Joyce', 'Fion MacCrea')"
,,,,,"('Charles Joyce', 'Tim O Grady')"
,,,,,"('Charles Joyce', 'Neal Simon')"
,,,,,"('Charles Joyce', 'Cathy Young')"
,,,,,"('Charles Joyce', 'Jan Burdick')"
,,,,,"('Charles Joyce', 'Kim Donius')"
,,,,,"('Charles Joyce', 'Debora Jakobi')"
,,,,,"('Charles Joyce', 'Virginia Rasmussen')"
,,,,,"('Charles Joyce', 'David Orr')"
,,,,,"('Charles Joyce', 'Donn Lang')"
,,,,,"('Charles Joyce', 'David Fredrickson')"
,,,,,"('Charles Joyce', 'Jerry Snyder')"
,,,,,"('Charles Joyce', 'Mark Klingensmith')"
,,,,,"('Charles Joyce', 'Jamie Mansfield')"
,,,,,"('Charles Joyce', 'Kasey Klingensmith')"
,,,,,"('Charles Joyce', 'Mary Stearns')"
,,,,,"('Charles Joyce', 'Megan Steffel Marks')"
,,,,,"('Charles Joyce', 'Elsie Cushing')"
,,,,,"('Charles Joyce', 'Craig Clark')"
,,,,,"('Charles Joyce', 'David Snyder')"
,,,,,"('Charles Joyce', 'Bill Cleveland')"
,,,,,"('Charles Joyce', 'Town Attorney')"
,,,,,"('Charles Joyce', 'Graham Marks')"
,,,,,"('Charles Joyce', 'Chris Romanchunk')"
,,,,,"('Charles Joyce', 'Dan Acton')"
,,,,,"('David Slottje', 'Phil Curran')"
,,,,,"('David Slottje', 'Fion MacCrea')"
,,,,,"('David Slottje', 'Tim O Grady')"
,,,,,"('David Slottje', 'Neal Simon')"
,,,,,"('David Slottje', 'Cathy Young')"
,,,,,"('David Slottje', 'Jan Burdick')"
,,,,,"('David Slottje', 'Kim Donius')"
,,,,,"('David Slottje', 'Debora Jakobi')"
,,,,,"('David Slottje', 'Virginia Rasmussen')"
,,,,,"('David Slottje', 'David Orr')"
,,,,,"('David Slottje', 'Donn Lang')"
,,,,,"('David Slottje', 'David Fredrickson')"
,,,,,"('David Slottje', 'Jerry Snyder')"
,,,,,"('David Slottje', 'Mark Klingensmith')"
,,,,,"('David Slottje', 'Jamie Mansfield')"
,,,,,"('David Slottje', 'Kasey Klingensmith')"
,,,,,"('David Slottje', 'Mary Stearns')"
,,,,,"('David Slottje', 'Megan Steffel Marks')"
,,,,,"('David Slottje', 'Elsie Cushing')"
,,,,,"('David Slottje', 'Craig Clark')"
,,,,,"('David Slottje', 'David Snyder')"
,,,,,"('David Slottje', 'Bill Cleveland')"
,,,,,"('David Slottje', 'Town Attorney')"
,,,,,"('David Slottje', 'Graham Marks')"
,,,,,"('David Slottje', 'Chris Romanchunk')"
,,,,,"('David Slottje', 'Dan Acton')"
,,,,,"('Phil Curran', 'Tim O Grady')"
,,,,,"('Phil Curran', 'Fion MacCrea')"
,,,,,"('Phil Curran', 'Neal Simon')"
,,,,,"('Phil Curran', 'Cathy Young')"
,,,,,"('Phil Curran', 'Jan Burdick')"
,,,,,"('Phil Curran', 'Kim Donius')"
,,,,,"('Phil Curran', 'Debora Jakobi')"
,,,,,"('Phil Curran', 'Virginia Rasmussen')"
,,,,,"('Phil Curran', 'David Orr')"
,,,,,"('Phil Curran', 'Donn Lang')"
,,,,,"('Phil Curran', 'David Fredrickson')"
,,,,,"('Phil Curran', 'Jerry Snyder')"
,,,,,"('Phil Curran', 'Mark Klingensmith')"
,,,,,"('Phil Curran', 'Jamie Mansfield')"
,,,,,"('Phil Curran', 'Kasey Klingensmith')"
,,,,,"('Phil Curran', 'Mary Stearns')"
,,,,,"('Phil Curran', 'Megan Steffel Marks')"
,,,,,"('Phil Curran', 'Elsie Cushing')"
,,,,,"('Phil Curran', 'Craig Clark')"
,,,,,"('Phil Curran', 'David Snyder')"
,,,,,"('Phil Curran', 'Bill Cleveland')"
,,,,,"('Phil Curran', 'Town Attorney')"
,,,,,"('Phil Curran', 'Graham Marks')"
,,,,,"('Phil Curran', 'Chris Romanchunk')"
,,,,,"('Phil Curran', 'Dan Acton')"
,,,,,"('Fion MacCrea', 'Tim O Grady')"
,,,,,"('Fion MacCrea', 'Neal Simon')"
,,,,,"('Fion MacCrea', 'Cathy Young')"
,,,,,"('Fion MacCrea', 'Jan Burdick')"
,,,,,"('Fion MacCrea', 'Kim Donius')"
,,,,,"('Fion MacCrea', 'Debora Jakobi')"
,,,,,"('Fion MacCrea', 'Virginia Rasmussen')"
,,,,,"('Fion MacCrea', 'David Orr')"
,,,,,"('Fion MacCrea', 'Donn Lang')"
,,,,,"('Fion MacCrea', 'David Fredrickson')"
,,,,,"('Fion MacCrea', 'Jerry Snyder')"
,,,,,"('Fion MacCrea', 'Mark Klingensmith')"
,,,,,"('Fion MacCrea', 'Jamie Mansfield')"
,,,,,"('Fion MacCrea', 'Kasey Klingensmith')"
,,,,,"('Fion MacCrea', 'Mary Stearns')"
,,,,,"('Fion MacCrea', 'Megan Steffel Marks')"
,,,,,"('Fion MacCrea', 'Elsie Cushing')"
,,,,,"('Fion MacCrea', 'Craig Clark')"
,,,,,"('Fion MacCrea', 'David Snyder')"
,,,,,"('Fion MacCrea', 'Bill Cleveland')"
,,,,,"('Fion MacCrea', 'Town Attorney')"
,,,,,"('Fion MacCrea', 'Graham Marks')"
,,,,,"('Fion MacCrea', 'Chris Romanchunk')"
,,,,,"('Fion MacCrea', 'Dan Acton')"
,,,,,"('Tim O Grady', 'Neal Simon')"
,,,,,"('Tim O Grady', 'Cathy Young')"
,,,,,"('Tim O Grady', 'Jan Burdick')"
,,,,,"('Tim O Grady', 'Kim Donius')"
,,,,,"('Tim O Grady', 'Debora Jakobi')"
,,,,,"('Tim O Grady', 'Virginia Rasmussen')"
,,,,,"('Tim O Grady', 'David Orr')"
,,,,,"('Tim O Grady', 'Donn Lang')"
,,,,,"('Tim O Grady', 'David Fredrickson')"
,,,,,"('Tim O Grady', 'Jerry Snyder')"
,,,,,"('Tim O Grady', 'Mark Klingensmith')"
,,,,,"('Tim O Grady', 'Jamie Mansfield')"
,,,,,"('Tim O Grady', 'Kasey Klingensmith')"
,,,,,"('Tim O Grady', 'Mary Stearns')"
,,,,,"('Tim O Grady', 'Megan Steffel Marks')"
,,,,,"('Tim O Grady', 'Elsie Cushing')"
,,,,,"('Tim O Grady', 'Craig Clark')"
,,,,,"('Tim O Grady', 'David Snyder')"
,,,,,"('Tim O Grady', 'Bill Cleveland')"
,,,,,"('Tim O Grady', 'Town Attorney')"
,,,,,"('Tim O Grady', 'Graham Marks')"
,,,,,"('Tim O Grady', 'Chris Romanchunk')"
,,,,,"('Tim O Grady', 'Dan Acton')"
,,,,,"('Neal Simon', 'Cathy Young')"
,,,,,"('Neal Simon', 'Jan Burdick')"
,,,,,"('Neal Simon', 'Kim Donius')"
,,,,,"('Neal Simon', 'Debora Jakobi')"
,,,,,"('Neal Simon', 'Virginia Rasmussen')"
,,,,,"('Neal Simon', 'David Orr')"
,,,,,"('Neal Simon', 'Donn Lang')"
,,,,,"('Neal Simon', 'David Fredrickson')"
,,,,,"('Neal Simon', 'Jerry Snyder')"
,,,,,"('Neal Simon', 'Mark Klingensmith')"
,,,,,"('Neal Simon', 'Jamie Mansfield')"
,,,,,"('Neal Simon', 'Kasey Klingensmith')"
,,,,,"('Neal Simon', 'Mary Stearns')"
,,,,,"('Neal Simon', 'Megan Steffel Marks')"
,,,,,"('Neal Simon', 'Elsie Cushing')"
,,,,,"('Neal Simon', 'Craig Clark')"
,,,,,"('Neal Simon', 'David Snyder')"
,,,,,"('Neal Simon', 'Bill Cleveland')"
,,,,,"('Neal Simon', 'Town Attorney')"
,,,,,"('Neal Simon', 'Graham Marks')"
,,,,,"('Neal Simon', 'Chris Romanchunk')"
,,,,,"('Neal Simon', 'Dan Acton')"
,,,,,"('Cathy Young', 'Jan Burdick')"
,,,,,"('Cathy Young', 'Kim Donius')"
,,,,,"('Cathy Young', 'Debora Jakobi')"
,,,,,"('Cathy Young', 'Virginia Rasmussen')"
,,,,,"('Cathy Young', 'David Orr')"
,,,,,"('Cathy Young', 'Donn Lang')"
,,,,,"('Cathy Young', 'David Fredrickson')"
,,,,,"('Cathy Young', 'Jerry Snyder')"
,,,,,"('Cathy Young', 'Mark Klingensmith')"
,,,,,"('Cathy Young', 'Jamie Mansfield')"
,,,,,"('Cathy Young', 'Kasey Klingensmith')"
,,,,,"('Cathy Young', 'Mary Stearns')"
,,,,,"('Cathy Young', 'Megan Steffel Marks')"
,,,,,"('Cathy Young', 'Elsie Cushing')"
,,,,,"('Cathy Young', 'Craig Clark')"
,,,,,"('Cathy Young', 'David Snyder')"
,,,,,"('Cathy Young', 'Bill Cleveland')"
,,,,,"('Cathy Young', 'Town Attorney')"
,,,,,"('Cathy Young', 'Graham Marks')"
,,,,,"('Cathy Young', 'Chris Romanchunk')"
,,,,,"('Cathy Young', 'Dan Acton')"
,,,,,"('Jan Burdick', 'Kim Donius')"
,,,,,"('Jan Burdick', 'Debora Jakobi')"
,,,,,"('Jan Burdick', 'Virginia Rasmussen')"
,,,,,"('Jan Burdick', 'David Orr')"
,,,,,"('Jan Burdick', 'Donn Lang')"
,,,,,"('Jan Burdick', 'David Fredrickson')"
,,,,,"('Jan Burdick', 'Jerry Snyder')"
,,,,,"('Jan Burdick', 'Mark Klingensmith')"
,,,,,"('Jan Burdick', 'Jamie Mansfield')"
,,,,,"('Jan Burdick', 'Kasey Klingensmith')"
,,,,,"('Jan Burdick', 'Mary Stearns')"
,,,,,"('Jan Burdick', 'Megan Steffel Marks')"
,,,,,"('Jan Burdick', 'Elsie Cushing')"
,,,,,"('Jan Burdick', 'Craig Clark')"
,,,,,"('Jan Burdick', 'David Snyder')"
,,,,,"('Jan Burdick', 'Bill Cleveland')"
,,,,,"('Jan Burdick', 'Town Attorney')"
,,,,,"('Jan Burdick', 'Graham Marks')"
,,,,,"('Jan Burdick', 'Chris Romanchunk')"
,,,,,"('Jan Burdick', 'Dan Acton')"
,,,,,"('Kim Donius', 'Debora Jakobi')"
,,,,,"('Kim Donius', 'Virginia Rasmussen')"
,,,,,"('Kim Donius', 'David Orr')"
,,,,,"('Kim Donius', 'Donn Lang')"
,,,,,"('Kim Donius', 'David Fredrickson')"
,,,,,"('Kim Donius', 'Jerry Snyder')"
,,,,,"('Kim Donius', 'Mark Klingensmith')"
,,,,,"('Kim Donius', 'Jamie Mansfield')"
,,,,,"('Kim Donius', 'Kasey Klingensmith')"
,,,,,"('Kim Donius', 'Mary Stearns')"
,,,,,"('Kim Donius', 'Megan Steffel Marks')"
,,,,,"('Kim Donius', 'Elsie Cushing')"
,,,,,"('Kim Donius', 'Craig Clark')"
,,,,,"('Kim Donius', 'David Snyder')"
,,,,,"('Kim Donius', 'Bill Cleveland')"
,,,,,"('Kim Donius', 'Town Attorney')"
,,,,,"('Kim Donius', 'Graham Marks')"
,,,,,"('Kim Donius', 'Chris Romanchunk')"
,,,,,"('Kim Donius', 'Dan Acton')"
,,,,,"('Debora Jakobi', 'Virginia Rasmussen')"
,,,,,"('Debora Jakobi', 'David Orr')"
,,,,,"('Debora Jakobi', 'Donn Lang')"
,,,,,"('Debora Jakobi', 'David Fredrickson')"
,,,,,"('Debora Jakobi', 'Jerry Snyder')"
,,,,,"('Debora Jakobi', 'Mark Klingensmith')"
,,,,,"('Debora Jakobi', 'Jamie Mansfield')"
,,,,,"('Debora Jakobi', 'Kasey Klingensmith')"
,,,,,"('Debora Jakobi', 'Mary Stearns')"
,,,,,"('Debora Jakobi', 'Megan Steffel Marks')"
,,,,,"('Debora Jakobi', 'Elsie Cushing')"
,,,,,"('Debora Jakobi', 'Craig Clark')"
,,,,,"('Debora Jakobi', 'David Snyder')"
,,,,,"('Debora Jakobi', 'Bill Cleveland')"
,,,,,"('Debora Jakobi', 'Town Attorney')"
,,,,,"('Debora Jakobi', 'Graham Marks')"
,,,,,"('Debora Jakobi', 'Chris Romanchunk')"
,,,,,"('Debora Jakobi', 'Dan Acton')"
,,,,,"('Virginia Rasmussen', 'David Orr')"
,,,,,"('Virginia Rasmussen', 'Donn Lang')"
,,,,,"('Virginia Rasmussen', 'David Fredrickson')"
,,,,,"('Virginia Rasmussen', 'Jerry Snyder')"
,,,,,"('Virginia Rasmussen', 'Mark Klingensmith')"
,,,,,"('Virginia Rasmussen', 'Jamie Mansfield')"
,,,,,"('Virginia Rasmussen', 'Kasey Klingensmith')"
,,,,,"('Virginia Rasmussen', 'Mary Stearns')"
,,,,,"('Virginia Rasmussen', 'Megan Steffel Marks')"
,,,,,"('Virginia Rasmussen', 'Elsie Cushing')"
,,,,,"('Virginia Rasmussen', 'Craig Clark')"
,,,,,"('Virginia Rasmussen', 'David Snyder')"
,,,,,"('Virginia Rasmussen', 'Bill Cleveland')"
,,,,,"('Virginia Rasmussen', 'Town Attorney')"
,,,,,"('Virginia Rasmussen', 'Graham Marks')"
,,,,,"('Virginia Rasmussen', 'Chris Romanchunk')"
,,,,,"('Virginia Rasmussen', 'Dan Acton')"
,,,,,"('David Orr', 'Craig Clark')"
,,,,,"('David Orr', 'Donn Lang')"
,,,,,"('David Orr', 'David Fredrickson')"
,,,,,"('David Orr', 'Jerry Snyder')"
,,,,,"('David Orr', 'Mark Klingensmith')"
,,,,,"('David Orr', 'Jamie Mansfield')"
,,,,,"('David Orr', 'Kasey Klingensmith')"
,,,,,"('David Orr', 'Mary Stearns')"
,,,,,"('David Orr', 'Megan Steffel Marks')"
,,,,,"('David Orr', 'Elsie Cushing')"
,,,,,"('David Orr', 'David Snyder')"
,,,,,"('David Orr', 'Bill Cleveland')"
,,,,,"('David Orr', 'Town Attorney')"
,,,,,"('David Orr', 'Graham Marks')"
,,,,,"('David Orr', 'Chris Romanchunk')"
,,,,,"('David Orr', 'Dan Acton')"
,,,,,"('Donn Lang', 'David Fredrickson')"
,,,,,"('Donn Lang', 'Jerry Snyder')"
,,,,,"('Donn Lang', 'Mark Klingensmith')"
,,,,,"('Donn Lang', 'Jamie Mansfield')"
,,,,,"('Donn Lang', 'Kasey Klingensmith')"
,,,,,"('Donn Lang', 'Mary Stearns')"
,,,,,"('Donn Lang', 'Megan Steffel Marks')"
,,,,,"('Donn Lang', 'Elsie Cushing')"
,,,,,"('Donn Lang', 'Craig Clark')"
,,,,,"('Donn Lang', 'David Snyder')"
,,,,,"('Donn Lang', 'Bill Cleveland')"
,,,,,"('Donn Lang', 'Town Attorney')"
,,,,,"('Donn Lang', 'Graham Marks')"
,,,,,"('Donn Lang', 'Chris Romanchunk')"
,,,,,"('Donn Lang', 'Dan Acton')"
,,,,,"('David Fredrickson', 'Jerry Snyder')"
,,,,,"('David Fredrickson', 'Mark Klingensmith')"
,,,,,"('David Fredrickson', 'Jamie Mansfield')"
,,,,,"('David Fredrickson', 'Kasey Klingensmith')"
,,,,,"('David Fredrickson', 'Mary Stearns')"
,,,,,"('David Fredrickson', 'Megan Steffel Marks')"
,,,,,"('David Fredrickson', 'Elsie Cushing')"
,,,,,"('David Fredrickson', 'Craig Clark')"
,,,,,"('David Fredrickson', 'David Snyder')"
,,,,,"('David Fredrickson', 'Bill Cleveland')"
,,,,,"('David Fredrickson', 'Town Attorney')"
,,,,,"('David Fredrickson', 'Graham Marks')"
,,,,,"('David Fredrickson', 'Chris Romanchunk')"
,,,,,"('David Fredrickson', 'Dan Acton')"
,,,,,"('Jerry Snyder', 'Mark Klingensmith')"
,,,,,"('Jerry Snyder', 'Jamie Mansfield')"
,,,,,"('Jerry Snyder', 'Kasey Klingensmith')"
,,,,,"('Jerry Snyder', 'Mary Stearns')"
,,,,,"('Jerry Snyder', 'Megan Steffel Marks')"
,,,,,"('Jerry Snyder', 'Elsie Cushing')"
,,,,,"('Jerry Snyder', 'Craig Clark')"
,,,,,"('Jerry Snyder', 'David Snyder')"
,,,,,"('Jerry Snyder', 'Bill Cleveland')"
,,,,,"('Jerry Snyder', 'Town Attorney')"
,,,,,"('Jerry Snyder', 'Graham Marks')"
,,,,,"('Jerry Snyder', 'Chris Romanchunk')"
,,,,,"('Jerry Snyder', 'Dan Acton')"
,,,,,"('Mark Klingensmith', 'Mary Stearns')"
,,,,,"('Mark Klingensmith', 'Jamie Mansfield')"
,,,,,"('Mark Klingensmith', 'Kasey Klingensmith')"
,,,,,"('Mark Klingensmith', 'Megan Steffel Marks')"
,,,,,"('Mark Klingensmith', 'Elsie Cushing')"
,,,,,"('Mark Klingensmith', 'Craig Clark')"
,,,,,"('Mark Klingensmith', 'David Snyder')"
,,,,,"('Mark Klingensmith', 'Bill Cleveland')"
,,,,,"('Mark Klingensmith', 'Town Attorney')"
,,,,,"('Mark Klingensmith', 'Graham Marks')"
,,,,,"('Mark Klingensmith', 'Chris Romanchunk')"
,,,,,"('Mark Klingensmith', 'Dan Acton')"
,,,,,"('Jamie Mansfield', 'Kasey Klingensmith')"
,,,,,"('Jamie Mansfield', 'Mary Stearns')"
,,,,,"('Jamie Mansfield', 'Megan Steffel Marks')"
,,,,,"('Jamie Mansfield', 'Elsie Cushing')"
,,,,,"('Jamie Mansfield', 'Craig Clark')"
,,,,,"('Jamie Mansfield', 'David Snyder')"
,,,,,"('Jamie Mansfield', 'Bill Cleveland')"
,,,,,"('Jamie Mansfield', 'Town Attorney')"
,,,,,"('Jamie Mansfield', 'Graham Marks')"
,,,,,"('Jamie Mansfield', 'Chris Romanchunk')"
,,,,,"('Jamie Mansfield', 'Dan Acton')"
,,,,,"('Kasey Klingensmith', 'Mary Stearns')"
,,,,,"('Kasey Klingensmith', 'Megan Steffel Marks')"
,,,,,"('Kasey Klingensmith', 'Elsie Cushing')"
,,,,,"('Kasey Klingensmith', 'Craig Clark')"
,,,,,"('Kasey Klingensmith', 'David Snyder')"
,,,,,"('Kasey Klingensmith', 'Bill Cleveland')"
,,,,,"('Kasey Klingensmith', 'Town Attorney')"
,,,,,"('Kasey Klingensmith', 'Graham Marks')"
,,,,,"('Kasey Klingensmith', 'Chris Romanchunk')"
,,,,,"('Kasey Klingensmith', 'Dan Acton')"
,,,,,"('Mary Stearns', 'Megan Steffel Marks')"
,,,,,"('Mary Stearns', 'Elsie Cushing')"
,,,,,"('Mary Stearns', 'Craig Clark')"
,,,,,"('Mary Stearns', 'David Snyder')"
,,,,,"('Mary Stearns', 'Bill Cleveland')"
,,,,,"('Mary Stearns', 'Town Attorney')"
,,,,,"('Mary Stearns', 'Graham Marks')"
,,,,,"('Mary Stearns', 'Chris Romanchunk')"
,,,,,"('Mary Stearns', 'Dan Acton')"
,,,,,"('Megan Steffel Marks', 'Elsie Cushing')"
,,,,,"('Megan Steffel Marks', 'Craig Clark')"
,,,,,"('Megan Steffel Marks', 'David Snyder')"
,,,,,"('Megan Steffel Marks', 'Bill Cleveland')"
,,,,,"('Megan Steffel Marks', 'Town Attorney')"
,,,,,"('Megan Steffel Marks', 'Graham Marks')"
,,,,,"('Megan Steffel Marks', 'Chris Romanchunk')"
,,,,,"('Megan Steffel Marks', 'Dan Acton')"
,,,,,"('Elsie Cushing', 'Craig Clark')"
,,,,,"('Elsie Cushing', 'David Snyder')"
,,,,,"('Elsie Cushing', 'Bill Cleveland')"
,,,,,"('Elsie Cushing', 'Town Attorney')"
,,,,,"('Elsie Cushing', 'Graham Marks')"
,,,,,"('Elsie Cushing', 'Chris Romanchunk')"
,,,,,"('Elsie Cushing', 'Dan Acton')"
,,,,,"('Craig Clark', 'David Snyder')"
,,,,,"('Craig Clark', 'Bill Cleveland')"
,,,,,"('Craig Clark', 'Town Attorney')"
,,,,,"('Craig Clark', 'Graham Marks')"
,,,,,"('Craig Clark', 'Chris Romanchunk')"
,,,,,"('Craig Clark', 'Dan Acton')"
,,,,,"('David Snyder', 'Bill Cleveland')"
,,,,,"('David Snyder', 'Town Attorney')"
,,,,,"('David Snyder', 'Graham Marks')"
,,,,,"('David Snyder', 'Chris Romanchunk')"
,,,,,"('David Snyder', 'Dan Acton')"
,,,,,"('Bill Cleveland', 'Town Attorney')"
,,,,,"('Bill Cleveland', 'Graham Marks')"
,,,,,"('Bill Cleveland', 'Chris Romanchunk')"
,,,,,"('Bill Cleveland', 'Dan Acton')"
,,,,,"('Town Attorney', 'Graham Marks')"
,,,,,"('Town Attorney', 'Chris Romanchunk')"
,,,,,"('Town Attorney', 'Dan Acton')"
,,,,,"('Graham Marks', 'Chris Romanchunk')"
,,,,,"('Graham Marks', 'Dan Acton')"
,,,,,"('Chris Romanchunk', 'Dan Acton')"
