Actor Overlap,Relationship Overlap,Unique Newspaper Network Actors,Unique Meeting Minute Network Actors,Unique Newspaper Network Relationships,Unique Newspaper Network Relationships
Bonnie Reynolds,"('Bonnie Reynolds', 'Toshia Hance')",Michael Bopp,Sonya Furness,"('Michael Bopp', 'Bonnie Reynolds')","('Sonya Furness', 'Bonnie Reynolds')"
Toshia Hance,,Mark Wagner,Richard Parker,"('Michael Bopp', 'Mark Wagner')","('Sonya Furness', 'Richard Parker')"
,,Scott Kurkoski,John Noti,"('Michael Bopp', 'Scott Kurkoski')","('Sonya Furness', 'John Noti')"
,,Jennifer Huntington,William Evans,"('Michael Bopp', 'Jennifer Huntington')","('Sonya Furness', 'William Evans')"
,,Thomas West,David Slottje,"('Michael Bopp', 'Thomas West')","('Sonya Furness', 'David Slottje')"
,,James Ossont,State Representative of Barker,"('Michael Bopp', 'James Ossont')","('Sonya Furness', 'State Representative of Barker')"
,,Emily DeSantis,Patrick Brennan,"('Michael Bopp', 'Emily DeSantis')","('Sonya Furness', 'Patrick Brennan')"
,,Brymer Humphreys,Mark Stolarezyk,"('Michael Bopp', 'Brymer Humphreys')","('Sonya Furness', 'Mark Stolarezyk')"
,,Carleton Corey,Keith Williams,"('Michael Bopp', 'Carleton Corey')","('Sonya Furness', 'Keith Williams')"
,,Nelson Blau,Alan Hunt,"('Michael Bopp', 'Toshia Hance')","('Sonya Furness', 'Alan Hunt')"
,,Kevin Kelley,Richard Ritenour,"('Michael Bopp', 'Nelson Blau')","('Sonya Furness', 'Richard Ritenour')"
,,Jeff Miller,Alan Waterman,"('Michael Bopp', 'Kevin Kelley')","('Sonya Furness', 'Alan Waterman')"
,,Patrick Tyksinski,Scott Kimball,"('Michael Bopp', 'Jeff Miller')","('Sonya Furness', 'Scott Kimball')"
,,Joseph Martens,Alicia Lewis,"('Michael Bopp', 'Patrick Tyksinski')","('Sonya Furness', 'Alicia Lewis')"
,,James Seward,Gary Colarusso,"('Michael Bopp', 'Joseph Martens')","('Sonya Furness', 'Gary Colarusso')"
,,Myron Thurston,Codes Officer,"('Michael Bopp', 'James Seward')","('Sonya Furness', 'Codes Officer')"
,,Mark Helt,Planning Board,"('Michael Bopp', 'Myron Thurston')","('Sonya Furness', 'Planning Board')"
,,,Paula Perra,"('Michael Bopp', 'Mark Helt')","('Sonya Furness', 'Toshia Hance')"
,,,Amy Bucholz,"('Bonnie Reynolds', 'Brymer Humphreys')","('Sonya Furness', 'Paula Perra')"
,,,Mark Stolarczyk,"('Bonnie Reynolds', 'Mark Wagner')","('Sonya Furness', 'Amy Bucholz')"
,,,Norma Vleer,"('Bonnie Reynolds', 'Scott Kurkoski')","('Sonya Furness', 'Mark Stolarczyk')"
,,,Dan Houseman,"('Bonnie Reynolds', 'Jennifer Huntington')","('Sonya Furness', 'Norma Vleer')"
,,,Wayne Russell,"('Bonnie Reynolds', 'Thomas West')","('Sonya Furness', 'Dan Houseman')"
,,,Lois Dillsworth,"('Bonnie Reynolds', 'James Ossont')","('Sonya Furness', 'Wayne Russell')"
,,,Amber Hoke,"('Bonnie Reynolds', 'Emily DeSantis')","('Sonya Furness', 'Lois Dillsworth')"
,,,Suzanne Collins,"('Bonnie Reynolds', 'Carleton Corey')","('Sonya Furness', 'Amber Hoke')"
,,,James Stewart,"('Bonnie Reynolds', 'Nelson Blau')","('Sonya Furness', 'Suzanne Collins')"
,,,Peggy Bartels,"('Bonnie Reynolds', 'Kevin Kelley')","('Sonya Furness', 'James Stewart')"
,,,,"('Bonnie Reynolds', 'Jeff Miller')","('Sonya Furness', 'Peggy Bartels')"
,,,,"('Bonnie Reynolds', 'Patrick Tyksinski')","('Bonnie Reynolds', 'Richard Parker')"
,,,,"('Bonnie Reynolds', 'Joseph Martens')","('Bonnie Reynolds', 'John Noti')"
,,,,"('Bonnie Reynolds', 'James Seward')","('Bonnie Reynolds', 'William Evans')"
,,,,"('Bonnie Reynolds', 'Myron Thurston')","('Bonnie Reynolds', 'David Slottje')"
,,,,"('Bonnie Reynolds', 'Mark Helt')","('Bonnie Reynolds', 'State Representative of Barker')"
,,,,"('Mark Wagner', 'Scott Kurkoski')","('Bonnie Reynolds', 'Patrick Brennan')"
,,,,"('Mark Wagner', 'Jennifer Huntington')","('Bonnie Reynolds', 'Mark Stolarezyk')"
,,,,"('Mark Wagner', 'Thomas West')","('Bonnie Reynolds', 'Keith Williams')"
,,,,"('Mark Wagner', 'James Ossont')","('Bonnie Reynolds', 'Alan Hunt')"
,,,,"('Mark Wagner', 'Emily DeSantis')","('Bonnie Reynolds', 'Richard Ritenour')"
,,,,"('Mark Wagner', 'Brymer Humphreys')","('Bonnie Reynolds', 'Alan Waterman')"
,,,,"('Mark Wagner', 'Carleton Corey')","('Bonnie Reynolds', 'Scott Kimball')"
,,,,"('Mark Wagner', 'Toshia Hance')","('Bonnie Reynolds', 'Alicia Lewis')"
,,,,"('Mark Wagner', 'Nelson Blau')","('Bonnie Reynolds', 'Gary Colarusso')"
,,,,"('Mark Wagner', 'Kevin Kelley')","('Bonnie Reynolds', 'Codes Officer')"
,,,,"('Mark Wagner', 'Jeff Miller')","('Bonnie Reynolds', 'Planning Board')"
,,,,"('Mark Wagner', 'Patrick Tyksinski')","('Bonnie Reynolds', 'Paula Perra')"
,,,,"('Mark Wagner', 'Joseph Martens')","('Bonnie Reynolds', 'Amy Bucholz')"
,,,,"('Mark Wagner', 'James Seward')","('Bonnie Reynolds', 'Mark Stolarczyk')"
,,,,"('Mark Wagner', 'Myron Thurston')","('Bonnie Reynolds', 'Norma Vleer')"
,,,,"('Mark Wagner', 'Mark Helt')","('Bonnie Reynolds', 'Dan Houseman')"
,,,,"('Scott Kurkoski', 'Jennifer Huntington')","('Bonnie Reynolds', 'Wayne Russell')"
,,,,"('Scott Kurkoski', 'Thomas West')","('Bonnie Reynolds', 'Lois Dillsworth')"
,,,,"('Scott Kurkoski', 'James Ossont')","('Bonnie Reynolds', 'Amber Hoke')"
,,,,"('Scott Kurkoski', 'Emily DeSantis')","('Bonnie Reynolds', 'Suzanne Collins')"
,,,,"('Scott Kurkoski', 'Brymer Humphreys')","('Bonnie Reynolds', 'James Stewart')"
,,,,"('Scott Kurkoski', 'Carleton Corey')","('Bonnie Reynolds', 'Peggy Bartels')"
,,,,"('Scott Kurkoski', 'Toshia Hance')","('Richard Parker', 'John Noti')"
,,,,"('Scott Kurkoski', 'Nelson Blau')","('Richard Parker', 'William Evans')"
,,,,"('Scott Kurkoski', 'Kevin Kelley')","('Richard Parker', 'David Slottje')"
,,,,"('Scott Kurkoski', 'Jeff Miller')","('Richard Parker', 'State Representative of Barker')"
,,,,"('Scott Kurkoski', 'Patrick Tyksinski')","('Richard Parker', 'Patrick Brennan')"
,,,,"('Scott Kurkoski', 'Joseph Martens')","('Richard Parker', 'Mark Stolarezyk')"
,,,,"('Scott Kurkoski', 'James Seward')","('Richard Parker', 'Keith Williams')"
,,,,"('Scott Kurkoski', 'Myron Thurston')","('Richard Parker', 'Alan Hunt')"
,,,,"('Scott Kurkoski', 'Mark Helt')","('Richard Parker', 'Richard Ritenour')"
,,,,"('Jennifer Huntington', 'Thomas West')","('Richard Parker', 'Alan Waterman')"
,,,,"('Jennifer Huntington', 'James Ossont')","('Richard Parker', 'Scott Kimball')"
,,,,"('Jennifer Huntington', 'Emily DeSantis')","('Richard Parker', 'Alicia Lewis')"
,,,,"('Jennifer Huntington', 'Brymer Humphreys')","('Richard Parker', 'Gary Colarusso')"
,,,,"('Jennifer Huntington', 'Carleton Corey')","('Richard Parker', 'Codes Officer')"
,,,,"('Jennifer Huntington', 'Toshia Hance')","('Richard Parker', 'Planning Board')"
,,,,"('Jennifer Huntington', 'Nelson Blau')","('Richard Parker', 'Toshia Hance')"
,,,,"('Jennifer Huntington', 'Kevin Kelley')","('Richard Parker', 'Paula Perra')"
,,,,"('Jennifer Huntington', 'Jeff Miller')","('Richard Parker', 'Amy Bucholz')"
,,,,"('Jennifer Huntington', 'Patrick Tyksinski')","('Richard Parker', 'Mark Stolarczyk')"
,,,,"('Jennifer Huntington', 'Joseph Martens')","('Richard Parker', 'Norma Vleer')"
,,,,"('Jennifer Huntington', 'James Seward')","('Richard Parker', 'Dan Houseman')"
,,,,"('Jennifer Huntington', 'Myron Thurston')","('Richard Parker', 'Wayne Russell')"
,,,,"('Jennifer Huntington', 'Mark Helt')","('Richard Parker', 'Lois Dillsworth')"
,,,,"('Thomas West', 'James Ossont')","('Richard Parker', 'Amber Hoke')"
,,,,"('Thomas West', 'Emily DeSantis')","('Richard Parker', 'Suzanne Collins')"
,,,,"('Thomas West', 'Brymer Humphreys')","('Richard Parker', 'James Stewart')"
,,,,"('Thomas West', 'Carleton Corey')","('Richard Parker', 'Peggy Bartels')"
,,,,"('Thomas West', 'Toshia Hance')","('John Noti', 'Alan Waterman')"
,,,,"('Thomas West', 'Nelson Blau')","('John Noti', 'William Evans')"
,,,,"('Thomas West', 'Kevin Kelley')","('John Noti', 'David Slottje')"
,,,,"('Thomas West', 'Jeff Miller')","('John Noti', 'State Representative of Barker')"
,,,,"('Thomas West', 'Patrick Tyksinski')","('John Noti', 'Patrick Brennan')"
,,,,"('Thomas West', 'Joseph Martens')","('John Noti', 'Mark Stolarezyk')"
,,,,"('Thomas West', 'James Seward')","('John Noti', 'Keith Williams')"
,,,,"('Thomas West', 'Myron Thurston')","('John Noti', 'Alan Hunt')"
,,,,"('Thomas West', 'Mark Helt')","('John Noti', 'Richard Ritenour')"
,,,,"('James Ossont', 'Emily DeSantis')","('John Noti', 'Scott Kimball')"
,,,,"('James Ossont', 'Brymer Humphreys')","('John Noti', 'Alicia Lewis')"
,,,,"('James Ossont', 'Carleton Corey')","('John Noti', 'Gary Colarusso')"
,,,,"('James Ossont', 'Toshia Hance')","('John Noti', 'Codes Officer')"
,,,,"('James Ossont', 'Nelson Blau')","('John Noti', 'Planning Board')"
,,,,"('James Ossont', 'Kevin Kelley')","('John Noti', 'Toshia Hance')"
,,,,"('James Ossont', 'Jeff Miller')","('John Noti', 'Paula Perra')"
,,,,"('James Ossont', 'Patrick Tyksinski')","('John Noti', 'Amy Bucholz')"
,,,,"('James Ossont', 'Joseph Martens')","('John Noti', 'Mark Stolarczyk')"
,,,,"('James Ossont', 'James Seward')","('John Noti', 'Norma Vleer')"
,,,,"('James Ossont', 'Myron Thurston')","('John Noti', 'Dan Houseman')"
,,,,"('James Ossont', 'Mark Helt')","('John Noti', 'Wayne Russell')"
,,,,"('Emily DeSantis', 'Brymer Humphreys')","('John Noti', 'Lois Dillsworth')"
,,,,"('Emily DeSantis', 'Carleton Corey')","('John Noti', 'Amber Hoke')"
,,,,"('Emily DeSantis', 'Toshia Hance')","('John Noti', 'Suzanne Collins')"
,,,,"('Emily DeSantis', 'Nelson Blau')","('John Noti', 'James Stewart')"
,,,,"('Emily DeSantis', 'Kevin Kelley')","('John Noti', 'Peggy Bartels')"
,,,,"('Emily DeSantis', 'Jeff Miller')","('William Evans', 'David Slottje')"
,,,,"('Emily DeSantis', 'Patrick Tyksinski')","('William Evans', 'State Representative of Barker')"
,,,,"('Emily DeSantis', 'Joseph Martens')","('William Evans', 'Patrick Brennan')"
,,,,"('Emily DeSantis', 'James Seward')","('William Evans', 'Mark Stolarezyk')"
,,,,"('Emily DeSantis', 'Myron Thurston')","('William Evans', 'Keith Williams')"
,,,,"('Emily DeSantis', 'Mark Helt')","('William Evans', 'Alan Hunt')"
,,,,"('Brymer Humphreys', 'Toshia Hance')","('William Evans', 'Richard Ritenour')"
,,,,"('Brymer Humphreys', 'Carleton Corey')","('William Evans', 'Alan Waterman')"
,,,,"('Brymer Humphreys', 'Nelson Blau')","('William Evans', 'Scott Kimball')"
,,,,"('Brymer Humphreys', 'Kevin Kelley')","('William Evans', 'Alicia Lewis')"
,,,,"('Brymer Humphreys', 'Jeff Miller')","('William Evans', 'Gary Colarusso')"
,,,,"('Brymer Humphreys', 'Patrick Tyksinski')","('William Evans', 'Codes Officer')"
,,,,"('Brymer Humphreys', 'Joseph Martens')","('William Evans', 'Planning Board')"
,,,,"('Brymer Humphreys', 'James Seward')","('William Evans', 'Toshia Hance')"
,,,,"('Brymer Humphreys', 'Myron Thurston')","('William Evans', 'Paula Perra')"
,,,,"('Brymer Humphreys', 'Mark Helt')","('William Evans', 'Amy Bucholz')"
,,,,"('Carleton Corey', 'Toshia Hance')","('William Evans', 'Mark Stolarczyk')"
,,,,"('Carleton Corey', 'Nelson Blau')","('William Evans', 'Norma Vleer')"
,,,,"('Carleton Corey', 'Kevin Kelley')","('William Evans', 'Dan Houseman')"
,,,,"('Carleton Corey', 'Jeff Miller')","('William Evans', 'Wayne Russell')"
,,,,"('Carleton Corey', 'Patrick Tyksinski')","('William Evans', 'Lois Dillsworth')"
,,,,"('Carleton Corey', 'Joseph Martens')","('William Evans', 'Amber Hoke')"
,,,,"('Carleton Corey', 'James Seward')","('William Evans', 'Suzanne Collins')"
,,,,"('Carleton Corey', 'Myron Thurston')","('William Evans', 'James Stewart')"
,,,,"('Carleton Corey', 'Mark Helt')","('William Evans', 'Peggy Bartels')"
,,,,"('Toshia Hance', 'Nelson Blau')","('David Slottje', 'State Representative of Barker')"
,,,,"('Toshia Hance', 'Kevin Kelley')","('David Slottje', 'Patrick Brennan')"
,,,,"('Toshia Hance', 'Jeff Miller')","('David Slottje', 'Mark Stolarezyk')"
,,,,"('Toshia Hance', 'Patrick Tyksinski')","('David Slottje', 'Keith Williams')"
,,,,"('Toshia Hance', 'Joseph Martens')","('David Slottje', 'Alan Hunt')"
,,,,"('Toshia Hance', 'James Seward')","('David Slottje', 'Richard Ritenour')"
,,,,"('Toshia Hance', 'Myron Thurston')","('David Slottje', 'Alan Waterman')"
,,,,"('Toshia Hance', 'Mark Helt')","('David Slottje', 'Scott Kimball')"
,,,,"('Nelson Blau', 'Kevin Kelley')","('David Slottje', 'Alicia Lewis')"
,,,,"('Nelson Blau', 'Jeff Miller')","('David Slottje', 'Gary Colarusso')"
,,,,"('Nelson Blau', 'Patrick Tyksinski')","('David Slottje', 'Codes Officer')"
,,,,"('Nelson Blau', 'Joseph Martens')","('David Slottje', 'Planning Board')"
,,,,"('Nelson Blau', 'James Seward')","('David Slottje', 'Toshia Hance')"
,,,,"('Nelson Blau', 'Myron Thurston')","('David Slottje', 'Paula Perra')"
,,,,"('Nelson Blau', 'Mark Helt')","('David Slottje', 'Amy Bucholz')"
,,,,"('Kevin Kelley', 'Jeff Miller')","('David Slottje', 'Mark Stolarczyk')"
,,,,"('Kevin Kelley', 'Patrick Tyksinski')","('David Slottje', 'Norma Vleer')"
,,,,"('Kevin Kelley', 'Joseph Martens')","('David Slottje', 'Dan Houseman')"
,,,,"('Kevin Kelley', 'James Seward')","('David Slottje', 'Wayne Russell')"
,,,,"('Kevin Kelley', 'Myron Thurston')","('David Slottje', 'Lois Dillsworth')"
,,,,"('Kevin Kelley', 'Mark Helt')","('David Slottje', 'Amber Hoke')"
,,,,"('Jeff Miller', 'Patrick Tyksinski')","('David Slottje', 'Suzanne Collins')"
,,,,"('Jeff Miller', 'Joseph Martens')","('David Slottje', 'James Stewart')"
,,,,"('Jeff Miller', 'James Seward')","('David Slottje', 'Peggy Bartels')"
,,,,"('Jeff Miller', 'Myron Thurston')","('State Representative of Barker', 'Patrick Brennan')"
,,,,"('Jeff Miller', 'Mark Helt')","('State Representative of Barker', 'Mark Stolarezyk')"
,,,,"('Patrick Tyksinski', 'Joseph Martens')","('State Representative of Barker', 'Keith Williams')"
,,,,"('Patrick Tyksinski', 'James Seward')","('State Representative of Barker', 'Alan Hunt')"
,,,,"('Patrick Tyksinski', 'Myron Thurston')","('State Representative of Barker', 'Richard Ritenour')"
,,,,"('Patrick Tyksinski', 'Mark Helt')","('State Representative of Barker', 'Alan Waterman')"
,,,,"('Joseph Martens', 'James Seward')","('State Representative of Barker', 'Scott Kimball')"
,,,,"('Joseph Martens', 'Myron Thurston')","('State Representative of Barker', 'Alicia Lewis')"
,,,,"('Joseph Martens', 'Mark Helt')","('State Representative of Barker', 'Gary Colarusso')"
,,,,"('James Seward', 'Myron Thurston')","('State Representative of Barker', 'Codes Officer')"
,,,,"('James Seward', 'Mark Helt')","('State Representative of Barker', 'Planning Board')"
,,,,"('Myron Thurston', 'Mark Helt')","('State Representative of Barker', 'Toshia Hance')"
,,,,,"('State Representative of Barker', 'Paula Perra')"
,,,,,"('State Representative of Barker', 'Amy Bucholz')"
,,,,,"('State Representative of Barker', 'Mark Stolarczyk')"
,,,,,"('State Representative of Barker', 'Norma Vleer')"
,,,,,"('State Representative of Barker', 'Dan Houseman')"
,,,,,"('State Representative of Barker', 'Wayne Russell')"
,,,,,"('State Representative of Barker', 'Lois Dillsworth')"
,,,,,"('State Representative of Barker', 'Amber Hoke')"
,,,,,"('State Representative of Barker', 'Suzanne Collins')"
,,,,,"('State Representative of Barker', 'James Stewart')"
,,,,,"('State Representative of Barker', 'Peggy Bartels')"
,,,,,"('Patrick Brennan', 'Mark Stolarezyk')"
,,,,,"('Patrick Brennan', 'Keith Williams')"
,,,,,"('Patrick Brennan', 'Alan Hunt')"
,,,,,"('Patrick Brennan', 'Richard Ritenour')"
,,,,,"('Patrick Brennan', 'Alan Waterman')"
,,,,,"('Patrick Brennan', 'Scott Kimball')"
,,,,,"('Patrick Brennan', 'Alicia Lewis')"
,,,,,"('Patrick Brennan', 'Gary Colarusso')"
,,,,,"('Patrick Brennan', 'Codes Officer')"
,,,,,"('Patrick Brennan', 'Planning Board')"
,,,,,"('Patrick Brennan', 'Toshia Hance')"
,,,,,"('Patrick Brennan', 'Paula Perra')"
,,,,,"('Patrick Brennan', 'Amy Bucholz')"
,,,,,"('Patrick Brennan', 'Mark Stolarczyk')"
,,,,,"('Patrick Brennan', 'Norma Vleer')"
,,,,,"('Patrick Brennan', 'Dan Houseman')"
,,,,,"('Patrick Brennan', 'Wayne Russell')"
,,,,,"('Patrick Brennan', 'Lois Dillsworth')"
,,,,,"('Patrick Brennan', 'Amber Hoke')"
,,,,,"('Patrick Brennan', 'Suzanne Collins')"
,,,,,"('Patrick Brennan', 'James Stewart')"
,,,,,"('Patrick Brennan', 'Peggy Bartels')"
,,,,,"('Mark Stolarezyk', 'Keith Williams')"
,,,,,"('Mark Stolarezyk', 'Alan Hunt')"
,,,,,"('Mark Stolarezyk', 'Richard Ritenour')"
,,,,,"('Mark Stolarezyk', 'Alan Waterman')"
,,,,,"('Mark Stolarezyk', 'Scott Kimball')"
,,,,,"('Mark Stolarezyk', 'Alicia Lewis')"
,,,,,"('Mark Stolarezyk', 'Gary Colarusso')"
,,,,,"('Mark Stolarezyk', 'Codes Officer')"
,,,,,"('Mark Stolarezyk', 'Planning Board')"
,,,,,"('Mark Stolarezyk', 'Toshia Hance')"
,,,,,"('Mark Stolarezyk', 'Paula Perra')"
,,,,,"('Mark Stolarezyk', 'Amy Bucholz')"
,,,,,"('Mark Stolarezyk', 'Mark Stolarczyk')"
,,,,,"('Mark Stolarezyk', 'Norma Vleer')"
,,,,,"('Mark Stolarezyk', 'Dan Houseman')"
,,,,,"('Mark Stolarezyk', 'Wayne Russell')"
,,,,,"('Mark Stolarezyk', 'Lois Dillsworth')"
,,,,,"('Mark Stolarezyk', 'Amber Hoke')"
,,,,,"('Mark Stolarezyk', 'Suzanne Collins')"
,,,,,"('Mark Stolarezyk', 'James Stewart')"
,,,,,"('Mark Stolarezyk', 'Peggy Bartels')"
,,,,,"('Keith Williams', 'Alan Hunt')"
,,,,,"('Keith Williams', 'Richard Ritenour')"
,,,,,"('Keith Williams', 'Alan Waterman')"
,,,,,"('Keith Williams', 'Scott Kimball')"
,,,,,"('Keith Williams', 'Alicia Lewis')"
,,,,,"('Keith Williams', 'Gary Colarusso')"
,,,,,"('Keith Williams', 'Codes Officer')"
,,,,,"('Keith Williams', 'Planning Board')"
,,,,,"('Keith Williams', 'Toshia Hance')"
,,,,,"('Keith Williams', 'Paula Perra')"
,,,,,"('Keith Williams', 'Amy Bucholz')"
,,,,,"('Keith Williams', 'Mark Stolarczyk')"
,,,,,"('Keith Williams', 'Norma Vleer')"
,,,,,"('Keith Williams', 'Dan Houseman')"
,,,,,"('Keith Williams', 'Wayne Russell')"
,,,,,"('Keith Williams', 'Lois Dillsworth')"
,,,,,"('Keith Williams', 'Amber Hoke')"
,,,,,"('Keith Williams', 'Suzanne Collins')"
,,,,,"('Keith Williams', 'James Stewart')"
,,,,,"('Keith Williams', 'Peggy Bartels')"
,,,,,"('Alan Hunt', 'Alan Waterman')"
,,,,,"('Alan Hunt', 'Richard Ritenour')"
,,,,,"('Alan Hunt', 'Scott Kimball')"
,,,,,"('Alan Hunt', 'Alicia Lewis')"
,,,,,"('Alan Hunt', 'Gary Colarusso')"
,,,,,"('Alan Hunt', 'Codes Officer')"
,,,,,"('Alan Hunt', 'Planning Board')"
,,,,,"('Alan Hunt', 'Toshia Hance')"
,,,,,"('Alan Hunt', 'Paula Perra')"
,,,,,"('Alan Hunt', 'Amy Bucholz')"
,,,,,"('Alan Hunt', 'Mark Stolarczyk')"
,,,,,"('Alan Hunt', 'Norma Vleer')"
,,,,,"('Alan Hunt', 'Dan Houseman')"
,,,,,"('Alan Hunt', 'Wayne Russell')"
,,,,,"('Alan Hunt', 'Lois Dillsworth')"
,,,,,"('Alan Hunt', 'Amber Hoke')"
,,,,,"('Alan Hunt', 'Suzanne Collins')"
,,,,,"('Alan Hunt', 'James Stewart')"
,,,,,"('Alan Hunt', 'Peggy Bartels')"
,,,,,"('Richard Ritenour', 'Alan Waterman')"
,,,,,"('Richard Ritenour', 'Scott Kimball')"
,,,,,"('Richard Ritenour', 'Alicia Lewis')"
,,,,,"('Richard Ritenour', 'Gary Colarusso')"
,,,,,"('Richard Ritenour', 'Codes Officer')"
,,,,,"('Richard Ritenour', 'Planning Board')"
,,,,,"('Richard Ritenour', 'Toshia Hance')"
,,,,,"('Richard Ritenour', 'Paula Perra')"
,,,,,"('Richard Ritenour', 'Amy Bucholz')"
,,,,,"('Richard Ritenour', 'Mark Stolarczyk')"
,,,,,"('Richard Ritenour', 'Norma Vleer')"
,,,,,"('Richard Ritenour', 'Dan Houseman')"
,,,,,"('Richard Ritenour', 'Wayne Russell')"
,,,,,"('Richard Ritenour', 'Lois Dillsworth')"
,,,,,"('Richard Ritenour', 'Amber Hoke')"
,,,,,"('Richard Ritenour', 'Suzanne Collins')"
,,,,,"('Richard Ritenour', 'James Stewart')"
,,,,,"('Richard Ritenour', 'Peggy Bartels')"
,,,,,"('Alan Waterman', 'Gary Colarusso')"
,,,,,"('Alan Waterman', 'Scott Kimball')"
,,,,,"('Alan Waterman', 'Alicia Lewis')"
,,,,,"('Alan Waterman', 'Codes Officer')"
,,,,,"('Alan Waterman', 'Planning Board')"
,,,,,"('Alan Waterman', 'Toshia Hance')"
,,,,,"('Alan Waterman', 'Paula Perra')"
,,,,,"('Alan Waterman', 'Amy Bucholz')"
,,,,,"('Alan Waterman', 'Mark Stolarczyk')"
,,,,,"('Alan Waterman', 'Norma Vleer')"
,,,,,"('Alan Waterman', 'Dan Houseman')"
,,,,,"('Alan Waterman', 'Wayne Russell')"
,,,,,"('Alan Waterman', 'Lois Dillsworth')"
,,,,,"('Alan Waterman', 'Amber Hoke')"
,,,,,"('Alan Waterman', 'Suzanne Collins')"
,,,,,"('Alan Waterman', 'James Stewart')"
,,,,,"('Alan Waterman', 'Peggy Bartels')"
,,,,,"('Scott Kimball', 'Alicia Lewis')"
,,,,,"('Scott Kimball', 'Gary Colarusso')"
,,,,,"('Scott Kimball', 'Codes Officer')"
,,,,,"('Scott Kimball', 'Planning Board')"
,,,,,"('Scott Kimball', 'Toshia Hance')"
,,,,,"('Scott Kimball', 'Paula Perra')"
,,,,,"('Scott Kimball', 'Amy Bucholz')"
,,,,,"('Scott Kimball', 'Mark Stolarczyk')"
,,,,,"('Scott Kimball', 'Norma Vleer')"
,,,,,"('Scott Kimball', 'Dan Houseman')"
,,,,,"('Scott Kimball', 'Wayne Russell')"
,,,,,"('Scott Kimball', 'Lois Dillsworth')"
,,,,,"('Scott Kimball', 'Amber Hoke')"
,,,,,"('Scott Kimball', 'Suzanne Collins')"
,,,,,"('Scott Kimball', 'James Stewart')"
,,,,,"('Scott Kimball', 'Peggy Bartels')"
,,,,,"('Alicia Lewis', 'Gary Colarusso')"
,,,,,"('Alicia Lewis', 'Codes Officer')"
,,,,,"('Alicia Lewis', 'Planning Board')"
,,,,,"('Alicia Lewis', 'Toshia Hance')"
,,,,,"('Alicia Lewis', 'Paula Perra')"
,,,,,"('Alicia Lewis', 'Amy Bucholz')"
,,,,,"('Alicia Lewis', 'Mark Stolarczyk')"
,,,,,"('Alicia Lewis', 'Norma Vleer')"
,,,,,"('Alicia Lewis', 'Dan Houseman')"
,,,,,"('Alicia Lewis', 'Wayne Russell')"
,,,,,"('Alicia Lewis', 'Lois Dillsworth')"
,,,,,"('Alicia Lewis', 'Amber Hoke')"
,,,,,"('Alicia Lewis', 'Suzanne Collins')"
,,,,,"('Alicia Lewis', 'James Stewart')"
,,,,,"('Alicia Lewis', 'Peggy Bartels')"
,,,,,"('Gary Colarusso', 'Codes Officer')"
,,,,,"('Gary Colarusso', 'Planning Board')"
,,,,,"('Gary Colarusso', 'Toshia Hance')"
,,,,,"('Gary Colarusso', 'Paula Perra')"
,,,,,"('Gary Colarusso', 'Amy Bucholz')"
,,,,,"('Gary Colarusso', 'Mark Stolarczyk')"
,,,,,"('Gary Colarusso', 'Norma Vleer')"
,,,,,"('Gary Colarusso', 'Dan Houseman')"
,,,,,"('Gary Colarusso', 'Wayne Russell')"
,,,,,"('Gary Colarusso', 'Lois Dillsworth')"
,,,,,"('Gary Colarusso', 'Amber Hoke')"
,,,,,"('Gary Colarusso', 'Suzanne Collins')"
,,,,,"('Gary Colarusso', 'James Stewart')"
,,,,,"('Gary Colarusso', 'Peggy Bartels')"
,,,,,"('Codes Officer', 'Planning Board')"
,,,,,"('Codes Officer', 'Toshia Hance')"
,,,,,"('Codes Officer', 'Paula Perra')"
,,,,,"('Codes Officer', 'Amy Bucholz')"
,,,,,"('Codes Officer', 'Mark Stolarczyk')"
,,,,,"('Codes Officer', 'Norma Vleer')"
,,,,,"('Codes Officer', 'Dan Houseman')"
,,,,,"('Codes Officer', 'Wayne Russell')"
,,,,,"('Codes Officer', 'Lois Dillsworth')"
,,,,,"('Codes Officer', 'Amber Hoke')"
,,,,,"('Codes Officer', 'Suzanne Collins')"
,,,,,"('Codes Officer', 'James Stewart')"
,,,,,"('Codes Officer', 'Peggy Bartels')"
,,,,,"('Planning Board', 'Toshia Hance')"
,,,,,"('Planning Board', 'Paula Perra')"
,,,,,"('Planning Board', 'Amy Bucholz')"
,,,,,"('Planning Board', 'Mark Stolarczyk')"
,,,,,"('Planning Board', 'Norma Vleer')"
,,,,,"('Planning Board', 'Dan Houseman')"
,,,,,"('Planning Board', 'Wayne Russell')"
,,,,,"('Planning Board', 'Lois Dillsworth')"
,,,,,"('Planning Board', 'Amber Hoke')"
,,,,,"('Planning Board', 'Suzanne Collins')"
,,,,,"('Planning Board', 'James Stewart')"
,,,,,"('Planning Board', 'Peggy Bartels')"
,,,,,"('Toshia Hance', 'Paula Perra')"
,,,,,"('Toshia Hance', 'Amy Bucholz')"
,,,,,"('Toshia Hance', 'Mark Stolarczyk')"
,,,,,"('Toshia Hance', 'Norma Vleer')"
,,,,,"('Toshia Hance', 'Dan Houseman')"
,,,,,"('Toshia Hance', 'Wayne Russell')"
,,,,,"('Toshia Hance', 'Lois Dillsworth')"
,,,,,"('Toshia Hance', 'Amber Hoke')"
,,,,,"('Toshia Hance', 'Suzanne Collins')"
,,,,,"('Toshia Hance', 'James Stewart')"
,,,,,"('Toshia Hance', 'Peggy Bartels')"
,,,,,"('Paula Perra', 'Amy Bucholz')"
,,,,,"('Paula Perra', 'Mark Stolarczyk')"
,,,,,"('Paula Perra', 'Norma Vleer')"
,,,,,"('Paula Perra', 'Dan Houseman')"
,,,,,"('Paula Perra', 'Wayne Russell')"
,,,,,"('Paula Perra', 'Lois Dillsworth')"
,,,,,"('Paula Perra', 'Amber Hoke')"
,,,,,"('Paula Perra', 'Suzanne Collins')"
,,,,,"('Paula Perra', 'James Stewart')"
,,,,,"('Paula Perra', 'Peggy Bartels')"
,,,,,"('Amy Bucholz', 'Mark Stolarczyk')"
,,,,,"('Amy Bucholz', 'Norma Vleer')"
,,,,,"('Amy Bucholz', 'Dan Houseman')"
,,,,,"('Amy Bucholz', 'Wayne Russell')"
,,,,,"('Amy Bucholz', 'Lois Dillsworth')"
,,,,,"('Amy Bucholz', 'Amber Hoke')"
,,,,,"('Amy Bucholz', 'Suzanne Collins')"
,,,,,"('Amy Bucholz', 'James Stewart')"
,,,,,"('Amy Bucholz', 'Peggy Bartels')"
,,,,,"('Mark Stolarczyk', 'Norma Vleer')"
,,,,,"('Mark Stolarczyk', 'Dan Houseman')"
,,,,,"('Mark Stolarczyk', 'Wayne Russell')"
,,,,,"('Mark Stolarczyk', 'Lois Dillsworth')"
,,,,,"('Mark Stolarczyk', 'Amber Hoke')"
,,,,,"('Mark Stolarczyk', 'Suzanne Collins')"
,,,,,"('Mark Stolarczyk', 'James Stewart')"
,,,,,"('Mark Stolarczyk', 'Peggy Bartels')"
,,,,,"('Norma Vleer', 'Dan Houseman')"
,,,,,"('Norma Vleer', 'Wayne Russell')"
,,,,,"('Norma Vleer', 'Lois Dillsworth')"
,,,,,"('Norma Vleer', 'Amber Hoke')"
,,,,,"('Norma Vleer', 'Suzanne Collins')"
,,,,,"('Norma Vleer', 'James Stewart')"
,,,,,"('Norma Vleer', 'Peggy Bartels')"
,,,,,"('Dan Houseman', 'Wayne Russell')"
,,,,,"('Dan Houseman', 'Lois Dillsworth')"
,,,,,"('Dan Houseman', 'Amber Hoke')"
,,,,,"('Dan Houseman', 'Suzanne Collins')"
,,,,,"('Dan Houseman', 'James Stewart')"
,,,,,"('Dan Houseman', 'Peggy Bartels')"
,,,,,"('Wayne Russell', 'Lois Dillsworth')"
,,,,,"('Wayne Russell', 'Amber Hoke')"
,,,,,"('Wayne Russell', 'Suzanne Collins')"
,,,,,"('Wayne Russell', 'James Stewart')"
,,,,,"('Wayne Russell', 'Peggy Bartels')"
,,,,,"('Lois Dillsworth', 'Amber Hoke')"
,,,,,"('Lois Dillsworth', 'Suzanne Collins')"
,,,,,"('Lois Dillsworth', 'James Stewart')"
,,,,,"('Lois Dillsworth', 'Peggy Bartels')"
,,,,,"('Amber Hoke', 'Suzanne Collins')"
,,,,,"('Amber Hoke', 'James Stewart')"
,,,,,"('Amber Hoke', 'Peggy Bartels')"
,,,,,"('Suzanne Collins', 'James Stewart')"
,,,,,"('Suzanne Collins', 'Peggy Bartels')"
,,,,,"('James Stewart', 'Peggy Bartels')"
