Actor Overlap,Relationship Overlap,Unique Newspaper Network Actors,Unique Meeting Minute Network Actors,Unique Newspaper Network Relationships,Unique Newspaper Network Relationships
Daniel Kujawinski,"('Leonard Pero', 'William Trask')",Geno Brant,Gary Becker,"('Geno Brant', 'Joseph Golombek')","('Gary Becker', 'Thea Ells')"
Leonard Pero,"('Daniel Kujawinski', 'William Trask')",Joseph Golombek,Thea Ells,"('Geno Brant', 'John Hanger')","('Gary Becker', 'Daniel Kujawinski')"
Joseph Ostrowski,,John Hanger,Peter Chiavetta,"('Geno Brant', 'Joseph Ostrowski')","('Gary Becker', 'Peter Chiavetta')"
William Trask,,Scott Zimmerman,Samuel Chiavetta,"('Geno Brant', 'Leonard Pero')","('Gary Becker', 'Samuel Chiavetta')"
,,Gary Brecker,Chad Kaczmarek,"('Geno Brant', 'Scott Zimmerman')","('Gary Becker', 'Chad Kaczmarek')"
,,Scott Perry,Joseph di Carlo,"('Geno Brant', 'Gary Brecker')","('Gary Becker', 'Joseph di Carlo')"
,,Gary Lash,Micheal Daniel,"('Geno Brant', 'Daniel Kujawinski')","('Gary Becker', 'Micheal Daniel')"
,,Sarah Buckley,Mark DeCarlo,"('Geno Brant', 'Scott Perry')","('Gary Becker', 'Leonard Pero')"
,,Douglas Walch,Jeffrey Gier,"('Geno Brant', 'William Trask')","('Gary Becker', 'Mark DeCarlo')"
,,Demyan Muchnik,Allen Nolan,"('Geno Brant', 'Gary Lash')","('Gary Becker', 'William Trask')"
,,Andrew Cuomo,Rick Snavely,"('Geno Brant', 'Sarah Buckley')","('Gary Becker', 'Jeffrey Gier')"
,,Natalie Brant,Ron Kobel,"('Geno Brant', 'Douglas Walch')","('Gary Becker', 'Allen Nolan')"
,,Josh Fox,Lee Brunell,"('Geno Brant', 'Demyan Muchnik')","('Gary Becker', 'Rick Snavely')"
,,Richard Lippes,Brian Campbell,"('Geno Brant', 'Andrew Cuomo')","('Gary Becker', 'Ron Kobel')"
,,Albert Brown,Clark Borngraber,"('Geno Brant', 'Natalie Brant')","('Gary Becker', 'Lee Brunell')"
,,Dawn McCaslin,Jim Travis,"('Geno Brant', 'Josh Fox')","('Gary Becker', 'Brian Campbell')"
,,,Bob Knorr,"('Geno Brant', 'Richard Lippes')","('Gary Becker', 'Clark Borngraber')"
,,,Barbara Daniel,"('Geno Brant', 'Albert Brown')","('Gary Becker', 'Jim Travis')"
,,,Lynda Ostrowski,"('Geno Brant', 'Dawn McCaslin')","('Gary Becker', 'Bob Knorr')"
,,,Bill Henry,"('Joseph Golombek', 'John Hanger')","('Gary Becker', 'Barbara Daniel')"
,,,Debra Ritz,"('Joseph Golombek', 'Joseph Ostrowski')","('Gary Becker', 'Lynda Ostrowski')"
,,,John Grennell,"('Joseph Golombek', 'Leonard Pero')","('Gary Becker', 'Bill Henry')"
,,,Donald Clark,"('Joseph Golombek', 'Scott Zimmerman')","('Gary Becker', 'Joseph Ostrowski')"
,,,Donald Hepkins,"('Joseph Golombek', 'Gary Brecker')","('Gary Becker', 'Debra Ritz')"
,,,Brian Rott,"('Joseph Golombek', 'Daniel Kujawinski')","('Gary Becker', 'John Grennell')"
,,,,"('Joseph Golombek', 'Scott Perry')","('Gary Becker', 'Donald Clark')"
,,,,"('Joseph Golombek', 'William Trask')","('Gary Becker', 'Donald Hepkins')"
,,,,"('Joseph Golombek', 'Gary Lash')","('Gary Becker', 'Brian Rott')"
,,,,"('Joseph Golombek', 'Sarah Buckley')","('Thea Ells', 'Daniel Kujawinski')"
,,,,"('Joseph Golombek', 'Douglas Walch')","('Thea Ells', 'Peter Chiavetta')"
,,,,"('Joseph Golombek', 'Demyan Muchnik')","('Thea Ells', 'Samuel Chiavetta')"
,,,,"('Joseph Golombek', 'Andrew Cuomo')","('Thea Ells', 'Chad Kaczmarek')"
,,,,"('Joseph Golombek', 'Natalie Brant')","('Thea Ells', 'Joseph di Carlo')"
,,,,"('Joseph Golombek', 'Josh Fox')","('Thea Ells', 'Micheal Daniel')"
,,,,"('Joseph Golombek', 'Richard Lippes')","('Thea Ells', 'Leonard Pero')"
,,,,"('Joseph Golombek', 'Albert Brown')","('Thea Ells', 'Mark DeCarlo')"
,,,,"('Joseph Golombek', 'Dawn McCaslin')","('Thea Ells', 'William Trask')"
,,,,"('John Hanger', 'Leonard Pero')","('Thea Ells', 'Jeffrey Gier')"
,,,,"('John Hanger', 'Joseph Ostrowski')","('Thea Ells', 'Allen Nolan')"
,,,,"('John Hanger', 'Scott Zimmerman')","('Thea Ells', 'Rick Snavely')"
,,,,"('John Hanger', 'Gary Brecker')","('Thea Ells', 'Ron Kobel')"
,,,,"('John Hanger', 'Daniel Kujawinski')","('Thea Ells', 'Lee Brunell')"
,,,,"('John Hanger', 'Scott Perry')","('Thea Ells', 'Brian Campbell')"
,,,,"('John Hanger', 'William Trask')","('Thea Ells', 'Clark Borngraber')"
,,,,"('John Hanger', 'Gary Lash')","('Thea Ells', 'Jim Travis')"
,,,,"('John Hanger', 'Sarah Buckley')","('Thea Ells', 'Bob Knorr')"
,,,,"('John Hanger', 'Douglas Walch')","('Thea Ells', 'Barbara Daniel')"
,,,,"('John Hanger', 'Demyan Muchnik')","('Thea Ells', 'Lynda Ostrowski')"
,,,,"('John Hanger', 'Andrew Cuomo')","('Thea Ells', 'Bill Henry')"
,,,,"('John Hanger', 'Natalie Brant')","('Thea Ells', 'Joseph Ostrowski')"
,,,,"('John Hanger', 'Josh Fox')","('Thea Ells', 'Debra Ritz')"
,,,,"('John Hanger', 'Richard Lippes')","('Thea Ells', 'John Grennell')"
,,,,"('John Hanger', 'Albert Brown')","('Thea Ells', 'Donald Clark')"
,,,,"('John Hanger', 'Dawn McCaslin')","('Thea Ells', 'Donald Hepkins')"
,,,,"('Joseph Ostrowski', 'Richard Lippes')","('Thea Ells', 'Brian Rott')"
,,,,"('Joseph Ostrowski', 'Leonard Pero')","('Daniel Kujawinski', 'Peter Chiavetta')"
,,,,"('Joseph Ostrowski', 'Scott Zimmerman')","('Daniel Kujawinski', 'Samuel Chiavetta')"
,,,,"('Joseph Ostrowski', 'Gary Brecker')","('Daniel Kujawinski', 'Chad Kaczmarek')"
,,,,"('Joseph Ostrowski', 'Daniel Kujawinski')","('Daniel Kujawinski', 'Joseph di Carlo')"
,,,,"('Joseph Ostrowski', 'Scott Perry')","('Daniel Kujawinski', 'Micheal Daniel')"
,,,,"('Joseph Ostrowski', 'William Trask')","('Daniel Kujawinski', 'Leonard Pero')"
,,,,"('Joseph Ostrowski', 'Gary Lash')","('Daniel Kujawinski', 'Mark DeCarlo')"
,,,,"('Joseph Ostrowski', 'Sarah Buckley')","('Daniel Kujawinski', 'Jeffrey Gier')"
,,,,"('Joseph Ostrowski', 'Douglas Walch')","('Daniel Kujawinski', 'Allen Nolan')"
,,,,"('Joseph Ostrowski', 'Demyan Muchnik')","('Daniel Kujawinski', 'Rick Snavely')"
,,,,"('Joseph Ostrowski', 'Andrew Cuomo')","('Daniel Kujawinski', 'Ron Kobel')"
,,,,"('Joseph Ostrowski', 'Natalie Brant')","('Daniel Kujawinski', 'Lee Brunell')"
,,,,"('Joseph Ostrowski', 'Josh Fox')","('Daniel Kujawinski', 'Brian Campbell')"
,,,,"('Joseph Ostrowski', 'Albert Brown')","('Daniel Kujawinski', 'Clark Borngraber')"
,,,,"('Joseph Ostrowski', 'Dawn McCaslin')","('Daniel Kujawinski', 'Jim Travis')"
,,,,"('Leonard Pero', 'Scott Zimmerman')","('Daniel Kujawinski', 'Bob Knorr')"
,,,,"('Leonard Pero', 'Gary Brecker')","('Daniel Kujawinski', 'Barbara Daniel')"
,,,,"('Leonard Pero', 'Daniel Kujawinski')","('Daniel Kujawinski', 'Lynda Ostrowski')"
,,,,"('Leonard Pero', 'Scott Perry')","('Daniel Kujawinski', 'Bill Henry')"
,,,,"('Leonard Pero', 'Gary Lash')","('Daniel Kujawinski', 'Joseph Ostrowski')"
,,,,"('Leonard Pero', 'Sarah Buckley')","('Daniel Kujawinski', 'Debra Ritz')"
,,,,"('Leonard Pero', 'Douglas Walch')","('Daniel Kujawinski', 'John Grennell')"
,,,,"('Leonard Pero', 'Demyan Muchnik')","('Daniel Kujawinski', 'Donald Clark')"
,,,,"('Leonard Pero', 'Andrew Cuomo')","('Daniel Kujawinski', 'Donald Hepkins')"
,,,,"('Leonard Pero', 'Natalie Brant')","('Daniel Kujawinski', 'Brian Rott')"
,,,,"('Leonard Pero', 'Josh Fox')","('Peter Chiavetta', 'Samuel Chiavetta')"
,,,,"('Leonard Pero', 'Richard Lippes')","('Peter Chiavetta', 'Chad Kaczmarek')"
,,,,"('Leonard Pero', 'Albert Brown')","('Peter Chiavetta', 'Joseph di Carlo')"
,,,,"('Leonard Pero', 'Dawn McCaslin')","('Peter Chiavetta', 'Micheal Daniel')"
,,,,"('Scott Zimmerman', 'Gary Brecker')","('Peter Chiavetta', 'Leonard Pero')"
,,,,"('Scott Zimmerman', 'Daniel Kujawinski')","('Peter Chiavetta', 'Mark DeCarlo')"
,,,,"('Scott Zimmerman', 'Scott Perry')","('Peter Chiavetta', 'William Trask')"
,,,,"('Scott Zimmerman', 'William Trask')","('Peter Chiavetta', 'Jeffrey Gier')"
,,,,"('Scott Zimmerman', 'Gary Lash')","('Peter Chiavetta', 'Allen Nolan')"
,,,,"('Scott Zimmerman', 'Sarah Buckley')","('Peter Chiavetta', 'Rick Snavely')"
,,,,"('Scott Zimmerman', 'Douglas Walch')","('Peter Chiavetta', 'Ron Kobel')"
,,,,"('Scott Zimmerman', 'Demyan Muchnik')","('Peter Chiavetta', 'Lee Brunell')"
,,,,"('Scott Zimmerman', 'Andrew Cuomo')","('Peter Chiavetta', 'Brian Campbell')"
,,,,"('Scott Zimmerman', 'Natalie Brant')","('Peter Chiavetta', 'Clark Borngraber')"
,,,,"('Scott Zimmerman', 'Josh Fox')","('Peter Chiavetta', 'Jim Travis')"
,,,,"('Scott Zimmerman', 'Richard Lippes')","('Peter Chiavetta', 'Bob Knorr')"
,,,,"('Scott Zimmerman', 'Albert Brown')","('Peter Chiavetta', 'Barbara Daniel')"
,,,,"('Scott Zimmerman', 'Dawn McCaslin')","('Peter Chiavetta', 'Lynda Ostrowski')"
,,,,"('Gary Brecker', 'William Trask')","('Peter Chiavetta', 'Bill Henry')"
,,,,"('Gary Brecker', 'Daniel Kujawinski')","('Peter Chiavetta', 'Joseph Ostrowski')"
,,,,"('Gary Brecker', 'Scott Perry')","('Peter Chiavetta', 'Debra Ritz')"
,,,,"('Gary Brecker', 'Gary Lash')","('Peter Chiavetta', 'John Grennell')"
,,,,"('Gary Brecker', 'Sarah Buckley')","('Peter Chiavetta', 'Donald Clark')"
,,,,"('Gary Brecker', 'Douglas Walch')","('Peter Chiavetta', 'Donald Hepkins')"
,,,,"('Gary Brecker', 'Demyan Muchnik')","('Peter Chiavetta', 'Brian Rott')"
,,,,"('Gary Brecker', 'Andrew Cuomo')","('Samuel Chiavetta', 'Chad Kaczmarek')"
,,,,"('Gary Brecker', 'Natalie Brant')","('Samuel Chiavetta', 'Joseph di Carlo')"
,,,,"('Gary Brecker', 'Josh Fox')","('Samuel Chiavetta', 'Micheal Daniel')"
,,,,"('Gary Brecker', 'Richard Lippes')","('Samuel Chiavetta', 'Leonard Pero')"
,,,,"('Gary Brecker', 'Albert Brown')","('Samuel Chiavetta', 'Mark DeCarlo')"
,,,,"('Gary Brecker', 'Dawn McCaslin')","('Samuel Chiavetta', 'William Trask')"
,,,,"('Daniel Kujawinski', 'Richard Lippes')","('Samuel Chiavetta', 'Jeffrey Gier')"
,,,,"('Daniel Kujawinski', 'Scott Perry')","('Samuel Chiavetta', 'Allen Nolan')"
,,,,"('Daniel Kujawinski', 'Gary Lash')","('Samuel Chiavetta', 'Rick Snavely')"
,,,,"('Daniel Kujawinski', 'Sarah Buckley')","('Samuel Chiavetta', 'Ron Kobel')"
,,,,"('Daniel Kujawinski', 'Douglas Walch')","('Samuel Chiavetta', 'Lee Brunell')"
,,,,"('Daniel Kujawinski', 'Demyan Muchnik')","('Samuel Chiavetta', 'Brian Campbell')"
,,,,"('Daniel Kujawinski', 'Andrew Cuomo')","('Samuel Chiavetta', 'Clark Borngraber')"
,,,,"('Daniel Kujawinski', 'Natalie Brant')","('Samuel Chiavetta', 'Jim Travis')"
,,,,"('Daniel Kujawinski', 'Josh Fox')","('Samuel Chiavetta', 'Bob Knorr')"
,,,,"('Daniel Kujawinski', 'Albert Brown')","('Samuel Chiavetta', 'Barbara Daniel')"
,,,,"('Daniel Kujawinski', 'Dawn McCaslin')","('Samuel Chiavetta', 'Lynda Ostrowski')"
,,,,"('Scott Perry', 'William Trask')","('Samuel Chiavetta', 'Bill Henry')"
,,,,"('Scott Perry', 'Gary Lash')","('Samuel Chiavetta', 'Joseph Ostrowski')"
,,,,"('Scott Perry', 'Sarah Buckley')","('Samuel Chiavetta', 'Debra Ritz')"
,,,,"('Scott Perry', 'Douglas Walch')","('Samuel Chiavetta', 'John Grennell')"
,,,,"('Scott Perry', 'Demyan Muchnik')","('Samuel Chiavetta', 'Donald Clark')"
,,,,"('Scott Perry', 'Andrew Cuomo')","('Samuel Chiavetta', 'Donald Hepkins')"
,,,,"('Scott Perry', 'Natalie Brant')","('Samuel Chiavetta', 'Brian Rott')"
,,,,"('Scott Perry', 'Josh Fox')","('Chad Kaczmarek', 'Joseph di Carlo')"
,,,,"('Scott Perry', 'Richard Lippes')","('Chad Kaczmarek', 'Micheal Daniel')"
,,,,"('Scott Perry', 'Albert Brown')","('Chad Kaczmarek', 'Leonard Pero')"
,,,,"('Scott Perry', 'Dawn McCaslin')","('Chad Kaczmarek', 'Mark DeCarlo')"
,,,,"('William Trask', 'Gary Lash')","('Chad Kaczmarek', 'William Trask')"
,,,,"('William Trask', 'Sarah Buckley')","('Chad Kaczmarek', 'Jeffrey Gier')"
,,,,"('William Trask', 'Douglas Walch')","('Chad Kaczmarek', 'Allen Nolan')"
,,,,"('William Trask', 'Demyan Muchnik')","('Chad Kaczmarek', 'Rick Snavely')"
,,,,"('William Trask', 'Andrew Cuomo')","('Chad Kaczmarek', 'Ron Kobel')"
,,,,"('William Trask', 'Natalie Brant')","('Chad Kaczmarek', 'Lee Brunell')"
,,,,"('William Trask', 'Josh Fox')","('Chad Kaczmarek', 'Brian Campbell')"
,,,,"('William Trask', 'Richard Lippes')","('Chad Kaczmarek', 'Clark Borngraber')"
,,,,"('William Trask', 'Albert Brown')","('Chad Kaczmarek', 'Jim Travis')"
,,,,"('William Trask', 'Dawn McCaslin')","('Chad Kaczmarek', 'Bob Knorr')"
,,,,"('Gary Lash', 'Sarah Buckley')","('Chad Kaczmarek', 'Barbara Daniel')"
,,,,"('Gary Lash', 'Douglas Walch')","('Chad Kaczmarek', 'Lynda Ostrowski')"
,,,,"('Gary Lash', 'Demyan Muchnik')","('Chad Kaczmarek', 'Bill Henry')"
,,,,"('Gary Lash', 'Andrew Cuomo')","('Chad Kaczmarek', 'Joseph Ostrowski')"
,,,,"('Gary Lash', 'Natalie Brant')","('Chad Kaczmarek', 'Debra Ritz')"
,,,,"('Gary Lash', 'Josh Fox')","('Chad Kaczmarek', 'John Grennell')"
,,,,"('Gary Lash', 'Richard Lippes')","('Chad Kaczmarek', 'Donald Clark')"
,,,,"('Gary Lash', 'Albert Brown')","('Chad Kaczmarek', 'Donald Hepkins')"
,,,,"('Gary Lash', 'Dawn McCaslin')","('Chad Kaczmarek', 'Brian Rott')"
,,,,"('Sarah Buckley', 'Douglas Walch')","('Joseph di Carlo', 'Micheal Daniel')"
,,,,"('Sarah Buckley', 'Demyan Muchnik')","('Joseph di Carlo', 'Leonard Pero')"
,,,,"('Sarah Buckley', 'Andrew Cuomo')","('Joseph di Carlo', 'Mark DeCarlo')"
,,,,"('Sarah Buckley', 'Natalie Brant')","('Joseph di Carlo', 'William Trask')"
,,,,"('Sarah Buckley', 'Josh Fox')","('Joseph di Carlo', 'Jeffrey Gier')"
,,,,"('Sarah Buckley', 'Richard Lippes')","('Joseph di Carlo', 'Allen Nolan')"
,,,,"('Sarah Buckley', 'Albert Brown')","('Joseph di Carlo', 'Rick Snavely')"
,,,,"('Sarah Buckley', 'Dawn McCaslin')","('Joseph di Carlo', 'Ron Kobel')"
,,,,"('Douglas Walch', 'Demyan Muchnik')","('Joseph di Carlo', 'Lee Brunell')"
,,,,"('Douglas Walch', 'Andrew Cuomo')","('Joseph di Carlo', 'Brian Campbell')"
,,,,"('Douglas Walch', 'Natalie Brant')","('Joseph di Carlo', 'Clark Borngraber')"
,,,,"('Douglas Walch', 'Josh Fox')","('Joseph di Carlo', 'Jim Travis')"
,,,,"('Douglas Walch', 'Richard Lippes')","('Joseph di Carlo', 'Bob Knorr')"
,,,,"('Douglas Walch', 'Albert Brown')","('Joseph di Carlo', 'Barbara Daniel')"
,,,,"('Douglas Walch', 'Dawn McCaslin')","('Joseph di Carlo', 'Lynda Ostrowski')"
,,,,"('Demyan Muchnik', 'Andrew Cuomo')","('Joseph di Carlo', 'Bill Henry')"
,,,,"('Demyan Muchnik', 'Natalie Brant')","('Joseph di Carlo', 'Joseph Ostrowski')"
,,,,"('Demyan Muchnik', 'Josh Fox')","('Joseph di Carlo', 'Debra Ritz')"
,,,,"('Demyan Muchnik', 'Richard Lippes')","('Joseph di Carlo', 'John Grennell')"
,,,,"('Demyan Muchnik', 'Albert Brown')","('Joseph di Carlo', 'Donald Clark')"
,,,,"('Demyan Muchnik', 'Dawn McCaslin')","('Joseph di Carlo', 'Donald Hepkins')"
,,,,"('Andrew Cuomo', 'Natalie Brant')","('Joseph di Carlo', 'Brian Rott')"
,,,,"('Andrew Cuomo', 'Josh Fox')","('Micheal Daniel', 'Leonard Pero')"
,,,,"('Andrew Cuomo', 'Richard Lippes')","('Micheal Daniel', 'Mark DeCarlo')"
,,,,"('Andrew Cuomo', 'Albert Brown')","('Micheal Daniel', 'William Trask')"
,,,,"('Andrew Cuomo', 'Dawn McCaslin')","('Micheal Daniel', 'Jeffrey Gier')"
,,,,"('Natalie Brant', 'Josh Fox')","('Micheal Daniel', 'Allen Nolan')"
,,,,"('Natalie Brant', 'Richard Lippes')","('Micheal Daniel', 'Rick Snavely')"
,,,,"('Natalie Brant', 'Albert Brown')","('Micheal Daniel', 'Ron Kobel')"
,,,,"('Natalie Brant', 'Dawn McCaslin')","('Micheal Daniel', 'Lee Brunell')"
,,,,"('Josh Fox', 'Richard Lippes')","('Micheal Daniel', 'Brian Campbell')"
,,,,"('Josh Fox', 'Albert Brown')","('Micheal Daniel', 'Clark Borngraber')"
,,,,"('Josh Fox', 'Dawn McCaslin')","('Micheal Daniel', 'Jim Travis')"
,,,,"('Richard Lippes', 'Albert Brown')","('Micheal Daniel', 'Bob Knorr')"
,,,,"('Richard Lippes', 'Dawn McCaslin')","('Micheal Daniel', 'Barbara Daniel')"
,,,,"('Albert Brown', 'Dawn McCaslin')","('Micheal Daniel', 'Lynda Ostrowski')"
,,,,,"('Micheal Daniel', 'Bill Henry')"
,,,,,"('Micheal Daniel', 'Joseph Ostrowski')"
,,,,,"('Micheal Daniel', 'Debra Ritz')"
,,,,,"('Micheal Daniel', 'John Grennell')"
,,,,,"('Micheal Daniel', 'Donald Clark')"
,,,,,"('Micheal Daniel', 'Donald Hepkins')"
,,,,,"('Micheal Daniel', 'Brian Rott')"
,,,,,"('Leonard Pero', 'Mark DeCarlo')"
,,,,,"('Leonard Pero', 'Jeffrey Gier')"
,,,,,"('Leonard Pero', 'Allen Nolan')"
,,,,,"('Leonard Pero', 'Rick Snavely')"
,,,,,"('Leonard Pero', 'Ron Kobel')"
,,,,,"('Leonard Pero', 'Lee Brunell')"
,,,,,"('Leonard Pero', 'Brian Campbell')"
,,,,,"('Leonard Pero', 'Clark Borngraber')"
,,,,,"('Leonard Pero', 'Jim Travis')"
,,,,,"('Leonard Pero', 'Bob Knorr')"
,,,,,"('Leonard Pero', 'Barbara Daniel')"
,,,,,"('Leonard Pero', 'Lynda Ostrowski')"
,,,,,"('Leonard Pero', 'Bill Henry')"
,,,,,"('Leonard Pero', 'Joseph Ostrowski')"
,,,,,"('Leonard Pero', 'Debra Ritz')"
,,,,,"('Leonard Pero', 'John Grennell')"
,,,,,"('Leonard Pero', 'Donald Clark')"
,,,,,"('Leonard Pero', 'Donald Hepkins')"
,,,,,"('Leonard Pero', 'Brian Rott')"
,,,,,"('Mark DeCarlo', 'William Trask')"
,,,,,"('Mark DeCarlo', 'Jeffrey Gier')"
,,,,,"('Mark DeCarlo', 'Allen Nolan')"
,,,,,"('Mark DeCarlo', 'Rick Snavely')"
,,,,,"('Mark DeCarlo', 'Ron Kobel')"
,,,,,"('Mark DeCarlo', 'Lee Brunell')"
,,,,,"('Mark DeCarlo', 'Brian Campbell')"
,,,,,"('Mark DeCarlo', 'Clark Borngraber')"
,,,,,"('Mark DeCarlo', 'Jim Travis')"
,,,,,"('Mark DeCarlo', 'Bob Knorr')"
,,,,,"('Mark DeCarlo', 'Barbara Daniel')"
,,,,,"('Mark DeCarlo', 'Lynda Ostrowski')"
,,,,,"('Mark DeCarlo', 'Bill Henry')"
,,,,,"('Mark DeCarlo', 'Joseph Ostrowski')"
,,,,,"('Mark DeCarlo', 'Debra Ritz')"
,,,,,"('Mark DeCarlo', 'John Grennell')"
,,,,,"('Mark DeCarlo', 'Donald Clark')"
,,,,,"('Mark DeCarlo', 'Donald Hepkins')"
,,,,,"('Mark DeCarlo', 'Brian Rott')"
,,,,,"('William Trask', 'Jeffrey Gier')"
,,,,,"('William Trask', 'Allen Nolan')"
,,,,,"('William Trask', 'Rick Snavely')"
,,,,,"('William Trask', 'Ron Kobel')"
,,,,,"('William Trask', 'Lee Brunell')"
,,,,,"('William Trask', 'Brian Campbell')"
,,,,,"('William Trask', 'Clark Borngraber')"
,,,,,"('William Trask', 'Jim Travis')"
,,,,,"('William Trask', 'Bob Knorr')"
,,,,,"('William Trask', 'Barbara Daniel')"
,,,,,"('William Trask', 'Lynda Ostrowski')"
,,,,,"('William Trask', 'Bill Henry')"
,,,,,"('William Trask', 'Joseph Ostrowski')"
,,,,,"('William Trask', 'Debra Ritz')"
,,,,,"('William Trask', 'John Grennell')"
,,,,,"('William Trask', 'Donald Clark')"
,,,,,"('William Trask', 'Donald Hepkins')"
,,,,,"('William Trask', 'Brian Rott')"
,,,,,"('Jeffrey Gier', 'Allen Nolan')"
,,,,,"('Jeffrey Gier', 'Rick Snavely')"
,,,,,"('Jeffrey Gier', 'Ron Kobel')"
,,,,,"('Jeffrey Gier', 'Lee Brunell')"
,,,,,"('Jeffrey Gier', 'Brian Campbell')"
,,,,,"('Jeffrey Gier', 'Clark Borngraber')"
,,,,,"('Jeffrey Gier', 'Jim Travis')"
,,,,,"('Jeffrey Gier', 'Bob Knorr')"
,,,,,"('Jeffrey Gier', 'Barbara Daniel')"
,,,,,"('Jeffrey Gier', 'Lynda Ostrowski')"
,,,,,"('Jeffrey Gier', 'Bill Henry')"
,,,,,"('Jeffrey Gier', 'Joseph Ostrowski')"
,,,,,"('Jeffrey Gier', 'Debra Ritz')"
,,,,,"('Jeffrey Gier', 'John Grennell')"
,,,,,"('Jeffrey Gier', 'Donald Clark')"
,,,,,"('Jeffrey Gier', 'Donald Hepkins')"
,,,,,"('Jeffrey Gier', 'Brian Rott')"
,,,,,"('Allen Nolan', 'Rick Snavely')"
,,,,,"('Allen Nolan', 'Ron Kobel')"
,,,,,"('Allen Nolan', 'Lee Brunell')"
,,,,,"('Allen Nolan', 'Brian Campbell')"
,,,,,"('Allen Nolan', 'Clark Borngraber')"
,,,,,"('Allen Nolan', 'Jim Travis')"
,,,,,"('Allen Nolan', 'Bob Knorr')"
,,,,,"('Allen Nolan', 'Barbara Daniel')"
,,,,,"('Allen Nolan', 'Lynda Ostrowski')"
,,,,,"('Allen Nolan', 'Bill Henry')"
,,,,,"('Allen Nolan', 'Joseph Ostrowski')"
,,,,,"('Allen Nolan', 'Debra Ritz')"
,,,,,"('Allen Nolan', 'John Grennell')"
,,,,,"('Allen Nolan', 'Donald Clark')"
,,,,,"('Allen Nolan', 'Donald Hepkins')"
,,,,,"('Allen Nolan', 'Brian Rott')"
,,,,,"('Rick Snavely', 'Ron Kobel')"
,,,,,"('Rick Snavely', 'Lee Brunell')"
,,,,,"('Rick Snavely', 'Brian Campbell')"
,,,,,"('Rick Snavely', 'Clark Borngraber')"
,,,,,"('Rick Snavely', 'Jim Travis')"
,,,,,"('Rick Snavely', 'Bob Knorr')"
,,,,,"('Rick Snavely', 'Barbara Daniel')"
,,,,,"('Rick Snavely', 'Lynda Ostrowski')"
,,,,,"('Rick Snavely', 'Bill Henry')"
,,,,,"('Rick Snavely', 'Joseph Ostrowski')"
,,,,,"('Rick Snavely', 'Debra Ritz')"
,,,,,"('Rick Snavely', 'John Grennell')"
,,,,,"('Rick Snavely', 'Donald Clark')"
,,,,,"('Rick Snavely', 'Donald Hepkins')"
,,,,,"('Rick Snavely', 'Brian Rott')"
,,,,,"('Ron Kobel', 'Lee Brunell')"
,,,,,"('Ron Kobel', 'Brian Campbell')"
,,,,,"('Ron Kobel', 'Clark Borngraber')"
,,,,,"('Ron Kobel', 'Jim Travis')"
,,,,,"('Ron Kobel', 'Bob Knorr')"
,,,,,"('Ron Kobel', 'Barbara Daniel')"
,,,,,"('Ron Kobel', 'Lynda Ostrowski')"
,,,,,"('Ron Kobel', 'Bill Henry')"
,,,,,"('Ron Kobel', 'Joseph Ostrowski')"
,,,,,"('Ron Kobel', 'Debra Ritz')"
,,,,,"('Ron Kobel', 'John Grennell')"
,,,,,"('Ron Kobel', 'Donald Clark')"
,,,,,"('Ron Kobel', 'Donald Hepkins')"
,,,,,"('Ron Kobel', 'Brian Rott')"
,,,,,"('Lee Brunell', 'Brian Campbell')"
,,,,,"('Lee Brunell', 'Clark Borngraber')"
,,,,,"('Lee Brunell', 'Jim Travis')"
,,,,,"('Lee Brunell', 'Bob Knorr')"
,,,,,"('Lee Brunell', 'Barbara Daniel')"
,,,,,"('Lee Brunell', 'Lynda Ostrowski')"
,,,,,"('Lee Brunell', 'Bill Henry')"
,,,,,"('Lee Brunell', 'Joseph Ostrowski')"
,,,,,"('Lee Brunell', 'Debra Ritz')"
,,,,,"('Lee Brunell', 'John Grennell')"
,,,,,"('Lee Brunell', 'Donald Clark')"
,,,,,"('Lee Brunell', 'Donald Hepkins')"
,,,,,"('Lee Brunell', 'Brian Rott')"
,,,,,"('Brian Campbell', 'Clark Borngraber')"
,,,,,"('Brian Campbell', 'Jim Travis')"
,,,,,"('Brian Campbell', 'Bob Knorr')"
,,,,,"('Brian Campbell', 'Barbara Daniel')"
,,,,,"('Brian Campbell', 'Lynda Ostrowski')"
,,,,,"('Brian Campbell', 'Bill Henry')"
,,,,,"('Brian Campbell', 'Joseph Ostrowski')"
,,,,,"('Brian Campbell', 'Debra Ritz')"
,,,,,"('Brian Campbell', 'John Grennell')"
,,,,,"('Brian Campbell', 'Donald Clark')"
,,,,,"('Brian Campbell', 'Donald Hepkins')"
,,,,,"('Brian Campbell', 'Brian Rott')"
,,,,,"('Clark Borngraber', 'Jim Travis')"
,,,,,"('Clark Borngraber', 'Bob Knorr')"
,,,,,"('Clark Borngraber', 'Barbara Daniel')"
,,,,,"('Clark Borngraber', 'Lynda Ostrowski')"
,,,,,"('Clark Borngraber', 'Bill Henry')"
,,,,,"('Clark Borngraber', 'Joseph Ostrowski')"
,,,,,"('Clark Borngraber', 'Debra Ritz')"
,,,,,"('Clark Borngraber', 'John Grennell')"
,,,,,"('Clark Borngraber', 'Donald Clark')"
,,,,,"('Clark Borngraber', 'Donald Hepkins')"
,,,,,"('Clark Borngraber', 'Brian Rott')"
,,,,,"('Jim Travis', 'Bob Knorr')"
,,,,,"('Jim Travis', 'Barbara Daniel')"
,,,,,"('Jim Travis', 'Lynda Ostrowski')"
,,,,,"('Jim Travis', 'Bill Henry')"
,,,,,"('Jim Travis', 'Joseph Ostrowski')"
,,,,,"('Jim Travis', 'Debra Ritz')"
,,,,,"('Jim Travis', 'John Grennell')"
,,,,,"('Jim Travis', 'Donald Clark')"
,,,,,"('Jim Travis', 'Donald Hepkins')"
,,,,,"('Jim Travis', 'Brian Rott')"
,,,,,"('Bob Knorr', 'Barbara Daniel')"
,,,,,"('Bob Knorr', 'Lynda Ostrowski')"
,,,,,"('Bob Knorr', 'Bill Henry')"
,,,,,"('Bob Knorr', 'Joseph Ostrowski')"
,,,,,"('Bob Knorr', 'Debra Ritz')"
,,,,,"('Bob Knorr', 'John Grennell')"
,,,,,"('Bob Knorr', 'Donald Clark')"
,,,,,"('Bob Knorr', 'Donald Hepkins')"
,,,,,"('Bob Knorr', 'Brian Rott')"
,,,,,"('Barbara Daniel', 'Lynda Ostrowski')"
,,,,,"('Barbara Daniel', 'Bill Henry')"
,,,,,"('Barbara Daniel', 'Joseph Ostrowski')"
,,,,,"('Barbara Daniel', 'Debra Ritz')"
,,,,,"('Barbara Daniel', 'John Grennell')"
,,,,,"('Barbara Daniel', 'Donald Clark')"
,,,,,"('Barbara Daniel', 'Donald Hepkins')"
,,,,,"('Barbara Daniel', 'Brian Rott')"
,,,,,"('Lynda Ostrowski', 'Bill Henry')"
,,,,,"('Lynda Ostrowski', 'Joseph Ostrowski')"
,,,,,"('Lynda Ostrowski', 'Debra Ritz')"
,,,,,"('Lynda Ostrowski', 'John Grennell')"
,,,,,"('Lynda Ostrowski', 'Donald Clark')"
,,,,,"('Lynda Ostrowski', 'Donald Hepkins')"
,,,,,"('Lynda Ostrowski', 'Brian Rott')"
,,,,,"('Bill Henry', 'Joseph Ostrowski')"
,,,,,"('Bill Henry', 'Debra Ritz')"
,,,,,"('Bill Henry', 'John Grennell')"
,,,,,"('Bill Henry', 'Donald Clark')"
,,,,,"('Bill Henry', 'Donald Hepkins')"
,,,,,"('Bill Henry', 'Brian Rott')"
,,,,,"('Joseph Ostrowski', 'Debra Ritz')"
,,,,,"('Joseph Ostrowski', 'John Grennell')"
,,,,,"('Joseph Ostrowski', 'Donald Clark')"
,,,,,"('Joseph Ostrowski', 'Donald Hepkins')"
,,,,,"('Joseph Ostrowski', 'Brian Rott')"
,,,,,"('Debra Ritz', 'John Grennell')"
,,,,,"('Debra Ritz', 'Donald Clark')"
,,,,,"('Debra Ritz', 'Donald Hepkins')"
,,,,,"('Debra Ritz', 'Brian Rott')"
,,,,,"('John Grennell', 'Donald Clark')"
,,,,,"('John Grennell', 'Donald Hepkins')"
,,,,,"('John Grennell', 'Brian Rott')"
,,,,,"('Donald Clark', 'Donald Hepkins')"
,,,,,"('Donald Clark', 'Brian Rott')"
,,,,,"('Donald Hepkins', 'Brian Rott')"
