Actor Overlap,Relationship Overlap,Unique Newspaper Network Actors,Unique Meeting Minute Network Actors,Unique Newspaper Network Relationships,Unique Newspaper Network Relationships
Brayton Foster,"('Peter Arena', 'Richard Rose')",Carol French,Rumsey,"('Carol French', 'Don Barber')","('Maryann Vellake', 'Roxanne Gupta')"
Maryann Vellake,"('Gary Hunt', 'Anthony Ingraffea')",Hilary Gifford,Valerie Bassett,"('Carol French', 'Hilary Gifford')","('Maryann Vellake', 'Eric Ott')"
Duane Waid,"('Patrick Morrell', 'Richard Rose')",Don Barber,Lee Davidson,"('Carol French', 'Roxanne Gupta')","('Maryann Vellake', 'Emily Aman')"
Roxanne Gupta,"('Linda Blossom', 'Duane Waid')",Joseph Heath,Colleen Freese,"('Carol French', 'Eric Ott')","('Maryann Vellake', 'Patrick Morrell')"
Eric Ott,"('Eric Ott', 'Patrick Morrell')",Leon Anders,Stephen Selover,"('Carol French', 'Maryann Vellake')","('Maryann Vellake', 'Gary Hunt')"
Bruce Austic,"('Roxanne Gupta', 'Michael Reynolds')",Rob Schoeffel,John Swanson,"('Carol French', 'Emily Aman')","('Maryann Vellake', 'Rumsey')"
William Kappel,"('Brayton Foster', 'Charles Bosman')",Sean Dembrowsky,Judy Kugelamass,"('Carol French', 'Patrick Morrell')","('Maryann Vellake', 'Valerie Bassett')"
Emily Aman,"('Brayton Foster', 'Bruce Austic')",Jorden DePue,Robert Mc Gill JR,"('Carol French', 'Joseph Heath')","('Maryann Vellake', 'Lee Davidson')"
Patrick Morrell,"('Maryann Vellake', 'Peter Arena')",Daniel Dembrosky,Carrie Halcomb,"('Carol French', 'Leon Anders')","('Maryann Vellake', 'Colleen Freese')"
Barry Ford,"('Peter Arena', 'Duane Waid')",Holly Bailey,Donald Austin,"('Carol French', 'Gary Hunt')","('Maryann Vellake', 'Stephen Selover')"
Mariah Plumlee,"('Patrick Morrell', 'Anthony Ingraffea')",Judy Kugelmass,Jeffrey MacCheyne,"('Carol French', 'Noelle Dembrosky')","('Maryann Vellake', 'John Swanson')"
Richard Rose,"('Roxanne Gupta', 'Linda Blossom')",Carolyn Knapp,Don Kenyon,"('Carol French', 'Rob Schoeffel')","('Maryann Vellake', 'Judy Kugelamass')"
Gary Hunt,"('Patrick Morrell', 'William Kappel')",Noelle Dembrosky,Margaret Jastran,"('Carol French', 'Sean Dembrosky')","('Maryann Vellake', 'Robert Mc Gill JR')"
Sean Dembrosky,"('Brayton Foster', 'Richard Rose')",Carrie Holcomb,Larry Abraham,"('Carol French', 'Brayton Foster')","('Maryann Vellake', 'Carrie Halcomb')"
Peter Arena,"('Eric Ott', 'Charles Bosman')",Meg Jastran,Seth Thomas,"('Carol French', 'Sean Dembrowsky')","('Maryann Vellake', 'Donald Austin')"
Linda Blossom,"('Maryann Vellake', 'Richard Rose')",Michael Dineen,Jeffery Vann,"('Carol French', 'Bruce Austic')","('Maryann Vellake', 'Jeffrey MacCheyne')"
Anthony Ingraffea,"('Roxanne Gupta', 'Eric Ott')",Jack Wickham,Donna Levy,"('Carol French', 'Jorden DePue')","('Maryann Vellake', 'Don Kenyon')"
Michael Reynolds,"('Eric Ott', 'Barry Ford')",Chuck Bosman,Melissa Madden,"('Carol French', 'William Kappel')","('Maryann Vellake', 'Margaret Jastran')"
Charles Bosman,"('Emily Aman', 'Peter Arena')",Jeff Vann,Anthony Delplato,"('Carol French', 'Daniel Dembrosky')","('Maryann Vellake', 'Larry Abraham')"
,"('Brayton Foster', 'Mariah Plumlee')",Dave Nowicki,,"('Carol French', 'Holly Bailey')","('Maryann Vellake', 'Seth Thomas')"
,"('Peter Arena', 'Charles Bosman')",Bill Larsen,,"('Carol French', 'Judy Kugelmass')","('Maryann Vellake', 'Jeffery Vann')"
,"('Maryann Vellake', 'William Kappel')",Jeff Asbrand,,"('Carol French', 'Carolyn Knapp')","('Maryann Vellake', 'Donna Levy')"
,"('Gary Hunt', 'Michael Reynolds')",Keith Jay,,"('Carol French', 'Peter Arena')","('Maryann Vellake', 'Melissa Madden')"
,"('Maryann Vellake', 'Anthony Ingraffea')",Mary Ott,,"('Carol French', 'Anthony Ingraffea')","('Maryann Vellake', 'Anthony Delplato')"
,"('Brayton Foster', 'Duane Waid')",Jeff Bond,,"('Carol French', 'Michael Reynolds')","('Roxanne Gupta', 'Rumsey')"
,"('Patrick Morrell', 'Peter Arena')",Michael Covert,,"('Carol French', 'Charles Bosman')","('Roxanne Gupta', 'Valerie Bassett')"
,"('Bruce Austic', 'Mariah Plumlee')",Ruth Same,,"('Carol French', 'Mariah Plumlee')","('Roxanne Gupta', 'Lee Davidson')"
,"('Richard Rose', 'Duane Waid')",David Dresser,,"('Carol French', 'Carrie Holcomb')","('Roxanne Gupta', 'Colleen Freese')"
,"('Roxanne Gupta', 'Gary Hunt')",Barbara Stewart,,"('Carol French', 'Meg Jastran')","('Roxanne Gupta', 'Stephen Selover')"
,"('William Kappel', 'Mariah Plumlee')",Chris Kempf,,"('Carol French', 'Michael Dineen')","('Roxanne Gupta', 'John Swanson')"
,"('Emily Aman', 'Charles Bosman')",,,"('Carol French', 'Jack Wickham')","('Roxanne Gupta', 'Judy Kugelamass')"
,"('Bruce Austic', 'William Kappel')",,,"('Carol French', 'Barry Ford')","('Roxanne Gupta', 'Robert Mc Gill JR')"
,"('Emily Aman', 'Brayton Foster')",,,"('Carol French', 'Chuck Bosman')","('Roxanne Gupta', 'Carrie Halcomb')"
,"('Barry Ford', 'Richard Rose')",,,"('Carol French', 'Richard Rose')","('Roxanne Gupta', 'Donald Austin')"
,"('Eric Ott', 'Peter Arena')",,,"('Carol French', 'Jeff Vann')","('Roxanne Gupta', 'Jeffrey MacCheyne')"
,"('Bruce Austic', 'Anthony Ingraffea')",,,"('Carol French', 'Dave Nowicki')","('Roxanne Gupta', 'Don Kenyon')"
,"('Roxanne Gupta', 'Bruce Austic')",,,"('Carol French', 'Bill Larsen')","('Roxanne Gupta', 'Margaret Jastran')"
,"('Brayton Foster', 'William Kappel')",,,"('Carol French', 'Jeff Asbrand')","('Roxanne Gupta', 'Larry Abraham')"
,"('Michael Reynolds', 'Richard Rose')",,,"('Carol French', 'Keith Jay')","('Roxanne Gupta', 'Seth Thomas')"
,"('Eric Ott', 'Michael Reynolds')",,,"('Carol French', 'Mary Ott')","('Roxanne Gupta', 'Jeffery Vann')"
,"('Patrick Morrell', 'Brayton Foster')",,,"('Carol French', 'Linda Blossom')","('Roxanne Gupta', 'Donna Levy')"
,"('William Kappel', 'Barry Ford')",,,"('Carol French', 'Jeff Bond')","('Roxanne Gupta', 'Melissa Madden')"
,"('Maryann Vellake', 'Barry Ford')",,,"('Carol French', 'Michael Covert')","('Roxanne Gupta', 'Anthony Delplato')"
,"('Roxanne Gupta', 'William Kappel')",,,"('Carol French', 'Duane Waid')","('Eric Ott', 'Rumsey')"
,"('Patrick Morrell', 'Linda Blossom')",,,"('Carol French', 'Ruth Same')","('Eric Ott', 'Valerie Bassett')"
,"('Anthony Ingraffea', 'Linda Blossom')",,,"('Carol French', 'David Dresser')","('Eric Ott', 'Lee Davidson')"
,"('William Kappel', 'Duane Waid')",,,"('Carol French', 'Barbara Stewart')","('Eric Ott', 'Colleen Freese')"
,"('Gary Hunt', 'Barry Ford')",,,"('Carol French', 'Chris Kempf')","('Eric Ott', 'Stephen Selover')"
,"('Gary Hunt', 'Charles Bosman')",,,"('Hilary Gifford', 'Roxanne Gupta')","('Eric Ott', 'John Swanson')"
,"('Gary Hunt', 'Bruce Austic')",,,"('Hilary Gifford', 'Eric Ott')","('Eric Ott', 'Judy Kugelamass')"
,"('Bruce Austic', 'Peter Arena')",,,"('Hilary Gifford', 'Don Barber')","('Eric Ott', 'Robert Mc Gill JR')"
,"('Eric Ott', 'Brayton Foster')",,,"('Hilary Gifford', 'Emily Aman')","('Eric Ott', 'Carrie Halcomb')"
,"('William Kappel', 'Richard Rose')",,,"('Hilary Gifford', 'Patrick Morrell')","('Eric Ott', 'Donald Austin')"
,"('Maryann Vellake', 'Mariah Plumlee')",,,"('Hilary Gifford', 'Joseph Heath')","('Eric Ott', 'Jeffrey MacCheyne')"
,"('Bruce Austic', 'Michael Reynolds')",,,"('Hilary Gifford', 'Leon Anders')","('Eric Ott', 'Don Kenyon')"
,"('Gary Hunt', 'Mariah Plumlee')",,,"('Hilary Gifford', 'Gary Hunt')","('Eric Ott', 'Margaret Jastran')"
,"('Brayton Foster', 'Anthony Ingraffea')",,,"('Hilary Gifford', 'Maryann Vellake')","('Eric Ott', 'Larry Abraham')"
,"('Peter Arena', 'Linda Blossom')",,,"('Hilary Gifford', 'Rob Schoeffel')","('Eric Ott', 'Seth Thomas')"
,"('Roxanne Gupta', 'Duane Waid')",,,"('Hilary Gifford', 'Sean Dembrosky')","('Eric Ott', 'Jeffery Vann')"
,"('Roxanne Gupta', 'Barry Ford')",,,"('Hilary Gifford', 'Brayton Foster')","('Eric Ott', 'Donna Levy')"
,"('Emily Aman', 'Anthony Ingraffea')",,,"('Hilary Gifford', 'Sean Dembrowsky')","('Eric Ott', 'Melissa Madden')"
,"('William Kappel', 'Michael Reynolds')",,,"('Hilary Gifford', 'Bruce Austic')","('Eric Ott', 'Anthony Delplato')"
,"('Maryann Vellake', 'Charles Bosman')",,,"('Hilary Gifford', 'Jorden DePue')","('Emily Aman', 'Rumsey')"
,"('Emily Aman', 'Richard Rose')",,,"('Hilary Gifford', 'William Kappel')","('Emily Aman', 'Valerie Bassett')"
,"('Gary Hunt', 'Richard Rose')",,,"('Hilary Gifford', 'Daniel Dembrosky')","('Emily Aman', 'Lee Davidson')"
,"('Eric Ott', 'Duane Waid')",,,"('Hilary Gifford', 'Holly Bailey')","('Emily Aman', 'Colleen Freese')"
,"('Peter Arena', 'Anthony Ingraffea')",,,"('Hilary Gifford', 'Judy Kugelmass')","('Emily Aman', 'Stephen Selover')"
,"('Brayton Foster', 'Peter Arena')",,,"('Hilary Gifford', 'Carolyn Knapp')","('Emily Aman', 'John Swanson')"
,"('Patrick Morrell', 'Gary Hunt')",,,"('Hilary Gifford', 'Peter Arena')","('Emily Aman', 'Judy Kugelamass')"
,"('Barry Ford', 'Linda Blossom')",,,"('Hilary Gifford', 'Anthony Ingraffea')","('Emily Aman', 'Robert Mc Gill JR')"
,"('Emily Aman', 'Mariah Plumlee')",,,"('Hilary Gifford', 'Michael Reynolds')","('Emily Aman', 'Carrie Halcomb')"
,"('Peter Arena', 'Barry Ford')",,,"('Hilary Gifford', 'Charles Bosman')","('Emily Aman', 'Donald Austin')"
,"('William Kappel', 'Charles Bosman')",,,"('Hilary Gifford', 'Noelle Dembrosky')","('Emily Aman', 'Jeffrey MacCheyne')"
,"('Maryann Vellake', 'Michael Reynolds')",,,"('Hilary Gifford', 'Mariah Plumlee')","('Emily Aman', 'Don Kenyon')"
,"('Emily Aman', 'William Kappel')",,,"('Hilary Gifford', 'Carrie Holcomb')","('Emily Aman', 'Margaret Jastran')"
,"('Bruce Austic', 'Richard Rose')",,,"('Hilary Gifford', 'Meg Jastran')","('Emily Aman', 'Larry Abraham')"
,"('Gary Hunt', 'Duane Waid')",,,"('Hilary Gifford', 'Michael Dineen')","('Emily Aman', 'Seth Thomas')"
,"('Eric Ott', 'Richard Rose')",,,"('Hilary Gifford', 'Jack Wickham')","('Emily Aman', 'Jeffery Vann')"
,"('Emily Aman', 'Bruce Austic')",,,"('Hilary Gifford', 'Barry Ford')","('Emily Aman', 'Donna Levy')"
,"('Roxanne Gupta', 'Anthony Ingraffea')",,,"('Hilary Gifford', 'Chuck Bosman')","('Emily Aman', 'Melissa Madden')"
,"('Emily Aman', 'Michael Reynolds')",,,"('Hilary Gifford', 'Richard Rose')","('Emily Aman', 'Anthony Delplato')"
,"('Maryann Vellake', 'Duane Waid')",,,"('Hilary Gifford', 'Jeff Vann')","('Patrick Morrell', 'Rumsey')"
,"('Mariah Plumlee', 'Duane Waid')",,,"('Hilary Gifford', 'Dave Nowicki')","('Patrick Morrell', 'Valerie Bassett')"
,"('Roxanne Gupta', 'Brayton Foster')",,,"('Hilary Gifford', 'Bill Larsen')","('Patrick Morrell', 'Lee Davidson')"
,"('Mariah Plumlee', 'Barry Ford')",,,"('Hilary Gifford', 'Jeff Asbrand')","('Patrick Morrell', 'Colleen Freese')"
,"('Roxanne Gupta', 'Sean Dembrosky')",,,"('Hilary Gifford', 'Keith Jay')","('Patrick Morrell', 'Stephen Selover')"
,"('Patrick Morrell', 'Bruce Austic')",,,"('Hilary Gifford', 'Mary Ott')","('Patrick Morrell', 'John Swanson')"
,"('Peter Arena', 'Michael Reynolds')",,,"('Hilary Gifford', 'Linda Blossom')","('Patrick Morrell', 'Judy Kugelamass')"
,"('Eric Ott', 'Mariah Plumlee')",,,"('Hilary Gifford', 'Jeff Bond')","('Patrick Morrell', 'Robert Mc Gill JR')"
,"('Eric Ott', 'Linda Blossom')",,,"('Hilary Gifford', 'Michael Covert')","('Patrick Morrell', 'Carrie Halcomb')"
,"('Patrick Morrell', 'Duane Waid')",,,"('Hilary Gifford', 'Duane Waid')","('Patrick Morrell', 'Donald Austin')"
,"('Sean Dembrosky', 'Duane Waid')",,,"('Hilary Gifford', 'Ruth Same')","('Patrick Morrell', 'Jeffrey MacCheyne')"
,"('Gary Hunt', 'Brayton Foster')",,,"('Hilary Gifford', 'David Dresser')","('Patrick Morrell', 'Don Kenyon')"
,"('Eric Ott', 'William Kappel')",,,"('Hilary Gifford', 'Barbara Stewart')","('Patrick Morrell', 'Margaret Jastran')"
,"('Eric Ott', 'Bruce Austic')",,,"('Hilary Gifford', 'Chris Kempf')","('Patrick Morrell', 'Larry Abraham')"
,"('Roxanne Gupta', 'Emily Aman')",,,"('Roxanne Gupta', 'Don Barber')","('Patrick Morrell', 'Seth Thomas')"
,"('Eric Ott', 'Emily Aman')",,,"('Roxanne Gupta', 'Joseph Heath')","('Patrick Morrell', 'Jeffery Vann')"
,"('Brayton Foster', 'Barry Ford')",,,"('Roxanne Gupta', 'Leon Anders')","('Patrick Morrell', 'Donna Levy')"
,"('Maryann Vellake', 'Bruce Austic')",,,"('Roxanne Gupta', 'Maryann Vellake')","('Patrick Morrell', 'Melissa Madden')"
,"('William Kappel', 'Peter Arena')",,,"('Roxanne Gupta', 'Rob Schoeffel')","('Patrick Morrell', 'Anthony Delplato')"
,"('Mariah Plumlee', 'Linda Blossom')",,,"('Roxanne Gupta', 'Sean Dembrowsky')","('Gary Hunt', 'Rumsey')"
,"('Anthony Ingraffea', 'Michael Reynolds')",,,"('Roxanne Gupta', 'Jorden DePue')","('Gary Hunt', 'Valerie Bassett')"
,"('Michael Reynolds', 'Linda Blossom')",,,"('Roxanne Gupta', 'Daniel Dembrosky')","('Gary Hunt', 'Lee Davidson')"
,"('Bruce Austic', 'Barry Ford')",,,"('Roxanne Gupta', 'Holly Bailey')","('Gary Hunt', 'Colleen Freese')"
,"('Gary Hunt', 'Peter Arena')",,,"('Roxanne Gupta', 'Judy Kugelmass')","('Gary Hunt', 'Stephen Selover')"
,"('Patrick Morrell', 'Michael Reynolds')",,,"('Roxanne Gupta', 'Carolyn Knapp')","('Gary Hunt', 'John Swanson')"
,"('Gary Hunt', 'William Kappel')",,,"('Roxanne Gupta', 'Noelle Dembrosky')","('Gary Hunt', 'Judy Kugelamass')"
,"('Roxanne Gupta', 'Charles Bosman')",,,"('Roxanne Gupta', 'Carrie Holcomb')","('Gary Hunt', 'Robert Mc Gill JR')"
,"('William Kappel', 'Anthony Ingraffea')",,,"('Roxanne Gupta', 'Meg Jastran')","('Gary Hunt', 'Carrie Halcomb')"
,"('Michael Reynolds', 'Charles Bosman')",,,"('Roxanne Gupta', 'Michael Dineen')","('Gary Hunt', 'Donald Austin')"
,"('Emily Aman', 'Duane Waid')",,,"('Roxanne Gupta', 'Jack Wickham')","('Gary Hunt', 'Jeffrey MacCheyne')"
,"('Emily Aman', 'Sean Dembrosky')",,,"('Roxanne Gupta', 'Chuck Bosman')","('Gary Hunt', 'Don Kenyon')"
,"('Barry Ford', 'Duane Waid')",,,"('Roxanne Gupta', 'Jeff Vann')","('Gary Hunt', 'Margaret Jastran')"
,"('Patrick Morrell', 'Charles Bosman')",,,"('Roxanne Gupta', 'Dave Nowicki')","('Gary Hunt', 'Larry Abraham')"
,"('Sean Dembrosky', 'Linda Blossom')",,,"('Roxanne Gupta', 'Bill Larsen')","('Gary Hunt', 'Seth Thomas')"
,"('Emily Aman', 'Gary Hunt')",,,"('Roxanne Gupta', 'Jeff Asbrand')","('Gary Hunt', 'Jeffery Vann')"
,"('Michael Reynolds', 'Duane Waid')",,,"('Roxanne Gupta', 'Keith Jay')","('Gary Hunt', 'Donna Levy')"
,"('Gary Hunt', 'Linda Blossom')",,,"('Roxanne Gupta', 'Mary Ott')","('Gary Hunt', 'Melissa Madden')"
,"('Brayton Foster', 'Linda Blossom')",,,"('Roxanne Gupta', 'Jeff Bond')","('Gary Hunt', 'Anthony Delplato')"
,"('Roxanne Gupta', 'Patrick Morrell')",,,"('Roxanne Gupta', 'Michael Covert')","('Rumsey', 'Sean Dembrosky')"
,"('Maryann Vellake', 'Sean Dembrosky')",,,"('Roxanne Gupta', 'Ruth Same')","('Rumsey', 'Valerie Bassett')"
,"('Roxanne Gupta', 'Peter Arena')",,,"('Roxanne Gupta', 'David Dresser')","('Rumsey', 'Brayton Foster')"
,"('Anthony Ingraffea', 'Barry Ford')",,,"('Roxanne Gupta', 'Barbara Stewart')","('Rumsey', 'Lee Davidson')"
,"('Richard Rose', 'Linda Blossom')",,,"('Roxanne Gupta', 'Chris Kempf')","('Rumsey', 'Colleen Freese')"
,"('Maryann Vellake', 'Linda Blossom')",,,"('Eric Ott', 'Don Barber')","('Rumsey', 'Bruce Austic')"
,"('Bruce Austic', 'Duane Waid')",,,"('Eric Ott', 'Joseph Heath')","('Rumsey', 'Stephen Selover')"
,"('Anthony Ingraffea', 'Charles Bosman')",,,"('Eric Ott', 'Leon Anders')","('Rumsey', 'William Kappel')"
,"('Maryann Vellake', 'Brayton Foster')",,,"('Eric Ott', 'Maryann Vellake')","('Rumsey', 'Mariah Plumlee')"
,"('Patrick Morrell', 'Mariah Plumlee')",,,"('Eric Ott', 'Rob Schoeffel')","('Rumsey', 'Peter Arena')"
,"('Sean Dembrosky', 'Charles Bosman')",,,"('Eric Ott', 'Sean Dembrowsky')","('Rumsey', 'Anthony Ingraffea')"
,"('Roxanne Gupta', 'Mariah Plumlee')",,,"('Eric Ott', 'Jorden DePue')","('Rumsey', 'Michael Reynolds')"
,"('Anthony Ingraffea', 'Richard Rose')",,,"('Eric Ott', 'Daniel Dembrosky')","('Rumsey', 'John Swanson')"
,"('Bruce Austic', 'Charles Bosman')",,,"('Eric Ott', 'Holly Bailey')","('Rumsey', 'Judy Kugelamass')"
,"('Eric Ott', 'Sean Dembrosky')",,,"('Eric Ott', 'Judy Kugelmass')","('Rumsey', 'Robert Mc Gill JR')"
,"('Gary Hunt', 'Sean Dembrosky')",,,"('Eric Ott', 'Carolyn Knapp')","('Rumsey', 'Carrie Halcomb')"
,"('Eric Ott', 'Anthony Ingraffea')",,,"('Eric Ott', 'Noelle Dembrosky')","('Rumsey', 'Barry Ford')"
,"('Emily Aman', 'Patrick Morrell')",,,"('Eric Ott', 'Carrie Holcomb')","('Rumsey', 'Richard Rose')"
,"('Emily Aman', 'Linda Blossom')",,,"('Eric Ott', 'Meg Jastran')","('Rumsey', 'Donald Austin')"
,"('Eric Ott', 'Gary Hunt')",,,"('Eric Ott', 'Michael Dineen')","('Rumsey', 'Jeffrey MacCheyne')"
,"('Patrick Morrell', 'Barry Ford')",,,"('Eric Ott', 'Jack Wickham')","('Rumsey', 'Don Kenyon')"
,"('Brayton Foster', 'Michael Reynolds')",,,"('Eric Ott', 'Chuck Bosman')","('Rumsey', 'Margaret Jastran')"
,"('Anthony Ingraffea', 'Duane Waid')",,,"('Eric Ott', 'Jeff Vann')","('Rumsey', 'Linda Blossom')"
,"('Roxanne Gupta', 'Richard Rose')",,,"('Eric Ott', 'Dave Nowicki')","('Rumsey', 'Larry Abraham')"
,"('William Kappel', 'Linda Blossom')",,,"('Eric Ott', 'Bill Larsen')","('Rumsey', 'Seth Thomas')"
,"('Mariah Plumlee', 'Richard Rose')",,,"('Eric Ott', 'Jeff Asbrand')","('Rumsey', 'Jeffery Vann')"
,"('Bruce Austic', 'Linda Blossom')",,,"('Eric Ott', 'Keith Jay')","('Rumsey', 'Duane Waid')"
,"('Patrick Morrell', 'Sean Dembrosky')",,,"('Eric Ott', 'Mary Ott')","('Rumsey', 'Charles Bosman')"
,"('Michael Reynolds', 'Barry Ford')",,,"('Eric Ott', 'Jeff Bond')","('Rumsey', 'Donna Levy')"
,"('Emily Aman', 'Barry Ford')",,,"('Eric Ott', 'Michael Covert')","('Rumsey', 'Melissa Madden')"
,,,,"('Eric Ott', 'Ruth Same')","('Rumsey', 'Anthony Delplato')"
,,,,"('Eric Ott', 'David Dresser')","('Valerie Bassett', 'Brayton Foster')"
,,,,"('Eric Ott', 'Barbara Stewart')","('Valerie Bassett', 'Lee Davidson')"
,,,,"('Eric Ott', 'Chris Kempf')","('Valerie Bassett', 'Colleen Freese')"
,,,,"('Don Barber', 'Maryann Vellake')","('Valerie Bassett', 'Bruce Austic')"
,,,,"('Don Barber', 'Emily Aman')","('Valerie Bassett', 'Stephen Selover')"
,,,,"('Don Barber', 'Patrick Morrell')","('Valerie Bassett', 'William Kappel')"
,,,,"('Don Barber', 'Joseph Heath')","('Valerie Bassett', 'Mariah Plumlee')"
,,,,"('Don Barber', 'Leon Anders')","('Valerie Bassett', 'Peter Arena')"
,,,,"('Don Barber', 'Gary Hunt')","('Valerie Bassett', 'Anthony Ingraffea')"
,,,,"('Don Barber', 'Noelle Dembrosky')","('Valerie Bassett', 'Michael Reynolds')"
,,,,"('Don Barber', 'Rob Schoeffel')","('Valerie Bassett', 'John Swanson')"
,,,,"('Don Barber', 'Sean Dembrosky')","('Valerie Bassett', 'Judy Kugelamass')"
,,,,"('Don Barber', 'Brayton Foster')","('Valerie Bassett', 'Robert Mc Gill JR')"
,,,,"('Don Barber', 'Sean Dembrowsky')","('Valerie Bassett', 'Carrie Halcomb')"
,,,,"('Don Barber', 'Bruce Austic')","('Valerie Bassett', 'Barry Ford')"
,,,,"('Don Barber', 'Jorden DePue')","('Valerie Bassett', 'Richard Rose')"
,,,,"('Don Barber', 'William Kappel')","('Valerie Bassett', 'Donald Austin')"
,,,,"('Don Barber', 'Daniel Dembrosky')","('Valerie Bassett', 'Jeffrey MacCheyne')"
,,,,"('Don Barber', 'Holly Bailey')","('Valerie Bassett', 'Sean Dembrosky')"
,,,,"('Don Barber', 'Judy Kugelmass')","('Valerie Bassett', 'Don Kenyon')"
,,,,"('Don Barber', 'Carolyn Knapp')","('Valerie Bassett', 'Margaret Jastran')"
,,,,"('Don Barber', 'Peter Arena')","('Valerie Bassett', 'Linda Blossom')"
,,,,"('Don Barber', 'Anthony Ingraffea')","('Valerie Bassett', 'Larry Abraham')"
,,,,"('Don Barber', 'Michael Reynolds')","('Valerie Bassett', 'Seth Thomas')"
,,,,"('Don Barber', 'Charles Bosman')","('Valerie Bassett', 'Jeffery Vann')"
,,,,"('Don Barber', 'Mariah Plumlee')","('Valerie Bassett', 'Duane Waid')"
,,,,"('Don Barber', 'Carrie Holcomb')","('Valerie Bassett', 'Charles Bosman')"
,,,,"('Don Barber', 'Meg Jastran')","('Valerie Bassett', 'Donna Levy')"
,,,,"('Don Barber', 'Michael Dineen')","('Valerie Bassett', 'Melissa Madden')"
,,,,"('Don Barber', 'Jack Wickham')","('Valerie Bassett', 'Anthony Delplato')"
,,,,"('Don Barber', 'Barry Ford')","('Brayton Foster', 'Lee Davidson')"
,,,,"('Don Barber', 'Chuck Bosman')","('Brayton Foster', 'Colleen Freese')"
,,,,"('Don Barber', 'Richard Rose')","('Brayton Foster', 'Stephen Selover')"
,,,,"('Don Barber', 'Jeff Vann')","('Brayton Foster', 'John Swanson')"
,,,,"('Don Barber', 'Dave Nowicki')","('Brayton Foster', 'Judy Kugelamass')"
,,,,"('Don Barber', 'Bill Larsen')","('Brayton Foster', 'Robert Mc Gill JR')"
,,,,"('Don Barber', 'Jeff Asbrand')","('Brayton Foster', 'Carrie Halcomb')"
,,,,"('Don Barber', 'Keith Jay')","('Brayton Foster', 'Donald Austin')"
,,,,"('Don Barber', 'Mary Ott')","('Brayton Foster', 'Jeffrey MacCheyne')"
,,,,"('Don Barber', 'Linda Blossom')","('Brayton Foster', 'Sean Dembrosky')"
,,,,"('Don Barber', 'Jeff Bond')","('Brayton Foster', 'Don Kenyon')"
,,,,"('Don Barber', 'Michael Covert')","('Brayton Foster', 'Margaret Jastran')"
,,,,"('Don Barber', 'Duane Waid')","('Brayton Foster', 'Larry Abraham')"
,,,,"('Don Barber', 'Ruth Same')","('Brayton Foster', 'Seth Thomas')"
,,,,"('Don Barber', 'David Dresser')","('Brayton Foster', 'Jeffery Vann')"
,,,,"('Don Barber', 'Barbara Stewart')","('Brayton Foster', 'Donna Levy')"
,,,,"('Don Barber', 'Chris Kempf')","('Brayton Foster', 'Melissa Madden')"
,,,,"('Emily Aman', 'Joseph Heath')","('Brayton Foster', 'Anthony Delplato')"
,,,,"('Emily Aman', 'Leon Anders')","('Lee Davidson', 'Colleen Freese')"
,,,,"('Emily Aman', 'Maryann Vellake')","('Lee Davidson', 'Bruce Austic')"
,,,,"('Emily Aman', 'Rob Schoeffel')","('Lee Davidson', 'Stephen Selover')"
,,,,"('Emily Aman', 'Sean Dembrowsky')","('Lee Davidson', 'William Kappel')"
,,,,"('Emily Aman', 'Jorden DePue')","('Lee Davidson', 'Mariah Plumlee')"
,,,,"('Emily Aman', 'Daniel Dembrosky')","('Lee Davidson', 'Peter Arena')"
,,,,"('Emily Aman', 'Holly Bailey')","('Lee Davidson', 'Anthony Ingraffea')"
,,,,"('Emily Aman', 'Judy Kugelmass')","('Lee Davidson', 'Michael Reynolds')"
,,,,"('Emily Aman', 'Carolyn Knapp')","('Lee Davidson', 'John Swanson')"
,,,,"('Emily Aman', 'Noelle Dembrosky')","('Lee Davidson', 'Judy Kugelamass')"
,,,,"('Emily Aman', 'Carrie Holcomb')","('Lee Davidson', 'Robert Mc Gill JR')"
,,,,"('Emily Aman', 'Meg Jastran')","('Lee Davidson', 'Carrie Halcomb')"
,,,,"('Emily Aman', 'Michael Dineen')","('Lee Davidson', 'Barry Ford')"
,,,,"('Emily Aman', 'Jack Wickham')","('Lee Davidson', 'Richard Rose')"
,,,,"('Emily Aman', 'Chuck Bosman')","('Lee Davidson', 'Donald Austin')"
,,,,"('Emily Aman', 'Jeff Vann')","('Lee Davidson', 'Jeffrey MacCheyne')"
,,,,"('Emily Aman', 'Dave Nowicki')","('Lee Davidson', 'Sean Dembrosky')"
,,,,"('Emily Aman', 'Bill Larsen')","('Lee Davidson', 'Don Kenyon')"
,,,,"('Emily Aman', 'Jeff Asbrand')","('Lee Davidson', 'Margaret Jastran')"
,,,,"('Emily Aman', 'Keith Jay')","('Lee Davidson', 'Linda Blossom')"
,,,,"('Emily Aman', 'Mary Ott')","('Lee Davidson', 'Larry Abraham')"
,,,,"('Emily Aman', 'Jeff Bond')","('Lee Davidson', 'Seth Thomas')"
,,,,"('Emily Aman', 'Michael Covert')","('Lee Davidson', 'Jeffery Vann')"
,,,,"('Emily Aman', 'Ruth Same')","('Lee Davidson', 'Duane Waid')"
,,,,"('Emily Aman', 'David Dresser')","('Lee Davidson', 'Charles Bosman')"
,,,,"('Emily Aman', 'Barbara Stewart')","('Lee Davidson', 'Donna Levy')"
,,,,"('Emily Aman', 'Chris Kempf')","('Lee Davidson', 'Melissa Madden')"
,,,,"('Patrick Morrell', 'Joseph Heath')","('Lee Davidson', 'Anthony Delplato')"
,,,,"('Patrick Morrell', 'Leon Anders')","('Colleen Freese', 'Bruce Austic')"
,,,,"('Patrick Morrell', 'Maryann Vellake')","('Colleen Freese', 'Stephen Selover')"
,,,,"('Patrick Morrell', 'Rob Schoeffel')","('Colleen Freese', 'William Kappel')"
,,,,"('Patrick Morrell', 'Sean Dembrowsky')","('Colleen Freese', 'Mariah Plumlee')"
,,,,"('Patrick Morrell', 'Jorden DePue')","('Colleen Freese', 'Peter Arena')"
,,,,"('Patrick Morrell', 'Daniel Dembrosky')","('Colleen Freese', 'Anthony Ingraffea')"
,,,,"('Patrick Morrell', 'Holly Bailey')","('Colleen Freese', 'Michael Reynolds')"
,,,,"('Patrick Morrell', 'Judy Kugelmass')","('Colleen Freese', 'John Swanson')"
,,,,"('Patrick Morrell', 'Carolyn Knapp')","('Colleen Freese', 'Judy Kugelamass')"
,,,,"('Patrick Morrell', 'Noelle Dembrosky')","('Colleen Freese', 'Robert Mc Gill JR')"
,,,,"('Patrick Morrell', 'Carrie Holcomb')","('Colleen Freese', 'Carrie Halcomb')"
,,,,"('Patrick Morrell', 'Meg Jastran')","('Colleen Freese', 'Barry Ford')"
,,,,"('Patrick Morrell', 'Michael Dineen')","('Colleen Freese', 'Richard Rose')"
,,,,"('Patrick Morrell', 'Jack Wickham')","('Colleen Freese', 'Donald Austin')"
,,,,"('Patrick Morrell', 'Chuck Bosman')","('Colleen Freese', 'Jeffrey MacCheyne')"
,,,,"('Patrick Morrell', 'Jeff Vann')","('Colleen Freese', 'Sean Dembrosky')"
,,,,"('Patrick Morrell', 'Dave Nowicki')","('Colleen Freese', 'Don Kenyon')"
,,,,"('Patrick Morrell', 'Bill Larsen')","('Colleen Freese', 'Margaret Jastran')"
,,,,"('Patrick Morrell', 'Jeff Asbrand')","('Colleen Freese', 'Linda Blossom')"
,,,,"('Patrick Morrell', 'Keith Jay')","('Colleen Freese', 'Larry Abraham')"
,,,,"('Patrick Morrell', 'Mary Ott')","('Colleen Freese', 'Seth Thomas')"
,,,,"('Patrick Morrell', 'Jeff Bond')","('Colleen Freese', 'Jeffery Vann')"
,,,,"('Patrick Morrell', 'Michael Covert')","('Colleen Freese', 'Duane Waid')"
,,,,"('Patrick Morrell', 'Ruth Same')","('Colleen Freese', 'Charles Bosman')"
,,,,"('Patrick Morrell', 'David Dresser')","('Colleen Freese', 'Donna Levy')"
,,,,"('Patrick Morrell', 'Barbara Stewart')","('Colleen Freese', 'Melissa Madden')"
,,,,"('Patrick Morrell', 'Chris Kempf')","('Colleen Freese', 'Anthony Delplato')"
,,,,"('Joseph Heath', 'Leon Anders')","('Bruce Austic', 'Stephen Selover')"
,,,,"('Joseph Heath', 'Gary Hunt')","('Bruce Austic', 'John Swanson')"
,,,,"('Joseph Heath', 'Maryann Vellake')","('Bruce Austic', 'Judy Kugelamass')"
,,,,"('Joseph Heath', 'Rob Schoeffel')","('Bruce Austic', 'Robert Mc Gill JR')"
,,,,"('Joseph Heath', 'Sean Dembrosky')","('Bruce Austic', 'Carrie Halcomb')"
,,,,"('Joseph Heath', 'Brayton Foster')","('Bruce Austic', 'Donald Austin')"
,,,,"('Joseph Heath', 'Sean Dembrowsky')","('Bruce Austic', 'Jeffrey MacCheyne')"
,,,,"('Joseph Heath', 'Bruce Austic')","('Bruce Austic', 'Sean Dembrosky')"
,,,,"('Joseph Heath', 'Jorden DePue')","('Bruce Austic', 'Don Kenyon')"
,,,,"('Joseph Heath', 'William Kappel')","('Bruce Austic', 'Margaret Jastran')"
,,,,"('Joseph Heath', 'Daniel Dembrosky')","('Bruce Austic', 'Larry Abraham')"
,,,,"('Joseph Heath', 'Holly Bailey')","('Bruce Austic', 'Seth Thomas')"
,,,,"('Joseph Heath', 'Judy Kugelmass')","('Bruce Austic', 'Jeffery Vann')"
,,,,"('Joseph Heath', 'Carolyn Knapp')","('Bruce Austic', 'Donna Levy')"
,,,,"('Joseph Heath', 'Peter Arena')","('Bruce Austic', 'Melissa Madden')"
,,,,"('Joseph Heath', 'Anthony Ingraffea')","('Bruce Austic', 'Anthony Delplato')"
,,,,"('Joseph Heath', 'Michael Reynolds')","('Stephen Selover', 'William Kappel')"
,,,,"('Joseph Heath', 'Charles Bosman')","('Stephen Selover', 'Mariah Plumlee')"
,,,,"('Joseph Heath', 'Noelle Dembrosky')","('Stephen Selover', 'Peter Arena')"
,,,,"('Joseph Heath', 'Mariah Plumlee')","('Stephen Selover', 'Anthony Ingraffea')"
,,,,"('Joseph Heath', 'Carrie Holcomb')","('Stephen Selover', 'Michael Reynolds')"
,,,,"('Joseph Heath', 'Meg Jastran')","('Stephen Selover', 'John Swanson')"
,,,,"('Joseph Heath', 'Michael Dineen')","('Stephen Selover', 'Judy Kugelamass')"
,,,,"('Joseph Heath', 'Barry Ford')","('Stephen Selover', 'Robert Mc Gill JR')"
,,,,"('Joseph Heath', 'Jack Wickham')","('Stephen Selover', 'Carrie Halcomb')"
,,,,"('Joseph Heath', 'Chuck Bosman')","('Stephen Selover', 'Barry Ford')"
,,,,"('Joseph Heath', 'Richard Rose')","('Stephen Selover', 'Richard Rose')"
,,,,"('Joseph Heath', 'Jeff Vann')","('Stephen Selover', 'Donald Austin')"
,,,,"('Joseph Heath', 'Dave Nowicki')","('Stephen Selover', 'Jeffrey MacCheyne')"
,,,,"('Joseph Heath', 'Bill Larsen')","('Stephen Selover', 'Sean Dembrosky')"
,,,,"('Joseph Heath', 'Jeff Asbrand')","('Stephen Selover', 'Don Kenyon')"
,,,,"('Joseph Heath', 'Keith Jay')","('Stephen Selover', 'Margaret Jastran')"
,,,,"('Joseph Heath', 'Mary Ott')","('Stephen Selover', 'Linda Blossom')"
,,,,"('Joseph Heath', 'Linda Blossom')","('Stephen Selover', 'Larry Abraham')"
,,,,"('Joseph Heath', 'Jeff Bond')","('Stephen Selover', 'Seth Thomas')"
,,,,"('Joseph Heath', 'Michael Covert')","('Stephen Selover', 'Jeffery Vann')"
,,,,"('Joseph Heath', 'Duane Waid')","('Stephen Selover', 'Duane Waid')"
,,,,"('Joseph Heath', 'Ruth Same')","('Stephen Selover', 'Charles Bosman')"
,,,,"('Joseph Heath', 'David Dresser')","('Stephen Selover', 'Donna Levy')"
,,,,"('Joseph Heath', 'Barbara Stewart')","('Stephen Selover', 'Melissa Madden')"
,,,,"('Joseph Heath', 'Chris Kempf')","('Stephen Selover', 'Anthony Delplato')"
,,,,"('Leon Anders', 'Gary Hunt')","('William Kappel', 'John Swanson')"
,,,,"('Leon Anders', 'Maryann Vellake')","('William Kappel', 'Judy Kugelamass')"
,,,,"('Leon Anders', 'Rob Schoeffel')","('William Kappel', 'Robert Mc Gill JR')"
,,,,"('Leon Anders', 'Sean Dembrosky')","('William Kappel', 'Carrie Halcomb')"
,,,,"('Leon Anders', 'Brayton Foster')","('William Kappel', 'Donald Austin')"
,,,,"('Leon Anders', 'Sean Dembrowsky')","('William Kappel', 'Jeffrey MacCheyne')"
,,,,"('Leon Anders', 'Bruce Austic')","('William Kappel', 'Sean Dembrosky')"
,,,,"('Leon Anders', 'Jorden DePue')","('William Kappel', 'Don Kenyon')"
,,,,"('Leon Anders', 'William Kappel')","('William Kappel', 'Margaret Jastran')"
,,,,"('Leon Anders', 'Daniel Dembrosky')","('William Kappel', 'Larry Abraham')"
,,,,"('Leon Anders', 'Holly Bailey')","('William Kappel', 'Seth Thomas')"
,,,,"('Leon Anders', 'Judy Kugelmass')","('William Kappel', 'Jeffery Vann')"
,,,,"('Leon Anders', 'Carolyn Knapp')","('William Kappel', 'Donna Levy')"
,,,,"('Leon Anders', 'Peter Arena')","('William Kappel', 'Melissa Madden')"
,,,,"('Leon Anders', 'Anthony Ingraffea')","('William Kappel', 'Anthony Delplato')"
,,,,"('Leon Anders', 'Michael Reynolds')","('Mariah Plumlee', 'Peter Arena')"
,,,,"('Leon Anders', 'Charles Bosman')","('Mariah Plumlee', 'Anthony Ingraffea')"
,,,,"('Leon Anders', 'Noelle Dembrosky')","('Mariah Plumlee', 'Michael Reynolds')"
,,,,"('Leon Anders', 'Mariah Plumlee')","('Mariah Plumlee', 'John Swanson')"
,,,,"('Leon Anders', 'Carrie Holcomb')","('Mariah Plumlee', 'Judy Kugelamass')"
,,,,"('Leon Anders', 'Meg Jastran')","('Mariah Plumlee', 'Robert Mc Gill JR')"
,,,,"('Leon Anders', 'Michael Dineen')","('Mariah Plumlee', 'Carrie Halcomb')"
,,,,"('Leon Anders', 'Barry Ford')","('Mariah Plumlee', 'Donald Austin')"
,,,,"('Leon Anders', 'Jack Wickham')","('Mariah Plumlee', 'Jeffrey MacCheyne')"
,,,,"('Leon Anders', 'Chuck Bosman')","('Mariah Plumlee', 'Sean Dembrosky')"
,,,,"('Leon Anders', 'Richard Rose')","('Mariah Plumlee', 'Don Kenyon')"
,,,,"('Leon Anders', 'Jeff Vann')","('Mariah Plumlee', 'Margaret Jastran')"
,,,,"('Leon Anders', 'Dave Nowicki')","('Mariah Plumlee', 'Larry Abraham')"
,,,,"('Leon Anders', 'Bill Larsen')","('Mariah Plumlee', 'Seth Thomas')"
,,,,"('Leon Anders', 'Jeff Asbrand')","('Mariah Plumlee', 'Jeffery Vann')"
,,,,"('Leon Anders', 'Keith Jay')","('Mariah Plumlee', 'Charles Bosman')"
,,,,"('Leon Anders', 'Mary Ott')","('Mariah Plumlee', 'Donna Levy')"
,,,,"('Leon Anders', 'Linda Blossom')","('Mariah Plumlee', 'Melissa Madden')"
,,,,"('Leon Anders', 'Jeff Bond')","('Mariah Plumlee', 'Anthony Delplato')"
,,,,"('Leon Anders', 'Michael Covert')","('Peter Arena', 'John Swanson')"
,,,,"('Leon Anders', 'Duane Waid')","('Peter Arena', 'Judy Kugelamass')"
,,,,"('Leon Anders', 'Ruth Same')","('Peter Arena', 'Robert Mc Gill JR')"
,,,,"('Leon Anders', 'David Dresser')","('Peter Arena', 'Carrie Halcomb')"
,,,,"('Leon Anders', 'Barbara Stewart')","('Peter Arena', 'Donald Austin')"
,,,,"('Leon Anders', 'Chris Kempf')","('Peter Arena', 'Jeffrey MacCheyne')"
,,,,"('Gary Hunt', 'Maryann Vellake')","('Peter Arena', 'Sean Dembrosky')"
,,,,"('Gary Hunt', 'Rob Schoeffel')","('Peter Arena', 'Don Kenyon')"
,,,,"('Gary Hunt', 'Sean Dembrowsky')","('Peter Arena', 'Margaret Jastran')"
,,,,"('Gary Hunt', 'Jorden DePue')","('Peter Arena', 'Larry Abraham')"
,,,,"('Gary Hunt', 'Daniel Dembrosky')","('Peter Arena', 'Seth Thomas')"
,,,,"('Gary Hunt', 'Holly Bailey')","('Peter Arena', 'Jeffery Vann')"
,,,,"('Gary Hunt', 'Judy Kugelmass')","('Peter Arena', 'Donna Levy')"
,,,,"('Gary Hunt', 'Carolyn Knapp')","('Peter Arena', 'Melissa Madden')"
,,,,"('Gary Hunt', 'Noelle Dembrosky')","('Peter Arena', 'Anthony Delplato')"
,,,,"('Gary Hunt', 'Carrie Holcomb')","('Anthony Ingraffea', 'Melissa Madden')"
,,,,"('Gary Hunt', 'Meg Jastran')","('Anthony Ingraffea', 'John Swanson')"
,,,,"('Gary Hunt', 'Michael Dineen')","('Anthony Ingraffea', 'Judy Kugelamass')"
,,,,"('Gary Hunt', 'Jack Wickham')","('Anthony Ingraffea', 'Robert Mc Gill JR')"
,,,,"('Gary Hunt', 'Chuck Bosman')","('Anthony Ingraffea', 'Carrie Halcomb')"
,,,,"('Gary Hunt', 'Jeff Vann')","('Anthony Ingraffea', 'Donald Austin')"
,,,,"('Gary Hunt', 'Dave Nowicki')","('Anthony Ingraffea', 'Jeffrey MacCheyne')"
,,,,"('Gary Hunt', 'Bill Larsen')","('Anthony Ingraffea', 'Sean Dembrosky')"
,,,,"('Gary Hunt', 'Jeff Asbrand')","('Anthony Ingraffea', 'Don Kenyon')"
,,,,"('Gary Hunt', 'Keith Jay')","('Anthony Ingraffea', 'Margaret Jastran')"
,,,,"('Gary Hunt', 'Mary Ott')","('Anthony Ingraffea', 'Larry Abraham')"
,,,,"('Gary Hunt', 'Jeff Bond')","('Anthony Ingraffea', 'Seth Thomas')"
,,,,"('Gary Hunt', 'Michael Covert')","('Anthony Ingraffea', 'Jeffery Vann')"
,,,,"('Gary Hunt', 'Ruth Same')","('Anthony Ingraffea', 'Donna Levy')"
,,,,"('Gary Hunt', 'David Dresser')","('Anthony Ingraffea', 'Anthony Delplato')"
,,,,"('Gary Hunt', 'Barbara Stewart')","('Michael Reynolds', 'John Swanson')"
,,,,"('Gary Hunt', 'Chris Kempf')","('Michael Reynolds', 'Judy Kugelamass')"
,,,,"('Maryann Vellake', 'Noelle Dembrosky')","('Michael Reynolds', 'Robert Mc Gill JR')"
,,,,"('Maryann Vellake', 'Rob Schoeffel')","('Michael Reynolds', 'Carrie Halcomb')"
,,,,"('Maryann Vellake', 'Sean Dembrowsky')","('Michael Reynolds', 'Donald Austin')"
,,,,"('Maryann Vellake', 'Jorden DePue')","('Michael Reynolds', 'Jeffrey MacCheyne')"
,,,,"('Maryann Vellake', 'Daniel Dembrosky')","('Michael Reynolds', 'Sean Dembrosky')"
,,,,"('Maryann Vellake', 'Holly Bailey')","('Michael Reynolds', 'Don Kenyon')"
,,,,"('Maryann Vellake', 'Judy Kugelmass')","('Michael Reynolds', 'Margaret Jastran')"
,,,,"('Maryann Vellake', 'Carolyn Knapp')","('Michael Reynolds', 'Larry Abraham')"
,,,,"('Maryann Vellake', 'Carrie Holcomb')","('Michael Reynolds', 'Seth Thomas')"
,,,,"('Maryann Vellake', 'Meg Jastran')","('Michael Reynolds', 'Jeffery Vann')"
,,,,"('Maryann Vellake', 'Michael Dineen')","('Michael Reynolds', 'Donna Levy')"
,,,,"('Maryann Vellake', 'Jack Wickham')","('Michael Reynolds', 'Melissa Madden')"
,,,,"('Maryann Vellake', 'Chuck Bosman')","('Michael Reynolds', 'Anthony Delplato')"
,,,,"('Maryann Vellake', 'Jeff Vann')","('John Swanson', 'Charles Bosman')"
,,,,"('Maryann Vellake', 'Dave Nowicki')","('John Swanson', 'Judy Kugelamass')"
,,,,"('Maryann Vellake', 'Bill Larsen')","('John Swanson', 'Robert Mc Gill JR')"
,,,,"('Maryann Vellake', 'Jeff Asbrand')","('John Swanson', 'Carrie Halcomb')"
,,,,"('Maryann Vellake', 'Keith Jay')","('John Swanson', 'Barry Ford')"
,,,,"('Maryann Vellake', 'Mary Ott')","('John Swanson', 'Richard Rose')"
,,,,"('Maryann Vellake', 'Jeff Bond')","('John Swanson', 'Donald Austin')"
,,,,"('Maryann Vellake', 'Michael Covert')","('John Swanson', 'Jeffrey MacCheyne')"
,,,,"('Maryann Vellake', 'Ruth Same')","('John Swanson', 'Sean Dembrosky')"
,,,,"('Maryann Vellake', 'David Dresser')","('John Swanson', 'Don Kenyon')"
,,,,"('Maryann Vellake', 'Barbara Stewart')","('John Swanson', 'Margaret Jastran')"
,,,,"('Maryann Vellake', 'Chris Kempf')","('John Swanson', 'Linda Blossom')"
,,,,"('Rob Schoeffel', 'Sean Dembrosky')","('John Swanson', 'Larry Abraham')"
,,,,"('Rob Schoeffel', 'Brayton Foster')","('John Swanson', 'Seth Thomas')"
,,,,"('Rob Schoeffel', 'Sean Dembrowsky')","('John Swanson', 'Jeffery Vann')"
,,,,"('Rob Schoeffel', 'Bruce Austic')","('John Swanson', 'Duane Waid')"
,,,,"('Rob Schoeffel', 'Jorden DePue')","('John Swanson', 'Donna Levy')"
,,,,"('Rob Schoeffel', 'William Kappel')","('John Swanson', 'Melissa Madden')"
,,,,"('Rob Schoeffel', 'Daniel Dembrosky')","('John Swanson', 'Anthony Delplato')"
,,,,"('Rob Schoeffel', 'Holly Bailey')","('Judy Kugelamass', 'Robert Mc Gill JR')"
,,,,"('Rob Schoeffel', 'Judy Kugelmass')","('Judy Kugelamass', 'Carrie Halcomb')"
,,,,"('Rob Schoeffel', 'Carolyn Knapp')","('Judy Kugelamass', 'Barry Ford')"
,,,,"('Rob Schoeffel', 'Peter Arena')","('Judy Kugelamass', 'Richard Rose')"
,,,,"('Rob Schoeffel', 'Anthony Ingraffea')","('Judy Kugelamass', 'Donald Austin')"
,,,,"('Rob Schoeffel', 'Michael Reynolds')","('Judy Kugelamass', 'Jeffrey MacCheyne')"
,,,,"('Rob Schoeffel', 'Charles Bosman')","('Judy Kugelamass', 'Sean Dembrosky')"
,,,,"('Rob Schoeffel', 'Noelle Dembrosky')","('Judy Kugelamass', 'Don Kenyon')"
,,,,"('Rob Schoeffel', 'Mariah Plumlee')","('Judy Kugelamass', 'Margaret Jastran')"
,,,,"('Rob Schoeffel', 'Carrie Holcomb')","('Judy Kugelamass', 'Linda Blossom')"
,,,,"('Rob Schoeffel', 'Meg Jastran')","('Judy Kugelamass', 'Larry Abraham')"
,,,,"('Rob Schoeffel', 'Michael Dineen')","('Judy Kugelamass', 'Seth Thomas')"
,,,,"('Rob Schoeffel', 'Barry Ford')","('Judy Kugelamass', 'Jeffery Vann')"
,,,,"('Rob Schoeffel', 'Jack Wickham')","('Judy Kugelamass', 'Duane Waid')"
,,,,"('Rob Schoeffel', 'Chuck Bosman')","('Judy Kugelamass', 'Charles Bosman')"
,,,,"('Rob Schoeffel', 'Richard Rose')","('Judy Kugelamass', 'Donna Levy')"
,,,,"('Rob Schoeffel', 'Jeff Vann')","('Judy Kugelamass', 'Melissa Madden')"
,,,,"('Rob Schoeffel', 'Dave Nowicki')","('Judy Kugelamass', 'Anthony Delplato')"
,,,,"('Rob Schoeffel', 'Bill Larsen')","('Robert Mc Gill JR', 'Carrie Halcomb')"
,,,,"('Rob Schoeffel', 'Jeff Asbrand')","('Robert Mc Gill JR', 'Barry Ford')"
,,,,"('Rob Schoeffel', 'Keith Jay')","('Robert Mc Gill JR', 'Richard Rose')"
,,,,"('Rob Schoeffel', 'Mary Ott')","('Robert Mc Gill JR', 'Donald Austin')"
,,,,"('Rob Schoeffel', 'Linda Blossom')","('Robert Mc Gill JR', 'Jeffrey MacCheyne')"
,,,,"('Rob Schoeffel', 'Jeff Bond')","('Robert Mc Gill JR', 'Sean Dembrosky')"
,,,,"('Rob Schoeffel', 'Michael Covert')","('Robert Mc Gill JR', 'Don Kenyon')"
,,,,"('Rob Schoeffel', 'Duane Waid')","('Robert Mc Gill JR', 'Margaret Jastran')"
,,,,"('Rob Schoeffel', 'Ruth Same')","('Robert Mc Gill JR', 'Linda Blossom')"
,,,,"('Rob Schoeffel', 'David Dresser')","('Robert Mc Gill JR', 'Larry Abraham')"
,,,,"('Rob Schoeffel', 'Barbara Stewart')","('Robert Mc Gill JR', 'Seth Thomas')"
,,,,"('Rob Schoeffel', 'Chris Kempf')","('Robert Mc Gill JR', 'Jeffery Vann')"
,,,,"('Sean Dembrosky', 'Brayton Foster')","('Robert Mc Gill JR', 'Duane Waid')"
,,,,"('Sean Dembrosky', 'Sean Dembrowsky')","('Robert Mc Gill JR', 'Charles Bosman')"
,,,,"('Sean Dembrosky', 'Bruce Austic')","('Robert Mc Gill JR', 'Donna Levy')"
,,,,"('Sean Dembrosky', 'Jorden DePue')","('Robert Mc Gill JR', 'Melissa Madden')"
,,,,"('Sean Dembrosky', 'William Kappel')","('Robert Mc Gill JR', 'Anthony Delplato')"
,,,,"('Sean Dembrosky', 'Daniel Dembrosky')","('Carrie Halcomb', 'Barry Ford')"
,,,,"('Sean Dembrosky', 'Holly Bailey')","('Carrie Halcomb', 'Richard Rose')"
,,,,"('Sean Dembrosky', 'Judy Kugelmass')","('Carrie Halcomb', 'Donald Austin')"
,,,,"('Sean Dembrosky', 'Carolyn Knapp')","('Carrie Halcomb', 'Jeffrey MacCheyne')"
,,,,"('Sean Dembrosky', 'Peter Arena')","('Carrie Halcomb', 'Sean Dembrosky')"
,,,,"('Sean Dembrosky', 'Anthony Ingraffea')","('Carrie Halcomb', 'Don Kenyon')"
,,,,"('Sean Dembrosky', 'Michael Reynolds')","('Carrie Halcomb', 'Margaret Jastran')"
,,,,"('Sean Dembrosky', 'Noelle Dembrosky')","('Carrie Halcomb', 'Linda Blossom')"
,,,,"('Sean Dembrosky', 'Mariah Plumlee')","('Carrie Halcomb', 'Larry Abraham')"
,,,,"('Sean Dembrosky', 'Carrie Holcomb')","('Carrie Halcomb', 'Seth Thomas')"
,,,,"('Sean Dembrosky', 'Meg Jastran')","('Carrie Halcomb', 'Jeffery Vann')"
,,,,"('Sean Dembrosky', 'Michael Dineen')","('Carrie Halcomb', 'Duane Waid')"
,,,,"('Sean Dembrosky', 'Barry Ford')","('Carrie Halcomb', 'Charles Bosman')"
,,,,"('Sean Dembrosky', 'Jack Wickham')","('Carrie Halcomb', 'Donna Levy')"
,,,,"('Sean Dembrosky', 'Chuck Bosman')","('Carrie Halcomb', 'Melissa Madden')"
,,,,"('Sean Dembrosky', 'Richard Rose')","('Carrie Halcomb', 'Anthony Delplato')"
,,,,"('Sean Dembrosky', 'Jeff Vann')","('Barry Ford', 'Donald Austin')"
,,,,"('Sean Dembrosky', 'Dave Nowicki')","('Barry Ford', 'Jeffrey MacCheyne')"
,,,,"('Sean Dembrosky', 'Bill Larsen')","('Barry Ford', 'Sean Dembrosky')"
,,,,"('Sean Dembrosky', 'Jeff Asbrand')","('Barry Ford', 'Don Kenyon')"
,,,,"('Sean Dembrosky', 'Keith Jay')","('Barry Ford', 'Margaret Jastran')"
,,,,"('Sean Dembrosky', 'Mary Ott')","('Barry Ford', 'Larry Abraham')"
,,,,"('Sean Dembrosky', 'Jeff Bond')","('Barry Ford', 'Seth Thomas')"
,,,,"('Sean Dembrosky', 'Michael Covert')","('Barry Ford', 'Jeffery Vann')"
,,,,"('Sean Dembrosky', 'Ruth Same')","('Barry Ford', 'Charles Bosman')"
,,,,"('Sean Dembrosky', 'David Dresser')","('Barry Ford', 'Donna Levy')"
,,,,"('Sean Dembrosky', 'Barbara Stewart')","('Barry Ford', 'Melissa Madden')"
,,,,"('Sean Dembrosky', 'Chris Kempf')","('Barry Ford', 'Anthony Delplato')"
,,,,"('Brayton Foster', 'Noelle Dembrosky')","('Richard Rose', 'Donald Austin')"
,,,,"('Brayton Foster', 'Sean Dembrowsky')","('Richard Rose', 'Jeffrey MacCheyne')"
,,,,"('Brayton Foster', 'Jorden DePue')","('Richard Rose', 'Sean Dembrosky')"
,,,,"('Brayton Foster', 'Daniel Dembrosky')","('Richard Rose', 'Don Kenyon')"
,,,,"('Brayton Foster', 'Holly Bailey')","('Richard Rose', 'Margaret Jastran')"
,,,,"('Brayton Foster', 'Judy Kugelmass')","('Richard Rose', 'Larry Abraham')"
,,,,"('Brayton Foster', 'Carolyn Knapp')","('Richard Rose', 'Seth Thomas')"
,,,,"('Brayton Foster', 'Carrie Holcomb')","('Richard Rose', 'Jeffery Vann')"
,,,,"('Brayton Foster', 'Meg Jastran')","('Richard Rose', 'Charles Bosman')"
,,,,"('Brayton Foster', 'Michael Dineen')","('Richard Rose', 'Donna Levy')"
,,,,"('Brayton Foster', 'Jack Wickham')","('Richard Rose', 'Melissa Madden')"
,,,,"('Brayton Foster', 'Chuck Bosman')","('Richard Rose', 'Anthony Delplato')"
,,,,"('Brayton Foster', 'Jeff Vann')","('Donald Austin', 'Jeffrey MacCheyne')"
,,,,"('Brayton Foster', 'Dave Nowicki')","('Donald Austin', 'Sean Dembrosky')"
,,,,"('Brayton Foster', 'Bill Larsen')","('Donald Austin', 'Don Kenyon')"
,,,,"('Brayton Foster', 'Jeff Asbrand')","('Donald Austin', 'Margaret Jastran')"
,,,,"('Brayton Foster', 'Keith Jay')","('Donald Austin', 'Linda Blossom')"
,,,,"('Brayton Foster', 'Mary Ott')","('Donald Austin', 'Larry Abraham')"
,,,,"('Brayton Foster', 'Jeff Bond')","('Donald Austin', 'Seth Thomas')"
,,,,"('Brayton Foster', 'Michael Covert')","('Donald Austin', 'Jeffery Vann')"
,,,,"('Brayton Foster', 'Ruth Same')","('Donald Austin', 'Duane Waid')"
,,,,"('Brayton Foster', 'David Dresser')","('Donald Austin', 'Charles Bosman')"
,,,,"('Brayton Foster', 'Barbara Stewart')","('Donald Austin', 'Donna Levy')"
,,,,"('Brayton Foster', 'Chris Kempf')","('Donald Austin', 'Melissa Madden')"
,,,,"('Sean Dembrowsky', 'Bruce Austic')","('Donald Austin', 'Anthony Delplato')"
,,,,"('Sean Dembrowsky', 'Jorden DePue')","('Jeffrey MacCheyne', 'Sean Dembrosky')"
,,,,"('Sean Dembrowsky', 'William Kappel')","('Jeffrey MacCheyne', 'Don Kenyon')"
,,,,"('Sean Dembrowsky', 'Daniel Dembrosky')","('Jeffrey MacCheyne', 'Margaret Jastran')"
,,,,"('Sean Dembrowsky', 'Holly Bailey')","('Jeffrey MacCheyne', 'Linda Blossom')"
,,,,"('Sean Dembrowsky', 'Judy Kugelmass')","('Jeffrey MacCheyne', 'Larry Abraham')"
,,,,"('Sean Dembrowsky', 'Carolyn Knapp')","('Jeffrey MacCheyne', 'Seth Thomas')"
,,,,"('Sean Dembrowsky', 'Peter Arena')","('Jeffrey MacCheyne', 'Jeffery Vann')"
,,,,"('Sean Dembrowsky', 'Anthony Ingraffea')","('Jeffrey MacCheyne', 'Duane Waid')"
,,,,"('Sean Dembrowsky', 'Michael Reynolds')","('Jeffrey MacCheyne', 'Charles Bosman')"
,,,,"('Sean Dembrowsky', 'Charles Bosman')","('Jeffrey MacCheyne', 'Donna Levy')"
,,,,"('Sean Dembrowsky', 'Noelle Dembrosky')","('Jeffrey MacCheyne', 'Melissa Madden')"
,,,,"('Sean Dembrowsky', 'Mariah Plumlee')","('Jeffrey MacCheyne', 'Anthony Delplato')"
,,,,"('Sean Dembrowsky', 'Carrie Holcomb')","('Sean Dembrosky', 'Don Kenyon')"
,,,,"('Sean Dembrowsky', 'Meg Jastran')","('Sean Dembrosky', 'Margaret Jastran')"
,,,,"('Sean Dembrowsky', 'Michael Dineen')","('Sean Dembrosky', 'Larry Abraham')"
,,,,"('Sean Dembrowsky', 'Barry Ford')","('Sean Dembrosky', 'Seth Thomas')"
,,,,"('Sean Dembrowsky', 'Jack Wickham')","('Sean Dembrosky', 'Jeffery Vann')"
,,,,"('Sean Dembrowsky', 'Chuck Bosman')","('Sean Dembrosky', 'Donna Levy')"
,,,,"('Sean Dembrowsky', 'Richard Rose')","('Sean Dembrosky', 'Melissa Madden')"
,,,,"('Sean Dembrowsky', 'Jeff Vann')","('Sean Dembrosky', 'Anthony Delplato')"
,,,,"('Sean Dembrowsky', 'Dave Nowicki')","('Don Kenyon', 'Melissa Madden')"
,,,,"('Sean Dembrowsky', 'Bill Larsen')","('Don Kenyon', 'Margaret Jastran')"
,,,,"('Sean Dembrowsky', 'Jeff Asbrand')","('Don Kenyon', 'Linda Blossom')"
,,,,"('Sean Dembrowsky', 'Keith Jay')","('Don Kenyon', 'Larry Abraham')"
,,,,"('Sean Dembrowsky', 'Mary Ott')","('Don Kenyon', 'Seth Thomas')"
,,,,"('Sean Dembrowsky', 'Linda Blossom')","('Don Kenyon', 'Jeffery Vann')"
,,,,"('Sean Dembrowsky', 'Jeff Bond')","('Don Kenyon', 'Duane Waid')"
,,,,"('Sean Dembrowsky', 'Michael Covert')","('Don Kenyon', 'Charles Bosman')"
,,,,"('Sean Dembrowsky', 'Duane Waid')","('Don Kenyon', 'Donna Levy')"
,,,,"('Sean Dembrowsky', 'Ruth Same')","('Don Kenyon', 'Anthony Delplato')"
,,,,"('Sean Dembrowsky', 'David Dresser')","('Margaret Jastran', 'Linda Blossom')"
,,,,"('Sean Dembrowsky', 'Barbara Stewart')","('Margaret Jastran', 'Larry Abraham')"
,,,,"('Sean Dembrowsky', 'Chris Kempf')","('Margaret Jastran', 'Seth Thomas')"
,,,,"('Bruce Austic', 'Noelle Dembrosky')","('Margaret Jastran', 'Jeffery Vann')"
,,,,"('Bruce Austic', 'Jorden DePue')","('Margaret Jastran', 'Duane Waid')"
,,,,"('Bruce Austic', 'Daniel Dembrosky')","('Margaret Jastran', 'Charles Bosman')"
,,,,"('Bruce Austic', 'Holly Bailey')","('Margaret Jastran', 'Donna Levy')"
,,,,"('Bruce Austic', 'Judy Kugelmass')","('Margaret Jastran', 'Melissa Madden')"
,,,,"('Bruce Austic', 'Carolyn Knapp')","('Margaret Jastran', 'Anthony Delplato')"
,,,,"('Bruce Austic', 'Carrie Holcomb')","('Linda Blossom', 'Larry Abraham')"
,,,,"('Bruce Austic', 'Meg Jastran')","('Linda Blossom', 'Seth Thomas')"
,,,,"('Bruce Austic', 'Michael Dineen')","('Linda Blossom', 'Jeffery Vann')"
,,,,"('Bruce Austic', 'Jack Wickham')","('Linda Blossom', 'Charles Bosman')"
,,,,"('Bruce Austic', 'Chuck Bosman')","('Linda Blossom', 'Donna Levy')"
,,,,"('Bruce Austic', 'Jeff Vann')","('Linda Blossom', 'Melissa Madden')"
,,,,"('Bruce Austic', 'Dave Nowicki')","('Linda Blossom', 'Anthony Delplato')"
,,,,"('Bruce Austic', 'Bill Larsen')","('Larry Abraham', 'Seth Thomas')"
,,,,"('Bruce Austic', 'Jeff Asbrand')","('Larry Abraham', 'Jeffery Vann')"
,,,,"('Bruce Austic', 'Keith Jay')","('Larry Abraham', 'Duane Waid')"
,,,,"('Bruce Austic', 'Mary Ott')","('Larry Abraham', 'Charles Bosman')"
,,,,"('Bruce Austic', 'Jeff Bond')","('Larry Abraham', 'Donna Levy')"
,,,,"('Bruce Austic', 'Michael Covert')","('Larry Abraham', 'Melissa Madden')"
,,,,"('Bruce Austic', 'Ruth Same')","('Larry Abraham', 'Anthony Delplato')"
,,,,"('Bruce Austic', 'David Dresser')","('Seth Thomas', 'Jeffery Vann')"
,,,,"('Bruce Austic', 'Barbara Stewart')","('Seth Thomas', 'Duane Waid')"
,,,,"('Bruce Austic', 'Chris Kempf')","('Seth Thomas', 'Charles Bosman')"
,,,,"('Jorden DePue', 'William Kappel')","('Seth Thomas', 'Donna Levy')"
,,,,"('Jorden DePue', 'Daniel Dembrosky')","('Seth Thomas', 'Melissa Madden')"
,,,,"('Jorden DePue', 'Holly Bailey')","('Seth Thomas', 'Anthony Delplato')"
,,,,"('Jorden DePue', 'Judy Kugelmass')","('Jeffery Vann', 'Duane Waid')"
,,,,"('Jorden DePue', 'Carolyn Knapp')","('Jeffery Vann', 'Charles Bosman')"
,,,,"('Jorden DePue', 'Peter Arena')","('Jeffery Vann', 'Donna Levy')"
,,,,"('Jorden DePue', 'Anthony Ingraffea')","('Jeffery Vann', 'Melissa Madden')"
,,,,"('Jorden DePue', 'Michael Reynolds')","('Jeffery Vann', 'Anthony Delplato')"
,,,,"('Jorden DePue', 'Charles Bosman')","('Duane Waid', 'Charles Bosman')"
,,,,"('Jorden DePue', 'Noelle Dembrosky')","('Duane Waid', 'Donna Levy')"
,,,,"('Jorden DePue', 'Mariah Plumlee')","('Duane Waid', 'Melissa Madden')"
,,,,"('Jorden DePue', 'Carrie Holcomb')","('Duane Waid', 'Anthony Delplato')"
,,,,"('Jorden DePue', 'Meg Jastran')","('Charles Bosman', 'Donna Levy')"
,,,,"('Jorden DePue', 'Michael Dineen')","('Charles Bosman', 'Melissa Madden')"
,,,,"('Jorden DePue', 'Barry Ford')","('Charles Bosman', 'Anthony Delplato')"
,,,,"('Jorden DePue', 'Jack Wickham')","('Donna Levy', 'Melissa Madden')"
,,,,"('Jorden DePue', 'Chuck Bosman')","('Donna Levy', 'Anthony Delplato')"
,,,,"('Jorden DePue', 'Richard Rose')","('Melissa Madden', 'Anthony Delplato')"
,,,,"('Jorden DePue', 'Jeff Vann')",
,,,,"('Jorden DePue', 'Dave Nowicki')",
,,,,"('Jorden DePue', 'Bill Larsen')",
,,,,"('Jorden DePue', 'Jeff Asbrand')",
,,,,"('Jorden DePue', 'Keith Jay')",
,,,,"('Jorden DePue', 'Mary Ott')",
,,,,"('Jorden DePue', 'Linda Blossom')",
,,,,"('Jorden DePue', 'Jeff Bond')",
,,,,"('Jorden DePue', 'Michael Covert')",
,,,,"('Jorden DePue', 'Duane Waid')",
,,,,"('Jorden DePue', 'Ruth Same')",
,,,,"('Jorden DePue', 'David Dresser')",
,,,,"('Jorden DePue', 'Barbara Stewart')",
,,,,"('Jorden DePue', 'Chris Kempf')",
,,,,"('William Kappel', 'Daniel Dembrosky')",
,,,,"('William Kappel', 'Holly Bailey')",
,,,,"('William Kappel', 'Judy Kugelmass')",
,,,,"('William Kappel', 'Carolyn Knapp')",
,,,,"('William Kappel', 'Noelle Dembrosky')",
,,,,"('William Kappel', 'Carrie Holcomb')",
,,,,"('William Kappel', 'Meg Jastran')",
,,,,"('William Kappel', 'Michael Dineen')",
,,,,"('William Kappel', 'Jack Wickham')",
,,,,"('William Kappel', 'Chuck Bosman')",
,,,,"('William Kappel', 'Jeff Vann')",
,,,,"('William Kappel', 'Dave Nowicki')",
,,,,"('William Kappel', 'Bill Larsen')",
,,,,"('William Kappel', 'Jeff Asbrand')",
,,,,"('William Kappel', 'Keith Jay')",
,,,,"('William Kappel', 'Mary Ott')",
,,,,"('William Kappel', 'Jeff Bond')",
,,,,"('William Kappel', 'Michael Covert')",
,,,,"('William Kappel', 'Ruth Same')",
,,,,"('William Kappel', 'David Dresser')",
,,,,"('William Kappel', 'Barbara Stewart')",
,,,,"('William Kappel', 'Chris Kempf')",
,,,,"('Daniel Dembrosky', 'Ruth Same')",
,,,,"('Daniel Dembrosky', 'Holly Bailey')",
,,,,"('Daniel Dembrosky', 'Judy Kugelmass')",
,,,,"('Daniel Dembrosky', 'Carolyn Knapp')",
,,,,"('Daniel Dembrosky', 'Peter Arena')",
,,,,"('Daniel Dembrosky', 'Anthony Ingraffea')",
,,,,"('Daniel Dembrosky', 'Michael Reynolds')",
,,,,"('Daniel Dembrosky', 'Charles Bosman')",
,,,,"('Daniel Dembrosky', 'Noelle Dembrosky')",
,,,,"('Daniel Dembrosky', 'Mariah Plumlee')",
,,,,"('Daniel Dembrosky', 'Carrie Holcomb')",
,,,,"('Daniel Dembrosky', 'Meg Jastran')",
,,,,"('Daniel Dembrosky', 'Michael Dineen')",
,,,,"('Daniel Dembrosky', 'Barry Ford')",
,,,,"('Daniel Dembrosky', 'Jack Wickham')",
,,,,"('Daniel Dembrosky', 'Chuck Bosman')",
,,,,"('Daniel Dembrosky', 'Richard Rose')",
,,,,"('Daniel Dembrosky', 'Jeff Vann')",
,,,,"('Daniel Dembrosky', 'Dave Nowicki')",
,,,,"('Daniel Dembrosky', 'Bill Larsen')",
,,,,"('Daniel Dembrosky', 'Jeff Asbrand')",
,,,,"('Daniel Dembrosky', 'Keith Jay')",
,,,,"('Daniel Dembrosky', 'Mary Ott')",
,,,,"('Daniel Dembrosky', 'Linda Blossom')",
,,,,"('Daniel Dembrosky', 'Jeff Bond')",
,,,,"('Daniel Dembrosky', 'Michael Covert')",
,,,,"('Daniel Dembrosky', 'Duane Waid')",
,,,,"('Daniel Dembrosky', 'David Dresser')",
,,,,"('Daniel Dembrosky', 'Barbara Stewart')",
,,,,"('Daniel Dembrosky', 'Chris Kempf')",
,,,,"('Holly Bailey', 'Judy Kugelmass')",
,,,,"('Holly Bailey', 'Carolyn Knapp')",
,,,,"('Holly Bailey', 'Peter Arena')",
,,,,"('Holly Bailey', 'Anthony Ingraffea')",
,,,,"('Holly Bailey', 'Michael Reynolds')",
,,,,"('Holly Bailey', 'Charles Bosman')",
,,,,"('Holly Bailey', 'Noelle Dembrosky')",
,,,,"('Holly Bailey', 'Mariah Plumlee')",
,,,,"('Holly Bailey', 'Carrie Holcomb')",
,,,,"('Holly Bailey', 'Meg Jastran')",
,,,,"('Holly Bailey', 'Michael Dineen')",
,,,,"('Holly Bailey', 'Barry Ford')",
,,,,"('Holly Bailey', 'Jack Wickham')",
,,,,"('Holly Bailey', 'Chuck Bosman')",
,,,,"('Holly Bailey', 'Richard Rose')",
,,,,"('Holly Bailey', 'Jeff Vann')",
,,,,"('Holly Bailey', 'Dave Nowicki')",
,,,,"('Holly Bailey', 'Bill Larsen')",
,,,,"('Holly Bailey', 'Jeff Asbrand')",
,,,,"('Holly Bailey', 'Keith Jay')",
,,,,"('Holly Bailey', 'Mary Ott')",
,,,,"('Holly Bailey', 'Linda Blossom')",
,,,,"('Holly Bailey', 'Jeff Bond')",
,,,,"('Holly Bailey', 'Michael Covert')",
,,,,"('Holly Bailey', 'Duane Waid')",
,,,,"('Holly Bailey', 'Ruth Same')",
,,,,"('Holly Bailey', 'David Dresser')",
,,,,"('Holly Bailey', 'Barbara Stewart')",
,,,,"('Holly Bailey', 'Chris Kempf')",
,,,,"('Judy Kugelmass', 'Carolyn Knapp')",
,,,,"('Judy Kugelmass', 'Peter Arena')",
,,,,"('Judy Kugelmass', 'Anthony Ingraffea')",
,,,,"('Judy Kugelmass', 'Michael Reynolds')",
,,,,"('Judy Kugelmass', 'Charles Bosman')",
,,,,"('Judy Kugelmass', 'Noelle Dembrosky')",
,,,,"('Judy Kugelmass', 'Mariah Plumlee')",
,,,,"('Judy Kugelmass', 'Carrie Holcomb')",
,,,,"('Judy Kugelmass', 'Meg Jastran')",
,,,,"('Judy Kugelmass', 'Michael Dineen')",
,,,,"('Judy Kugelmass', 'Barry Ford')",
,,,,"('Judy Kugelmass', 'Jack Wickham')",
,,,,"('Judy Kugelmass', 'Chuck Bosman')",
,,,,"('Judy Kugelmass', 'Richard Rose')",
,,,,"('Judy Kugelmass', 'Jeff Vann')",
,,,,"('Judy Kugelmass', 'Dave Nowicki')",
,,,,"('Judy Kugelmass', 'Bill Larsen')",
,,,,"('Judy Kugelmass', 'Jeff Asbrand')",
,,,,"('Judy Kugelmass', 'Keith Jay')",
,,,,"('Judy Kugelmass', 'Mary Ott')",
,,,,"('Judy Kugelmass', 'Linda Blossom')",
,,,,"('Judy Kugelmass', 'Jeff Bond')",
,,,,"('Judy Kugelmass', 'Michael Covert')",
,,,,"('Judy Kugelmass', 'Duane Waid')",
,,,,"('Judy Kugelmass', 'Ruth Same')",
,,,,"('Judy Kugelmass', 'David Dresser')",
,,,,"('Judy Kugelmass', 'Barbara Stewart')",
,,,,"('Judy Kugelmass', 'Chris Kempf')",
,,,,"('Carolyn Knapp', 'Peter Arena')",
,,,,"('Carolyn Knapp', 'Anthony Ingraffea')",
,,,,"('Carolyn Knapp', 'Michael Reynolds')",
,,,,"('Carolyn Knapp', 'Charles Bosman')",
,,,,"('Carolyn Knapp', 'Noelle Dembrosky')",
,,,,"('Carolyn Knapp', 'Mariah Plumlee')",
,,,,"('Carolyn Knapp', 'Carrie Holcomb')",
,,,,"('Carolyn Knapp', 'Meg Jastran')",
,,,,"('Carolyn Knapp', 'Michael Dineen')",
,,,,"('Carolyn Knapp', 'Jack Wickham')",
,,,,"('Carolyn Knapp', 'Barry Ford')",
,,,,"('Carolyn Knapp', 'Chuck Bosman')",
,,,,"('Carolyn Knapp', 'Richard Rose')",
,,,,"('Carolyn Knapp', 'Jeff Vann')",
,,,,"('Carolyn Knapp', 'Dave Nowicki')",
,,,,"('Carolyn Knapp', 'Bill Larsen')",
,,,,"('Carolyn Knapp', 'Jeff Asbrand')",
,,,,"('Carolyn Knapp', 'Keith Jay')",
,,,,"('Carolyn Knapp', 'Mary Ott')",
,,,,"('Carolyn Knapp', 'Linda Blossom')",
,,,,"('Carolyn Knapp', 'Jeff Bond')",
,,,,"('Carolyn Knapp', 'Michael Covert')",
,,,,"('Carolyn Knapp', 'Duane Waid')",
,,,,"('Carolyn Knapp', 'Ruth Same')",
,,,,"('Carolyn Knapp', 'David Dresser')",
,,,,"('Carolyn Knapp', 'Barbara Stewart')",
,,,,"('Carolyn Knapp', 'Chris Kempf')",
,,,,"('Peter Arena', 'Noelle Dembrosky')",
,,,,"('Peter Arena', 'Mariah Plumlee')",
,,,,"('Peter Arena', 'Carrie Holcomb')",
,,,,"('Peter Arena', 'Meg Jastran')",
,,,,"('Peter Arena', 'Michael Dineen')",
,,,,"('Peter Arena', 'Jack Wickham')",
,,,,"('Peter Arena', 'Chuck Bosman')",
,,,,"('Peter Arena', 'Jeff Vann')",
,,,,"('Peter Arena', 'Dave Nowicki')",
,,,,"('Peter Arena', 'Bill Larsen')",
,,,,"('Peter Arena', 'Jeff Asbrand')",
,,,,"('Peter Arena', 'Keith Jay')",
,,,,"('Peter Arena', 'Mary Ott')",
,,,,"('Peter Arena', 'Jeff Bond')",
,,,,"('Peter Arena', 'Michael Covert')",
,,,,"('Peter Arena', 'Ruth Same')",
,,,,"('Peter Arena', 'David Dresser')",
,,,,"('Peter Arena', 'Barbara Stewart')",
,,,,"('Peter Arena', 'Chris Kempf')",
,,,,"('Anthony Ingraffea', 'Noelle Dembrosky')",
,,,,"('Anthony Ingraffea', 'Mariah Plumlee')",
,,,,"('Anthony Ingraffea', 'Carrie Holcomb')",
,,,,"('Anthony Ingraffea', 'Meg Jastran')",
,,,,"('Anthony Ingraffea', 'Michael Dineen')",
,,,,"('Anthony Ingraffea', 'Jack Wickham')",
,,,,"('Anthony Ingraffea', 'Chuck Bosman')",
,,,,"('Anthony Ingraffea', 'Jeff Vann')",
,,,,"('Anthony Ingraffea', 'Dave Nowicki')",
,,,,"('Anthony Ingraffea', 'Bill Larsen')",
,,,,"('Anthony Ingraffea', 'Jeff Asbrand')",
,,,,"('Anthony Ingraffea', 'Keith Jay')",
,,,,"('Anthony Ingraffea', 'Mary Ott')",
,,,,"('Anthony Ingraffea', 'Jeff Bond')",
,,,,"('Anthony Ingraffea', 'Michael Covert')",
,,,,"('Anthony Ingraffea', 'Ruth Same')",
,,,,"('Anthony Ingraffea', 'David Dresser')",
,,,,"('Anthony Ingraffea', 'Barbara Stewart')",
,,,,"('Anthony Ingraffea', 'Chris Kempf')",
,,,,"('Michael Reynolds', 'Noelle Dembrosky')",
,,,,"('Michael Reynolds', 'Mariah Plumlee')",
,,,,"('Michael Reynolds', 'Carrie Holcomb')",
,,,,"('Michael Reynolds', 'Meg Jastran')",
,,,,"('Michael Reynolds', 'Michael Dineen')",
,,,,"('Michael Reynolds', 'Jack Wickham')",
,,,,"('Michael Reynolds', 'Chuck Bosman')",
,,,,"('Michael Reynolds', 'Jeff Vann')",
,,,,"('Michael Reynolds', 'Dave Nowicki')",
,,,,"('Michael Reynolds', 'Bill Larsen')",
,,,,"('Michael Reynolds', 'Jeff Asbrand')",
,,,,"('Michael Reynolds', 'Keith Jay')",
,,,,"('Michael Reynolds', 'Mary Ott')",
,,,,"('Michael Reynolds', 'Jeff Bond')",
,,,,"('Michael Reynolds', 'Michael Covert')",
,,,,"('Michael Reynolds', 'Ruth Same')",
,,,,"('Michael Reynolds', 'David Dresser')",
,,,,"('Michael Reynolds', 'Barbara Stewart')",
,,,,"('Michael Reynolds', 'Chris Kempf')",
,,,,"('Charles Bosman', 'Noelle Dembrosky')",
,,,,"('Charles Bosman', 'Mariah Plumlee')",
,,,,"('Charles Bosman', 'Carrie Holcomb')",
,,,,"('Charles Bosman', 'Meg Jastran')",
,,,,"('Charles Bosman', 'Michael Dineen')",
,,,,"('Charles Bosman', 'Jack Wickham')",
,,,,"('Charles Bosman', 'Barry Ford')",
,,,,"('Charles Bosman', 'Chuck Bosman')",
,,,,"('Charles Bosman', 'Richard Rose')",
,,,,"('Charles Bosman', 'Jeff Vann')",
,,,,"('Charles Bosman', 'Dave Nowicki')",
,,,,"('Charles Bosman', 'Bill Larsen')",
,,,,"('Charles Bosman', 'Jeff Asbrand')",
,,,,"('Charles Bosman', 'Keith Jay')",
,,,,"('Charles Bosman', 'Mary Ott')",
,,,,"('Charles Bosman', 'Linda Blossom')",
,,,,"('Charles Bosman', 'Jeff Bond')",
,,,,"('Charles Bosman', 'Michael Covert')",
,,,,"('Charles Bosman', 'Duane Waid')",
,,,,"('Charles Bosman', 'Ruth Same')",
,,,,"('Charles Bosman', 'David Dresser')",
,,,,"('Charles Bosman', 'Barbara Stewart')",
,,,,"('Charles Bosman', 'Chris Kempf')",
,,,,"('Noelle Dembrosky', 'Mariah Plumlee')",
,,,,"('Noelle Dembrosky', 'Carrie Holcomb')",
,,,,"('Noelle Dembrosky', 'Meg Jastran')",
,,,,"('Noelle Dembrosky', 'Michael Dineen')",
,,,,"('Noelle Dembrosky', 'Barry Ford')",
,,,,"('Noelle Dembrosky', 'Jack Wickham')",
,,,,"('Noelle Dembrosky', 'Chuck Bosman')",
,,,,"('Noelle Dembrosky', 'Richard Rose')",
,,,,"('Noelle Dembrosky', 'Jeff Vann')",
,,,,"('Noelle Dembrosky', 'Dave Nowicki')",
,,,,"('Noelle Dembrosky', 'Bill Larsen')",
,,,,"('Noelle Dembrosky', 'Jeff Asbrand')",
,,,,"('Noelle Dembrosky', 'Keith Jay')",
,,,,"('Noelle Dembrosky', 'Mary Ott')",
,,,,"('Noelle Dembrosky', 'Linda Blossom')",
,,,,"('Noelle Dembrosky', 'Jeff Bond')",
,,,,"('Noelle Dembrosky', 'Michael Covert')",
,,,,"('Noelle Dembrosky', 'Duane Waid')",
,,,,"('Noelle Dembrosky', 'Ruth Same')",
,,,,"('Noelle Dembrosky', 'David Dresser')",
,,,,"('Noelle Dembrosky', 'Barbara Stewart')",
,,,,"('Noelle Dembrosky', 'Chris Kempf')",
,,,,"('Mariah Plumlee', 'Carrie Holcomb')",
,,,,"('Mariah Plumlee', 'Meg Jastran')",
,,,,"('Mariah Plumlee', 'Michael Dineen')",
,,,,"('Mariah Plumlee', 'Jack Wickham')",
,,,,"('Mariah Plumlee', 'Chuck Bosman')",
,,,,"('Mariah Plumlee', 'Jeff Vann')",
,,,,"('Mariah Plumlee', 'Dave Nowicki')",
,,,,"('Mariah Plumlee', 'Bill Larsen')",
,,,,"('Mariah Plumlee', 'Jeff Asbrand')",
,,,,"('Mariah Plumlee', 'Keith Jay')",
,,,,"('Mariah Plumlee', 'Mary Ott')",
,,,,"('Mariah Plumlee', 'Jeff Bond')",
,,,,"('Mariah Plumlee', 'Michael Covert')",
,,,,"('Mariah Plumlee', 'Ruth Same')",
,,,,"('Mariah Plumlee', 'David Dresser')",
,,,,"('Mariah Plumlee', 'Barbara Stewart')",
,,,,"('Mariah Plumlee', 'Chris Kempf')",
,,,,"('Carrie Holcomb', 'Meg Jastran')",
,,,,"('Carrie Holcomb', 'Michael Dineen')",
,,,,"('Carrie Holcomb', 'Jack Wickham')",
,,,,"('Carrie Holcomb', 'Barry Ford')",
,,,,"('Carrie Holcomb', 'Chuck Bosman')",
,,,,"('Carrie Holcomb', 'Richard Rose')",
,,,,"('Carrie Holcomb', 'Jeff Vann')",
,,,,"('Carrie Holcomb', 'Dave Nowicki')",
,,,,"('Carrie Holcomb', 'Bill Larsen')",
,,,,"('Carrie Holcomb', 'Jeff Asbrand')",
,,,,"('Carrie Holcomb', 'Keith Jay')",
,,,,"('Carrie Holcomb', 'Mary Ott')",
,,,,"('Carrie Holcomb', 'Linda Blossom')",
,,,,"('Carrie Holcomb', 'Jeff Bond')",
,,,,"('Carrie Holcomb', 'Michael Covert')",
,,,,"('Carrie Holcomb', 'Duane Waid')",
,,,,"('Carrie Holcomb', 'Ruth Same')",
,,,,"('Carrie Holcomb', 'David Dresser')",
,,,,"('Carrie Holcomb', 'Barbara Stewart')",
,,,,"('Carrie Holcomb', 'Chris Kempf')",
,,,,"('Meg Jastran', 'Michael Dineen')",
,,,,"('Meg Jastran', 'Barry Ford')",
,,,,"('Meg Jastran', 'Jack Wickham')",
,,,,"('Meg Jastran', 'Chuck Bosman')",
,,,,"('Meg Jastran', 'Richard Rose')",
,,,,"('Meg Jastran', 'Jeff Vann')",
,,,,"('Meg Jastran', 'Dave Nowicki')",
,,,,"('Meg Jastran', 'Bill Larsen')",
,,,,"('Meg Jastran', 'Jeff Asbrand')",
,,,,"('Meg Jastran', 'Keith Jay')",
,,,,"('Meg Jastran', 'Mary Ott')",
,,,,"('Meg Jastran', 'Linda Blossom')",
,,,,"('Meg Jastran', 'Jeff Bond')",
,,,,"('Meg Jastran', 'Michael Covert')",
,,,,"('Meg Jastran', 'Duane Waid')",
,,,,"('Meg Jastran', 'Ruth Same')",
,,,,"('Meg Jastran', 'David Dresser')",
,,,,"('Meg Jastran', 'Barbara Stewart')",
,,,,"('Meg Jastran', 'Chris Kempf')",
,,,,"('Michael Dineen', 'Barry Ford')",
,,,,"('Michael Dineen', 'Jack Wickham')",
,,,,"('Michael Dineen', 'Chuck Bosman')",
,,,,"('Michael Dineen', 'Richard Rose')",
,,,,"('Michael Dineen', 'Jeff Vann')",
,,,,"('Michael Dineen', 'Dave Nowicki')",
,,,,"('Michael Dineen', 'Bill Larsen')",
,,,,"('Michael Dineen', 'Jeff Asbrand')",
,,,,"('Michael Dineen', 'Keith Jay')",
,,,,"('Michael Dineen', 'Mary Ott')",
,,,,"('Michael Dineen', 'Linda Blossom')",
,,,,"('Michael Dineen', 'Jeff Bond')",
,,,,"('Michael Dineen', 'Michael Covert')",
,,,,"('Michael Dineen', 'Duane Waid')",
,,,,"('Michael Dineen', 'Ruth Same')",
,,,,"('Michael Dineen', 'David Dresser')",
,,,,"('Michael Dineen', 'Barbara Stewart')",
,,,,"('Michael Dineen', 'Chris Kempf')",
,,,,"('Barry Ford', 'Jack Wickham')",
,,,,"('Barry Ford', 'Chuck Bosman')",
,,,,"('Barry Ford', 'Jeff Vann')",
,,,,"('Barry Ford', 'Dave Nowicki')",
,,,,"('Barry Ford', 'Bill Larsen')",
,,,,"('Barry Ford', 'Jeff Asbrand')",
,,,,"('Barry Ford', 'Keith Jay')",
,,,,"('Barry Ford', 'Mary Ott')",
,,,,"('Barry Ford', 'Jeff Bond')",
,,,,"('Barry Ford', 'Michael Covert')",
,,,,"('Barry Ford', 'Ruth Same')",
,,,,"('Barry Ford', 'David Dresser')",
,,,,"('Barry Ford', 'Barbara Stewart')",
,,,,"('Barry Ford', 'Chris Kempf')",
,,,,"('Jack Wickham', 'Chuck Bosman')",
,,,,"('Jack Wickham', 'Richard Rose')",
,,,,"('Jack Wickham', 'Jeff Vann')",
,,,,"('Jack Wickham', 'Dave Nowicki')",
,,,,"('Jack Wickham', 'Bill Larsen')",
,,,,"('Jack Wickham', 'Jeff Asbrand')",
,,,,"('Jack Wickham', 'Keith Jay')",
,,,,"('Jack Wickham', 'Mary Ott')",
,,,,"('Jack Wickham', 'Linda Blossom')",
,,,,"('Jack Wickham', 'Jeff Bond')",
,,,,"('Jack Wickham', 'Michael Covert')",
,,,,"('Jack Wickham', 'Duane Waid')",
,,,,"('Jack Wickham', 'Ruth Same')",
,,,,"('Jack Wickham', 'David Dresser')",
,,,,"('Jack Wickham', 'Barbara Stewart')",
,,,,"('Jack Wickham', 'Chris Kempf')",
,,,,"('Chuck Bosman', 'Keith Jay')",
,,,,"('Chuck Bosman', 'Richard Rose')",
,,,,"('Chuck Bosman', 'Jeff Vann')",
,,,,"('Chuck Bosman', 'Dave Nowicki')",
,,,,"('Chuck Bosman', 'Bill Larsen')",
,,,,"('Chuck Bosman', 'Jeff Asbrand')",
,,,,"('Chuck Bosman', 'Michael Covert')",
,,,,"('Chuck Bosman', 'Mary Ott')",
,,,,"('Chuck Bosman', 'Linda Blossom')",
,,,,"('Chuck Bosman', 'Jeff Bond')",
,,,,"('Chuck Bosman', 'Duane Waid')",
,,,,"('Chuck Bosman', 'Ruth Same')",
,,,,"('Chuck Bosman', 'David Dresser')",
,,,,"('Chuck Bosman', 'Barbara Stewart')",
,,,,"('Chuck Bosman', 'Chris Kempf')",
,,,,"('Richard Rose', 'Jeff Vann')",
,,,,"('Richard Rose', 'Dave Nowicki')",
,,,,"('Richard Rose', 'Bill Larsen')",
,,,,"('Richard Rose', 'Jeff Asbrand')",
,,,,"('Richard Rose', 'Keith Jay')",
,,,,"('Richard Rose', 'Mary Ott')",
,,,,"('Richard Rose', 'Jeff Bond')",
,,,,"('Richard Rose', 'Michael Covert')",
,,,,"('Richard Rose', 'Ruth Same')",
,,,,"('Richard Rose', 'David Dresser')",
,,,,"('Richard Rose', 'Barbara Stewart')",
,,,,"('Richard Rose', 'Chris Kempf')",
,,,,"('Jeff Vann', 'Dave Nowicki')",
,,,,"('Jeff Vann', 'Bill Larsen')",
,,,,"('Jeff Vann', 'Jeff Asbrand')",
,,,,"('Jeff Vann', 'Keith Jay')",
,,,,"('Jeff Vann', 'Mary Ott')",
,,,,"('Jeff Vann', 'Linda Blossom')",
,,,,"('Jeff Vann', 'Jeff Bond')",
,,,,"('Jeff Vann', 'Michael Covert')",
,,,,"('Jeff Vann', 'Duane Waid')",
,,,,"('Jeff Vann', 'Ruth Same')",
,,,,"('Jeff Vann', 'David Dresser')",
,,,,"('Jeff Vann', 'Barbara Stewart')",
,,,,"('Jeff Vann', 'Chris Kempf')",
,,,,"('Dave Nowicki', 'Bill Larsen')",
,,,,"('Dave Nowicki', 'Jeff Asbrand')",
,,,,"('Dave Nowicki', 'Keith Jay')",
,,,,"('Dave Nowicki', 'Mary Ott')",
,,,,"('Dave Nowicki', 'Linda Blossom')",
,,,,"('Dave Nowicki', 'Jeff Bond')",
,,,,"('Dave Nowicki', 'Michael Covert')",
,,,,"('Dave Nowicki', 'Duane Waid')",
,,,,"('Dave Nowicki', 'Ruth Same')",
,,,,"('Dave Nowicki', 'David Dresser')",
,,,,"('Dave Nowicki', 'Barbara Stewart')",
,,,,"('Dave Nowicki', 'Chris Kempf')",
,,,,"('Bill Larsen', 'Jeff Asbrand')",
,,,,"('Bill Larsen', 'Keith Jay')",
,,,,"('Bill Larsen', 'Mary Ott')",
,,,,"('Bill Larsen', 'Linda Blossom')",
,,,,"('Bill Larsen', 'Jeff Bond')",
,,,,"('Bill Larsen', 'Michael Covert')",
,,,,"('Bill Larsen', 'Duane Waid')",
,,,,"('Bill Larsen', 'Ruth Same')",
,,,,"('Bill Larsen', 'David Dresser')",
,,,,"('Bill Larsen', 'Barbara Stewart')",
,,,,"('Bill Larsen', 'Chris Kempf')",
,,,,"('Jeff Asbrand', 'Keith Jay')",
,,,,"('Jeff Asbrand', 'Mary Ott')",
,,,,"('Jeff Asbrand', 'Linda Blossom')",
,,,,"('Jeff Asbrand', 'Jeff Bond')",
,,,,"('Jeff Asbrand', 'Michael Covert')",
,,,,"('Jeff Asbrand', 'Duane Waid')",
,,,,"('Jeff Asbrand', 'Ruth Same')",
,,,,"('Jeff Asbrand', 'David Dresser')",
,,,,"('Jeff Asbrand', 'Barbara Stewart')",
,,,,"('Jeff Asbrand', 'Chris Kempf')",
,,,,"('Keith Jay', 'Michael Covert')",
,,,,"('Keith Jay', 'Mary Ott')",
,,,,"('Keith Jay', 'Linda Blossom')",
,,,,"('Keith Jay', 'Jeff Bond')",
,,,,"('Keith Jay', 'Duane Waid')",
,,,,"('Keith Jay', 'Ruth Same')",
,,,,"('Keith Jay', 'David Dresser')",
,,,,"('Keith Jay', 'Barbara Stewart')",
,,,,"('Keith Jay', 'Chris Kempf')",
,,,,"('Mary Ott', 'Linda Blossom')",
,,,,"('Mary Ott', 'Jeff Bond')",
,,,,"('Mary Ott', 'Michael Covert')",
,,,,"('Mary Ott', 'Duane Waid')",
,,,,"('Mary Ott', 'Ruth Same')",
,,,,"('Mary Ott', 'David Dresser')",
,,,,"('Mary Ott', 'Barbara Stewart')",
,,,,"('Mary Ott', 'Chris Kempf')",
,,,,"('Linda Blossom', 'Jeff Bond')",
,,,,"('Linda Blossom', 'Michael Covert')",
,,,,"('Linda Blossom', 'Ruth Same')",
,,,,"('Linda Blossom', 'David Dresser')",
,,,,"('Linda Blossom', 'Barbara Stewart')",
,,,,"('Linda Blossom', 'Chris Kempf')",
,,,,"('Jeff Bond', 'Michael Covert')",
,,,,"('Jeff Bond', 'Duane Waid')",
,,,,"('Jeff Bond', 'Ruth Same')",
,,,,"('Jeff Bond', 'David Dresser')",
,,,,"('Jeff Bond', 'Barbara Stewart')",
,,,,"('Jeff Bond', 'Chris Kempf')",
,,,,"('Michael Covert', 'Duane Waid')",
,,,,"('Michael Covert', 'Ruth Same')",
,,,,"('Michael Covert', 'David Dresser')",
,,,,"('Michael Covert', 'Barbara Stewart')",
,,,,"('Michael Covert', 'Chris Kempf')",
,,,,"('Duane Waid', 'Ruth Same')",
,,,,"('Duane Waid', 'David Dresser')",
,,,,"('Duane Waid', 'Barbara Stewart')",
,,,,"('Duane Waid', 'Chris Kempf')",
,,,,"('Ruth Same', 'David Dresser')",
,,,,"('Ruth Same', 'Barbara Stewart')",
,,,,"('Ruth Same', 'Chris Kempf')",
,,,,"('David Dresser', 'Barbara Stewart')",
,,,,"('David Dresser', 'Chris Kempf')",
,,,,"('Barbara Stewart', 'Chris Kempf')",
