Actor Overlap,Relationship Overlap,Unique Newspaper Network Actors,Unique Meeting Minute Network Actors,Unique Newspaper Network Relationships,Unique Newspaper Network Relationships
Steve Born,"('Steve Born', 'Michael Willis')",Jason Ballard,Chris Everet,"('Jason Ballard', 'Jeff Heller')","('Chris Everet', 'Ray Acomb')"
John Vogel,"('Ken Rauber', 'Michael Willis')",Peter Gamba,Thomas Hager,"('Jason Ballard', 'Peter Gamba')","('Chris Everet', 'Laura Stiggins')"
Ken Rauber,"('John Vogel', 'Michael Willis')",Brad Gill,Dan Hartwell,"('Jason Ballard', 'Brad Gill')","('Chris Everet', 'Cheryl A Coombes')"
Michael Willis,"('John Vogel', 'Steve Born')",John Holko,Briggs,"('Jason Ballard', 'John Holko')","('Chris Everet', 'Carol Robinson')"
Ray Acomb,"('Ray Acomb', 'Steve Born')",Emily DeSantis,Nancy Moir,"('Jason Ballard', 'Emily DeSantis')","('Chris Everet', 'Adams')"
,"('Ray Acomb', 'Ken Rauber')",Janet Stone,Gene Jackson,"('Jason Ballard', 'Janet Stone')","('Chris Everet', 'Priscilla Rowe How')"
,"('Ken Rauber', 'John Vogel')",Jeff Heller,Ellen Gendreau,"('Jason Ballard', 'Joe Martens')","('Chris Everet', 'Gene Jackson')"
,"('Ray Acomb', 'John Vogel')",James Johnson,Priscilla Rowe How,"('Jason Ballard', 'James Johnson')","('Chris Everet', 'Ellen Gendreau')"
,"('Ken Rauber', 'Steve Born')",Joyce Hunt,Cheryl A Coombes,"('Jason Ballard', 'Joyce Hunt')","('Chris Everet', 'Emo')"
,"('Ray Acomb', 'Michael Willis')",David Slottje,Carol Robinson,"('Jason Ballard', 'David Slottje')","('Chris Everet', 'Mike Holler')"
,,Robert Sweeney,Adams,"('Jason Ballard', 'Robert Sweeney')","('Chris Everet', 'John Vogel')"
,,John Falci,Emo,"('Jason Ballard', 'Ray Acomb')","('Chris Everet', 'Nancy Moir')"
,,Emily Wurth,Robert Mahany Jr,"('Jason Ballard', 'John Falci')","('Chris Everet', 'Grasby')"
,,Tom Santulli,Grasby,"('Jason Ballard', 'Emily Wurth')","('Chris Everet', 'Dan Hartwell')"
,,Carter Strickland,Laura Stiggins,"('Jason Ballard', 'Tom Santulli')","('Chris Everet', 'Ken Rauber')"
,,Michael Holler,Mike Holler,"('Jason Ballard', 'Carter Strickland')","('Chris Everet', 'Briggs')"
,,Linda Knowles,Jeff Holler,"('Jason Ballard', 'Michael Holler')","('Chris Everet', 'Robert Mahany Jr')"
,,Katherine Nadeau,,"('Jason Ballard', 'Linda Knowles')","('Chris Everet', 'Steve Born')"
,,Paul Sick,,"('Jason Ballard', 'Katherine Nadeau')","('Chris Everet', 'Jeff Holler')"
,,Jeff Andrysick,,"('Jason Ballard', 'Paul Sick')","('Chris Everet', 'Thomas Hager')"
,,Neil Vitale,,"('Jason Ballard', 'Jeff Andrysick')","('Chris Everet', 'Michael Willis')"
,,Kate Bartholomew,,"('Jason Ballard', 'Neil Vitale')","('Thomas Hager', 'Ray Acomb')"
,,Bill Dominikoski,,"('Jason Ballard', 'Kate Bartholomew')","('Thomas Hager', 'Laura Stiggins')"
,,Ken Isaman,,"('Jason Ballard', 'Bill Dominikoski')","('Thomas Hager', 'Cheryl A Coombes')"
,,Ed Blume,,"('Jason Ballard', 'Ken Isaman')","('Thomas Hager', 'Carol Robinson')"
,,Joe Sempolinski,,"('Jason Ballard', 'Ed Blume')","('Thomas Hager', 'Adams')"
,,Joe Duffy,,"('Jason Ballard', 'Joe Sempolinski')","('Thomas Hager', 'Priscilla Rowe How')"
,,Jamie Carestio,,"('Jason Ballard', 'Joe Duffy')","('Thomas Hager', 'Ellen Gendreau')"
,,Joe Martens,,"('Jason Ballard', 'Jamie Carestio')","('Thomas Hager', 'Emo')"
,,Ivan Davis,,"('Jason Ballard', 'Ken Rauber')","('Thomas Hager', 'Mike Holler')"
,,Joe Hoff,,"('Jason Ballard', 'Ivan Davis')","('Thomas Hager', 'John Vogel')"
,,Robert Nichols,,"('Jason Ballard', 'Joe Hoff')","('Thomas Hager', 'Gene Jackson')"
,,Mike Edwards,,"('Jason Ballard', 'Robert Nichols')","('Thomas Hager', 'Grasby')"
,,Ben Wunder,,"('Jason Ballard', 'Mike Edwards')","('Thomas Hager', 'Dan Hartwell')"
,,Tony Ingraffea,,"('Jason Ballard', 'Ben Wunder')","('Thomas Hager', 'Ken Rauber')"
,,Ron Harmon,,"('Jason Ballard', 'John Vogel')","('Thomas Hager', 'Briggs')"
,,Bob Thompson,,"('Jason Ballard', 'Tony Ingraffea')","('Thomas Hager', 'Robert Mahany Jr')"
,,Jodi Andrysick,,"('Jason Ballard', 'Ron Harmon')","('Thomas Hager', 'Steve Born')"
,,Michael Joy,,"('Jason Ballard', 'Bob Thompson')","('Thomas Hager', 'Jeff Holler')"
,,Jane Russell,,"('Jason Ballard', 'Jodi Andrysick')","('Thomas Hager', 'Nancy Moir')"
,,Craig Stevens,,"('Jason Ballard', 'Michael Joy')","('Thomas Hager', 'Michael Willis')"
,,James Seward,,"('Jason Ballard', 'Steve Born')","('Dan Hartwell', 'Ray Acomb')"
,,Penny Lawrence,,"('Jason Ballard', 'Jane Russell')","('Dan Hartwell', 'Laura Stiggins')"
,,,,"('Jason Ballard', 'Craig Stevens')","('Dan Hartwell', 'Cheryl A Coombes')"
,,,,"('Jason Ballard', 'James Seward')","('Dan Hartwell', 'Carol Robinson')"
,,,,"('Jason Ballard', 'Penny Lawrence')","('Dan Hartwell', 'Adams')"
,,,,"('Jason Ballard', 'Michael Willis')","('Dan Hartwell', 'Priscilla Rowe How')"
,,,,"('Peter Gamba', 'Brad Gill')","('Dan Hartwell', 'Ellen Gendreau')"
,,,,"('Peter Gamba', 'John Holko')","('Dan Hartwell', 'Emo')"
,,,,"('Peter Gamba', 'Emily DeSantis')","('Dan Hartwell', 'Mike Holler')"
,,,,"('Peter Gamba', 'Janet Stone')","('Dan Hartwell', 'John Vogel')"
,,,,"('Peter Gamba', 'Jeff Heller')","('Dan Hartwell', 'Gene Jackson')"
,,,,"('Peter Gamba', 'James Johnson')","('Dan Hartwell', 'Grasby')"
,,,,"('Peter Gamba', 'Joyce Hunt')","('Dan Hartwell', 'Ken Rauber')"
,,,,"('Peter Gamba', 'David Slottje')","('Dan Hartwell', 'Briggs')"
,,,,"('Peter Gamba', 'Robert Sweeney')","('Dan Hartwell', 'Robert Mahany Jr')"
,,,,"('Peter Gamba', 'Ray Acomb')","('Dan Hartwell', 'Steve Born')"
,,,,"('Peter Gamba', 'John Falci')","('Dan Hartwell', 'Jeff Holler')"
,,,,"('Peter Gamba', 'Emily Wurth')","('Dan Hartwell', 'Nancy Moir')"
,,,,"('Peter Gamba', 'Tom Santulli')","('Dan Hartwell', 'Michael Willis')"
,,,,"('Peter Gamba', 'Carter Strickland')","('Ray Acomb', 'Laura Stiggins')"
,,,,"('Peter Gamba', 'Michael Holler')","('Ray Acomb', 'Cheryl A Coombes')"
,,,,"('Peter Gamba', 'Linda Knowles')","('Ray Acomb', 'Carol Robinson')"
,,,,"('Peter Gamba', 'Katherine Nadeau')","('Ray Acomb', 'Adams')"
,,,,"('Peter Gamba', 'Paul Sick')","('Ray Acomb', 'Priscilla Rowe How')"
,,,,"('Peter Gamba', 'Jeff Andrysick')","('Ray Acomb', 'Ellen Gendreau')"
,,,,"('Peter Gamba', 'Neil Vitale')","('Ray Acomb', 'Emo')"
,,,,"('Peter Gamba', 'Kate Bartholomew')","('Ray Acomb', 'Mike Holler')"
,,,,"('Peter Gamba', 'Bill Dominikoski')","('Ray Acomb', 'Gene Jackson')"
,,,,"('Peter Gamba', 'Ken Isaman')","('Ray Acomb', 'Grasby')"
,,,,"('Peter Gamba', 'Ed Blume')","('Ray Acomb', 'Briggs')"
,,,,"('Peter Gamba', 'Joe Sempolinski')","('Ray Acomb', 'Robert Mahany Jr')"
,,,,"('Peter Gamba', 'Joe Duffy')","('Ray Acomb', 'Jeff Holler')"
,,,,"('Peter Gamba', 'Jamie Carestio')","('Ray Acomb', 'Nancy Moir')"
,,,,"('Peter Gamba', 'Ken Rauber')","('Briggs', 'Laura Stiggins')"
,,,,"('Peter Gamba', 'Joe Martens')","('Briggs', 'Cheryl A Coombes')"
,,,,"('Peter Gamba', 'Ivan Davis')","('Briggs', 'Carol Robinson')"
,,,,"('Peter Gamba', 'Joe Hoff')","('Briggs', 'Adams')"
,,,,"('Peter Gamba', 'Robert Nichols')","('Briggs', 'Ellen Gendreau')"
,,,,"('Peter Gamba', 'Mike Edwards')","('Briggs', 'Emo')"
,,,,"('Peter Gamba', 'Ben Wunder')","('Briggs', 'Mike Holler')"
,,,,"('Peter Gamba', 'John Vogel')","('Briggs', 'John Vogel')"
,,,,"('Peter Gamba', 'Tony Ingraffea')","('Briggs', 'Gene Jackson')"
,,,,"('Peter Gamba', 'Ron Harmon')","('Briggs', 'Grasby')"
,,,,"('Peter Gamba', 'Bob Thompson')","('Briggs', 'Ken Rauber')"
,,,,"('Peter Gamba', 'Jodi Andrysick')","('Briggs', 'Priscilla Rowe How')"
,,,,"('Peter Gamba', 'Michael Joy')","('Briggs', 'Robert Mahany Jr')"
,,,,"('Peter Gamba', 'Steve Born')","('Briggs', 'Steve Born')"
,,,,"('Peter Gamba', 'Jane Russell')","('Briggs', 'Jeff Holler')"
,,,,"('Peter Gamba', 'Craig Stevens')","('Briggs', 'Nancy Moir')"
,,,,"('Peter Gamba', 'James Seward')","('Briggs', 'Michael Willis')"
,,,,"('Peter Gamba', 'Penny Lawrence')","('Nancy Moir', 'Laura Stiggins')"
,,,,"('Peter Gamba', 'Michael Willis')","('Nancy Moir', 'Cheryl A Coombes')"
,,,,"('Brad Gill', 'John Falci')","('Nancy Moir', 'Carol Robinson')"
,,,,"('Brad Gill', 'John Holko')","('Nancy Moir', 'Adams')"
,,,,"('Brad Gill', 'Emily DeSantis')","('Nancy Moir', 'Priscilla Rowe How')"
,,,,"('Brad Gill', 'Janet Stone')","('Nancy Moir', 'Ellen Gendreau')"
,,,,"('Brad Gill', 'Joe Martens')","('Nancy Moir', 'Emo')"
,,,,"('Brad Gill', 'James Johnson')","('Nancy Moir', 'Mike Holler')"
,,,,"('Brad Gill', 'Joyce Hunt')","('Nancy Moir', 'John Vogel')"
,,,,"('Brad Gill', 'David Slottje')","('Nancy Moir', 'Gene Jackson')"
,,,,"('Brad Gill', 'Robert Sweeney')","('Nancy Moir', 'Grasby')"
,,,,"('Brad Gill', 'Ray Acomb')","('Nancy Moir', 'Ken Rauber')"
,,,,"('Brad Gill', 'Emily Wurth')","('Nancy Moir', 'Robert Mahany Jr')"
,,,,"('Brad Gill', 'Tom Santulli')","('Nancy Moir', 'Steve Born')"
,,,,"('Brad Gill', 'Carter Strickland')","('Nancy Moir', 'Jeff Holler')"
,,,,"('Brad Gill', 'Michael Holler')","('Nancy Moir', 'Michael Willis')"
,,,,"('Brad Gill', 'Linda Knowles')","('Gene Jackson', 'Laura Stiggins')"
,,,,"('Brad Gill', 'Katherine Nadeau')","('Gene Jackson', 'Cheryl A Coombes')"
,,,,"('Brad Gill', 'Paul Sick')","('Gene Jackson', 'Carol Robinson')"
,,,,"('Brad Gill', 'Jeff Andrysick')","('Gene Jackson', 'Adams')"
,,,,"('Brad Gill', 'Neil Vitale')","('Gene Jackson', 'Priscilla Rowe How')"
,,,,"('Brad Gill', 'Kate Bartholomew')","('Gene Jackson', 'Ellen Gendreau')"
,,,,"('Brad Gill', 'Bill Dominikoski')","('Gene Jackson', 'Emo')"
,,,,"('Brad Gill', 'Ken Isaman')","('Gene Jackson', 'Mike Holler')"
,,,,"('Brad Gill', 'Ed Blume')","('Gene Jackson', 'John Vogel')"
,,,,"('Brad Gill', 'Joe Sempolinski')","('Gene Jackson', 'Grasby')"
,,,,"('Brad Gill', 'Joe Duffy')","('Gene Jackson', 'Ken Rauber')"
,,,,"('Brad Gill', 'Jamie Carestio')","('Gene Jackson', 'Robert Mahany Jr')"
,,,,"('Brad Gill', 'Ken Rauber')","('Gene Jackson', 'Steve Born')"
,,,,"('Brad Gill', 'Jeff Heller')","('Gene Jackson', 'Jeff Holler')"
,,,,"('Brad Gill', 'Ivan Davis')","('Gene Jackson', 'Michael Willis')"
,,,,"('Brad Gill', 'Joe Hoff')","('Ellen Gendreau', 'Laura Stiggins')"
,,,,"('Brad Gill', 'Robert Nichols')","('Ellen Gendreau', 'Cheryl A Coombes')"
,,,,"('Brad Gill', 'Mike Edwards')","('Ellen Gendreau', 'Carol Robinson')"
,,,,"('Brad Gill', 'Ben Wunder')","('Ellen Gendreau', 'Adams')"
,,,,"('Brad Gill', 'John Vogel')","('Ellen Gendreau', 'Priscilla Rowe How')"
,,,,"('Brad Gill', 'Tony Ingraffea')","('Ellen Gendreau', 'Emo')"
,,,,"('Brad Gill', 'Ron Harmon')","('Ellen Gendreau', 'Mike Holler')"
,,,,"('Brad Gill', 'Bob Thompson')","('Ellen Gendreau', 'John Vogel')"
,,,,"('Brad Gill', 'Jodi Andrysick')","('Ellen Gendreau', 'Grasby')"
,,,,"('Brad Gill', 'Michael Joy')","('Ellen Gendreau', 'Ken Rauber')"
,,,,"('Brad Gill', 'Steve Born')","('Ellen Gendreau', 'Robert Mahany Jr')"
,,,,"('Brad Gill', 'Jane Russell')","('Ellen Gendreau', 'Steve Born')"
,,,,"('Brad Gill', 'Craig Stevens')","('Ellen Gendreau', 'Jeff Holler')"
,,,,"('Brad Gill', 'James Seward')","('Ellen Gendreau', 'Michael Willis')"
,,,,"('Brad Gill', 'Penny Lawrence')","('Ken Rauber', 'Laura Stiggins')"
,,,,"('Brad Gill', 'Michael Willis')","('Ken Rauber', 'Cheryl A Coombes')"
,,,,"('John Holko', 'Emily DeSantis')","('Ken Rauber', 'Carol Robinson')"
,,,,"('John Holko', 'Janet Stone')","('Ken Rauber', 'Adams')"
,,,,"('John Holko', 'Jeff Heller')","('Ken Rauber', 'Priscilla Rowe How')"
,,,,"('John Holko', 'James Johnson')","('Ken Rauber', 'Emo')"
,,,,"('John Holko', 'Joyce Hunt')","('Ken Rauber', 'Grasby')"
,,,,"('John Holko', 'David Slottje')","('Ken Rauber', 'Mike Holler')"
,,,,"('John Holko', 'Robert Sweeney')","('Ken Rauber', 'Robert Mahany Jr')"
,,,,"('John Holko', 'Ray Acomb')","('Ken Rauber', 'Jeff Holler')"
,,,,"('John Holko', 'John Falci')","('Priscilla Rowe How', 'Laura Stiggins')"
,,,,"('John Holko', 'Emily Wurth')","('Priscilla Rowe How', 'Cheryl A Coombes')"
,,,,"('John Holko', 'Tom Santulli')","('Priscilla Rowe How', 'Carol Robinson')"
,,,,"('John Holko', 'Carter Strickland')","('Priscilla Rowe How', 'Adams')"
,,,,"('John Holko', 'Michael Holler')","('Priscilla Rowe How', 'Emo')"
,,,,"('John Holko', 'Linda Knowles')","('Priscilla Rowe How', 'Mike Holler')"
,,,,"('John Holko', 'Katherine Nadeau')","('Priscilla Rowe How', 'John Vogel')"
,,,,"('John Holko', 'Paul Sick')","('Priscilla Rowe How', 'Grasby')"
,,,,"('John Holko', 'Jeff Andrysick')","('Priscilla Rowe How', 'Robert Mahany Jr')"
,,,,"('John Holko', 'Neil Vitale')","('Priscilla Rowe How', 'Steve Born')"
,,,,"('John Holko', 'Kate Bartholomew')","('Priscilla Rowe How', 'Jeff Holler')"
,,,,"('John Holko', 'Bill Dominikoski')","('Priscilla Rowe How', 'Michael Willis')"
,,,,"('John Holko', 'Ken Isaman')","('Cheryl A Coombes', 'Laura Stiggins')"
,,,,"('John Holko', 'Ed Blume')","('Cheryl A Coombes', 'John Vogel')"
,,,,"('John Holko', 'Joe Sempolinski')","('Cheryl A Coombes', 'Carol Robinson')"
,,,,"('John Holko', 'Joe Duffy')","('Cheryl A Coombes', 'Adams')"
,,,,"('John Holko', 'Jamie Carestio')","('Cheryl A Coombes', 'Emo')"
,,,,"('John Holko', 'Ken Rauber')","('Cheryl A Coombes', 'Mike Holler')"
,,,,"('John Holko', 'Joe Martens')","('Cheryl A Coombes', 'Grasby')"
,,,,"('John Holko', 'Ivan Davis')","('Cheryl A Coombes', 'Robert Mahany Jr')"
,,,,"('John Holko', 'Joe Hoff')","('Cheryl A Coombes', 'Steve Born')"
,,,,"('John Holko', 'Robert Nichols')","('Cheryl A Coombes', 'Jeff Holler')"
,,,,"('John Holko', 'Mike Edwards')","('Cheryl A Coombes', 'Michael Willis')"
,,,,"('John Holko', 'Ben Wunder')","('Carol Robinson', 'Laura Stiggins')"
,,,,"('John Holko', 'John Vogel')","('Carol Robinson', 'Adams')"
,,,,"('John Holko', 'Tony Ingraffea')","('Carol Robinson', 'Emo')"
,,,,"('John Holko', 'Ron Harmon')","('Carol Robinson', 'Mike Holler')"
,,,,"('John Holko', 'Bob Thompson')","('Carol Robinson', 'John Vogel')"
,,,,"('John Holko', 'Jodi Andrysick')","('Carol Robinson', 'Grasby')"
,,,,"('John Holko', 'Michael Joy')","('Carol Robinson', 'Robert Mahany Jr')"
,,,,"('John Holko', 'Steve Born')","('Carol Robinson', 'Steve Born')"
,,,,"('John Holko', 'Jane Russell')","('Carol Robinson', 'Jeff Holler')"
,,,,"('John Holko', 'Craig Stevens')","('Carol Robinson', 'Michael Willis')"
,,,,"('John Holko', 'James Seward')","('Adams', 'Laura Stiggins')"
,,,,"('John Holko', 'Penny Lawrence')","('Adams', 'Emo')"
,,,,"('John Holko', 'Michael Willis')","('Adams', 'Mike Holler')"
,,,,"('Emily DeSantis', 'Joe Sempolinski')","('Adams', 'John Vogel')"
,,,,"('Emily DeSantis', 'Janet Stone')","('Adams', 'Grasby')"
,,,,"('Emily DeSantis', 'Joe Martens')","('Adams', 'Robert Mahany Jr')"
,,,,"('Emily DeSantis', 'James Johnson')","('Adams', 'Steve Born')"
,,,,"('Emily DeSantis', 'Joyce Hunt')","('Adams', 'Jeff Holler')"
,,,,"('Emily DeSantis', 'David Slottje')","('Adams', 'Michael Willis')"
,,,,"('Emily DeSantis', 'Robert Sweeney')","('Emo', 'Laura Stiggins')"
,,,,"('Emily DeSantis', 'Ray Acomb')","('Emo', 'Mike Holler')"
,,,,"('Emily DeSantis', 'John Falci')","('Emo', 'John Vogel')"
,,,,"('Emily DeSantis', 'Emily Wurth')","('Emo', 'Grasby')"
,,,,"('Emily DeSantis', 'Tom Santulli')","('Emo', 'Robert Mahany Jr')"
,,,,"('Emily DeSantis', 'Carter Strickland')","('Emo', 'Steve Born')"
,,,,"('Emily DeSantis', 'Michael Holler')","('Emo', 'Jeff Holler')"
,,,,"('Emily DeSantis', 'Linda Knowles')","('Emo', 'Michael Willis')"
,,,,"('Emily DeSantis', 'Steve Born')","('Robert Mahany Jr', 'Laura Stiggins')"
,,,,"('Emily DeSantis', 'Paul Sick')","('Robert Mahany Jr', 'Mike Holler')"
,,,,"('Emily DeSantis', 'Neil Vitale')","('Robert Mahany Jr', 'John Vogel')"
,,,,"('Emily DeSantis', 'Joe Duffy')","('Robert Mahany Jr', 'Grasby')"
,,,,"('Emily DeSantis', 'Bill Dominikoski')","('Robert Mahany Jr', 'Steve Born')"
,,,,"('Emily DeSantis', 'Ken Isaman')","('Robert Mahany Jr', 'Jeff Holler')"
,,,,"('Emily DeSantis', 'Ed Blume')","('Robert Mahany Jr', 'Michael Willis')"
,,,,"('Emily DeSantis', 'Katherine Nadeau')","('Grasby', 'Laura Stiggins')"
,,,,"('Emily DeSantis', 'Jeff Andrysick')","('Grasby', 'Mike Holler')"
,,,,"('Emily DeSantis', 'Jamie Carestio')","('Grasby', 'John Vogel')"
,,,,"('Emily DeSantis', 'Kate Bartholomew')","('Grasby', 'Steve Born')"
,,,,"('Emily DeSantis', 'Jeff Heller')","('Grasby', 'Jeff Holler')"
,,,,"('Emily DeSantis', 'Ivan Davis')","('Grasby', 'Michael Willis')"
,,,,"('Emily DeSantis', 'Joe Hoff')","('Laura Stiggins', 'Mike Holler')"
,,,,"('Emily DeSantis', 'Robert Nichols')","('Laura Stiggins', 'John Vogel')"
,,,,"('Emily DeSantis', 'Mike Edwards')","('Laura Stiggins', 'Steve Born')"
,,,,"('Emily DeSantis', 'Ben Wunder')","('Laura Stiggins', 'Jeff Holler')"
,,,,"('Emily DeSantis', 'John Vogel')","('Laura Stiggins', 'Michael Willis')"
,,,,"('Emily DeSantis', 'Tony Ingraffea')","('John Vogel', 'Mike Holler')"
,,,,"('Emily DeSantis', 'Ron Harmon')","('John Vogel', 'Jeff Holler')"
,,,,"('Emily DeSantis', 'Bob Thompson')","('Steve Born', 'Mike Holler')"
,,,,"('Emily DeSantis', 'Jodi Andrysick')","('Steve Born', 'Jeff Holler')"
,,,,"('Emily DeSantis', 'Michael Joy')","('Mike Holler', 'Jeff Holler')"
,,,,"('Emily DeSantis', 'Jane Russell')","('Mike Holler', 'Michael Willis')"
,,,,"('Emily DeSantis', 'Ken Rauber')","('Jeff Holler', 'Michael Willis')"
,,,,"('Emily DeSantis', 'Craig Stevens')",
,,,,"('Emily DeSantis', 'James Seward')",
,,,,"('Emily DeSantis', 'Penny Lawrence')",
,,,,"('Emily DeSantis', 'Michael Willis')",
,,,,"('Janet Stone', 'Joe Martens')",
,,,,"('Janet Stone', 'James Johnson')",
,,,,"('Janet Stone', 'Joyce Hunt')",
,,,,"('Janet Stone', 'David Slottje')",
,,,,"('Janet Stone', 'Robert Sweeney')",
,,,,"('Janet Stone', 'Ray Acomb')",
,,,,"('Janet Stone', 'John Falci')",
,,,,"('Janet Stone', 'Emily Wurth')",
,,,,"('Janet Stone', 'Tom Santulli')",
,,,,"('Janet Stone', 'Carter Strickland')",
,,,,"('Janet Stone', 'Michael Holler')",
,,,,"('Janet Stone', 'Linda Knowles')",
,,,,"('Janet Stone', 'Katherine Nadeau')",
,,,,"('Janet Stone', 'Paul Sick')",
,,,,"('Janet Stone', 'Neil Vitale')",
,,,,"('Janet Stone', 'Joe Duffy')",
,,,,"('Janet Stone', 'Bill Dominikoski')",
,,,,"('Janet Stone', 'Ken Isaman')",
,,,,"('Janet Stone', 'Ed Blume')",
,,,,"('Janet Stone', 'Joe Sempolinski')",
,,,,"('Janet Stone', 'Jeff Andrysick')",
,,,,"('Janet Stone', 'Jamie Carestio')",
,,,,"('Janet Stone', 'Kate Bartholomew')",
,,,,"('Janet Stone', 'Jeff Heller')",
,,,,"('Janet Stone', 'Ivan Davis')",
,,,,"('Janet Stone', 'Joe Hoff')",
,,,,"('Janet Stone', 'Robert Nichols')",
,,,,"('Janet Stone', 'Mike Edwards')",
,,,,"('Janet Stone', 'Ben Wunder')",
,,,,"('Janet Stone', 'John Vogel')",
,,,,"('Janet Stone', 'Tony Ingraffea')",
,,,,"('Janet Stone', 'Ron Harmon')",
,,,,"('Janet Stone', 'Bob Thompson')",
,,,,"('Janet Stone', 'Jodi Andrysick')",
,,,,"('Janet Stone', 'Michael Joy')",
,,,,"('Janet Stone', 'Steve Born')",
,,,,"('Janet Stone', 'Jane Russell')",
,,,,"('Janet Stone', 'Ken Rauber')",
,,,,"('Janet Stone', 'Craig Stevens')",
,,,,"('Janet Stone', 'James Seward')",
,,,,"('Janet Stone', 'Penny Lawrence')",
,,,,"('Janet Stone', 'Michael Willis')",
,,,,"('Jeff Heller', 'Joe Martens')",
,,,,"('Jeff Heller', 'James Johnson')",
,,,,"('Jeff Heller', 'Joyce Hunt')",
,,,,"('Jeff Heller', 'David Slottje')",
,,,,"('Jeff Heller', 'Robert Sweeney')",
,,,,"('Jeff Heller', 'Ray Acomb')",
,,,,"('Jeff Heller', 'John Falci')",
,,,,"('Jeff Heller', 'Emily Wurth')",
,,,,"('Jeff Heller', 'Tom Santulli')",
,,,,"('Jeff Heller', 'Carter Strickland')",
,,,,"('Jeff Heller', 'Michael Holler')",
,,,,"('Jeff Heller', 'Linda Knowles')",
,,,,"('Jeff Heller', 'Katherine Nadeau')",
,,,,"('Jeff Heller', 'Paul Sick')",
,,,,"('Jeff Heller', 'Jeff Andrysick')",
,,,,"('Jeff Heller', 'Neil Vitale')",
,,,,"('Jeff Heller', 'Kate Bartholomew')",
,,,,"('Jeff Heller', 'Bill Dominikoski')",
,,,,"('Jeff Heller', 'Ken Isaman')",
,,,,"('Jeff Heller', 'Ed Blume')",
,,,,"('Jeff Heller', 'Joe Sempolinski')",
,,,,"('Jeff Heller', 'Joe Duffy')",
,,,,"('Jeff Heller', 'Jamie Carestio')",
,,,,"('Jeff Heller', 'Ken Rauber')",
,,,,"('Jeff Heller', 'Ivan Davis')",
,,,,"('Jeff Heller', 'Joe Hoff')",
,,,,"('Jeff Heller', 'Robert Nichols')",
,,,,"('Jeff Heller', 'Mike Edwards')",
,,,,"('Jeff Heller', 'Ben Wunder')",
,,,,"('Jeff Heller', 'John Vogel')",
,,,,"('Jeff Heller', 'Tony Ingraffea')",
,,,,"('Jeff Heller', 'Ron Harmon')",
,,,,"('Jeff Heller', 'Bob Thompson')",
,,,,"('Jeff Heller', 'Jodi Andrysick')",
,,,,"('Jeff Heller', 'Michael Joy')",
,,,,"('Jeff Heller', 'Steve Born')",
,,,,"('Jeff Heller', 'Jane Russell')",
,,,,"('Jeff Heller', 'Craig Stevens')",
,,,,"('Jeff Heller', 'James Seward')",
,,,,"('Jeff Heller', 'Penny Lawrence')",
,,,,"('Jeff Heller', 'Michael Willis')",
,,,,"('James Johnson', 'Joe Martens')",
,,,,"('James Johnson', 'Ben Wunder')",
,,,,"('James Johnson', 'Joyce Hunt')",
,,,,"('James Johnson', 'David Slottje')",
,,,,"('James Johnson', 'Robert Sweeney')",
,,,,"('James Johnson', 'Ray Acomb')",
,,,,"('James Johnson', 'John Falci')",
,,,,"('James Johnson', 'Emily Wurth')",
,,,,"('James Johnson', 'Tom Santulli')",
,,,,"('James Johnson', 'Carter Strickland')",
,,,,"('James Johnson', 'Michael Holler')",
,,,,"('James Johnson', 'Linda Knowles')",
,,,,"('James Johnson', 'Katherine Nadeau')",
,,,,"('James Johnson', 'Paul Sick')",
,,,,"('James Johnson', 'Neil Vitale')",
,,,,"('James Johnson', 'Kate Bartholomew')",
,,,,"('James Johnson', 'Bill Dominikoski')",
,,,,"('James Johnson', 'Ken Isaman')",
,,,,"('James Johnson', 'Ed Blume')",
,,,,"('James Johnson', 'Joe Sempolinski')",
,,,,"('James Johnson', 'Jeff Andrysick')",
,,,,"('James Johnson', 'Jamie Carestio')",
,,,,"('James Johnson', 'Ken Rauber')",
,,,,"('James Johnson', 'Ivan Davis')",
,,,,"('James Johnson', 'Joe Hoff')",
,,,,"('James Johnson', 'Robert Nichols')",
,,,,"('James Johnson', 'Mike Edwards')",
,,,,"('James Johnson', 'Joe Duffy')",
,,,,"('James Johnson', 'John Vogel')",
,,,,"('James Johnson', 'Tony Ingraffea')",
,,,,"('James Johnson', 'Ron Harmon')",
,,,,"('James Johnson', 'Bob Thompson')",
,,,,"('James Johnson', 'Jodi Andrysick')",
,,,,"('James Johnson', 'Michael Joy')",
,,,,"('James Johnson', 'Steve Born')",
,,,,"('James Johnson', 'Jane Russell')",
,,,,"('James Johnson', 'Craig Stevens')",
,,,,"('James Johnson', 'James Seward')",
,,,,"('James Johnson', 'Penny Lawrence')",
,,,,"('James Johnson', 'Michael Willis')",
,,,,"('Joyce Hunt', 'David Slottje')",
,,,,"('Joyce Hunt', 'Robert Sweeney')",
,,,,"('Joyce Hunt', 'Ray Acomb')",
,,,,"('Joyce Hunt', 'John Falci')",
,,,,"('Joyce Hunt', 'Emily Wurth')",
,,,,"('Joyce Hunt', 'Tom Santulli')",
,,,,"('Joyce Hunt', 'Carter Strickland')",
,,,,"('Joyce Hunt', 'Michael Holler')",
,,,,"('Joyce Hunt', 'Linda Knowles')",
,,,,"('Joyce Hunt', 'Katherine Nadeau')",
,,,,"('Joyce Hunt', 'Paul Sick')",
,,,,"('Joyce Hunt', 'Jeff Andrysick')",
,,,,"('Joyce Hunt', 'Neil Vitale')",
,,,,"('Joyce Hunt', 'Kate Bartholomew')",
,,,,"('Joyce Hunt', 'Bill Dominikoski')",
,,,,"('Joyce Hunt', 'Ken Isaman')",
,,,,"('Joyce Hunt', 'Ed Blume')",
,,,,"('Joyce Hunt', 'Joe Sempolinski')",
,,,,"('Joyce Hunt', 'Joe Duffy')",
,,,,"('Joyce Hunt', 'Jamie Carestio')",
,,,,"('Joyce Hunt', 'Ken Rauber')",
,,,,"('Joyce Hunt', 'Joe Martens')",
,,,,"('Joyce Hunt', 'Ivan Davis')",
,,,,"('Joyce Hunt', 'Joe Hoff')",
,,,,"('Joyce Hunt', 'Robert Nichols')",
,,,,"('Joyce Hunt', 'Mike Edwards')",
,,,,"('Joyce Hunt', 'Ben Wunder')",
,,,,"('Joyce Hunt', 'John Vogel')",
,,,,"('Joyce Hunt', 'Tony Ingraffea')",
,,,,"('Joyce Hunt', 'Ron Harmon')",
,,,,"('Joyce Hunt', 'Bob Thompson')",
,,,,"('Joyce Hunt', 'Jodi Andrysick')",
,,,,"('Joyce Hunt', 'Michael Joy')",
,,,,"('Joyce Hunt', 'Steve Born')",
,,,,"('Joyce Hunt', 'Jane Russell')",
,,,,"('Joyce Hunt', 'Craig Stevens')",
,,,,"('Joyce Hunt', 'James Seward')",
,,,,"('Joyce Hunt', 'Penny Lawrence')",
,,,,"('Joyce Hunt', 'Michael Willis')",
,,,,"('David Slottje', 'Joe Martens')",
,,,,"('David Slottje', 'Robert Sweeney')",
,,,,"('David Slottje', 'Ray Acomb')",
,,,,"('David Slottje', 'John Falci')",
,,,,"('David Slottje', 'Emily Wurth')",
,,,,"('David Slottje', 'Tom Santulli')",
,,,,"('David Slottje', 'Carter Strickland')",
,,,,"('David Slottje', 'Michael Holler')",
,,,,"('David Slottje', 'Linda Knowles')",
,,,,"('David Slottje', 'Katherine Nadeau')",
,,,,"('David Slottje', 'Paul Sick')",
,,,,"('David Slottje', 'Jeff Andrysick')",
,,,,"('David Slottje', 'Neil Vitale')",
,,,,"('David Slottje', 'Kate Bartholomew')",
,,,,"('David Slottje', 'Bill Dominikoski')",
,,,,"('David Slottje', 'Ken Isaman')",
,,,,"('David Slottje', 'Ed Blume')",
,,,,"('David Slottje', 'Joe Sempolinski')",
,,,,"('David Slottje', 'Joe Duffy')",
,,,,"('David Slottje', 'Jamie Carestio')",
,,,,"('David Slottje', 'Ken Rauber')",
,,,,"('David Slottje', 'Ivan Davis')",
,,,,"('David Slottje', 'Joe Hoff')",
,,,,"('David Slottje', 'Robert Nichols')",
,,,,"('David Slottje', 'Mike Edwards')",
,,,,"('David Slottje', 'Ben Wunder')",
,,,,"('David Slottje', 'John Vogel')",
,,,,"('David Slottje', 'Tony Ingraffea')",
,,,,"('David Slottje', 'Ron Harmon')",
,,,,"('David Slottje', 'Bob Thompson')",
,,,,"('David Slottje', 'Jodi Andrysick')",
,,,,"('David Slottje', 'Michael Joy')",
,,,,"('David Slottje', 'Steve Born')",
,,,,"('David Slottje', 'Jane Russell')",
,,,,"('David Slottje', 'Craig Stevens')",
,,,,"('David Slottje', 'James Seward')",
,,,,"('David Slottje', 'Penny Lawrence')",
,,,,"('David Slottje', 'Michael Willis')",
,,,,"('Robert Sweeney', 'Ray Acomb')",
,,,,"('Robert Sweeney', 'John Falci')",
,,,,"('Robert Sweeney', 'Emily Wurth')",
,,,,"('Robert Sweeney', 'Tom Santulli')",
,,,,"('Robert Sweeney', 'Carter Strickland')",
,,,,"('Robert Sweeney', 'Michael Holler')",
,,,,"('Robert Sweeney', 'Linda Knowles')",
,,,,"('Robert Sweeney', 'Katherine Nadeau')",
,,,,"('Robert Sweeney', 'Paul Sick')",
,,,,"('Robert Sweeney', 'Jeff Andrysick')",
,,,,"('Robert Sweeney', 'Neil Vitale')",
,,,,"('Robert Sweeney', 'Kate Bartholomew')",
,,,,"('Robert Sweeney', 'Bill Dominikoski')",
,,,,"('Robert Sweeney', 'Ken Isaman')",
,,,,"('Robert Sweeney', 'Ed Blume')",
,,,,"('Robert Sweeney', 'Joe Sempolinski')",
,,,,"('Robert Sweeney', 'Joe Duffy')",
,,,,"('Robert Sweeney', 'Jamie Carestio')",
,,,,"('Robert Sweeney', 'Ken Rauber')",
,,,,"('Robert Sweeney', 'Joe Martens')",
,,,,"('Robert Sweeney', 'Ivan Davis')",
,,,,"('Robert Sweeney', 'Joe Hoff')",
,,,,"('Robert Sweeney', 'Robert Nichols')",
,,,,"('Robert Sweeney', 'Mike Edwards')",
,,,,"('Robert Sweeney', 'Ben Wunder')",
,,,,"('Robert Sweeney', 'John Vogel')",
,,,,"('Robert Sweeney', 'Tony Ingraffea')",
,,,,"('Robert Sweeney', 'Ron Harmon')",
,,,,"('Robert Sweeney', 'Bob Thompson')",
,,,,"('Robert Sweeney', 'Jodi Andrysick')",
,,,,"('Robert Sweeney', 'Michael Joy')",
,,,,"('Robert Sweeney', 'Steve Born')",
,,,,"('Robert Sweeney', 'Jane Russell')",
,,,,"('Robert Sweeney', 'Craig Stevens')",
,,,,"('Robert Sweeney', 'James Seward')",
,,,,"('Robert Sweeney', 'Penny Lawrence')",
,,,,"('Robert Sweeney', 'Michael Willis')",
,,,,"('Ray Acomb', 'John Falci')",
,,,,"('Ray Acomb', 'Emily Wurth')",
,,,,"('Ray Acomb', 'Tom Santulli')",
,,,,"('Ray Acomb', 'Carter Strickland')",
,,,,"('Ray Acomb', 'Michael Holler')",
,,,,"('Ray Acomb', 'Linda Knowles')",
,,,,"('Ray Acomb', 'Katherine Nadeau')",
,,,,"('Ray Acomb', 'Paul Sick')",
,,,,"('Ray Acomb', 'Jeff Andrysick')",
,,,,"('Ray Acomb', 'Neil Vitale')",
,,,,"('Ray Acomb', 'Kate Bartholomew')",
,,,,"('Ray Acomb', 'Bill Dominikoski')",
,,,,"('Ray Acomb', 'Ken Isaman')",
,,,,"('Ray Acomb', 'Ed Blume')",
,,,,"('Ray Acomb', 'Joe Sempolinski')",
,,,,"('Ray Acomb', 'Joe Duffy')",
,,,,"('Ray Acomb', 'Jamie Carestio')",
,,,,"('Ray Acomb', 'Joe Martens')",
,,,,"('Ray Acomb', 'Ivan Davis')",
,,,,"('Ray Acomb', 'Joe Hoff')",
,,,,"('Ray Acomb', 'Robert Nichols')",
,,,,"('Ray Acomb', 'Mike Edwards')",
,,,,"('Ray Acomb', 'Ben Wunder')",
,,,,"('Ray Acomb', 'Tony Ingraffea')",
,,,,"('Ray Acomb', 'Ron Harmon')",
,,,,"('Ray Acomb', 'Bob Thompson')",
,,,,"('Ray Acomb', 'Jodi Andrysick')",
,,,,"('Ray Acomb', 'Michael Joy')",
,,,,"('Ray Acomb', 'Jane Russell')",
,,,,"('Ray Acomb', 'Craig Stevens')",
,,,,"('Ray Acomb', 'James Seward')",
,,,,"('Ray Acomb', 'Penny Lawrence')",
,,,,"('John Falci', 'Emily Wurth')",
,,,,"('John Falci', 'Tom Santulli')",
,,,,"('John Falci', 'Carter Strickland')",
,,,,"('John Falci', 'Michael Holler')",
,,,,"('John Falci', 'Linda Knowles')",
,,,,"('John Falci', 'Katherine Nadeau')",
,,,,"('John Falci', 'Paul Sick')",
,,,,"('John Falci', 'Jeff Andrysick')",
,,,,"('John Falci', 'Neil Vitale')",
,,,,"('John Falci', 'Kate Bartholomew')",
,,,,"('John Falci', 'Bill Dominikoski')",
,,,,"('John Falci', 'Ken Isaman')",
,,,,"('John Falci', 'Ed Blume')",
,,,,"('John Falci', 'Joe Sempolinski')",
,,,,"('John Falci', 'Joe Duffy')",
,,,,"('John Falci', 'Jamie Carestio')",
,,,,"('John Falci', 'Ken Rauber')",
,,,,"('John Falci', 'Joe Martens')",
,,,,"('John Falci', 'Ivan Davis')",
,,,,"('John Falci', 'Joe Hoff')",
,,,,"('John Falci', 'Robert Nichols')",
,,,,"('John Falci', 'Mike Edwards')",
,,,,"('John Falci', 'Ben Wunder')",
,,,,"('John Falci', 'John Vogel')",
,,,,"('John Falci', 'Tony Ingraffea')",
,,,,"('John Falci', 'Ron Harmon')",
,,,,"('John Falci', 'Bob Thompson')",
,,,,"('John Falci', 'Jodi Andrysick')",
,,,,"('John Falci', 'Michael Joy')",
,,,,"('John Falci', 'Steve Born')",
,,,,"('John Falci', 'Jane Russell')",
,,,,"('John Falci', 'Craig Stevens')",
,,,,"('John Falci', 'James Seward')",
,,,,"('John Falci', 'Penny Lawrence')",
,,,,"('John Falci', 'Michael Willis')",
,,,,"('Emily Wurth', 'Joe Martens')",
,,,,"('Emily Wurth', 'Tom Santulli')",
,,,,"('Emily Wurth', 'Carter Strickland')",
,,,,"('Emily Wurth', 'Michael Holler')",
,,,,"('Emily Wurth', 'Linda Knowles')",
,,,,"('Emily Wurth', 'Katherine Nadeau')",
,,,,"('Emily Wurth', 'Paul Sick')",
,,,,"('Emily Wurth', 'Jeff Andrysick')",
,,,,"('Emily Wurth', 'Neil Vitale')",
,,,,"('Emily Wurth', 'Kate Bartholomew')",
,,,,"('Emily Wurth', 'Bill Dominikoski')",
,,,,"('Emily Wurth', 'Ken Isaman')",
,,,,"('Emily Wurth', 'Ed Blume')",
,,,,"('Emily Wurth', 'Joe Sempolinski')",
,,,,"('Emily Wurth', 'Joe Duffy')",
,,,,"('Emily Wurth', 'Jamie Carestio')",
,,,,"('Emily Wurth', 'Ken Rauber')",
,,,,"('Emily Wurth', 'Ivan Davis')",
,,,,"('Emily Wurth', 'Joe Hoff')",
,,,,"('Emily Wurth', 'Robert Nichols')",
,,,,"('Emily Wurth', 'Mike Edwards')",
,,,,"('Emily Wurth', 'Ben Wunder')",
,,,,"('Emily Wurth', 'John Vogel')",
,,,,"('Emily Wurth', 'Tony Ingraffea')",
,,,,"('Emily Wurth', 'Ron Harmon')",
,,,,"('Emily Wurth', 'Bob Thompson')",
,,,,"('Emily Wurth', 'Jodi Andrysick')",
,,,,"('Emily Wurth', 'Michael Joy')",
,,,,"('Emily Wurth', 'Steve Born')",
,,,,"('Emily Wurth', 'Jane Russell')",
,,,,"('Emily Wurth', 'Craig Stevens')",
,,,,"('Emily Wurth', 'James Seward')",
,,,,"('Emily Wurth', 'Penny Lawrence')",
,,,,"('Emily Wurth', 'Michael Willis')",
,,,,"('Tom Santulli', 'Carter Strickland')",
,,,,"('Tom Santulli', 'Michael Holler')",
,,,,"('Tom Santulli', 'Linda Knowles')",
,,,,"('Tom Santulli', 'Katherine Nadeau')",
,,,,"('Tom Santulli', 'Paul Sick')",
,,,,"('Tom Santulli', 'Jeff Andrysick')",
,,,,"('Tom Santulli', 'Neil Vitale')",
,,,,"('Tom Santulli', 'Kate Bartholomew')",
,,,,"('Tom Santulli', 'Bill Dominikoski')",
,,,,"('Tom Santulli', 'Ken Isaman')",
,,,,"('Tom Santulli', 'Ed Blume')",
,,,,"('Tom Santulli', 'Joe Sempolinski')",
,,,,"('Tom Santulli', 'Joe Duffy')",
,,,,"('Tom Santulli', 'Jamie Carestio')",
,,,,"('Tom Santulli', 'Ken Rauber')",
,,,,"('Tom Santulli', 'Joe Martens')",
,,,,"('Tom Santulli', 'Ivan Davis')",
,,,,"('Tom Santulli', 'Joe Hoff')",
,,,,"('Tom Santulli', 'Robert Nichols')",
,,,,"('Tom Santulli', 'Mike Edwards')",
,,,,"('Tom Santulli', 'Ben Wunder')",
,,,,"('Tom Santulli', 'John Vogel')",
,,,,"('Tom Santulli', 'Tony Ingraffea')",
,,,,"('Tom Santulli', 'Ron Harmon')",
,,,,"('Tom Santulli', 'Bob Thompson')",
,,,,"('Tom Santulli', 'Jodi Andrysick')",
,,,,"('Tom Santulli', 'Michael Joy')",
,,,,"('Tom Santulli', 'Steve Born')",
,,,,"('Tom Santulli', 'Jane Russell')",
,,,,"('Tom Santulli', 'Craig Stevens')",
,,,,"('Tom Santulli', 'James Seward')",
,,,,"('Tom Santulli', 'Penny Lawrence')",
,,,,"('Tom Santulli', 'Michael Willis')",
,,,,"('Carter Strickland', 'Joe Martens')",
,,,,"('Carter Strickland', 'Michael Holler')",
,,,,"('Carter Strickland', 'Linda Knowles')",
,,,,"('Carter Strickland', 'Katherine Nadeau')",
,,,,"('Carter Strickland', 'Paul Sick')",
,,,,"('Carter Strickland', 'Jeff Andrysick')",
,,,,"('Carter Strickland', 'Neil Vitale')",
,,,,"('Carter Strickland', 'Kate Bartholomew')",
,,,,"('Carter Strickland', 'Bill Dominikoski')",
,,,,"('Carter Strickland', 'Ken Isaman')",
,,,,"('Carter Strickland', 'Ed Blume')",
,,,,"('Carter Strickland', 'Joe Sempolinski')",
,,,,"('Carter Strickland', 'Joe Duffy')",
,,,,"('Carter Strickland', 'Jamie Carestio')",
,,,,"('Carter Strickland', 'Ken Rauber')",
,,,,"('Carter Strickland', 'Ivan Davis')",
,,,,"('Carter Strickland', 'Joe Hoff')",
,,,,"('Carter Strickland', 'Robert Nichols')",
,,,,"('Carter Strickland', 'Mike Edwards')",
,,,,"('Carter Strickland', 'Ben Wunder')",
,,,,"('Carter Strickland', 'John Vogel')",
,,,,"('Carter Strickland', 'Tony Ingraffea')",
,,,,"('Carter Strickland', 'Ron Harmon')",
,,,,"('Carter Strickland', 'Bob Thompson')",
,,,,"('Carter Strickland', 'Jodi Andrysick')",
,,,,"('Carter Strickland', 'Michael Joy')",
,,,,"('Carter Strickland', 'Steve Born')",
,,,,"('Carter Strickland', 'Jane Russell')",
,,,,"('Carter Strickland', 'Craig Stevens')",
,,,,"('Carter Strickland', 'James Seward')",
,,,,"('Carter Strickland', 'Penny Lawrence')",
,,,,"('Carter Strickland', 'Michael Willis')",
,,,,"('Michael Holler', 'Linda Knowles')",
,,,,"('Michael Holler', 'Katherine Nadeau')",
,,,,"('Michael Holler', 'Paul Sick')",
,,,,"('Michael Holler', 'Jeff Andrysick')",
,,,,"('Michael Holler', 'Neil Vitale')",
,,,,"('Michael Holler', 'Kate Bartholomew')",
,,,,"('Michael Holler', 'Bill Dominikoski')",
,,,,"('Michael Holler', 'Ken Isaman')",
,,,,"('Michael Holler', 'Ed Blume')",
,,,,"('Michael Holler', 'Joe Sempolinski')",
,,,,"('Michael Holler', 'Joe Duffy')",
,,,,"('Michael Holler', 'Jamie Carestio')",
,,,,"('Michael Holler', 'Ken Rauber')",
,,,,"('Michael Holler', 'Joe Martens')",
,,,,"('Michael Holler', 'Ivan Davis')",
,,,,"('Michael Holler', 'Joe Hoff')",
,,,,"('Michael Holler', 'Robert Nichols')",
,,,,"('Michael Holler', 'Mike Edwards')",
,,,,"('Michael Holler', 'Ben Wunder')",
,,,,"('Michael Holler', 'John Vogel')",
,,,,"('Michael Holler', 'Tony Ingraffea')",
,,,,"('Michael Holler', 'Ron Harmon')",
,,,,"('Michael Holler', 'Bob Thompson')",
,,,,"('Michael Holler', 'Jodi Andrysick')",
,,,,"('Michael Holler', 'Michael Joy')",
,,,,"('Michael Holler', 'Steve Born')",
,,,,"('Michael Holler', 'Jane Russell')",
,,,,"('Michael Holler', 'Craig Stevens')",
,,,,"('Michael Holler', 'James Seward')",
,,,,"('Michael Holler', 'Penny Lawrence')",
,,,,"('Michael Holler', 'Michael Willis')",
,,,,"('Linda Knowles', 'Katherine Nadeau')",
,,,,"('Linda Knowles', 'Paul Sick')",
,,,,"('Linda Knowles', 'Jeff Andrysick')",
,,,,"('Linda Knowles', 'Neil Vitale')",
,,,,"('Linda Knowles', 'Kate Bartholomew')",
,,,,"('Linda Knowles', 'Bill Dominikoski')",
,,,,"('Linda Knowles', 'Ken Isaman')",
,,,,"('Linda Knowles', 'Ed Blume')",
,,,,"('Linda Knowles', 'Joe Sempolinski')",
,,,,"('Linda Knowles', 'Joe Duffy')",
,,,,"('Linda Knowles', 'Jamie Carestio')",
,,,,"('Linda Knowles', 'Ken Rauber')",
,,,,"('Linda Knowles', 'Joe Martens')",
,,,,"('Linda Knowles', 'Ivan Davis')",
,,,,"('Linda Knowles', 'Joe Hoff')",
,,,,"('Linda Knowles', 'Robert Nichols')",
,,,,"('Linda Knowles', 'Mike Edwards')",
,,,,"('Linda Knowles', 'Ben Wunder')",
,,,,"('Linda Knowles', 'John Vogel')",
,,,,"('Linda Knowles', 'Tony Ingraffea')",
,,,,"('Linda Knowles', 'Ron Harmon')",
,,,,"('Linda Knowles', 'Bob Thompson')",
,,,,"('Linda Knowles', 'Jodi Andrysick')",
,,,,"('Linda Knowles', 'Michael Joy')",
,,,,"('Linda Knowles', 'Steve Born')",
,,,,"('Linda Knowles', 'Jane Russell')",
,,,,"('Linda Knowles', 'Craig Stevens')",
,,,,"('Linda Knowles', 'James Seward')",
,,,,"('Linda Knowles', 'Penny Lawrence')",
,,,,"('Linda Knowles', 'Michael Willis')",
,,,,"('Katherine Nadeau', 'Steve Born')",
,,,,"('Katherine Nadeau', 'Paul Sick')",
,,,,"('Katherine Nadeau', 'Jeff Andrysick')",
,,,,"('Katherine Nadeau', 'Neil Vitale')",
,,,,"('Katherine Nadeau', 'Kate Bartholomew')",
,,,,"('Katherine Nadeau', 'Bill Dominikoski')",
,,,,"('Katherine Nadeau', 'Ken Isaman')",
,,,,"('Katherine Nadeau', 'Ed Blume')",
,,,,"('Katherine Nadeau', 'Joe Sempolinski')",
,,,,"('Katherine Nadeau', 'Joe Duffy')",
,,,,"('Katherine Nadeau', 'Jamie Carestio')",
,,,,"('Katherine Nadeau', 'Ken Rauber')",
,,,,"('Katherine Nadeau', 'Joe Martens')",
,,,,"('Katherine Nadeau', 'Ivan Davis')",
,,,,"('Katherine Nadeau', 'Joe Hoff')",
,,,,"('Katherine Nadeau', 'Robert Nichols')",
,,,,"('Katherine Nadeau', 'Mike Edwards')",
,,,,"('Katherine Nadeau', 'Ben Wunder')",
,,,,"('Katherine Nadeau', 'John Vogel')",
,,,,"('Katherine Nadeau', 'Tony Ingraffea')",
,,,,"('Katherine Nadeau', 'Ron Harmon')",
,,,,"('Katherine Nadeau', 'Bob Thompson')",
,,,,"('Katherine Nadeau', 'Jodi Andrysick')",
,,,,"('Katherine Nadeau', 'Michael Joy')",
,,,,"('Katherine Nadeau', 'Jane Russell')",
,,,,"('Katherine Nadeau', 'Craig Stevens')",
,,,,"('Katherine Nadeau', 'James Seward')",
,,,,"('Katherine Nadeau', 'Penny Lawrence')",
,,,,"('Katherine Nadeau', 'Michael Willis')",
,,,,"('Paul Sick', 'Jeff Andrysick')",
,,,,"('Paul Sick', 'Neil Vitale')",
,,,,"('Paul Sick', 'Kate Bartholomew')",
,,,,"('Paul Sick', 'Bill Dominikoski')",
,,,,"('Paul Sick', 'Ken Isaman')",
,,,,"('Paul Sick', 'Ed Blume')",
,,,,"('Paul Sick', 'Joe Sempolinski')",
,,,,"('Paul Sick', 'Joe Duffy')",
,,,,"('Paul Sick', 'Jamie Carestio')",
,,,,"('Paul Sick', 'Ken Rauber')",
,,,,"('Paul Sick', 'Joe Martens')",
,,,,"('Paul Sick', 'Ivan Davis')",
,,,,"('Paul Sick', 'Joe Hoff')",
,,,,"('Paul Sick', 'Robert Nichols')",
,,,,"('Paul Sick', 'Mike Edwards')",
,,,,"('Paul Sick', 'Ben Wunder')",
,,,,"('Paul Sick', 'John Vogel')",
,,,,"('Paul Sick', 'Tony Ingraffea')",
,,,,"('Paul Sick', 'Ron Harmon')",
,,,,"('Paul Sick', 'Bob Thompson')",
,,,,"('Paul Sick', 'Jodi Andrysick')",
,,,,"('Paul Sick', 'Michael Joy')",
,,,,"('Paul Sick', 'Steve Born')",
,,,,"('Paul Sick', 'Jane Russell')",
,,,,"('Paul Sick', 'Craig Stevens')",
,,,,"('Paul Sick', 'James Seward')",
,,,,"('Paul Sick', 'Penny Lawrence')",
,,,,"('Paul Sick', 'Michael Willis')",
,,,,"('Jeff Andrysick', 'Joe Martens')",
,,,,"('Jeff Andrysick', 'Neil Vitale')",
,,,,"('Jeff Andrysick', 'Kate Bartholomew')",
,,,,"('Jeff Andrysick', 'Bill Dominikoski')",
,,,,"('Jeff Andrysick', 'Ken Isaman')",
,,,,"('Jeff Andrysick', 'Ed Blume')",
,,,,"('Jeff Andrysick', 'Joe Sempolinski')",
,,,,"('Jeff Andrysick', 'Joe Duffy')",
,,,,"('Jeff Andrysick', 'Jamie Carestio')",
,,,,"('Jeff Andrysick', 'Ken Rauber')",
,,,,"('Jeff Andrysick', 'Ivan Davis')",
,,,,"('Jeff Andrysick', 'Joe Hoff')",
,,,,"('Jeff Andrysick', 'Robert Nichols')",
,,,,"('Jeff Andrysick', 'Mike Edwards')",
,,,,"('Jeff Andrysick', 'Ben Wunder')",
,,,,"('Jeff Andrysick', 'John Vogel')",
,,,,"('Jeff Andrysick', 'Tony Ingraffea')",
,,,,"('Jeff Andrysick', 'Ron Harmon')",
,,,,"('Jeff Andrysick', 'Bob Thompson')",
,,,,"('Jeff Andrysick', 'Jodi Andrysick')",
,,,,"('Jeff Andrysick', 'Michael Joy')",
,,,,"('Jeff Andrysick', 'Steve Born')",
,,,,"('Jeff Andrysick', 'Jane Russell')",
,,,,"('Jeff Andrysick', 'Craig Stevens')",
,,,,"('Jeff Andrysick', 'James Seward')",
,,,,"('Jeff Andrysick', 'Penny Lawrence')",
,,,,"('Jeff Andrysick', 'Michael Willis')",
,,,,"('Neil Vitale', 'Kate Bartholomew')",
,,,,"('Neil Vitale', 'Bill Dominikoski')",
,,,,"('Neil Vitale', 'Ken Isaman')",
,,,,"('Neil Vitale', 'Ed Blume')",
,,,,"('Neil Vitale', 'Joe Sempolinski')",
,,,,"('Neil Vitale', 'Joe Duffy')",
,,,,"('Neil Vitale', 'Jamie Carestio')",
,,,,"('Neil Vitale', 'Ken Rauber')",
,,,,"('Neil Vitale', 'Joe Martens')",
,,,,"('Neil Vitale', 'Ivan Davis')",
,,,,"('Neil Vitale', 'Joe Hoff')",
,,,,"('Neil Vitale', 'Robert Nichols')",
,,,,"('Neil Vitale', 'Mike Edwards')",
,,,,"('Neil Vitale', 'Ben Wunder')",
,,,,"('Neil Vitale', 'John Vogel')",
,,,,"('Neil Vitale', 'Tony Ingraffea')",
,,,,"('Neil Vitale', 'Ron Harmon')",
,,,,"('Neil Vitale', 'Bob Thompson')",
,,,,"('Neil Vitale', 'Jodi Andrysick')",
,,,,"('Neil Vitale', 'Michael Joy')",
,,,,"('Neil Vitale', 'Steve Born')",
,,,,"('Neil Vitale', 'Jane Russell')",
,,,,"('Neil Vitale', 'Craig Stevens')",
,,,,"('Neil Vitale', 'James Seward')",
,,,,"('Neil Vitale', 'Penny Lawrence')",
,,,,"('Neil Vitale', 'Michael Willis')",
,,,,"('Kate Bartholomew', 'Ken Rauber')",
,,,,"('Kate Bartholomew', 'Bill Dominikoski')",
,,,,"('Kate Bartholomew', 'Ken Isaman')",
,,,,"('Kate Bartholomew', 'Ed Blume')",
,,,,"('Kate Bartholomew', 'Joe Sempolinski')",
,,,,"('Kate Bartholomew', 'Joe Duffy')",
,,,,"('Kate Bartholomew', 'Jamie Carestio')",
,,,,"('Kate Bartholomew', 'Joe Martens')",
,,,,"('Kate Bartholomew', 'Ivan Davis')",
,,,,"('Kate Bartholomew', 'Joe Hoff')",
,,,,"('Kate Bartholomew', 'Robert Nichols')",
,,,,"('Kate Bartholomew', 'Mike Edwards')",
,,,,"('Kate Bartholomew', 'Ben Wunder')",
,,,,"('Kate Bartholomew', 'John Vogel')",
,,,,"('Kate Bartholomew', 'Tony Ingraffea')",
,,,,"('Kate Bartholomew', 'Ron Harmon')",
,,,,"('Kate Bartholomew', 'Bob Thompson')",
,,,,"('Kate Bartholomew', 'Jodi Andrysick')",
,,,,"('Kate Bartholomew', 'Michael Joy')",
,,,,"('Kate Bartholomew', 'Steve Born')",
,,,,"('Kate Bartholomew', 'Jane Russell')",
,,,,"('Kate Bartholomew', 'Craig Stevens')",
,,,,"('Kate Bartholomew', 'James Seward')",
,,,,"('Kate Bartholomew', 'Penny Lawrence')",
,,,,"('Kate Bartholomew', 'Michael Willis')",
,,,,"('Bill Dominikoski', 'Joe Martens')",
,,,,"('Bill Dominikoski', 'Ken Isaman')",
,,,,"('Bill Dominikoski', 'Ed Blume')",
,,,,"('Bill Dominikoski', 'Joe Sempolinski')",
,,,,"('Bill Dominikoski', 'Joe Duffy')",
,,,,"('Bill Dominikoski', 'Jamie Carestio')",
,,,,"('Bill Dominikoski', 'Ken Rauber')",
,,,,"('Bill Dominikoski', 'Ivan Davis')",
,,,,"('Bill Dominikoski', 'Joe Hoff')",
,,,,"('Bill Dominikoski', 'Robert Nichols')",
,,,,"('Bill Dominikoski', 'Mike Edwards')",
,,,,"('Bill Dominikoski', 'Ben Wunder')",
,,,,"('Bill Dominikoski', 'John Vogel')",
,,,,"('Bill Dominikoski', 'Tony Ingraffea')",
,,,,"('Bill Dominikoski', 'Ron Harmon')",
,,,,"('Bill Dominikoski', 'Bob Thompson')",
,,,,"('Bill Dominikoski', 'Jodi Andrysick')",
,,,,"('Bill Dominikoski', 'Michael Joy')",
,,,,"('Bill Dominikoski', 'Steve Born')",
,,,,"('Bill Dominikoski', 'Jane Russell')",
,,,,"('Bill Dominikoski', 'Craig Stevens')",
,,,,"('Bill Dominikoski', 'James Seward')",
,,,,"('Bill Dominikoski', 'Penny Lawrence')",
,,,,"('Bill Dominikoski', 'Michael Willis')",
,,,,"('Ken Isaman', 'Ed Blume')",
,,,,"('Ken Isaman', 'Joe Sempolinski')",
,,,,"('Ken Isaman', 'Joe Duffy')",
,,,,"('Ken Isaman', 'Jamie Carestio')",
,,,,"('Ken Isaman', 'Ken Rauber')",
,,,,"('Ken Isaman', 'Joe Martens')",
,,,,"('Ken Isaman', 'Ivan Davis')",
,,,,"('Ken Isaman', 'Joe Hoff')",
,,,,"('Ken Isaman', 'Robert Nichols')",
,,,,"('Ken Isaman', 'Mike Edwards')",
,,,,"('Ken Isaman', 'Ben Wunder')",
,,,,"('Ken Isaman', 'John Vogel')",
,,,,"('Ken Isaman', 'Tony Ingraffea')",
,,,,"('Ken Isaman', 'Ron Harmon')",
,,,,"('Ken Isaman', 'Bob Thompson')",
,,,,"('Ken Isaman', 'Jodi Andrysick')",
,,,,"('Ken Isaman', 'Michael Joy')",
,,,,"('Ken Isaman', 'Steve Born')",
,,,,"('Ken Isaman', 'Jane Russell')",
,,,,"('Ken Isaman', 'Craig Stevens')",
,,,,"('Ken Isaman', 'James Seward')",
,,,,"('Ken Isaman', 'Penny Lawrence')",
,,,,"('Ken Isaman', 'Michael Willis')",
,,,,"('Ed Blume', 'Joe Sempolinski')",
,,,,"('Ed Blume', 'Joe Duffy')",
,,,,"('Ed Blume', 'Jamie Carestio')",
,,,,"('Ed Blume', 'Ken Rauber')",
,,,,"('Ed Blume', 'Joe Martens')",
,,,,"('Ed Blume', 'Ivan Davis')",
,,,,"('Ed Blume', 'Joe Hoff')",
,,,,"('Ed Blume', 'Robert Nichols')",
,,,,"('Ed Blume', 'Mike Edwards')",
,,,,"('Ed Blume', 'Ben Wunder')",
,,,,"('Ed Blume', 'John Vogel')",
,,,,"('Ed Blume', 'Tony Ingraffea')",
,,,,"('Ed Blume', 'Ron Harmon')",
,,,,"('Ed Blume', 'Bob Thompson')",
,,,,"('Ed Blume', 'Jodi Andrysick')",
,,,,"('Ed Blume', 'Michael Joy')",
,,,,"('Ed Blume', 'Steve Born')",
,,,,"('Ed Blume', 'Jane Russell')",
,,,,"('Ed Blume', 'Craig Stevens')",
,,,,"('Ed Blume', 'James Seward')",
,,,,"('Ed Blume', 'Penny Lawrence')",
,,,,"('Ed Blume', 'Michael Willis')",
,,,,"('Joe Sempolinski', 'Steve Born')",
,,,,"('Joe Sempolinski', 'Joe Duffy')",
,,,,"('Joe Sempolinski', 'Jamie Carestio')",
,,,,"('Joe Sempolinski', 'Ken Rauber')",
,,,,"('Joe Sempolinski', 'Joe Martens')",
,,,,"('Joe Sempolinski', 'Ivan Davis')",
,,,,"('Joe Sempolinski', 'Joe Hoff')",
,,,,"('Joe Sempolinski', 'Robert Nichols')",
,,,,"('Joe Sempolinski', 'Mike Edwards')",
,,,,"('Joe Sempolinski', 'Ben Wunder')",
,,,,"('Joe Sempolinski', 'John Vogel')",
,,,,"('Joe Sempolinski', 'Tony Ingraffea')",
,,,,"('Joe Sempolinski', 'Ron Harmon')",
,,,,"('Joe Sempolinski', 'Bob Thompson')",
,,,,"('Joe Sempolinski', 'Jodi Andrysick')",
,,,,"('Joe Sempolinski', 'Michael Joy')",
,,,,"('Joe Sempolinski', 'Jane Russell')",
,,,,"('Joe Sempolinski', 'Craig Stevens')",
,,,,"('Joe Sempolinski', 'James Seward')",
,,,,"('Joe Sempolinski', 'Penny Lawrence')",
,,,,"('Joe Sempolinski', 'Michael Willis')",
,,,,"('Joe Duffy', 'Joe Martens')",
,,,,"('Joe Duffy', 'Jamie Carestio')",
,,,,"('Joe Duffy', 'Ken Rauber')",
,,,,"('Joe Duffy', 'Ivan Davis')",
,,,,"('Joe Duffy', 'Joe Hoff')",
,,,,"('Joe Duffy', 'Robert Nichols')",
,,,,"('Joe Duffy', 'Mike Edwards')",
,,,,"('Joe Duffy', 'Ben Wunder')",
,,,,"('Joe Duffy', 'John Vogel')",
,,,,"('Joe Duffy', 'Tony Ingraffea')",
,,,,"('Joe Duffy', 'Ron Harmon')",
,,,,"('Joe Duffy', 'Bob Thompson')",
,,,,"('Joe Duffy', 'Jodi Andrysick')",
,,,,"('Joe Duffy', 'Michael Joy')",
,,,,"('Joe Duffy', 'Steve Born')",
,,,,"('Joe Duffy', 'Jane Russell')",
,,,,"('Joe Duffy', 'Craig Stevens')",
,,,,"('Joe Duffy', 'James Seward')",
,,,,"('Joe Duffy', 'Penny Lawrence')",
,,,,"('Joe Duffy', 'Michael Willis')",
,,,,"('Jamie Carestio', 'Joe Martens')",
,,,,"('Jamie Carestio', 'Ken Rauber')",
,,,,"('Jamie Carestio', 'Ivan Davis')",
,,,,"('Jamie Carestio', 'Joe Hoff')",
,,,,"('Jamie Carestio', 'Robert Nichols')",
,,,,"('Jamie Carestio', 'Mike Edwards')",
,,,,"('Jamie Carestio', 'Ben Wunder')",
,,,,"('Jamie Carestio', 'John Vogel')",
,,,,"('Jamie Carestio', 'Tony Ingraffea')",
,,,,"('Jamie Carestio', 'Ron Harmon')",
,,,,"('Jamie Carestio', 'Bob Thompson')",
,,,,"('Jamie Carestio', 'Jodi Andrysick')",
,,,,"('Jamie Carestio', 'Michael Joy')",
,,,,"('Jamie Carestio', 'Steve Born')",
,,,,"('Jamie Carestio', 'Jane Russell')",
,,,,"('Jamie Carestio', 'Craig Stevens')",
,,,,"('Jamie Carestio', 'James Seward')",
,,,,"('Jamie Carestio', 'Penny Lawrence')",
,,,,"('Jamie Carestio', 'Michael Willis')",
,,,,"('Ken Rauber', 'Joe Martens')",
,,,,"('Ken Rauber', 'Ivan Davis')",
,,,,"('Ken Rauber', 'Joe Hoff')",
,,,,"('Ken Rauber', 'Robert Nichols')",
,,,,"('Ken Rauber', 'Mike Edwards')",
,,,,"('Ken Rauber', 'Ben Wunder')",
,,,,"('Ken Rauber', 'Tony Ingraffea')",
,,,,"('Ken Rauber', 'Ron Harmon')",
,,,,"('Ken Rauber', 'Bob Thompson')",
,,,,"('Ken Rauber', 'Jodi Andrysick')",
,,,,"('Ken Rauber', 'Michael Joy')",
,,,,"('Ken Rauber', 'Jane Russell')",
,,,,"('Ken Rauber', 'Craig Stevens')",
,,,,"('Ken Rauber', 'James Seward')",
,,,,"('Ken Rauber', 'Penny Lawrence')",
,,,,"('Joe Martens', 'Ivan Davis')",
,,,,"('Joe Martens', 'Joe Hoff')",
,,,,"('Joe Martens', 'Robert Nichols')",
,,,,"('Joe Martens', 'Mike Edwards')",
,,,,"('Joe Martens', 'Ben Wunder')",
,,,,"('Joe Martens', 'John Vogel')",
,,,,"('Joe Martens', 'Tony Ingraffea')",
,,,,"('Joe Martens', 'Ron Harmon')",
,,,,"('Joe Martens', 'Bob Thompson')",
,,,,"('Joe Martens', 'Jodi Andrysick')",
,,,,"('Joe Martens', 'Michael Joy')",
,,,,"('Joe Martens', 'Steve Born')",
,,,,"('Joe Martens', 'Jane Russell')",
,,,,"('Joe Martens', 'Craig Stevens')",
,,,,"('Joe Martens', 'James Seward')",
,,,,"('Joe Martens', 'Penny Lawrence')",
,,,,"('Joe Martens', 'Michael Willis')",
,,,,"('Ivan Davis', 'Joe Hoff')",
,,,,"('Ivan Davis', 'Robert Nichols')",
,,,,"('Ivan Davis', 'Mike Edwards')",
,,,,"('Ivan Davis', 'Ben Wunder')",
,,,,"('Ivan Davis', 'John Vogel')",
,,,,"('Ivan Davis', 'Tony Ingraffea')",
,,,,"('Ivan Davis', 'Ron Harmon')",
,,,,"('Ivan Davis', 'Bob Thompson')",
,,,,"('Ivan Davis', 'Jodi Andrysick')",
,,,,"('Ivan Davis', 'Michael Joy')",
,,,,"('Ivan Davis', 'Steve Born')",
,,,,"('Ivan Davis', 'Jane Russell')",
,,,,"('Ivan Davis', 'Craig Stevens')",
,,,,"('Ivan Davis', 'James Seward')",
,,,,"('Ivan Davis', 'Penny Lawrence')",
,,,,"('Ivan Davis', 'Michael Willis')",
,,,,"('Joe Hoff', 'Robert Nichols')",
,,,,"('Joe Hoff', 'Mike Edwards')",
,,,,"('Joe Hoff', 'Ben Wunder')",
,,,,"('Joe Hoff', 'John Vogel')",
,,,,"('Joe Hoff', 'Tony Ingraffea')",
,,,,"('Joe Hoff', 'Ron Harmon')",
,,,,"('Joe Hoff', 'Bob Thompson')",
,,,,"('Joe Hoff', 'Jodi Andrysick')",
,,,,"('Joe Hoff', 'Michael Joy')",
,,,,"('Joe Hoff', 'Steve Born')",
,,,,"('Joe Hoff', 'Jane Russell')",
,,,,"('Joe Hoff', 'Craig Stevens')",
,,,,"('Joe Hoff', 'James Seward')",
,,,,"('Joe Hoff', 'Penny Lawrence')",
,,,,"('Joe Hoff', 'Michael Willis')",
,,,,"('Robert Nichols', 'Mike Edwards')",
,,,,"('Robert Nichols', 'Ben Wunder')",
,,,,"('Robert Nichols', 'John Vogel')",
,,,,"('Robert Nichols', 'Tony Ingraffea')",
,,,,"('Robert Nichols', 'Ron Harmon')",
,,,,"('Robert Nichols', 'Bob Thompson')",
,,,,"('Robert Nichols', 'Jodi Andrysick')",
,,,,"('Robert Nichols', 'Michael Joy')",
,,,,"('Robert Nichols', 'Steve Born')",
,,,,"('Robert Nichols', 'Jane Russell')",
,,,,"('Robert Nichols', 'Craig Stevens')",
,,,,"('Robert Nichols', 'James Seward')",
,,,,"('Robert Nichols', 'Penny Lawrence')",
,,,,"('Robert Nichols', 'Michael Willis')",
,,,,"('Mike Edwards', 'Ben Wunder')",
,,,,"('Mike Edwards', 'John Vogel')",
,,,,"('Mike Edwards', 'Tony Ingraffea')",
,,,,"('Mike Edwards', 'Ron Harmon')",
,,,,"('Mike Edwards', 'Bob Thompson')",
,,,,"('Mike Edwards', 'Jodi Andrysick')",
,,,,"('Mike Edwards', 'Michael Joy')",
,,,,"('Mike Edwards', 'Steve Born')",
,,,,"('Mike Edwards', 'Jane Russell')",
,,,,"('Mike Edwards', 'Craig Stevens')",
,,,,"('Mike Edwards', 'James Seward')",
,,,,"('Mike Edwards', 'Penny Lawrence')",
,,,,"('Mike Edwards', 'Michael Willis')",
,,,,"('Ben Wunder', 'John Vogel')",
,,,,"('Ben Wunder', 'Tony Ingraffea')",
,,,,"('Ben Wunder', 'Ron Harmon')",
,,,,"('Ben Wunder', 'Bob Thompson')",
,,,,"('Ben Wunder', 'Jodi Andrysick')",
,,,,"('Ben Wunder', 'Michael Joy')",
,,,,"('Ben Wunder', 'Steve Born')",
,,,,"('Ben Wunder', 'Jane Russell')",
,,,,"('Ben Wunder', 'Craig Stevens')",
,,,,"('Ben Wunder', 'James Seward')",
,,,,"('Ben Wunder', 'Penny Lawrence')",
,,,,"('Ben Wunder', 'Michael Willis')",
,,,,"('John Vogel', 'Tony Ingraffea')",
,,,,"('John Vogel', 'Ron Harmon')",
,,,,"('John Vogel', 'Bob Thompson')",
,,,,"('John Vogel', 'Jodi Andrysick')",
,,,,"('John Vogel', 'Michael Joy')",
,,,,"('John Vogel', 'Jane Russell')",
,,,,"('John Vogel', 'Craig Stevens')",
,,,,"('John Vogel', 'James Seward')",
,,,,"('John Vogel', 'Penny Lawrence')",
,,,,"('Tony Ingraffea', 'Ron Harmon')",
,,,,"('Tony Ingraffea', 'Bob Thompson')",
,,,,"('Tony Ingraffea', 'Jodi Andrysick')",
,,,,"('Tony Ingraffea', 'Michael Joy')",
,,,,"('Tony Ingraffea', 'Steve Born')",
,,,,"('Tony Ingraffea', 'Jane Russell')",
,,,,"('Tony Ingraffea', 'Craig Stevens')",
,,,,"('Tony Ingraffea', 'James Seward')",
,,,,"('Tony Ingraffea', 'Penny Lawrence')",
,,,,"('Tony Ingraffea', 'Michael Willis')",
,,,,"('Ron Harmon', 'Bob Thompson')",
,,,,"('Ron Harmon', 'Jodi Andrysick')",
,,,,"('Ron Harmon', 'Michael Joy')",
,,,,"('Ron Harmon', 'Steve Born')",
,,,,"('Ron Harmon', 'Jane Russell')",
,,,,"('Ron Harmon', 'Craig Stevens')",
,,,,"('Ron Harmon', 'James Seward')",
,,,,"('Ron Harmon', 'Penny Lawrence')",
,,,,"('Ron Harmon', 'Michael Willis')",
,,,,"('Bob Thompson', 'Jodi Andrysick')",
,,,,"('Bob Thompson', 'Michael Joy')",
,,,,"('Bob Thompson', 'Steve Born')",
,,,,"('Bob Thompson', 'Jane Russell')",
,,,,"('Bob Thompson', 'Craig Stevens')",
,,,,"('Bob Thompson', 'James Seward')",
,,,,"('Bob Thompson', 'Penny Lawrence')",
,,,,"('Bob Thompson', 'Michael Willis')",
,,,,"('Jodi Andrysick', 'Michael Joy')",
,,,,"('Jodi Andrysick', 'Steve Born')",
,,,,"('Jodi Andrysick', 'Jane Russell')",
,,,,"('Jodi Andrysick', 'Craig Stevens')",
,,,,"('Jodi Andrysick', 'James Seward')",
,,,,"('Jodi Andrysick', 'Penny Lawrence')",
,,,,"('Jodi Andrysick', 'Michael Willis')",
,,,,"('Michael Joy', 'Steve Born')",
,,,,"('Michael Joy', 'Jane Russell')",
,,,,"('Michael Joy', 'Craig Stevens')",
,,,,"('Michael Joy', 'James Seward')",
,,,,"('Michael Joy', 'Penny Lawrence')",
,,,,"('Michael Joy', 'Michael Willis')",
,,,,"('Steve Born', 'Jane Russell')",
,,,,"('Steve Born', 'Craig Stevens')",
,,,,"('Steve Born', 'James Seward')",
,,,,"('Steve Born', 'Penny Lawrence')",
,,,,"('Jane Russell', 'Craig Stevens')",
,,,,"('Jane Russell', 'James Seward')",
,,,,"('Jane Russell', 'Penny Lawrence')",
,,,,"('Jane Russell', 'Michael Willis')",
,,,,"('Craig Stevens', 'James Seward')",
,,,,"('Craig Stevens', 'Penny Lawrence')",
,,,,"('Craig Stevens', 'Michael Willis')",
,,,,"('James Seward', 'Penny Lawrence')",
,,,,"('James Seward', 'Michael Willis')",
,,,,"('Penny Lawrence', 'Michael Willis')",
