Actor Overlap,Relationship Overlap,Unique Newspaper Network Actors,Unique Meeting Minute Network Actors,Unique Newspaper Network Relationships,Unique Newspaper Network Relationships
Robert Buresch,"('Geoffrey Hack', 'Roberta Herr')",Joseph Lorigo,William Dell,"('Joseph Lorigo', 'Thomas Mazur')","('William Dell', 'William Kolacki')"
Geoffrey Hack,"('Michael Kasprzyk', 'Kim Meyer')",Thomas Mazur,Marty Regan,"('Joseph Lorigo', 'Patrick Joyce')","('William Dell', 'Marty Regan')"
Tammy Adsitt,"('Roberta Herr', 'Karen Kline')",Patrick Joyce,Sandra Chelnov,"('Joseph Lorigo', 'Jude Hartrich')","('William Dell', 'Sandra Chelnov')"
Karen Kline,"('Ronald Bennett', 'Kim Meyer')",Jude Hartrich,Mark Vanderwater,"('Joseph Lorigo', 'Edward Rath')","('William Dell', 'Mark Vanderwater')"
Michael Kasprzyk,"('Ronald Bennett', 'Tammy Adsitt')",Edward Rath,Mike O Connor,"('Joseph Lorigo', 'Michael Nolan')","('William Dell', 'Mike O Connor')"
William Kolacki,"('Ronald Bennett', 'Karen Kline')",Michael Nolan,Micheal Sluce,"('Joseph Lorigo', 'William Kolacki')","('William Dell', 'Micheal Sluce')"
Ronald Bennett,"('William Kolacki', 'Karen Kline')",Elaine DiPietro,Merilu Dell,"('Joseph Lorigo', 'Elaine DiPietro')","('William Dell', 'Michael Kasprzyk')"
Roberta Herr,"('Karen Kline', 'Kim Meyer')",Mike Hogan,Belinda Ersing,"('Joseph Lorigo', 'Ronald Bennett')","('William Dell', 'Merilu Dell')"
Kim Meyer,"('Roberta Herr', 'Kim Meyer')",Andrew Cuomo,John Carlone,"('Joseph Lorigo', 'Mike Hogan')","('William Dell', 'Ronald Bennett')"
,"('William Kolacki', 'Geoffrey Hack')",George Leone,Carol Keem,"('Joseph Lorigo', 'Robert Buresch')","('William Dell', 'Belinda Ersing')"
,"('William Kolacki', 'Ronald Bennett')",Michael Zywar,Charles Bialecki,"('Joseph Lorigo', 'Andrew Cuomo')","('William Dell', 'John Carlone')"
,"('William Kolacki', 'Michael Kasprzyk')",Ramon Harris,Ron Fraser,"('Joseph Lorigo', 'George Leone')","('William Dell', 'Carol Keem')"
,"('William Kolacki', 'Roberta Herr')",Ed Damico,Frank Kolbman,"('Joseph Lorigo', 'Michael Zywar')","('William Dell', 'Charles Bialecki')"
,"('Ronald Bennett', 'Roberta Herr')",Ray Harris,Susan Everett,"('Joseph Lorigo', 'Geoffrey Hack')","('William Dell', 'Ron Fraser')"
,"('Tammy Adsitt', 'Kim Meyer')",Mark Poloncarz,William Newell,"('Joseph Lorigo', 'Tammy Adsitt')","('William Dell', 'Frank Kolbman')"
,"('Tammy Adsitt', 'Karen Kline')",Michael Sluce,Dorothy Carlone,"('Joseph Lorigo', 'Ramon Harris')","('William Dell', 'Susan Everett')"
,"('Robert Buresch', 'Kim Meyer')",Michael Simon,Pat Joyce,"('Joseph Lorigo', 'Roberta Herr')","('William Dell', 'William Newell')"
,"('Geoffrey Hack', 'Kim Meyer')",,Bob Ersing,"('Joseph Lorigo', 'Ed Damico')","('William Dell', 'Dorothy Carlone')"
,"('William Kolacki', 'Kim Meyer')",,Sandra Smith,"('Joseph Lorigo', 'Ray Harris')","('William Dell', 'Geoffrey Hack')"
,"('Tammy Adsitt', 'Roberta Herr')",,David Paterson,"('Joseph Lorigo', 'Mark Poloncarz')","('William Dell', 'Pat Joyce')"
,"('Geoffrey Hack', 'Karen Kline')",,David Pratt,"('Joseph Lorigo', 'Michael Sluce')","('William Dell', 'Bob Ersing')"
,"('William Kolacki', 'Tammy Adsitt')",,Jason Dembick,"('Joseph Lorigo', 'Karen Kline')","('William Dell', 'Tammy Adsitt')"
,"('Geoffrey Hack', 'Tammy Adsitt')",,Patty Buresch,"('Joseph Lorigo', 'Michael Simon')","('William Dell', 'Sandra Smith')"
,"('Ronald Bennett', 'Geoffrey Hack')",,Richard Keem,"('Joseph Lorigo', 'Michael Kasprzyk')","('William Dell', 'David Paterson')"
,"('Ronald Bennett', 'Robert Buresch')",,Henry Secord,"('Joseph Lorigo', 'Kim Meyer')","('William Dell', 'David Pratt')"
,"('William Kolacki', 'Robert Buresch')",,Jill Zientek,"('Thomas Mazur', 'Patrick Joyce')","('William Dell', 'Jason Dembick')"
,,,James Britt,"('Thomas Mazur', 'Jude Hartrich')","('William Dell', 'Patty Buresch')"
,,,,"('Thomas Mazur', 'Edward Rath')","('William Dell', 'Roberta Herr')"
,,,,"('Thomas Mazur', 'Michael Nolan')","('William Dell', 'Richard Keem')"
,,,,"('Thomas Mazur', 'William Kolacki')","('William Dell', 'Henry Secord')"
,,,,"('Thomas Mazur', 'Elaine DiPietro')","('William Dell', 'Karen Kline')"
,,,,"('Thomas Mazur', 'Ronald Bennett')","('William Dell', 'Jill Zientek')"
,,,,"('Thomas Mazur', 'Mike Hogan')","('William Dell', 'James Britt')"
,,,,"('Thomas Mazur', 'Robert Buresch')","('William Dell', 'Robert Buresch')"
,,,,"('Thomas Mazur', 'Andrew Cuomo')","('William Dell', 'Kim Meyer')"
,,,,"('Thomas Mazur', 'George Leone')","('William Kolacki', 'Marty Regan')"
,,,,"('Thomas Mazur', 'Michael Zywar')","('William Kolacki', 'Sandra Chelnov')"
,,,,"('Thomas Mazur', 'Geoffrey Hack')","('William Kolacki', 'Mark Vanderwater')"
,,,,"('Thomas Mazur', 'Tammy Adsitt')","('William Kolacki', 'Mike O Connor')"
,,,,"('Thomas Mazur', 'Ramon Harris')","('William Kolacki', 'Micheal Sluce')"
,,,,"('Thomas Mazur', 'Roberta Herr')","('William Kolacki', 'Merilu Dell')"
,,,,"('Thomas Mazur', 'Ed Damico')","('William Kolacki', 'Belinda Ersing')"
,,,,"('Thomas Mazur', 'Ray Harris')","('William Kolacki', 'John Carlone')"
,,,,"('Thomas Mazur', 'Mark Poloncarz')","('William Kolacki', 'Carol Keem')"
,,,,"('Thomas Mazur', 'Michael Sluce')","('William Kolacki', 'Charles Bialecki')"
,,,,"('Thomas Mazur', 'Karen Kline')","('William Kolacki', 'Ron Fraser')"
,,,,"('Thomas Mazur', 'Michael Simon')","('William Kolacki', 'Frank Kolbman')"
,,,,"('Thomas Mazur', 'Michael Kasprzyk')","('William Kolacki', 'Susan Everett')"
,,,,"('Thomas Mazur', 'Kim Meyer')","('William Kolacki', 'William Newell')"
,,,,"('Patrick Joyce', 'Jude Hartrich')","('William Kolacki', 'Dorothy Carlone')"
,,,,"('Patrick Joyce', 'Edward Rath')","('William Kolacki', 'Pat Joyce')"
,,,,"('Patrick Joyce', 'Michael Nolan')","('William Kolacki', 'Bob Ersing')"
,,,,"('Patrick Joyce', 'William Kolacki')","('William Kolacki', 'Sandra Smith')"
,,,,"('Patrick Joyce', 'Elaine DiPietro')","('William Kolacki', 'David Paterson')"
,,,,"('Patrick Joyce', 'Ronald Bennett')","('William Kolacki', 'David Pratt')"
,,,,"('Patrick Joyce', 'Mike Hogan')","('William Kolacki', 'Jason Dembick')"
,,,,"('Patrick Joyce', 'Robert Buresch')","('William Kolacki', 'Patty Buresch')"
,,,,"('Patrick Joyce', 'Andrew Cuomo')","('William Kolacki', 'Richard Keem')"
,,,,"('Patrick Joyce', 'George Leone')","('William Kolacki', 'Henry Secord')"
,,,,"('Patrick Joyce', 'Michael Zywar')","('William Kolacki', 'Jill Zientek')"
,,,,"('Patrick Joyce', 'Geoffrey Hack')","('William Kolacki', 'James Britt')"
,,,,"('Patrick Joyce', 'Tammy Adsitt')","('Marty Regan', 'Sandra Chelnov')"
,,,,"('Patrick Joyce', 'Ramon Harris')","('Marty Regan', 'Mark Vanderwater')"
,,,,"('Patrick Joyce', 'Roberta Herr')","('Marty Regan', 'Mike O Connor')"
,,,,"('Patrick Joyce', 'Ed Damico')","('Marty Regan', 'Micheal Sluce')"
,,,,"('Patrick Joyce', 'Ray Harris')","('Marty Regan', 'Michael Kasprzyk')"
,,,,"('Patrick Joyce', 'Mark Poloncarz')","('Marty Regan', 'Merilu Dell')"
,,,,"('Patrick Joyce', 'Michael Sluce')","('Marty Regan', 'Ronald Bennett')"
,,,,"('Patrick Joyce', 'Karen Kline')","('Marty Regan', 'Belinda Ersing')"
,,,,"('Patrick Joyce', 'Michael Simon')","('Marty Regan', 'John Carlone')"
,,,,"('Patrick Joyce', 'Michael Kasprzyk')","('Marty Regan', 'Carol Keem')"
,,,,"('Patrick Joyce', 'Kim Meyer')","('Marty Regan', 'Charles Bialecki')"
,,,,"('Jude Hartrich', 'Edward Rath')","('Marty Regan', 'Ron Fraser')"
,,,,"('Jude Hartrich', 'Michael Nolan')","('Marty Regan', 'Frank Kolbman')"
,,,,"('Jude Hartrich', 'William Kolacki')","('Marty Regan', 'Susan Everett')"
,,,,"('Jude Hartrich', 'Elaine DiPietro')","('Marty Regan', 'William Newell')"
,,,,"('Jude Hartrich', 'Ronald Bennett')","('Marty Regan', 'Dorothy Carlone')"
,,,,"('Jude Hartrich', 'Mike Hogan')","('Marty Regan', 'Geoffrey Hack')"
,,,,"('Jude Hartrich', 'Robert Buresch')","('Marty Regan', 'Pat Joyce')"
,,,,"('Jude Hartrich', 'Andrew Cuomo')","('Marty Regan', 'Bob Ersing')"
,,,,"('Jude Hartrich', 'George Leone')","('Marty Regan', 'Tammy Adsitt')"
,,,,"('Jude Hartrich', 'Michael Zywar')","('Marty Regan', 'Sandra Smith')"
,,,,"('Jude Hartrich', 'Geoffrey Hack')","('Marty Regan', 'David Paterson')"
,,,,"('Jude Hartrich', 'Tammy Adsitt')","('Marty Regan', 'David Pratt')"
,,,,"('Jude Hartrich', 'Ramon Harris')","('Marty Regan', 'Jason Dembick')"
,,,,"('Jude Hartrich', 'Roberta Herr')","('Marty Regan', 'Patty Buresch')"
,,,,"('Jude Hartrich', 'Ed Damico')","('Marty Regan', 'Roberta Herr')"
,,,,"('Jude Hartrich', 'Ray Harris')","('Marty Regan', 'Richard Keem')"
,,,,"('Jude Hartrich', 'Mark Poloncarz')","('Marty Regan', 'Henry Secord')"
,,,,"('Jude Hartrich', 'Michael Sluce')","('Marty Regan', 'Karen Kline')"
,,,,"('Jude Hartrich', 'Karen Kline')","('Marty Regan', 'Jill Zientek')"
,,,,"('Jude Hartrich', 'Michael Simon')","('Marty Regan', 'James Britt')"
,,,,"('Jude Hartrich', 'Michael Kasprzyk')","('Marty Regan', 'Robert Buresch')"
,,,,"('Jude Hartrich', 'Kim Meyer')","('Marty Regan', 'Kim Meyer')"
,,,,"('Edward Rath', 'Michael Nolan')","('Sandra Chelnov', 'Mark Vanderwater')"
,,,,"('Edward Rath', 'William Kolacki')","('Sandra Chelnov', 'Mike O Connor')"
,,,,"('Edward Rath', 'Elaine DiPietro')","('Sandra Chelnov', 'Micheal Sluce')"
,,,,"('Edward Rath', 'Ronald Bennett')","('Sandra Chelnov', 'Michael Kasprzyk')"
,,,,"('Edward Rath', 'Mike Hogan')","('Sandra Chelnov', 'Merilu Dell')"
,,,,"('Edward Rath', 'Robert Buresch')","('Sandra Chelnov', 'Ronald Bennett')"
,,,,"('Edward Rath', 'Andrew Cuomo')","('Sandra Chelnov', 'Belinda Ersing')"
,,,,"('Edward Rath', 'George Leone')","('Sandra Chelnov', 'John Carlone')"
,,,,"('Edward Rath', 'Michael Zywar')","('Sandra Chelnov', 'Carol Keem')"
,,,,"('Edward Rath', 'Geoffrey Hack')","('Sandra Chelnov', 'Charles Bialecki')"
,,,,"('Edward Rath', 'Tammy Adsitt')","('Sandra Chelnov', 'Ron Fraser')"
,,,,"('Edward Rath', 'Ramon Harris')","('Sandra Chelnov', 'Frank Kolbman')"
,,,,"('Edward Rath', 'Roberta Herr')","('Sandra Chelnov', 'Susan Everett')"
,,,,"('Edward Rath', 'Ed Damico')","('Sandra Chelnov', 'William Newell')"
,,,,"('Edward Rath', 'Ray Harris')","('Sandra Chelnov', 'Dorothy Carlone')"
,,,,"('Edward Rath', 'Mark Poloncarz')","('Sandra Chelnov', 'Geoffrey Hack')"
,,,,"('Edward Rath', 'Michael Sluce')","('Sandra Chelnov', 'Pat Joyce')"
,,,,"('Edward Rath', 'Karen Kline')","('Sandra Chelnov', 'Bob Ersing')"
,,,,"('Edward Rath', 'Michael Simon')","('Sandra Chelnov', 'Tammy Adsitt')"
,,,,"('Edward Rath', 'Michael Kasprzyk')","('Sandra Chelnov', 'Sandra Smith')"
,,,,"('Edward Rath', 'Kim Meyer')","('Sandra Chelnov', 'David Paterson')"
,,,,"('Michael Nolan', 'Michael Kasprzyk')","('Sandra Chelnov', 'David Pratt')"
,,,,"('Michael Nolan', 'William Kolacki')","('Sandra Chelnov', 'Jason Dembick')"
,,,,"('Michael Nolan', 'Elaine DiPietro')","('Sandra Chelnov', 'Patty Buresch')"
,,,,"('Michael Nolan', 'Ronald Bennett')","('Sandra Chelnov', 'Roberta Herr')"
,,,,"('Michael Nolan', 'Mike Hogan')","('Sandra Chelnov', 'Richard Keem')"
,,,,"('Michael Nolan', 'Robert Buresch')","('Sandra Chelnov', 'Henry Secord')"
,,,,"('Michael Nolan', 'Andrew Cuomo')","('Sandra Chelnov', 'Karen Kline')"
,,,,"('Michael Nolan', 'George Leone')","('Sandra Chelnov', 'Jill Zientek')"
,,,,"('Michael Nolan', 'Michael Zywar')","('Sandra Chelnov', 'James Britt')"
,,,,"('Michael Nolan', 'Geoffrey Hack')","('Sandra Chelnov', 'Robert Buresch')"
,,,,"('Michael Nolan', 'Tammy Adsitt')","('Sandra Chelnov', 'Kim Meyer')"
,,,,"('Michael Nolan', 'Ramon Harris')","('Mark Vanderwater', 'Mike O Connor')"
,,,,"('Michael Nolan', 'Roberta Herr')","('Mark Vanderwater', 'Micheal Sluce')"
,,,,"('Michael Nolan', 'Ed Damico')","('Mark Vanderwater', 'Michael Kasprzyk')"
,,,,"('Michael Nolan', 'Ray Harris')","('Mark Vanderwater', 'Merilu Dell')"
,,,,"('Michael Nolan', 'Mark Poloncarz')","('Mark Vanderwater', 'Ronald Bennett')"
,,,,"('Michael Nolan', 'Michael Sluce')","('Mark Vanderwater', 'Belinda Ersing')"
,,,,"('Michael Nolan', 'Karen Kline')","('Mark Vanderwater', 'John Carlone')"
,,,,"('Michael Nolan', 'Michael Simon')","('Mark Vanderwater', 'Carol Keem')"
,,,,"('Michael Nolan', 'Kim Meyer')","('Mark Vanderwater', 'Charles Bialecki')"
,,,,"('William Kolacki', 'Elaine DiPietro')","('Mark Vanderwater', 'Ron Fraser')"
,,,,"('William Kolacki', 'Mike Hogan')","('Mark Vanderwater', 'Frank Kolbman')"
,,,,"('William Kolacki', 'Andrew Cuomo')","('Mark Vanderwater', 'Susan Everett')"
,,,,"('William Kolacki', 'George Leone')","('Mark Vanderwater', 'William Newell')"
,,,,"('William Kolacki', 'Michael Zywar')","('Mark Vanderwater', 'Dorothy Carlone')"
,,,,"('William Kolacki', 'Ramon Harris')","('Mark Vanderwater', 'Geoffrey Hack')"
,,,,"('William Kolacki', 'Ed Damico')","('Mark Vanderwater', 'Pat Joyce')"
,,,,"('William Kolacki', 'Ray Harris')","('Mark Vanderwater', 'Bob Ersing')"
,,,,"('William Kolacki', 'Mark Poloncarz')","('Mark Vanderwater', 'Tammy Adsitt')"
,,,,"('William Kolacki', 'Michael Sluce')","('Mark Vanderwater', 'Sandra Smith')"
,,,,"('William Kolacki', 'Michael Simon')","('Mark Vanderwater', 'David Paterson')"
,,,,"('Elaine DiPietro', 'Ronald Bennett')","('Mark Vanderwater', 'David Pratt')"
,,,,"('Elaine DiPietro', 'Mike Hogan')","('Mark Vanderwater', 'Jason Dembick')"
,,,,"('Elaine DiPietro', 'Robert Buresch')","('Mark Vanderwater', 'Patty Buresch')"
,,,,"('Elaine DiPietro', 'Andrew Cuomo')","('Mark Vanderwater', 'Roberta Herr')"
,,,,"('Elaine DiPietro', 'George Leone')","('Mark Vanderwater', 'Richard Keem')"
,,,,"('Elaine DiPietro', 'Michael Zywar')","('Mark Vanderwater', 'Henry Secord')"
,,,,"('Elaine DiPietro', 'Geoffrey Hack')","('Mark Vanderwater', 'Karen Kline')"
,,,,"('Elaine DiPietro', 'Tammy Adsitt')","('Mark Vanderwater', 'Jill Zientek')"
,,,,"('Elaine DiPietro', 'Ramon Harris')","('Mark Vanderwater', 'James Britt')"
,,,,"('Elaine DiPietro', 'Roberta Herr')","('Mark Vanderwater', 'Robert Buresch')"
,,,,"('Elaine DiPietro', 'Ed Damico')","('Mark Vanderwater', 'Kim Meyer')"
,,,,"('Elaine DiPietro', 'Ray Harris')","('Mike O Connor', 'Micheal Sluce')"
,,,,"('Elaine DiPietro', 'Mark Poloncarz')","('Mike O Connor', 'Michael Kasprzyk')"
,,,,"('Elaine DiPietro', 'Michael Sluce')","('Mike O Connor', 'Merilu Dell')"
,,,,"('Elaine DiPietro', 'Karen Kline')","('Mike O Connor', 'Ronald Bennett')"
,,,,"('Elaine DiPietro', 'Michael Simon')","('Mike O Connor', 'Belinda Ersing')"
,,,,"('Elaine DiPietro', 'Michael Kasprzyk')","('Mike O Connor', 'John Carlone')"
,,,,"('Elaine DiPietro', 'Kim Meyer')","('Mike O Connor', 'Carol Keem')"
,,,,"('Ronald Bennett', 'Mike Hogan')","('Mike O Connor', 'Charles Bialecki')"
,,,,"('Ronald Bennett', 'Andrew Cuomo')","('Mike O Connor', 'Ron Fraser')"
,,,,"('Ronald Bennett', 'George Leone')","('Mike O Connor', 'Frank Kolbman')"
,,,,"('Ronald Bennett', 'Michael Zywar')","('Mike O Connor', 'Susan Everett')"
,,,,"('Ronald Bennett', 'Ramon Harris')","('Mike O Connor', 'William Newell')"
,,,,"('Ronald Bennett', 'Ed Damico')","('Mike O Connor', 'Dorothy Carlone')"
,,,,"('Ronald Bennett', 'Ray Harris')","('Mike O Connor', 'Geoffrey Hack')"
,,,,"('Ronald Bennett', 'Mark Poloncarz')","('Mike O Connor', 'Pat Joyce')"
,,,,"('Ronald Bennett', 'Michael Sluce')","('Mike O Connor', 'Bob Ersing')"
,,,,"('Ronald Bennett', 'Michael Simon')","('Mike O Connor', 'Tammy Adsitt')"
,,,,"('Ronald Bennett', 'Michael Kasprzyk')","('Mike O Connor', 'Sandra Smith')"
,,,,"('Mike Hogan', 'Robert Buresch')","('Mike O Connor', 'David Paterson')"
,,,,"('Mike Hogan', 'Andrew Cuomo')","('Mike O Connor', 'David Pratt')"
,,,,"('Mike Hogan', 'George Leone')","('Mike O Connor', 'Jason Dembick')"
,,,,"('Mike Hogan', 'Michael Zywar')","('Mike O Connor', 'Patty Buresch')"
,,,,"('Mike Hogan', 'Geoffrey Hack')","('Mike O Connor', 'Roberta Herr')"
,,,,"('Mike Hogan', 'Tammy Adsitt')","('Mike O Connor', 'Richard Keem')"
,,,,"('Mike Hogan', 'Ramon Harris')","('Mike O Connor', 'Henry Secord')"
,,,,"('Mike Hogan', 'Roberta Herr')","('Mike O Connor', 'Karen Kline')"
,,,,"('Mike Hogan', 'Ed Damico')","('Mike O Connor', 'Jill Zientek')"
,,,,"('Mike Hogan', 'Ray Harris')","('Mike O Connor', 'James Britt')"
,,,,"('Mike Hogan', 'Mark Poloncarz')","('Mike O Connor', 'Robert Buresch')"
,,,,"('Mike Hogan', 'Michael Sluce')","('Mike O Connor', 'Kim Meyer')"
,,,,"('Mike Hogan', 'Karen Kline')","('Micheal Sluce', 'Michael Kasprzyk')"
,,,,"('Mike Hogan', 'Michael Simon')","('Micheal Sluce', 'Merilu Dell')"
,,,,"('Mike Hogan', 'Michael Kasprzyk')","('Micheal Sluce', 'Ronald Bennett')"
,,,,"('Mike Hogan', 'Kim Meyer')","('Micheal Sluce', 'Belinda Ersing')"
,,,,"('Robert Buresch', 'Andrew Cuomo')","('Micheal Sluce', 'John Carlone')"
,,,,"('Robert Buresch', 'George Leone')","('Micheal Sluce', 'Carol Keem')"
,,,,"('Robert Buresch', 'Michael Zywar')","('Micheal Sluce', 'Charles Bialecki')"
,,,,"('Robert Buresch', 'Geoffrey Hack')","('Micheal Sluce', 'Ron Fraser')"
,,,,"('Robert Buresch', 'Tammy Adsitt')","('Micheal Sluce', 'Frank Kolbman')"
,,,,"('Robert Buresch', 'Ramon Harris')","('Micheal Sluce', 'Susan Everett')"
,,,,"('Robert Buresch', 'Roberta Herr')","('Micheal Sluce', 'William Newell')"
,,,,"('Robert Buresch', 'Ed Damico')","('Micheal Sluce', 'Dorothy Carlone')"
,,,,"('Robert Buresch', 'Ray Harris')","('Micheal Sluce', 'Geoffrey Hack')"
,,,,"('Robert Buresch', 'Mark Poloncarz')","('Micheal Sluce', 'Pat Joyce')"
,,,,"('Robert Buresch', 'Michael Sluce')","('Micheal Sluce', 'Bob Ersing')"
,,,,"('Robert Buresch', 'Karen Kline')","('Micheal Sluce', 'Tammy Adsitt')"
,,,,"('Robert Buresch', 'Michael Simon')","('Micheal Sluce', 'Sandra Smith')"
,,,,"('Robert Buresch', 'Michael Kasprzyk')","('Micheal Sluce', 'David Paterson')"
,,,,"('Andrew Cuomo', 'Michael Kasprzyk')","('Micheal Sluce', 'David Pratt')"
,,,,"('Andrew Cuomo', 'George Leone')","('Micheal Sluce', 'Jason Dembick')"
,,,,"('Andrew Cuomo', 'Michael Zywar')","('Micheal Sluce', 'Patty Buresch')"
,,,,"('Andrew Cuomo', 'Geoffrey Hack')","('Micheal Sluce', 'Roberta Herr')"
,,,,"('Andrew Cuomo', 'Tammy Adsitt')","('Micheal Sluce', 'Richard Keem')"
,,,,"('Andrew Cuomo', 'Ramon Harris')","('Micheal Sluce', 'Henry Secord')"
,,,,"('Andrew Cuomo', 'Roberta Herr')","('Micheal Sluce', 'Karen Kline')"
,,,,"('Andrew Cuomo', 'Ed Damico')","('Micheal Sluce', 'Jill Zientek')"
,,,,"('Andrew Cuomo', 'Ray Harris')","('Micheal Sluce', 'James Britt')"
,,,,"('Andrew Cuomo', 'Mark Poloncarz')","('Micheal Sluce', 'Robert Buresch')"
,,,,"('Andrew Cuomo', 'Michael Sluce')","('Micheal Sluce', 'Kim Meyer')"
,,,,"('Andrew Cuomo', 'Karen Kline')","('Michael Kasprzyk', 'William Newell')"
,,,,"('Andrew Cuomo', 'Michael Simon')","('Michael Kasprzyk', 'Merilu Dell')"
,,,,"('Andrew Cuomo', 'Kim Meyer')","('Michael Kasprzyk', 'Ronald Bennett')"
,,,,"('George Leone', 'Michael Zywar')","('Michael Kasprzyk', 'Belinda Ersing')"
,,,,"('George Leone', 'Geoffrey Hack')","('Michael Kasprzyk', 'John Carlone')"
,,,,"('George Leone', 'Tammy Adsitt')","('Michael Kasprzyk', 'Carol Keem')"
,,,,"('George Leone', 'Ramon Harris')","('Michael Kasprzyk', 'Charles Bialecki')"
,,,,"('George Leone', 'Roberta Herr')","('Michael Kasprzyk', 'Ron Fraser')"
,,,,"('George Leone', 'Ed Damico')","('Michael Kasprzyk', 'Frank Kolbman')"
,,,,"('George Leone', 'Ray Harris')","('Michael Kasprzyk', 'Susan Everett')"
,,,,"('George Leone', 'Mark Poloncarz')","('Michael Kasprzyk', 'Dorothy Carlone')"
,,,,"('George Leone', 'Michael Sluce')","('Michael Kasprzyk', 'Geoffrey Hack')"
,,,,"('George Leone', 'Karen Kline')","('Michael Kasprzyk', 'Pat Joyce')"
,,,,"('George Leone', 'Michael Simon')","('Michael Kasprzyk', 'Bob Ersing')"
,,,,"('George Leone', 'Michael Kasprzyk')","('Michael Kasprzyk', 'Tammy Adsitt')"
,,,,"('George Leone', 'Kim Meyer')","('Michael Kasprzyk', 'Sandra Smith')"
,,,,"('Michael Zywar', 'Geoffrey Hack')","('Michael Kasprzyk', 'David Paterson')"
,,,,"('Michael Zywar', 'Tammy Adsitt')","('Michael Kasprzyk', 'David Pratt')"
,,,,"('Michael Zywar', 'Ramon Harris')","('Michael Kasprzyk', 'Jason Dembick')"
,,,,"('Michael Zywar', 'Roberta Herr')","('Michael Kasprzyk', 'Patty Buresch')"
,,,,"('Michael Zywar', 'Ed Damico')","('Michael Kasprzyk', 'Roberta Herr')"
,,,,"('Michael Zywar', 'Ray Harris')","('Michael Kasprzyk', 'Richard Keem')"
,,,,"('Michael Zywar', 'Mark Poloncarz')","('Michael Kasprzyk', 'Henry Secord')"
,,,,"('Michael Zywar', 'Michael Sluce')","('Michael Kasprzyk', 'Karen Kline')"
,,,,"('Michael Zywar', 'Karen Kline')","('Michael Kasprzyk', 'Jill Zientek')"
,,,,"('Michael Zywar', 'Michael Simon')","('Michael Kasprzyk', 'James Britt')"
,,,,"('Michael Zywar', 'Michael Kasprzyk')","('Michael Kasprzyk', 'Robert Buresch')"
,,,,"('Michael Zywar', 'Kim Meyer')","('Merilu Dell', 'Ronald Bennett')"
,,,,"('Geoffrey Hack', 'Ramon Harris')","('Merilu Dell', 'Belinda Ersing')"
,,,,"('Geoffrey Hack', 'Ed Damico')","('Merilu Dell', 'John Carlone')"
,,,,"('Geoffrey Hack', 'Ray Harris')","('Merilu Dell', 'Carol Keem')"
,,,,"('Geoffrey Hack', 'Mark Poloncarz')","('Merilu Dell', 'Charles Bialecki')"
,,,,"('Geoffrey Hack', 'Michael Sluce')","('Merilu Dell', 'Ron Fraser')"
,,,,"('Geoffrey Hack', 'Michael Simon')","('Merilu Dell', 'Frank Kolbman')"
,,,,"('Geoffrey Hack', 'Michael Kasprzyk')","('Merilu Dell', 'Susan Everett')"
,,,,"('Tammy Adsitt', 'Ramon Harris')","('Merilu Dell', 'William Newell')"
,,,,"('Tammy Adsitt', 'Ed Damico')","('Merilu Dell', 'Dorothy Carlone')"
,,,,"('Tammy Adsitt', 'Ray Harris')","('Merilu Dell', 'Geoffrey Hack')"
,,,,"('Tammy Adsitt', 'Mark Poloncarz')","('Merilu Dell', 'Pat Joyce')"
,,,,"('Tammy Adsitt', 'Michael Sluce')","('Merilu Dell', 'Bob Ersing')"
,,,,"('Tammy Adsitt', 'Michael Simon')","('Merilu Dell', 'Tammy Adsitt')"
,,,,"('Tammy Adsitt', 'Michael Kasprzyk')","('Merilu Dell', 'Sandra Smith')"
,,,,"('Ramon Harris', 'Roberta Herr')","('Merilu Dell', 'David Paterson')"
,,,,"('Ramon Harris', 'Ed Damico')","('Merilu Dell', 'David Pratt')"
,,,,"('Ramon Harris', 'Ray Harris')","('Merilu Dell', 'Jason Dembick')"
,,,,"('Ramon Harris', 'Mark Poloncarz')","('Merilu Dell', 'Patty Buresch')"
,,,,"('Ramon Harris', 'Michael Sluce')","('Merilu Dell', 'Roberta Herr')"
,,,,"('Ramon Harris', 'Karen Kline')","('Merilu Dell', 'Richard Keem')"
,,,,"('Ramon Harris', 'Michael Simon')","('Merilu Dell', 'Henry Secord')"
,,,,"('Ramon Harris', 'Michael Kasprzyk')","('Merilu Dell', 'Karen Kline')"
,,,,"('Ramon Harris', 'Kim Meyer')","('Merilu Dell', 'Jill Zientek')"
,,,,"('Roberta Herr', 'Ed Damico')","('Merilu Dell', 'James Britt')"
,,,,"('Roberta Herr', 'Ray Harris')","('Merilu Dell', 'Robert Buresch')"
,,,,"('Roberta Herr', 'Mark Poloncarz')","('Merilu Dell', 'Kim Meyer')"
,,,,"('Roberta Herr', 'Michael Sluce')","('Ronald Bennett', 'Belinda Ersing')"
,,,,"('Roberta Herr', 'Michael Simon')","('Ronald Bennett', 'John Carlone')"
,,,,"('Roberta Herr', 'Michael Kasprzyk')","('Ronald Bennett', 'Carol Keem')"
,,,,"('Ed Damico', 'Ray Harris')","('Ronald Bennett', 'Charles Bialecki')"
,,,,"('Ed Damico', 'Mark Poloncarz')","('Ronald Bennett', 'Ron Fraser')"
,,,,"('Ed Damico', 'Michael Sluce')","('Ronald Bennett', 'Frank Kolbman')"
,,,,"('Ed Damico', 'Karen Kline')","('Ronald Bennett', 'Susan Everett')"
,,,,"('Ed Damico', 'Michael Simon')","('Ronald Bennett', 'William Newell')"
,,,,"('Ed Damico', 'Michael Kasprzyk')","('Ronald Bennett', 'Dorothy Carlone')"
,,,,"('Ed Damico', 'Kim Meyer')","('Ronald Bennett', 'Pat Joyce')"
,,,,"('Ray Harris', 'Mark Poloncarz')","('Ronald Bennett', 'Bob Ersing')"
,,,,"('Ray Harris', 'Michael Sluce')","('Ronald Bennett', 'Sandra Smith')"
,,,,"('Ray Harris', 'Karen Kline')","('Ronald Bennett', 'David Paterson')"
,,,,"('Ray Harris', 'Michael Simon')","('Ronald Bennett', 'David Pratt')"
,,,,"('Ray Harris', 'Michael Kasprzyk')","('Ronald Bennett', 'Jason Dembick')"
,,,,"('Ray Harris', 'Kim Meyer')","('Ronald Bennett', 'Patty Buresch')"
,,,,"('Mark Poloncarz', 'Michael Sluce')","('Ronald Bennett', 'Richard Keem')"
,,,,"('Mark Poloncarz', 'Karen Kline')","('Ronald Bennett', 'Henry Secord')"
,,,,"('Mark Poloncarz', 'Michael Simon')","('Ronald Bennett', 'Jill Zientek')"
,,,,"('Mark Poloncarz', 'Michael Kasprzyk')","('Ronald Bennett', 'James Britt')"
,,,,"('Mark Poloncarz', 'Kim Meyer')","('Belinda Ersing', 'John Carlone')"
,,,,"('Michael Sluce', 'Karen Kline')","('Belinda Ersing', 'Carol Keem')"
,,,,"('Michael Sluce', 'Michael Simon')","('Belinda Ersing', 'Charles Bialecki')"
,,,,"('Michael Sluce', 'Michael Kasprzyk')","('Belinda Ersing', 'Ron Fraser')"
,,,,"('Michael Sluce', 'Kim Meyer')","('Belinda Ersing', 'Frank Kolbman')"
,,,,"('Karen Kline', 'Michael Simon')","('Belinda Ersing', 'Susan Everett')"
,,,,"('Karen Kline', 'Michael Kasprzyk')","('Belinda Ersing', 'William Newell')"
,,,,"('Michael Simon', 'Michael Kasprzyk')","('Belinda Ersing', 'Dorothy Carlone')"
,,,,"('Michael Simon', 'Kim Meyer')","('Belinda Ersing', 'Geoffrey Hack')"
,,,,,"('Belinda Ersing', 'Pat Joyce')"
,,,,,"('Belinda Ersing', 'Bob Ersing')"
,,,,,"('Belinda Ersing', 'Tammy Adsitt')"
,,,,,"('Belinda Ersing', 'Sandra Smith')"
,,,,,"('Belinda Ersing', 'David Paterson')"
,,,,,"('Belinda Ersing', 'David Pratt')"
,,,,,"('Belinda Ersing', 'Jason Dembick')"
,,,,,"('Belinda Ersing', 'Patty Buresch')"
,,,,,"('Belinda Ersing', 'Roberta Herr')"
,,,,,"('Belinda Ersing', 'Richard Keem')"
,,,,,"('Belinda Ersing', 'Henry Secord')"
,,,,,"('Belinda Ersing', 'Karen Kline')"
,,,,,"('Belinda Ersing', 'Jill Zientek')"
,,,,,"('Belinda Ersing', 'James Britt')"
,,,,,"('Belinda Ersing', 'Robert Buresch')"
,,,,,"('Belinda Ersing', 'Kim Meyer')"
,,,,,"('John Carlone', 'Carol Keem')"
,,,,,"('John Carlone', 'Charles Bialecki')"
,,,,,"('John Carlone', 'Ron Fraser')"
,,,,,"('John Carlone', 'Frank Kolbman')"
,,,,,"('John Carlone', 'Susan Everett')"
,,,,,"('John Carlone', 'William Newell')"
,,,,,"('John Carlone', 'Dorothy Carlone')"
,,,,,"('John Carlone', 'Geoffrey Hack')"
,,,,,"('John Carlone', 'Pat Joyce')"
,,,,,"('John Carlone', 'Bob Ersing')"
,,,,,"('John Carlone', 'Tammy Adsitt')"
,,,,,"('John Carlone', 'Sandra Smith')"
,,,,,"('John Carlone', 'David Paterson')"
,,,,,"('John Carlone', 'David Pratt')"
,,,,,"('John Carlone', 'Jason Dembick')"
,,,,,"('John Carlone', 'Patty Buresch')"
,,,,,"('John Carlone', 'Roberta Herr')"
,,,,,"('John Carlone', 'Richard Keem')"
,,,,,"('John Carlone', 'Henry Secord')"
,,,,,"('John Carlone', 'Karen Kline')"
,,,,,"('John Carlone', 'Jill Zientek')"
,,,,,"('John Carlone', 'James Britt')"
,,,,,"('John Carlone', 'Robert Buresch')"
,,,,,"('John Carlone', 'Kim Meyer')"
,,,,,"('Carol Keem', 'Charles Bialecki')"
,,,,,"('Carol Keem', 'Ron Fraser')"
,,,,,"('Carol Keem', 'Frank Kolbman')"
,,,,,"('Carol Keem', 'Susan Everett')"
,,,,,"('Carol Keem', 'William Newell')"
,,,,,"('Carol Keem', 'Dorothy Carlone')"
,,,,,"('Carol Keem', 'Geoffrey Hack')"
,,,,,"('Carol Keem', 'Pat Joyce')"
,,,,,"('Carol Keem', 'Bob Ersing')"
,,,,,"('Carol Keem', 'Tammy Adsitt')"
,,,,,"('Carol Keem', 'Sandra Smith')"
,,,,,"('Carol Keem', 'David Paterson')"
,,,,,"('Carol Keem', 'David Pratt')"
,,,,,"('Carol Keem', 'Jason Dembick')"
,,,,,"('Carol Keem', 'Patty Buresch')"
,,,,,"('Carol Keem', 'Roberta Herr')"
,,,,,"('Carol Keem', 'Richard Keem')"
,,,,,"('Carol Keem', 'Henry Secord')"
,,,,,"('Carol Keem', 'Karen Kline')"
,,,,,"('Carol Keem', 'Jill Zientek')"
,,,,,"('Carol Keem', 'James Britt')"
,,,,,"('Carol Keem', 'Robert Buresch')"
,,,,,"('Carol Keem', 'Kim Meyer')"
,,,,,"('Charles Bialecki', 'Robert Buresch')"
,,,,,"('Charles Bialecki', 'Ron Fraser')"
,,,,,"('Charles Bialecki', 'Frank Kolbman')"
,,,,,"('Charles Bialecki', 'Susan Everett')"
,,,,,"('Charles Bialecki', 'William Newell')"
,,,,,"('Charles Bialecki', 'Dorothy Carlone')"
,,,,,"('Charles Bialecki', 'Geoffrey Hack')"
,,,,,"('Charles Bialecki', 'Pat Joyce')"
,,,,,"('Charles Bialecki', 'Bob Ersing')"
,,,,,"('Charles Bialecki', 'Tammy Adsitt')"
,,,,,"('Charles Bialecki', 'Sandra Smith')"
,,,,,"('Charles Bialecki', 'David Paterson')"
,,,,,"('Charles Bialecki', 'David Pratt')"
,,,,,"('Charles Bialecki', 'Jason Dembick')"
,,,,,"('Charles Bialecki', 'Patty Buresch')"
,,,,,"('Charles Bialecki', 'Roberta Herr')"
,,,,,"('Charles Bialecki', 'Richard Keem')"
,,,,,"('Charles Bialecki', 'Henry Secord')"
,,,,,"('Charles Bialecki', 'Karen Kline')"
,,,,,"('Charles Bialecki', 'Jill Zientek')"
,,,,,"('Charles Bialecki', 'James Britt')"
,,,,,"('Charles Bialecki', 'Kim Meyer')"
,,,,,"('Ron Fraser', 'Frank Kolbman')"
,,,,,"('Ron Fraser', 'Susan Everett')"
,,,,,"('Ron Fraser', 'William Newell')"
,,,,,"('Ron Fraser', 'Dorothy Carlone')"
,,,,,"('Ron Fraser', 'Geoffrey Hack')"
,,,,,"('Ron Fraser', 'Pat Joyce')"
,,,,,"('Ron Fraser', 'Bob Ersing')"
,,,,,"('Ron Fraser', 'Tammy Adsitt')"
,,,,,"('Ron Fraser', 'Sandra Smith')"
,,,,,"('Ron Fraser', 'David Paterson')"
,,,,,"('Ron Fraser', 'David Pratt')"
,,,,,"('Ron Fraser', 'Jason Dembick')"
,,,,,"('Ron Fraser', 'Patty Buresch')"
,,,,,"('Ron Fraser', 'Roberta Herr')"
,,,,,"('Ron Fraser', 'Richard Keem')"
,,,,,"('Ron Fraser', 'Henry Secord')"
,,,,,"('Ron Fraser', 'Karen Kline')"
,,,,,"('Ron Fraser', 'Jill Zientek')"
,,,,,"('Ron Fraser', 'James Britt')"
,,,,,"('Ron Fraser', 'Robert Buresch')"
,,,,,"('Ron Fraser', 'Kim Meyer')"
,,,,,"('Frank Kolbman', 'Susan Everett')"
,,,,,"('Frank Kolbman', 'William Newell')"
,,,,,"('Frank Kolbman', 'Dorothy Carlone')"
,,,,,"('Frank Kolbman', 'Geoffrey Hack')"
,,,,,"('Frank Kolbman', 'Pat Joyce')"
,,,,,"('Frank Kolbman', 'Bob Ersing')"
,,,,,"('Frank Kolbman', 'Tammy Adsitt')"
,,,,,"('Frank Kolbman', 'Sandra Smith')"
,,,,,"('Frank Kolbman', 'David Paterson')"
,,,,,"('Frank Kolbman', 'David Pratt')"
,,,,,"('Frank Kolbman', 'Jason Dembick')"
,,,,,"('Frank Kolbman', 'Patty Buresch')"
,,,,,"('Frank Kolbman', 'Roberta Herr')"
,,,,,"('Frank Kolbman', 'Richard Keem')"
,,,,,"('Frank Kolbman', 'Henry Secord')"
,,,,,"('Frank Kolbman', 'Karen Kline')"
,,,,,"('Frank Kolbman', 'Jill Zientek')"
,,,,,"('Frank Kolbman', 'James Britt')"
,,,,,"('Frank Kolbman', 'Robert Buresch')"
,,,,,"('Frank Kolbman', 'Kim Meyer')"
,,,,,"('Susan Everett', 'William Newell')"
,,,,,"('Susan Everett', 'Dorothy Carlone')"
,,,,,"('Susan Everett', 'Geoffrey Hack')"
,,,,,"('Susan Everett', 'Pat Joyce')"
,,,,,"('Susan Everett', 'Bob Ersing')"
,,,,,"('Susan Everett', 'Tammy Adsitt')"
,,,,,"('Susan Everett', 'Sandra Smith')"
,,,,,"('Susan Everett', 'David Paterson')"
,,,,,"('Susan Everett', 'David Pratt')"
,,,,,"('Susan Everett', 'Jason Dembick')"
,,,,,"('Susan Everett', 'Patty Buresch')"
,,,,,"('Susan Everett', 'Roberta Herr')"
,,,,,"('Susan Everett', 'Richard Keem')"
,,,,,"('Susan Everett', 'Henry Secord')"
,,,,,"('Susan Everett', 'Karen Kline')"
,,,,,"('Susan Everett', 'Jill Zientek')"
,,,,,"('Susan Everett', 'James Britt')"
,,,,,"('Susan Everett', 'Robert Buresch')"
,,,,,"('Susan Everett', 'Kim Meyer')"
,,,,,"('William Newell', 'Dorothy Carlone')"
,,,,,"('William Newell', 'Geoffrey Hack')"
,,,,,"('William Newell', 'Pat Joyce')"
,,,,,"('William Newell', 'Bob Ersing')"
,,,,,"('William Newell', 'Tammy Adsitt')"
,,,,,"('William Newell', 'Sandra Smith')"
,,,,,"('William Newell', 'David Paterson')"
,,,,,"('William Newell', 'David Pratt')"
,,,,,"('William Newell', 'Jason Dembick')"
,,,,,"('William Newell', 'Patty Buresch')"
,,,,,"('William Newell', 'Roberta Herr')"
,,,,,"('William Newell', 'Richard Keem')"
,,,,,"('William Newell', 'Henry Secord')"
,,,,,"('William Newell', 'Karen Kline')"
,,,,,"('William Newell', 'Jill Zientek')"
,,,,,"('William Newell', 'James Britt')"
,,,,,"('William Newell', 'Robert Buresch')"
,,,,,"('William Newell', 'Kim Meyer')"
,,,,,"('Dorothy Carlone', 'Geoffrey Hack')"
,,,,,"('Dorothy Carlone', 'Pat Joyce')"
,,,,,"('Dorothy Carlone', 'Bob Ersing')"
,,,,,"('Dorothy Carlone', 'Tammy Adsitt')"
,,,,,"('Dorothy Carlone', 'Sandra Smith')"
,,,,,"('Dorothy Carlone', 'David Paterson')"
,,,,,"('Dorothy Carlone', 'David Pratt')"
,,,,,"('Dorothy Carlone', 'Jason Dembick')"
,,,,,"('Dorothy Carlone', 'Patty Buresch')"
,,,,,"('Dorothy Carlone', 'Roberta Herr')"
,,,,,"('Dorothy Carlone', 'Richard Keem')"
,,,,,"('Dorothy Carlone', 'Henry Secord')"
,,,,,"('Dorothy Carlone', 'Karen Kline')"
,,,,,"('Dorothy Carlone', 'Jill Zientek')"
,,,,,"('Dorothy Carlone', 'James Britt')"
,,,,,"('Dorothy Carlone', 'Robert Buresch')"
,,,,,"('Dorothy Carlone', 'Kim Meyer')"
,,,,,"('Geoffrey Hack', 'Pat Joyce')"
,,,,,"('Geoffrey Hack', 'Bob Ersing')"
,,,,,"('Geoffrey Hack', 'Sandra Smith')"
,,,,,"('Geoffrey Hack', 'David Paterson')"
,,,,,"('Geoffrey Hack', 'David Pratt')"
,,,,,"('Geoffrey Hack', 'Jason Dembick')"
,,,,,"('Geoffrey Hack', 'Patty Buresch')"
,,,,,"('Geoffrey Hack', 'Richard Keem')"
,,,,,"('Geoffrey Hack', 'Henry Secord')"
,,,,,"('Geoffrey Hack', 'Jill Zientek')"
,,,,,"('Geoffrey Hack', 'James Britt')"
,,,,,"('Geoffrey Hack', 'Robert Buresch')"
,,,,,"('Pat Joyce', 'Bob Ersing')"
,,,,,"('Pat Joyce', 'Tammy Adsitt')"
,,,,,"('Pat Joyce', 'Sandra Smith')"
,,,,,"('Pat Joyce', 'David Paterson')"
,,,,,"('Pat Joyce', 'David Pratt')"
,,,,,"('Pat Joyce', 'Jason Dembick')"
,,,,,"('Pat Joyce', 'Patty Buresch')"
,,,,,"('Pat Joyce', 'Roberta Herr')"
,,,,,"('Pat Joyce', 'Richard Keem')"
,,,,,"('Pat Joyce', 'Henry Secord')"
,,,,,"('Pat Joyce', 'Karen Kline')"
,,,,,"('Pat Joyce', 'Jill Zientek')"
,,,,,"('Pat Joyce', 'James Britt')"
,,,,,"('Pat Joyce', 'Robert Buresch')"
,,,,,"('Pat Joyce', 'Kim Meyer')"
,,,,,"('Bob Ersing', 'Tammy Adsitt')"
,,,,,"('Bob Ersing', 'Sandra Smith')"
,,,,,"('Bob Ersing', 'David Paterson')"
,,,,,"('Bob Ersing', 'David Pratt')"
,,,,,"('Bob Ersing', 'Jason Dembick')"
,,,,,"('Bob Ersing', 'Patty Buresch')"
,,,,,"('Bob Ersing', 'Roberta Herr')"
,,,,,"('Bob Ersing', 'Richard Keem')"
,,,,,"('Bob Ersing', 'Henry Secord')"
,,,,,"('Bob Ersing', 'Karen Kline')"
,,,,,"('Bob Ersing', 'Jill Zientek')"
,,,,,"('Bob Ersing', 'James Britt')"
,,,,,"('Bob Ersing', 'Robert Buresch')"
,,,,,"('Bob Ersing', 'Kim Meyer')"
,,,,,"('Tammy Adsitt', 'Sandra Smith')"
,,,,,"('Tammy Adsitt', 'David Paterson')"
,,,,,"('Tammy Adsitt', 'David Pratt')"
,,,,,"('Tammy Adsitt', 'Jason Dembick')"
,,,,,"('Tammy Adsitt', 'Patty Buresch')"
,,,,,"('Tammy Adsitt', 'Richard Keem')"
,,,,,"('Tammy Adsitt', 'Henry Secord')"
,,,,,"('Tammy Adsitt', 'Jill Zientek')"
,,,,,"('Tammy Adsitt', 'James Britt')"
,,,,,"('Tammy Adsitt', 'Robert Buresch')"
,,,,,"('Sandra Smith', 'David Paterson')"
,,,,,"('Sandra Smith', 'David Pratt')"
,,,,,"('Sandra Smith', 'Jason Dembick')"
,,,,,"('Sandra Smith', 'Patty Buresch')"
,,,,,"('Sandra Smith', 'Roberta Herr')"
,,,,,"('Sandra Smith', 'Richard Keem')"
,,,,,"('Sandra Smith', 'Henry Secord')"
,,,,,"('Sandra Smith', 'Karen Kline')"
,,,,,"('Sandra Smith', 'Jill Zientek')"
,,,,,"('Sandra Smith', 'James Britt')"
,,,,,"('Sandra Smith', 'Robert Buresch')"
,,,,,"('Sandra Smith', 'Kim Meyer')"
,,,,,"('David Paterson', 'David Pratt')"
,,,,,"('David Paterson', 'Jason Dembick')"
,,,,,"('David Paterson', 'Patty Buresch')"
,,,,,"('David Paterson', 'Roberta Herr')"
,,,,,"('David Paterson', 'Richard Keem')"
,,,,,"('David Paterson', 'Henry Secord')"
,,,,,"('David Paterson', 'Karen Kline')"
,,,,,"('David Paterson', 'Jill Zientek')"
,,,,,"('David Paterson', 'James Britt')"
,,,,,"('David Paterson', 'Robert Buresch')"
,,,,,"('David Paterson', 'Kim Meyer')"
,,,,,"('David Pratt', 'Jason Dembick')"
,,,,,"('David Pratt', 'Patty Buresch')"
,,,,,"('David Pratt', 'Roberta Herr')"
,,,,,"('David Pratt', 'Richard Keem')"
,,,,,"('David Pratt', 'Henry Secord')"
,,,,,"('David Pratt', 'Karen Kline')"
,,,,,"('David Pratt', 'Jill Zientek')"
,,,,,"('David Pratt', 'James Britt')"
,,,,,"('David Pratt', 'Robert Buresch')"
,,,,,"('David Pratt', 'Kim Meyer')"
,,,,,"('Jason Dembick', 'Patty Buresch')"
,,,,,"('Jason Dembick', 'Roberta Herr')"
,,,,,"('Jason Dembick', 'Richard Keem')"
,,,,,"('Jason Dembick', 'Henry Secord')"
,,,,,"('Jason Dembick', 'Karen Kline')"
,,,,,"('Jason Dembick', 'Jill Zientek')"
,,,,,"('Jason Dembick', 'James Britt')"
,,,,,"('Jason Dembick', 'Robert Buresch')"
,,,,,"('Jason Dembick', 'Kim Meyer')"
,,,,,"('Patty Buresch', 'Roberta Herr')"
,,,,,"('Patty Buresch', 'Richard Keem')"
,,,,,"('Patty Buresch', 'Henry Secord')"
,,,,,"('Patty Buresch', 'Karen Kline')"
,,,,,"('Patty Buresch', 'Jill Zientek')"
,,,,,"('Patty Buresch', 'James Britt')"
,,,,,"('Patty Buresch', 'Robert Buresch')"
,,,,,"('Patty Buresch', 'Kim Meyer')"
,,,,,"('Roberta Herr', 'Richard Keem')"
,,,,,"('Roberta Herr', 'Henry Secord')"
,,,,,"('Roberta Herr', 'Jill Zientek')"
,,,,,"('Roberta Herr', 'James Britt')"
,,,,,"('Roberta Herr', 'Robert Buresch')"
,,,,,"('Richard Keem', 'Henry Secord')"
,,,,,"('Richard Keem', 'Karen Kline')"
,,,,,"('Richard Keem', 'Jill Zientek')"
,,,,,"('Richard Keem', 'James Britt')"
,,,,,"('Richard Keem', 'Robert Buresch')"
,,,,,"('Richard Keem', 'Kim Meyer')"
,,,,,"('Henry Secord', 'Karen Kline')"
,,,,,"('Henry Secord', 'Jill Zientek')"
,,,,,"('Henry Secord', 'James Britt')"
,,,,,"('Henry Secord', 'Robert Buresch')"
,,,,,"('Henry Secord', 'Kim Meyer')"
,,,,,"('Karen Kline', 'Jill Zientek')"
,,,,,"('Karen Kline', 'James Britt')"
,,,,,"('Karen Kline', 'Robert Buresch')"
,,,,,"('Jill Zientek', 'James Britt')"
,,,,,"('Jill Zientek', 'Robert Buresch')"
,,,,,"('Jill Zientek', 'Kim Meyer')"
,,,,,"('James Britt', 'Robert Buresch')"
,,,,,"('James Britt', 'Kim Meyer')"
