Actor Overlap,Relationship Overlap,Unique Newspaper Network Actors,Unique Meeting Minute Network Actors,Unique Newspaper Network Relationships,Unique Newspaper Network Relationships
Richard Flisnik,"('Richard Flisnik', 'Garry Colarusso')",Anthony Brindisi,Bonnie Reynolds,"('Anthony Brindisi', 'Dan Trevisani')","('Bonnie Reynolds', 'Brian Scala')"
Garry Colarusso,,Dan Trevisani,Brian Scala,"('Anthony Brindisi', 'George Joseph')","('Bonnie Reynolds', 'Brendon Candella')"
,,George Joseph,Brendon Candella,"('Anthony Brindisi', 'Richard Flisnik')","('Bonnie Reynolds', 'William Schmitt')"
,,David Slottje,William Schmitt,"('Anthony Brindisi', 'Garry Colarusso')","('Bonnie Reynolds', 'Keith Schuderer')"
,,Lorrie Wasielewski,Keith Schuderer,"('Anthony Brindisi', 'David Slottje')","('Bonnie Reynolds', 'Thomas Phelps')"
,,Patrick Brennan,Thomas Phelps,"('Anthony Brindisi', 'Lorrie Wasielewski')","('Bonnie Reynolds', 'Richard Flisnik')"
,,Helen Slottje,Gregory Johnson,"('Anthony Brindisi', 'Patrick Brennan')","('Bonnie Reynolds', 'Garry Colarusso')"
,,Brian Mandryck,Caren Diamond,"('Anthony Brindisi', 'Helen Slottje')","('Bonnie Reynolds', 'Gregory Johnson')"
,,Harmony Speciale,Francine Broccoli,"('Anthony Brindisi', 'Brian Mandryck')","('Bonnie Reynolds', 'Caren Diamond')"
,,Richard Hanna,John Bronk,"('Anthony Brindisi', 'Harmony Speciale')","('Bonnie Reynolds', 'Francine Broccoli')"
,,RoAnn Destito,Terri Sciortino,"('Anthony Brindisi', 'Richard Hanna')","('Bonnie Reynolds', 'John Bronk')"
,,Peggy Frantz,Frank Pinnisi,"('Anthony Brindisi', 'RoAnn Destito')","('Bonnie Reynolds', 'Terri Sciortino')"
,,Les Porter,Sandy Scofield,"('Anthony Brindisi', 'Peggy Frantz')","('Bonnie Reynolds', 'Frank Pinnisi')"
,,Greg Johnson,Richard Panella,"('Anthony Brindisi', 'Les Porter')","('Bonnie Reynolds', 'Sandy Scofield')"
,,Michael Arcuri,Lant Wagner,"('Anthony Brindisi', 'Greg Johnson')","('Bonnie Reynolds', 'Richard Panella')"
,,Duane Ulrich,Monique Brechter,"('Anthony Brindisi', 'Michael Arcuri')","('Bonnie Reynolds', 'Lant Wagner')"
,,Jannette Barthe,Carl Annese,"('Anthony Brindisi', 'Duane Ulrich')","('Bonnie Reynolds', 'Monique Brechter')"
,,David Wood,Gina Schillaci,"('Anthony Brindisi', 'Jannette Barthe')","('Bonnie Reynolds', 'Carl Annese')"
,,Shirley Adams,Richard Quigley,"('Anthony Brindisi', 'David Wood')","('Bonnie Reynolds', 'Gina Schillaci')"
,,Jody Lynn Henry,James Goodman,"('Anthony Brindisi', 'Shirley Adams')","('Bonnie Reynolds', 'Richard Quigley')"
,,Michael Waterman,Toshia Hance,"('Anthony Brindisi', 'Jody Lynn Henry')","('Bonnie Reynolds', 'James Goodman')"
,,,Vito Sciortino,"('Anthony Brindisi', 'Michael Waterman')","('Bonnie Reynolds', 'Toshia Hance')"
,,,Caleton Corey,"('Dan Trevisani', 'George Joseph')","('Bonnie Reynolds', 'Vito Sciortino')"
,,,Steve Zywiak,"('Dan Trevisani', 'Richard Flisnik')","('Bonnie Reynolds', 'Caleton Corey')"
,,,Carson Sorrell,"('Dan Trevisani', 'Garry Colarusso')","('Bonnie Reynolds', 'Steve Zywiak')"
,,,Brendon M Candella,"('Dan Trevisani', 'David Slottje')","('Bonnie Reynolds', 'Carson Sorrell')"
,,,Patrick Clark,"('Dan Trevisani', 'Lorrie Wasielewski')","('Bonnie Reynolds', 'Brendon M Candella')"
,,,Michael Pawloski,"('Dan Trevisani', 'Patrick Brennan')","('Bonnie Reynolds', 'Patrick Clark')"
,,,Thomas Pianella,"('Dan Trevisani', 'Helen Slottje')","('Bonnie Reynolds', 'Michael Pawloski')"
,,,Robert Lambe,"('Dan Trevisani', 'Brian Mandryck')","('Bonnie Reynolds', 'Thomas Pianella')"
,,,Timothy Russell,"('Dan Trevisani', 'Harmony Speciale')","('Bonnie Reynolds', 'Robert Lambe')"
,,,Daniel Berkhoudt,"('Dan Trevisani', 'Richard Hanna')","('Bonnie Reynolds', 'Timothy Russell')"
,,,Paul Evans,"('Dan Trevisani', 'RoAnn Destito')","('Bonnie Reynolds', 'Daniel Berkhoudt')"
,,,,"('Dan Trevisani', 'Peggy Frantz')","('Bonnie Reynolds', 'Paul Evans')"
,,,,"('Dan Trevisani', 'Les Porter')","('Brian Scala', 'Brendon Candella')"
,,,,"('Dan Trevisani', 'Greg Johnson')","('Brian Scala', 'William Schmitt')"
,,,,"('Dan Trevisani', 'Michael Arcuri')","('Brian Scala', 'Keith Schuderer')"
,,,,"('Dan Trevisani', 'Duane Ulrich')","('Brian Scala', 'Thomas Phelps')"
,,,,"('Dan Trevisani', 'Jannette Barthe')","('Brian Scala', 'Richard Flisnik')"
,,,,"('Dan Trevisani', 'David Wood')","('Brian Scala', 'Garry Colarusso')"
,,,,"('Dan Trevisani', 'Shirley Adams')","('Brian Scala', 'Gregory Johnson')"
,,,,"('Dan Trevisani', 'Jody Lynn Henry')","('Brian Scala', 'Caren Diamond')"
,,,,"('Dan Trevisani', 'Michael Waterman')","('Brian Scala', 'Francine Broccoli')"
,,,,"('George Joseph', 'Richard Flisnik')","('Brian Scala', 'Caleton Corey')"
,,,,"('George Joseph', 'Garry Colarusso')","('Brian Scala', 'Terri Sciortino')"
,,,,"('George Joseph', 'David Slottje')","('Brian Scala', 'Frank Pinnisi')"
,,,,"('George Joseph', 'Lorrie Wasielewski')","('Brian Scala', 'Sandy Scofield')"
,,,,"('George Joseph', 'Patrick Brennan')","('Brian Scala', 'Richard Panella')"
,,,,"('George Joseph', 'Helen Slottje')","('Brian Scala', 'Lant Wagner')"
,,,,"('George Joseph', 'Brian Mandryck')","('Brian Scala', 'Monique Brechter')"
,,,,"('George Joseph', 'Harmony Speciale')","('Brian Scala', 'Carl Annese')"
,,,,"('George Joseph', 'Richard Hanna')","('Brian Scala', 'Gina Schillaci')"
,,,,"('George Joseph', 'RoAnn Destito')","('Brian Scala', 'Richard Quigley')"
,,,,"('George Joseph', 'Peggy Frantz')","('Brian Scala', 'James Goodman')"
,,,,"('George Joseph', 'Les Porter')","('Brian Scala', 'Toshia Hance')"
,,,,"('George Joseph', 'Greg Johnson')","('Brian Scala', 'Vito Sciortino')"
,,,,"('George Joseph', 'Michael Arcuri')","('Brian Scala', 'John Bronk')"
,,,,"('George Joseph', 'Duane Ulrich')","('Brian Scala', 'Steve Zywiak')"
,,,,"('George Joseph', 'Jannette Barthe')","('Brian Scala', 'Carson Sorrell')"
,,,,"('George Joseph', 'David Wood')","('Brian Scala', 'Brendon M Candella')"
,,,,"('George Joseph', 'Shirley Adams')","('Brian Scala', 'Patrick Clark')"
,,,,"('George Joseph', 'Jody Lynn Henry')","('Brian Scala', 'Michael Pawloski')"
,,,,"('George Joseph', 'Michael Waterman')","('Brian Scala', 'Thomas Pianella')"
,,,,"('Richard Flisnik', 'David Slottje')","('Brian Scala', 'Robert Lambe')"
,,,,"('Richard Flisnik', 'Lorrie Wasielewski')","('Brian Scala', 'Timothy Russell')"
,,,,"('Richard Flisnik', 'Patrick Brennan')","('Brian Scala', 'Daniel Berkhoudt')"
,,,,"('Richard Flisnik', 'Helen Slottje')","('Brian Scala', 'Paul Evans')"
,,,,"('Richard Flisnik', 'Brian Mandryck')","('Brendon Candella', 'William Schmitt')"
,,,,"('Richard Flisnik', 'Harmony Speciale')","('Brendon Candella', 'Keith Schuderer')"
,,,,"('Richard Flisnik', 'Richard Hanna')","('Brendon Candella', 'Thomas Phelps')"
,,,,"('Richard Flisnik', 'RoAnn Destito')","('Brendon Candella', 'Richard Flisnik')"
,,,,"('Richard Flisnik', 'Peggy Frantz')","('Brendon Candella', 'Garry Colarusso')"
,,,,"('Richard Flisnik', 'Les Porter')","('Brendon Candella', 'Gregory Johnson')"
,,,,"('Richard Flisnik', 'Greg Johnson')","('Brendon Candella', 'Caren Diamond')"
,,,,"('Richard Flisnik', 'Michael Arcuri')","('Brendon Candella', 'Francine Broccoli')"
,,,,"('Richard Flisnik', 'Duane Ulrich')","('Brendon Candella', 'Caleton Corey')"
,,,,"('Richard Flisnik', 'Jannette Barthe')","('Brendon Candella', 'Terri Sciortino')"
,,,,"('Richard Flisnik', 'David Wood')","('Brendon Candella', 'Frank Pinnisi')"
,,,,"('Richard Flisnik', 'Shirley Adams')","('Brendon Candella', 'Sandy Scofield')"
,,,,"('Richard Flisnik', 'Jody Lynn Henry')","('Brendon Candella', 'Richard Panella')"
,,,,"('Richard Flisnik', 'Michael Waterman')","('Brendon Candella', 'Lant Wagner')"
,,,,"('Garry Colarusso', 'David Slottje')","('Brendon Candella', 'Monique Brechter')"
,,,,"('Garry Colarusso', 'Lorrie Wasielewski')","('Brendon Candella', 'Carl Annese')"
,,,,"('Garry Colarusso', 'Patrick Brennan')","('Brendon Candella', 'Gina Schillaci')"
,,,,"('Garry Colarusso', 'Helen Slottje')","('Brendon Candella', 'Richard Quigley')"
,,,,"('Garry Colarusso', 'Brian Mandryck')","('Brendon Candella', 'James Goodman')"
,,,,"('Garry Colarusso', 'Harmony Speciale')","('Brendon Candella', 'Toshia Hance')"
,,,,"('Garry Colarusso', 'Richard Hanna')","('Brendon Candella', 'Vito Sciortino')"
,,,,"('Garry Colarusso', 'RoAnn Destito')","('Brendon Candella', 'John Bronk')"
,,,,"('Garry Colarusso', 'Peggy Frantz')","('Brendon Candella', 'Steve Zywiak')"
,,,,"('Garry Colarusso', 'Les Porter')","('Brendon Candella', 'Carson Sorrell')"
,,,,"('Garry Colarusso', 'Greg Johnson')","('Brendon Candella', 'Brendon M Candella')"
,,,,"('Garry Colarusso', 'Michael Arcuri')","('Brendon Candella', 'Patrick Clark')"
,,,,"('Garry Colarusso', 'Duane Ulrich')","('Brendon Candella', 'Michael Pawloski')"
,,,,"('Garry Colarusso', 'Jannette Barthe')","('Brendon Candella', 'Thomas Pianella')"
,,,,"('Garry Colarusso', 'David Wood')","('Brendon Candella', 'Robert Lambe')"
,,,,"('Garry Colarusso', 'Shirley Adams')","('Brendon Candella', 'Timothy Russell')"
,,,,"('Garry Colarusso', 'Jody Lynn Henry')","('Brendon Candella', 'Daniel Berkhoudt')"
,,,,"('Garry Colarusso', 'Michael Waterman')","('Brendon Candella', 'Paul Evans')"
,,,,"('David Slottje', 'Jody Lynn Henry')","('William Schmitt', 'Keith Schuderer')"
,,,,"('David Slottje', 'Lorrie Wasielewski')","('William Schmitt', 'Thomas Phelps')"
,,,,"('David Slottje', 'Patrick Brennan')","('William Schmitt', 'Richard Flisnik')"
,,,,"('David Slottje', 'Helen Slottje')","('William Schmitt', 'Garry Colarusso')"
,,,,"('David Slottje', 'Brian Mandryck')","('William Schmitt', 'Gregory Johnson')"
,,,,"('David Slottje', 'Harmony Speciale')","('William Schmitt', 'Caren Diamond')"
,,,,"('David Slottje', 'Richard Hanna')","('William Schmitt', 'Francine Broccoli')"
,,,,"('David Slottje', 'RoAnn Destito')","('William Schmitt', 'John Bronk')"
,,,,"('David Slottje', 'Peggy Frantz')","('William Schmitt', 'Terri Sciortino')"
,,,,"('David Slottje', 'Les Porter')","('William Schmitt', 'Frank Pinnisi')"
,,,,"('David Slottje', 'Greg Johnson')","('William Schmitt', 'Sandy Scofield')"
,,,,"('David Slottje', 'Michael Arcuri')","('William Schmitt', 'Richard Panella')"
,,,,"('David Slottje', 'Duane Ulrich')","('William Schmitt', 'Lant Wagner')"
,,,,"('David Slottje', 'Jannette Barthe')","('William Schmitt', 'Monique Brechter')"
,,,,"('David Slottje', 'David Wood')","('William Schmitt', 'Carl Annese')"
,,,,"('David Slottje', 'Shirley Adams')","('William Schmitt', 'Gina Schillaci')"
,,,,"('David Slottje', 'Michael Waterman')","('William Schmitt', 'Richard Quigley')"
,,,,"('Lorrie Wasielewski', 'Patrick Brennan')","('William Schmitt', 'James Goodman')"
,,,,"('Lorrie Wasielewski', 'Helen Slottje')","('William Schmitt', 'Toshia Hance')"
,,,,"('Lorrie Wasielewski', 'Brian Mandryck')","('William Schmitt', 'Vito Sciortino')"
,,,,"('Lorrie Wasielewski', 'Harmony Speciale')","('William Schmitt', 'Caleton Corey')"
,,,,"('Lorrie Wasielewski', 'Richard Hanna')","('William Schmitt', 'Steve Zywiak')"
,,,,"('Lorrie Wasielewski', 'RoAnn Destito')","('William Schmitt', 'Carson Sorrell')"
,,,,"('Lorrie Wasielewski', 'Peggy Frantz')","('William Schmitt', 'Brendon M Candella')"
,,,,"('Lorrie Wasielewski', 'Les Porter')","('William Schmitt', 'Patrick Clark')"
,,,,"('Lorrie Wasielewski', 'Greg Johnson')","('William Schmitt', 'Michael Pawloski')"
,,,,"('Lorrie Wasielewski', 'Michael Arcuri')","('William Schmitt', 'Thomas Pianella')"
,,,,"('Lorrie Wasielewski', 'Duane Ulrich')","('William Schmitt', 'Robert Lambe')"
,,,,"('Lorrie Wasielewski', 'Jannette Barthe')","('William Schmitt', 'Timothy Russell')"
,,,,"('Lorrie Wasielewski', 'David Wood')","('William Schmitt', 'Daniel Berkhoudt')"
,,,,"('Lorrie Wasielewski', 'Shirley Adams')","('William Schmitt', 'Paul Evans')"
,,,,"('Lorrie Wasielewski', 'Jody Lynn Henry')","('Keith Schuderer', 'Thomas Phelps')"
,,,,"('Lorrie Wasielewski', 'Michael Waterman')","('Keith Schuderer', 'Richard Flisnik')"
,,,,"('Patrick Brennan', 'Helen Slottje')","('Keith Schuderer', 'Garry Colarusso')"
,,,,"('Patrick Brennan', 'Brian Mandryck')","('Keith Schuderer', 'Gregory Johnson')"
,,,,"('Patrick Brennan', 'Harmony Speciale')","('Keith Schuderer', 'Caren Diamond')"
,,,,"('Patrick Brennan', 'Richard Hanna')","('Keith Schuderer', 'Francine Broccoli')"
,,,,"('Patrick Brennan', 'RoAnn Destito')","('Keith Schuderer', 'John Bronk')"
,,,,"('Patrick Brennan', 'Peggy Frantz')","('Keith Schuderer', 'Terri Sciortino')"
,,,,"('Patrick Brennan', 'Les Porter')","('Keith Schuderer', 'Frank Pinnisi')"
,,,,"('Patrick Brennan', 'Greg Johnson')","('Keith Schuderer', 'Sandy Scofield')"
,,,,"('Patrick Brennan', 'Michael Arcuri')","('Keith Schuderer', 'Richard Panella')"
,,,,"('Patrick Brennan', 'Duane Ulrich')","('Keith Schuderer', 'Lant Wagner')"
,,,,"('Patrick Brennan', 'Jannette Barthe')","('Keith Schuderer', 'Monique Brechter')"
,,,,"('Patrick Brennan', 'David Wood')","('Keith Schuderer', 'Carl Annese')"
,,,,"('Patrick Brennan', 'Shirley Adams')","('Keith Schuderer', 'Gina Schillaci')"
,,,,"('Patrick Brennan', 'Jody Lynn Henry')","('Keith Schuderer', 'Richard Quigley')"
,,,,"('Patrick Brennan', 'Michael Waterman')","('Keith Schuderer', 'James Goodman')"
,,,,"('Helen Slottje', 'Brian Mandryck')","('Keith Schuderer', 'Toshia Hance')"
,,,,"('Helen Slottje', 'Harmony Speciale')","('Keith Schuderer', 'Vito Sciortino')"
,,,,"('Helen Slottje', 'Richard Hanna')","('Keith Schuderer', 'Caleton Corey')"
,,,,"('Helen Slottje', 'RoAnn Destito')","('Keith Schuderer', 'Steve Zywiak')"
,,,,"('Helen Slottje', 'Peggy Frantz')","('Keith Schuderer', 'Carson Sorrell')"
,,,,"('Helen Slottje', 'Les Porter')","('Keith Schuderer', 'Brendon M Candella')"
,,,,"('Helen Slottje', 'Greg Johnson')","('Keith Schuderer', 'Patrick Clark')"
,,,,"('Helen Slottje', 'Michael Arcuri')","('Keith Schuderer', 'Michael Pawloski')"
,,,,"('Helen Slottje', 'Duane Ulrich')","('Keith Schuderer', 'Thomas Pianella')"
,,,,"('Helen Slottje', 'Jannette Barthe')","('Keith Schuderer', 'Robert Lambe')"
,,,,"('Helen Slottje', 'David Wood')","('Keith Schuderer', 'Timothy Russell')"
,,,,"('Helen Slottje', 'Shirley Adams')","('Keith Schuderer', 'Daniel Berkhoudt')"
,,,,"('Helen Slottje', 'Jody Lynn Henry')","('Keith Schuderer', 'Paul Evans')"
,,,,"('Helen Slottje', 'Michael Waterman')","('Thomas Phelps', 'Richard Flisnik')"
,,,,"('Brian Mandryck', 'Harmony Speciale')","('Thomas Phelps', 'Garry Colarusso')"
,,,,"('Brian Mandryck', 'Richard Hanna')","('Thomas Phelps', 'Gregory Johnson')"
,,,,"('Brian Mandryck', 'RoAnn Destito')","('Thomas Phelps', 'Caren Diamond')"
,,,,"('Brian Mandryck', 'Peggy Frantz')","('Thomas Phelps', 'Francine Broccoli')"
,,,,"('Brian Mandryck', 'Les Porter')","('Thomas Phelps', 'John Bronk')"
,,,,"('Brian Mandryck', 'Greg Johnson')","('Thomas Phelps', 'Terri Sciortino')"
,,,,"('Brian Mandryck', 'Michael Arcuri')","('Thomas Phelps', 'Frank Pinnisi')"
,,,,"('Brian Mandryck', 'Duane Ulrich')","('Thomas Phelps', 'Sandy Scofield')"
,,,,"('Brian Mandryck', 'Jannette Barthe')","('Thomas Phelps', 'Richard Panella')"
,,,,"('Brian Mandryck', 'David Wood')","('Thomas Phelps', 'Lant Wagner')"
,,,,"('Brian Mandryck', 'Shirley Adams')","('Thomas Phelps', 'Monique Brechter')"
,,,,"('Brian Mandryck', 'Jody Lynn Henry')","('Thomas Phelps', 'Carl Annese')"
,,,,"('Brian Mandryck', 'Michael Waterman')","('Thomas Phelps', 'Gina Schillaci')"
,,,,"('Harmony Speciale', 'Richard Hanna')","('Thomas Phelps', 'Richard Quigley')"
,,,,"('Harmony Speciale', 'RoAnn Destito')","('Thomas Phelps', 'James Goodman')"
,,,,"('Harmony Speciale', 'Peggy Frantz')","('Thomas Phelps', 'Toshia Hance')"
,,,,"('Harmony Speciale', 'Les Porter')","('Thomas Phelps', 'Vito Sciortino')"
,,,,"('Harmony Speciale', 'Greg Johnson')","('Thomas Phelps', 'Caleton Corey')"
,,,,"('Harmony Speciale', 'Michael Arcuri')","('Thomas Phelps', 'Steve Zywiak')"
,,,,"('Harmony Speciale', 'Duane Ulrich')","('Thomas Phelps', 'Carson Sorrell')"
,,,,"('Harmony Speciale', 'Jannette Barthe')","('Thomas Phelps', 'Brendon M Candella')"
,,,,"('Harmony Speciale', 'David Wood')","('Thomas Phelps', 'Patrick Clark')"
,,,,"('Harmony Speciale', 'Shirley Adams')","('Thomas Phelps', 'Michael Pawloski')"
,,,,"('Harmony Speciale', 'Jody Lynn Henry')","('Thomas Phelps', 'Thomas Pianella')"
,,,,"('Harmony Speciale', 'Michael Waterman')","('Thomas Phelps', 'Robert Lambe')"
,,,,"('Richard Hanna', 'RoAnn Destito')","('Thomas Phelps', 'Timothy Russell')"
,,,,"('Richard Hanna', 'Peggy Frantz')","('Thomas Phelps', 'Daniel Berkhoudt')"
,,,,"('Richard Hanna', 'Les Porter')","('Thomas Phelps', 'Paul Evans')"
,,,,"('Richard Hanna', 'Greg Johnson')","('Richard Flisnik', 'Gregory Johnson')"
,,,,"('Richard Hanna', 'Michael Arcuri')","('Richard Flisnik', 'Caren Diamond')"
,,,,"('Richard Hanna', 'Duane Ulrich')","('Richard Flisnik', 'Francine Broccoli')"
,,,,"('Richard Hanna', 'Jannette Barthe')","('Richard Flisnik', 'John Bronk')"
,,,,"('Richard Hanna', 'David Wood')","('Richard Flisnik', 'Terri Sciortino')"
,,,,"('Richard Hanna', 'Shirley Adams')","('Richard Flisnik', 'Frank Pinnisi')"
,,,,"('Richard Hanna', 'Jody Lynn Henry')","('Richard Flisnik', 'Sandy Scofield')"
,,,,"('Richard Hanna', 'Michael Waterman')","('Richard Flisnik', 'Richard Panella')"
,,,,"('RoAnn Destito', 'Peggy Frantz')","('Richard Flisnik', 'Lant Wagner')"
,,,,"('RoAnn Destito', 'Les Porter')","('Richard Flisnik', 'Monique Brechter')"
,,,,"('RoAnn Destito', 'Greg Johnson')","('Richard Flisnik', 'Carl Annese')"
,,,,"('RoAnn Destito', 'Michael Arcuri')","('Richard Flisnik', 'Gina Schillaci')"
,,,,"('RoAnn Destito', 'Duane Ulrich')","('Richard Flisnik', 'Richard Quigley')"
,,,,"('RoAnn Destito', 'Jannette Barthe')","('Richard Flisnik', 'James Goodman')"
,,,,"('RoAnn Destito', 'David Wood')","('Richard Flisnik', 'Toshia Hance')"
,,,,"('RoAnn Destito', 'Shirley Adams')","('Richard Flisnik', 'Vito Sciortino')"
,,,,"('RoAnn Destito', 'Jody Lynn Henry')","('Richard Flisnik', 'Caleton Corey')"
,,,,"('RoAnn Destito', 'Michael Waterman')","('Richard Flisnik', 'Steve Zywiak')"
,,,,"('Peggy Frantz', 'Les Porter')","('Richard Flisnik', 'Carson Sorrell')"
,,,,"('Peggy Frantz', 'Greg Johnson')","('Richard Flisnik', 'Brendon M Candella')"
,,,,"('Peggy Frantz', 'Michael Arcuri')","('Richard Flisnik', 'Patrick Clark')"
,,,,"('Peggy Frantz', 'Duane Ulrich')","('Richard Flisnik', 'Michael Pawloski')"
,,,,"('Peggy Frantz', 'Jannette Barthe')","('Richard Flisnik', 'Thomas Pianella')"
,,,,"('Peggy Frantz', 'David Wood')","('Richard Flisnik', 'Robert Lambe')"
,,,,"('Peggy Frantz', 'Shirley Adams')","('Richard Flisnik', 'Timothy Russell')"
,,,,"('Peggy Frantz', 'Jody Lynn Henry')","('Richard Flisnik', 'Daniel Berkhoudt')"
,,,,"('Peggy Frantz', 'Michael Waterman')","('Richard Flisnik', 'Paul Evans')"
,,,,"('Les Porter', 'Greg Johnson')","('Garry Colarusso', 'Timothy Russell')"
,,,,"('Les Porter', 'Michael Arcuri')","('Garry Colarusso', 'Gregory Johnson')"
,,,,"('Les Porter', 'Duane Ulrich')","('Garry Colarusso', 'Caren Diamond')"
,,,,"('Les Porter', 'Jannette Barthe')","('Garry Colarusso', 'Francine Broccoli')"
,,,,"('Les Porter', 'David Wood')","('Garry Colarusso', 'John Bronk')"
,,,,"('Les Porter', 'Shirley Adams')","('Garry Colarusso', 'Terri Sciortino')"
,,,,"('Les Porter', 'Jody Lynn Henry')","('Garry Colarusso', 'Frank Pinnisi')"
,,,,"('Les Porter', 'Michael Waterman')","('Garry Colarusso', 'Sandy Scofield')"
,,,,"('Greg Johnson', 'Michael Arcuri')","('Garry Colarusso', 'Richard Panella')"
,,,,"('Greg Johnson', 'Duane Ulrich')","('Garry Colarusso', 'Lant Wagner')"
,,,,"('Greg Johnson', 'Jannette Barthe')","('Garry Colarusso', 'Monique Brechter')"
,,,,"('Greg Johnson', 'David Wood')","('Garry Colarusso', 'Carl Annese')"
,,,,"('Greg Johnson', 'Shirley Adams')","('Garry Colarusso', 'Gina Schillaci')"
,,,,"('Greg Johnson', 'Jody Lynn Henry')","('Garry Colarusso', 'Richard Quigley')"
,,,,"('Greg Johnson', 'Michael Waterman')","('Garry Colarusso', 'James Goodman')"
,,,,"('Michael Arcuri', 'Duane Ulrich')","('Garry Colarusso', 'Toshia Hance')"
,,,,"('Michael Arcuri', 'Jannette Barthe')","('Garry Colarusso', 'Vito Sciortino')"
,,,,"('Michael Arcuri', 'David Wood')","('Garry Colarusso', 'Caleton Corey')"
,,,,"('Michael Arcuri', 'Shirley Adams')","('Garry Colarusso', 'Steve Zywiak')"
,,,,"('Michael Arcuri', 'Jody Lynn Henry')","('Garry Colarusso', 'Carson Sorrell')"
,,,,"('Michael Arcuri', 'Michael Waterman')","('Garry Colarusso', 'Brendon M Candella')"
,,,,"('Duane Ulrich', 'Jannette Barthe')","('Garry Colarusso', 'Patrick Clark')"
,,,,"('Duane Ulrich', 'David Wood')","('Garry Colarusso', 'Michael Pawloski')"
,,,,"('Duane Ulrich', 'Shirley Adams')","('Garry Colarusso', 'Thomas Pianella')"
,,,,"('Duane Ulrich', 'Jody Lynn Henry')","('Garry Colarusso', 'Robert Lambe')"
,,,,"('Duane Ulrich', 'Michael Waterman')","('Garry Colarusso', 'Daniel Berkhoudt')"
,,,,"('Jannette Barthe', 'David Wood')","('Garry Colarusso', 'Paul Evans')"
,,,,"('Jannette Barthe', 'Shirley Adams')","('Gregory Johnson', 'Caren Diamond')"
,,,,"('Jannette Barthe', 'Jody Lynn Henry')","('Gregory Johnson', 'Francine Broccoli')"
,,,,"('Jannette Barthe', 'Michael Waterman')","('Gregory Johnson', 'Caleton Corey')"
,,,,"('David Wood', 'Shirley Adams')","('Gregory Johnson', 'Terri Sciortino')"
,,,,"('David Wood', 'Jody Lynn Henry')","('Gregory Johnson', 'Frank Pinnisi')"
,,,,"('David Wood', 'Michael Waterman')","('Gregory Johnson', 'Sandy Scofield')"
,,,,"('Shirley Adams', 'Jody Lynn Henry')","('Gregory Johnson', 'Richard Panella')"
,,,,"('Shirley Adams', 'Michael Waterman')","('Gregory Johnson', 'Lant Wagner')"
,,,,"('Jody Lynn Henry', 'Michael Waterman')","('Gregory Johnson', 'Monique Brechter')"
,,,,,"('Gregory Johnson', 'Carl Annese')"
,,,,,"('Gregory Johnson', 'Gina Schillaci')"
,,,,,"('Gregory Johnson', 'Richard Quigley')"
,,,,,"('Gregory Johnson', 'James Goodman')"
,,,,,"('Gregory Johnson', 'Toshia Hance')"
,,,,,"('Gregory Johnson', 'Vito Sciortino')"
,,,,,"('Gregory Johnson', 'John Bronk')"
,,,,,"('Gregory Johnson', 'Steve Zywiak')"
,,,,,"('Gregory Johnson', 'Carson Sorrell')"
,,,,,"('Gregory Johnson', 'Brendon M Candella')"
,,,,,"('Gregory Johnson', 'Patrick Clark')"
,,,,,"('Gregory Johnson', 'Michael Pawloski')"
,,,,,"('Gregory Johnson', 'Thomas Pianella')"
,,,,,"('Gregory Johnson', 'Robert Lambe')"
,,,,,"('Gregory Johnson', 'Timothy Russell')"
,,,,,"('Gregory Johnson', 'Daniel Berkhoudt')"
,,,,,"('Gregory Johnson', 'Paul Evans')"
,,,,,"('Caren Diamond', 'Francine Broccoli')"
,,,,,"('Caren Diamond', 'John Bronk')"
,,,,,"('Caren Diamond', 'Terri Sciortino')"
,,,,,"('Caren Diamond', 'Frank Pinnisi')"
,,,,,"('Caren Diamond', 'Sandy Scofield')"
,,,,,"('Caren Diamond', 'Richard Panella')"
,,,,,"('Caren Diamond', 'Lant Wagner')"
,,,,,"('Caren Diamond', 'Monique Brechter')"
,,,,,"('Caren Diamond', 'Carl Annese')"
,,,,,"('Caren Diamond', 'Gina Schillaci')"
,,,,,"('Caren Diamond', 'Richard Quigley')"
,,,,,"('Caren Diamond', 'James Goodman')"
,,,,,"('Caren Diamond', 'Toshia Hance')"
,,,,,"('Caren Diamond', 'Vito Sciortino')"
,,,,,"('Caren Diamond', 'Caleton Corey')"
,,,,,"('Caren Diamond', 'Steve Zywiak')"
,,,,,"('Caren Diamond', 'Carson Sorrell')"
,,,,,"('Caren Diamond', 'Brendon M Candella')"
,,,,,"('Caren Diamond', 'Patrick Clark')"
,,,,,"('Caren Diamond', 'Michael Pawloski')"
,,,,,"('Caren Diamond', 'Thomas Pianella')"
,,,,,"('Caren Diamond', 'Robert Lambe')"
,,,,,"('Caren Diamond', 'Timothy Russell')"
,,,,,"('Caren Diamond', 'Daniel Berkhoudt')"
,,,,,"('Caren Diamond', 'Paul Evans')"
,,,,,"('Francine Broccoli', 'John Bronk')"
,,,,,"('Francine Broccoli', 'Terri Sciortino')"
,,,,,"('Francine Broccoli', 'Frank Pinnisi')"
,,,,,"('Francine Broccoli', 'Sandy Scofield')"
,,,,,"('Francine Broccoli', 'Richard Panella')"
,,,,,"('Francine Broccoli', 'Lant Wagner')"
,,,,,"('Francine Broccoli', 'Monique Brechter')"
,,,,,"('Francine Broccoli', 'Carl Annese')"
,,,,,"('Francine Broccoli', 'Gina Schillaci')"
,,,,,"('Francine Broccoli', 'Richard Quigley')"
,,,,,"('Francine Broccoli', 'James Goodman')"
,,,,,"('Francine Broccoli', 'Toshia Hance')"
,,,,,"('Francine Broccoli', 'Vito Sciortino')"
,,,,,"('Francine Broccoli', 'Caleton Corey')"
,,,,,"('Francine Broccoli', 'Steve Zywiak')"
,,,,,"('Francine Broccoli', 'Carson Sorrell')"
,,,,,"('Francine Broccoli', 'Brendon M Candella')"
,,,,,"('Francine Broccoli', 'Patrick Clark')"
,,,,,"('Francine Broccoli', 'Michael Pawloski')"
,,,,,"('Francine Broccoli', 'Thomas Pianella')"
,,,,,"('Francine Broccoli', 'Robert Lambe')"
,,,,,"('Francine Broccoli', 'Timothy Russell')"
,,,,,"('Francine Broccoli', 'Daniel Berkhoudt')"
,,,,,"('Francine Broccoli', 'Paul Evans')"
,,,,,"('John Bronk', 'Caleton Corey')"
,,,,,"('John Bronk', 'Terri Sciortino')"
,,,,,"('John Bronk', 'Frank Pinnisi')"
,,,,,"('John Bronk', 'Sandy Scofield')"
,,,,,"('John Bronk', 'Richard Panella')"
,,,,,"('John Bronk', 'Lant Wagner')"
,,,,,"('John Bronk', 'Monique Brechter')"
,,,,,"('John Bronk', 'Carl Annese')"
,,,,,"('John Bronk', 'Gina Schillaci')"
,,,,,"('John Bronk', 'Richard Quigley')"
,,,,,"('John Bronk', 'James Goodman')"
,,,,,"('John Bronk', 'Toshia Hance')"
,,,,,"('John Bronk', 'Vito Sciortino')"
,,,,,"('John Bronk', 'Steve Zywiak')"
,,,,,"('John Bronk', 'Carson Sorrell')"
,,,,,"('John Bronk', 'Brendon M Candella')"
,,,,,"('John Bronk', 'Patrick Clark')"
,,,,,"('John Bronk', 'Michael Pawloski')"
,,,,,"('John Bronk', 'Thomas Pianella')"
,,,,,"('John Bronk', 'Robert Lambe')"
,,,,,"('John Bronk', 'Timothy Russell')"
,,,,,"('John Bronk', 'Daniel Berkhoudt')"
,,,,,"('John Bronk', 'Paul Evans')"
,,,,,"('Terri Sciortino', 'Frank Pinnisi')"
,,,,,"('Terri Sciortino', 'Sandy Scofield')"
,,,,,"('Terri Sciortino', 'Richard Panella')"
,,,,,"('Terri Sciortino', 'Lant Wagner')"
,,,,,"('Terri Sciortino', 'Monique Brechter')"
,,,,,"('Terri Sciortino', 'Carl Annese')"
,,,,,"('Terri Sciortino', 'Gina Schillaci')"
,,,,,"('Terri Sciortino', 'Richard Quigley')"
,,,,,"('Terri Sciortino', 'James Goodman')"
,,,,,"('Terri Sciortino', 'Toshia Hance')"
,,,,,"('Terri Sciortino', 'Vito Sciortino')"
,,,,,"('Terri Sciortino', 'Caleton Corey')"
,,,,,"('Terri Sciortino', 'Steve Zywiak')"
,,,,,"('Terri Sciortino', 'Carson Sorrell')"
,,,,,"('Terri Sciortino', 'Brendon M Candella')"
,,,,,"('Terri Sciortino', 'Patrick Clark')"
,,,,,"('Terri Sciortino', 'Michael Pawloski')"
,,,,,"('Terri Sciortino', 'Thomas Pianella')"
,,,,,"('Terri Sciortino', 'Robert Lambe')"
,,,,,"('Terri Sciortino', 'Timothy Russell')"
,,,,,"('Terri Sciortino', 'Daniel Berkhoudt')"
,,,,,"('Terri Sciortino', 'Paul Evans')"
,,,,,"('Frank Pinnisi', 'Sandy Scofield')"
,,,,,"('Frank Pinnisi', 'Richard Panella')"
,,,,,"('Frank Pinnisi', 'Lant Wagner')"
,,,,,"('Frank Pinnisi', 'Monique Brechter')"
,,,,,"('Frank Pinnisi', 'Carl Annese')"
,,,,,"('Frank Pinnisi', 'Gina Schillaci')"
,,,,,"('Frank Pinnisi', 'Richard Quigley')"
,,,,,"('Frank Pinnisi', 'James Goodman')"
,,,,,"('Frank Pinnisi', 'Toshia Hance')"
,,,,,"('Frank Pinnisi', 'Vito Sciortino')"
,,,,,"('Frank Pinnisi', 'Caleton Corey')"
,,,,,"('Frank Pinnisi', 'Steve Zywiak')"
,,,,,"('Frank Pinnisi', 'Carson Sorrell')"
,,,,,"('Frank Pinnisi', 'Brendon M Candella')"
,,,,,"('Frank Pinnisi', 'Patrick Clark')"
,,,,,"('Frank Pinnisi', 'Michael Pawloski')"
,,,,,"('Frank Pinnisi', 'Thomas Pianella')"
,,,,,"('Frank Pinnisi', 'Robert Lambe')"
,,,,,"('Frank Pinnisi', 'Timothy Russell')"
,,,,,"('Frank Pinnisi', 'Daniel Berkhoudt')"
,,,,,"('Frank Pinnisi', 'Paul Evans')"
,,,,,"('Sandy Scofield', 'Richard Panella')"
,,,,,"('Sandy Scofield', 'Lant Wagner')"
,,,,,"('Sandy Scofield', 'Monique Brechter')"
,,,,,"('Sandy Scofield', 'Carl Annese')"
,,,,,"('Sandy Scofield', 'Gina Schillaci')"
,,,,,"('Sandy Scofield', 'Richard Quigley')"
,,,,,"('Sandy Scofield', 'James Goodman')"
,,,,,"('Sandy Scofield', 'Toshia Hance')"
,,,,,"('Sandy Scofield', 'Vito Sciortino')"
,,,,,"('Sandy Scofield', 'Caleton Corey')"
,,,,,"('Sandy Scofield', 'Steve Zywiak')"
,,,,,"('Sandy Scofield', 'Carson Sorrell')"
,,,,,"('Sandy Scofield', 'Brendon M Candella')"
,,,,,"('Sandy Scofield', 'Patrick Clark')"
,,,,,"('Sandy Scofield', 'Michael Pawloski')"
,,,,,"('Sandy Scofield', 'Thomas Pianella')"
,,,,,"('Sandy Scofield', 'Robert Lambe')"
,,,,,"('Sandy Scofield', 'Timothy Russell')"
,,,,,"('Sandy Scofield', 'Daniel Berkhoudt')"
,,,,,"('Sandy Scofield', 'Paul Evans')"
,,,,,"('Richard Panella', 'Lant Wagner')"
,,,,,"('Richard Panella', 'Monique Brechter')"
,,,,,"('Richard Panella', 'Carl Annese')"
,,,,,"('Richard Panella', 'Gina Schillaci')"
,,,,,"('Richard Panella', 'Richard Quigley')"
,,,,,"('Richard Panella', 'James Goodman')"
,,,,,"('Richard Panella', 'Toshia Hance')"
,,,,,"('Richard Panella', 'Vito Sciortino')"
,,,,,"('Richard Panella', 'Caleton Corey')"
,,,,,"('Richard Panella', 'Steve Zywiak')"
,,,,,"('Richard Panella', 'Carson Sorrell')"
,,,,,"('Richard Panella', 'Brendon M Candella')"
,,,,,"('Richard Panella', 'Patrick Clark')"
,,,,,"('Richard Panella', 'Michael Pawloski')"
,,,,,"('Richard Panella', 'Thomas Pianella')"
,,,,,"('Richard Panella', 'Robert Lambe')"
,,,,,"('Richard Panella', 'Timothy Russell')"
,,,,,"('Richard Panella', 'Daniel Berkhoudt')"
,,,,,"('Richard Panella', 'Paul Evans')"
,,,,,"('Lant Wagner', 'Monique Brechter')"
,,,,,"('Lant Wagner', 'Carl Annese')"
,,,,,"('Lant Wagner', 'Gina Schillaci')"
,,,,,"('Lant Wagner', 'Richard Quigley')"
,,,,,"('Lant Wagner', 'James Goodman')"
,,,,,"('Lant Wagner', 'Toshia Hance')"
,,,,,"('Lant Wagner', 'Vito Sciortino')"
,,,,,"('Lant Wagner', 'Caleton Corey')"
,,,,,"('Lant Wagner', 'Steve Zywiak')"
,,,,,"('Lant Wagner', 'Carson Sorrell')"
,,,,,"('Lant Wagner', 'Brendon M Candella')"
,,,,,"('Lant Wagner', 'Patrick Clark')"
,,,,,"('Lant Wagner', 'Michael Pawloski')"
,,,,,"('Lant Wagner', 'Thomas Pianella')"
,,,,,"('Lant Wagner', 'Robert Lambe')"
,,,,,"('Lant Wagner', 'Timothy Russell')"
,,,,,"('Lant Wagner', 'Daniel Berkhoudt')"
,,,,,"('Lant Wagner', 'Paul Evans')"
,,,,,"('Monique Brechter', 'Carl Annese')"
,,,,,"('Monique Brechter', 'Gina Schillaci')"
,,,,,"('Monique Brechter', 'Richard Quigley')"
,,,,,"('Monique Brechter', 'James Goodman')"
,,,,,"('Monique Brechter', 'Toshia Hance')"
,,,,,"('Monique Brechter', 'Vito Sciortino')"
,,,,,"('Monique Brechter', 'Caleton Corey')"
,,,,,"('Monique Brechter', 'Steve Zywiak')"
,,,,,"('Monique Brechter', 'Carson Sorrell')"
,,,,,"('Monique Brechter', 'Brendon M Candella')"
,,,,,"('Monique Brechter', 'Patrick Clark')"
,,,,,"('Monique Brechter', 'Michael Pawloski')"
,,,,,"('Monique Brechter', 'Thomas Pianella')"
,,,,,"('Monique Brechter', 'Robert Lambe')"
,,,,,"('Monique Brechter', 'Timothy Russell')"
,,,,,"('Monique Brechter', 'Daniel Berkhoudt')"
,,,,,"('Monique Brechter', 'Paul Evans')"
,,,,,"('Carl Annese', 'Gina Schillaci')"
,,,,,"('Carl Annese', 'Richard Quigley')"
,,,,,"('Carl Annese', 'James Goodman')"
,,,,,"('Carl Annese', 'Toshia Hance')"
,,,,,"('Carl Annese', 'Vito Sciortino')"
,,,,,"('Carl Annese', 'Caleton Corey')"
,,,,,"('Carl Annese', 'Steve Zywiak')"
,,,,,"('Carl Annese', 'Carson Sorrell')"
,,,,,"('Carl Annese', 'Brendon M Candella')"
,,,,,"('Carl Annese', 'Patrick Clark')"
,,,,,"('Carl Annese', 'Michael Pawloski')"
,,,,,"('Carl Annese', 'Thomas Pianella')"
,,,,,"('Carl Annese', 'Robert Lambe')"
,,,,,"('Carl Annese', 'Timothy Russell')"
,,,,,"('Carl Annese', 'Daniel Berkhoudt')"
,,,,,"('Carl Annese', 'Paul Evans')"
,,,,,"('Gina Schillaci', 'Richard Quigley')"
,,,,,"('Gina Schillaci', 'James Goodman')"
,,,,,"('Gina Schillaci', 'Toshia Hance')"
,,,,,"('Gina Schillaci', 'Vito Sciortino')"
,,,,,"('Gina Schillaci', 'Caleton Corey')"
,,,,,"('Gina Schillaci', 'Steve Zywiak')"
,,,,,"('Gina Schillaci', 'Carson Sorrell')"
,,,,,"('Gina Schillaci', 'Brendon M Candella')"
,,,,,"('Gina Schillaci', 'Patrick Clark')"
,,,,,"('Gina Schillaci', 'Michael Pawloski')"
,,,,,"('Gina Schillaci', 'Thomas Pianella')"
,,,,,"('Gina Schillaci', 'Robert Lambe')"
,,,,,"('Gina Schillaci', 'Timothy Russell')"
,,,,,"('Gina Schillaci', 'Daniel Berkhoudt')"
,,,,,"('Gina Schillaci', 'Paul Evans')"
,,,,,"('Richard Quigley', 'James Goodman')"
,,,,,"('Richard Quigley', 'Toshia Hance')"
,,,,,"('Richard Quigley', 'Vito Sciortino')"
,,,,,"('Richard Quigley', 'Caleton Corey')"
,,,,,"('Richard Quigley', 'Steve Zywiak')"
,,,,,"('Richard Quigley', 'Carson Sorrell')"
,,,,,"('Richard Quigley', 'Brendon M Candella')"
,,,,,"('Richard Quigley', 'Patrick Clark')"
,,,,,"('Richard Quigley', 'Michael Pawloski')"
,,,,,"('Richard Quigley', 'Thomas Pianella')"
,,,,,"('Richard Quigley', 'Robert Lambe')"
,,,,,"('Richard Quigley', 'Timothy Russell')"
,,,,,"('Richard Quigley', 'Daniel Berkhoudt')"
,,,,,"('Richard Quigley', 'Paul Evans')"
,,,,,"('James Goodman', 'Toshia Hance')"
,,,,,"('James Goodman', 'Vito Sciortino')"
,,,,,"('James Goodman', 'Caleton Corey')"
,,,,,"('James Goodman', 'Steve Zywiak')"
,,,,,"('James Goodman', 'Carson Sorrell')"
,,,,,"('James Goodman', 'Brendon M Candella')"
,,,,,"('James Goodman', 'Patrick Clark')"
,,,,,"('James Goodman', 'Michael Pawloski')"
,,,,,"('James Goodman', 'Thomas Pianella')"
,,,,,"('James Goodman', 'Robert Lambe')"
,,,,,"('James Goodman', 'Timothy Russell')"
,,,,,"('James Goodman', 'Daniel Berkhoudt')"
,,,,,"('James Goodman', 'Paul Evans')"
,,,,,"('Toshia Hance', 'Vito Sciortino')"
,,,,,"('Toshia Hance', 'Caleton Corey')"
,,,,,"('Toshia Hance', 'Steve Zywiak')"
,,,,,"('Toshia Hance', 'Carson Sorrell')"
,,,,,"('Toshia Hance', 'Brendon M Candella')"
,,,,,"('Toshia Hance', 'Patrick Clark')"
,,,,,"('Toshia Hance', 'Michael Pawloski')"
,,,,,"('Toshia Hance', 'Thomas Pianella')"
,,,,,"('Toshia Hance', 'Robert Lambe')"
,,,,,"('Toshia Hance', 'Timothy Russell')"
,,,,,"('Toshia Hance', 'Daniel Berkhoudt')"
,,,,,"('Toshia Hance', 'Paul Evans')"
,,,,,"('Vito Sciortino', 'Caleton Corey')"
,,,,,"('Vito Sciortino', 'Steve Zywiak')"
,,,,,"('Vito Sciortino', 'Carson Sorrell')"
,,,,,"('Vito Sciortino', 'Brendon M Candella')"
,,,,,"('Vito Sciortino', 'Patrick Clark')"
,,,,,"('Vito Sciortino', 'Michael Pawloski')"
,,,,,"('Vito Sciortino', 'Thomas Pianella')"
,,,,,"('Vito Sciortino', 'Robert Lambe')"
,,,,,"('Vito Sciortino', 'Timothy Russell')"
,,,,,"('Vito Sciortino', 'Daniel Berkhoudt')"
,,,,,"('Vito Sciortino', 'Paul Evans')"
,,,,,"('Caleton Corey', 'Steve Zywiak')"
,,,,,"('Caleton Corey', 'Carson Sorrell')"
,,,,,"('Caleton Corey', 'Brendon M Candella')"
,,,,,"('Caleton Corey', 'Patrick Clark')"
,,,,,"('Caleton Corey', 'Michael Pawloski')"
,,,,,"('Caleton Corey', 'Thomas Pianella')"
,,,,,"('Caleton Corey', 'Robert Lambe')"
,,,,,"('Caleton Corey', 'Timothy Russell')"
,,,,,"('Caleton Corey', 'Daniel Berkhoudt')"
,,,,,"('Caleton Corey', 'Paul Evans')"
,,,,,"('Steve Zywiak', 'Carson Sorrell')"
,,,,,"('Steve Zywiak', 'Brendon M Candella')"
,,,,,"('Steve Zywiak', 'Patrick Clark')"
,,,,,"('Steve Zywiak', 'Michael Pawloski')"
,,,,,"('Steve Zywiak', 'Thomas Pianella')"
,,,,,"('Steve Zywiak', 'Robert Lambe')"
,,,,,"('Steve Zywiak', 'Timothy Russell')"
,,,,,"('Steve Zywiak', 'Daniel Berkhoudt')"
,,,,,"('Steve Zywiak', 'Paul Evans')"
,,,,,"('Carson Sorrell', 'Brendon M Candella')"
,,,,,"('Carson Sorrell', 'Patrick Clark')"
,,,,,"('Carson Sorrell', 'Michael Pawloski')"
,,,,,"('Carson Sorrell', 'Thomas Pianella')"
,,,,,"('Carson Sorrell', 'Robert Lambe')"
,,,,,"('Carson Sorrell', 'Timothy Russell')"
,,,,,"('Carson Sorrell', 'Daniel Berkhoudt')"
,,,,,"('Carson Sorrell', 'Paul Evans')"
,,,,,"('Brendon M Candella', 'Patrick Clark')"
,,,,,"('Brendon M Candella', 'Michael Pawloski')"
,,,,,"('Brendon M Candella', 'Thomas Pianella')"
,,,,,"('Brendon M Candella', 'Robert Lambe')"
,,,,,"('Brendon M Candella', 'Timothy Russell')"
,,,,,"('Brendon M Candella', 'Daniel Berkhoudt')"
,,,,,"('Brendon M Candella', 'Paul Evans')"
,,,,,"('Patrick Clark', 'Michael Pawloski')"
,,,,,"('Patrick Clark', 'Thomas Pianella')"
,,,,,"('Patrick Clark', 'Robert Lambe')"
,,,,,"('Patrick Clark', 'Timothy Russell')"
,,,,,"('Patrick Clark', 'Daniel Berkhoudt')"
,,,,,"('Patrick Clark', 'Paul Evans')"
,,,,,"('Michael Pawloski', 'Thomas Pianella')"
,,,,,"('Michael Pawloski', 'Robert Lambe')"
,,,,,"('Michael Pawloski', 'Timothy Russell')"
,,,,,"('Michael Pawloski', 'Daniel Berkhoudt')"
,,,,,"('Michael Pawloski', 'Paul Evans')"
,,,,,"('Thomas Pianella', 'Robert Lambe')"
,,,,,"('Thomas Pianella', 'Timothy Russell')"
,,,,,"('Thomas Pianella', 'Daniel Berkhoudt')"
,,,,,"('Thomas Pianella', 'Paul Evans')"
,,,,,"('Robert Lambe', 'Timothy Russell')"
,,,,,"('Robert Lambe', 'Daniel Berkhoudt')"
,,,,,"('Robert Lambe', 'Paul Evans')"
,,,,,"('Timothy Russell', 'Daniel Berkhoudt')"
,,,,,"('Timothy Russell', 'Paul Evans')"
,,,,,"('Daniel Berkhoudt', 'Paul Evans')"
