Actor Overlap,Relationship Overlap,Unique Newspaper Network Actors,Unique Meeting Minute Network Actors,Unique Newspaper Network Relationships,Unique Newspaper Network Relationships
Gail Orr,"('Gail Orr', 'Thomas Baldwin')",Duane Wilder,Mark Towne,"('Duane Wilder', 'Laura Lane')","('Gail Orr', 'Mark Towne')"
Thomas Baldwin,,Laura Lane,Town Attorney,"('Duane Wilder', 'Joe Martens')","('Gail Orr', 'Town Attorney')"
,,Joe Martens,Gael Billyard Orr,"('Duane Wilder', 'Terry Van')","('Gail Orr', 'Gael Billyard Orr')"
,,Terry Van,Ron Adam,"('Duane Wilder', 'Eric Gott')","('Gail Orr', 'Ron Adam')"
,,Eric Gott,Dave Thompson,"('Duane Wilder', 'Charles Scudder')","('Gail Orr', 'Dave Thompson')"
,,Charles Scudder,John Thompson,"('Duane Wilder', 'Hal Bauer')","('Gail Orr', 'John Thompson')"
,,Hal Bauer,Robert Atwood,"('Duane Wilder', 'Timothy Hoffman')","('Gail Orr', 'Robert Atwood')"
,,Timothy Hoffman,Kirk Brickwood,"('Duane Wilder', 'Sandra Steingraber')","('Gail Orr', 'Kirk Brickwood')"
,,Sandra Steingraber,Dan DeZern,"('Duane Wilder', 'Peter Yendell')","('Gail Orr', 'Dan DeZern')"
,,Peter Yendell,Bill Mcgregor,"('Duane Wilder', 'Rock Castor')","('Gail Orr', 'Bill Mcgregor')"
,,Rock Castor,Melissa Jacobs,"('Duane Wilder', 'Daniel Pangrazio')","('Gail Orr', 'Melissa Jacobs')"
,,Daniel Pangrazio,Donna Atwood,"('Duane Wilder', 'Cindy Caristeo')","('Gail Orr', 'Donna Atwood')"
,,Cindy Caristeo,Debra Converse,"('Duane Wilder', 'Alan Vickery')","('Gail Orr', 'Debra Converse')"
,,Alan Vickery,Doris March,"('Duane Wilder', 'Andrew Cuomo')","('Gail Orr', 'Doris March')"
,,Andrew Cuomo,Terry Vaccaro,"('Duane Wilder', 'Edward McTiernan')","('Gail Orr', 'Terry Vaccaro')"
,,Edward McTiernan,,"('Duane Wilder', 'Samantha Gilbert')","('Mark Towne', 'Terry Vaccaro')"
,,Samantha Gilbert,,"('Duane Wilder', 'Ian Davis')","('Mark Towne', 'Gael Billyard Orr')"
,,Ian Davis,,"('Duane Wilder', 'Gerald Deming')","('Mark Towne', 'Ron Adam')"
,,Gerald Deming,,"('Duane Wilder', 'Lemuel Srolovic')","('Mark Towne', 'Dave Thompson')"
,,Lemuel Srolovic,,"('Duane Wilder', 'Jamie Carestio')","('Mark Towne', 'John Thompson')"
,,Jamie Carestio,,"('Duane Wilder', 'Dennis Mahus')","('Mark Towne', 'Robert Atwood')"
,,Dennis Mahus,,"('Duane Wilder', 'Daniel Burling')","('Mark Towne', 'Kirk Brickwood')"
,,Daniel Burling,,"('Duane Wilder', 'Gary Bowitch')","('Mark Towne', 'Dan DeZern')"
,,Gary Bowitch,,"('Duane Wilder', 'Ivan Davis')","('Mark Towne', 'Bill Mcgregor')"
,,Ivan Davis,,"('Duane Wilder', 'Teresa Dearing')","('Mark Towne', 'Melissa Jacobs')"
,,Teresa Dearing,,"('Duane Wilder', 'Catherine Young')","('Mark Towne', 'Town Attorney')"
,,Catherine Young,,"('Duane Wilder', 'Jeffrey Massari')","('Mark Towne', 'Donna Atwood')"
,,Jeffrey Massari,,"('Duane Wilder', 'Lisa Semmel')","('Mark Towne', 'Debra Converse')"
,,Lisa Semmel,,"('Duane Wilder', 'Bill Carmen')","('Mark Towne', 'Doris March')"
,,Bill Carmen,,"('Duane Wilder', 'David Morris')","('Mark Towne', 'Thomas Baldwin')"
,,David Morris,,"('Duane Wilder', 'Holla Adams')","('Town Attorney', 'Gael Billyard Orr')"
,,Holla Adams,,"('Duane Wilder', 'Gail Orr')","('Town Attorney', 'Ron Adam')"
,,Charles DiPasquale,,"('Duane Wilder', 'Charles DiPasquale')","('Town Attorney', 'Dave Thompson')"
,,Dwight Knapp,,"('Duane Wilder', 'Dwight Knapp')","('Town Attorney', 'John Thompson')"
,,Bob Thompson,,"('Duane Wilder', 'Bob Thompson')","('Town Attorney', 'Robert Atwood')"
,,David LeFeber,,"('Duane Wilder', 'Thomas Baldwin')","('Town Attorney', 'Kirk Brickwood')"
,,Dave Krenzer,,"('Duane Wilder', 'David LeFeber')","('Town Attorney', 'Dan DeZern')"
,,,,"('Duane Wilder', 'Dave Krenzer')","('Town Attorney', 'Bill Mcgregor')"
,,,,"('Laura Lane', 'Joe Martens')","('Town Attorney', 'Melissa Jacobs')"
,,,,"('Laura Lane', 'Terry Van')","('Town Attorney', 'Thomas Baldwin')"
,,,,"('Laura Lane', 'Eric Gott')","('Town Attorney', 'Donna Atwood')"
,,,,"('Laura Lane', 'Charles Scudder')","('Town Attorney', 'Debra Converse')"
,,,,"('Laura Lane', 'Hal Bauer')","('Town Attorney', 'Doris March')"
,,,,"('Laura Lane', 'Timothy Hoffman')","('Town Attorney', 'Terry Vaccaro')"
,,,,"('Laura Lane', 'Sandra Steingraber')","('Gael Billyard Orr', 'Ron Adam')"
,,,,"('Laura Lane', 'Peter Yendell')","('Gael Billyard Orr', 'Dave Thompson')"
,,,,"('Laura Lane', 'Rock Castor')","('Gael Billyard Orr', 'John Thompson')"
,,,,"('Laura Lane', 'Daniel Pangrazio')","('Gael Billyard Orr', 'Robert Atwood')"
,,,,"('Laura Lane', 'Cindy Caristeo')","('Gael Billyard Orr', 'Kirk Brickwood')"
,,,,"('Laura Lane', 'Alan Vickery')","('Gael Billyard Orr', 'Dan DeZern')"
,,,,"('Laura Lane', 'Andrew Cuomo')","('Gael Billyard Orr', 'Bill Mcgregor')"
,,,,"('Laura Lane', 'Edward McTiernan')","('Gael Billyard Orr', 'Melissa Jacobs')"
,,,,"('Laura Lane', 'Samantha Gilbert')","('Gael Billyard Orr', 'Thomas Baldwin')"
,,,,"('Laura Lane', 'Ian Davis')","('Gael Billyard Orr', 'Donna Atwood')"
,,,,"('Laura Lane', 'Gerald Deming')","('Gael Billyard Orr', 'Debra Converse')"
,,,,"('Laura Lane', 'Lemuel Srolovic')","('Gael Billyard Orr', 'Doris March')"
,,,,"('Laura Lane', 'Jamie Carestio')","('Gael Billyard Orr', 'Terry Vaccaro')"
,,,,"('Laura Lane', 'Dennis Mahus')","('Ron Adam', 'Dave Thompson')"
,,,,"('Laura Lane', 'Daniel Burling')","('Ron Adam', 'John Thompson')"
,,,,"('Laura Lane', 'Gary Bowitch')","('Ron Adam', 'Robert Atwood')"
,,,,"('Laura Lane', 'Ivan Davis')","('Ron Adam', 'Kirk Brickwood')"
,,,,"('Laura Lane', 'Teresa Dearing')","('Ron Adam', 'Dan DeZern')"
,,,,"('Laura Lane', 'Catherine Young')","('Ron Adam', 'Bill Mcgregor')"
,,,,"('Laura Lane', 'Jeffrey Massari')","('Ron Adam', 'Melissa Jacobs')"
,,,,"('Laura Lane', 'Lisa Semmel')","('Ron Adam', 'Thomas Baldwin')"
,,,,"('Laura Lane', 'Bill Carmen')","('Ron Adam', 'Donna Atwood')"
,,,,"('Laura Lane', 'David Morris')","('Ron Adam', 'Debra Converse')"
,,,,"('Laura Lane', 'Holla Adams')","('Ron Adam', 'Doris March')"
,,,,"('Laura Lane', 'Gail Orr')","('Ron Adam', 'Terry Vaccaro')"
,,,,"('Laura Lane', 'Charles DiPasquale')","('Dave Thompson', 'Kirk Brickwood')"
,,,,"('Laura Lane', 'Dwight Knapp')","('Dave Thompson', 'John Thompson')"
,,,,"('Laura Lane', 'Bob Thompson')","('Dave Thompson', 'Robert Atwood')"
,,,,"('Laura Lane', 'Thomas Baldwin')","('Dave Thompson', 'Dan DeZern')"
,,,,"('Laura Lane', 'David LeFeber')","('Dave Thompson', 'Bill Mcgregor')"
,,,,"('Laura Lane', 'Dave Krenzer')","('Dave Thompson', 'Melissa Jacobs')"
,,,,"('Joe Martens', 'Terry Van')","('Dave Thompson', 'Thomas Baldwin')"
,,,,"('Joe Martens', 'Eric Gott')","('Dave Thompson', 'Donna Atwood')"
,,,,"('Joe Martens', 'Charles Scudder')","('Dave Thompson', 'Debra Converse')"
,,,,"('Joe Martens', 'Hal Bauer')","('Dave Thompson', 'Doris March')"
,,,,"('Joe Martens', 'Timothy Hoffman')","('Dave Thompson', 'Terry Vaccaro')"
,,,,"('Joe Martens', 'Sandra Steingraber')","('John Thompson', 'Melissa Jacobs')"
,,,,"('Joe Martens', 'Peter Yendell')","('John Thompson', 'Robert Atwood')"
,,,,"('Joe Martens', 'Rock Castor')","('John Thompson', 'Kirk Brickwood')"
,,,,"('Joe Martens', 'Daniel Pangrazio')","('John Thompson', 'Dan DeZern')"
,,,,"('Joe Martens', 'Cindy Caristeo')","('John Thompson', 'Bill Mcgregor')"
,,,,"('Joe Martens', 'Alan Vickery')","('John Thompson', 'Thomas Baldwin')"
,,,,"('Joe Martens', 'Andrew Cuomo')","('John Thompson', 'Donna Atwood')"
,,,,"('Joe Martens', 'Edward McTiernan')","('John Thompson', 'Debra Converse')"
,,,,"('Joe Martens', 'Samantha Gilbert')","('John Thompson', 'Doris March')"
,,,,"('Joe Martens', 'Ian Davis')","('John Thompson', 'Terry Vaccaro')"
,,,,"('Joe Martens', 'Gerald Deming')","('Robert Atwood', 'Kirk Brickwood')"
,,,,"('Joe Martens', 'Lemuel Srolovic')","('Robert Atwood', 'Dan DeZern')"
,,,,"('Joe Martens', 'Jamie Carestio')","('Robert Atwood', 'Bill Mcgregor')"
,,,,"('Joe Martens', 'Dennis Mahus')","('Robert Atwood', 'Melissa Jacobs')"
,,,,"('Joe Martens', 'Daniel Burling')","('Robert Atwood', 'Thomas Baldwin')"
,,,,"('Joe Martens', 'Gary Bowitch')","('Robert Atwood', 'Donna Atwood')"
,,,,"('Joe Martens', 'Ivan Davis')","('Robert Atwood', 'Debra Converse')"
,,,,"('Joe Martens', 'Teresa Dearing')","('Robert Atwood', 'Doris March')"
,,,,"('Joe Martens', 'Catherine Young')","('Robert Atwood', 'Terry Vaccaro')"
,,,,"('Joe Martens', 'Jeffrey Massari')","('Kirk Brickwood', 'Dan DeZern')"
,,,,"('Joe Martens', 'Lisa Semmel')","('Kirk Brickwood', 'Bill Mcgregor')"
,,,,"('Joe Martens', 'Bill Carmen')","('Kirk Brickwood', 'Melissa Jacobs')"
,,,,"('Joe Martens', 'David Morris')","('Kirk Brickwood', 'Thomas Baldwin')"
,,,,"('Joe Martens', 'Holla Adams')","('Kirk Brickwood', 'Donna Atwood')"
,,,,"('Joe Martens', 'Gail Orr')","('Kirk Brickwood', 'Debra Converse')"
,,,,"('Joe Martens', 'Charles DiPasquale')","('Kirk Brickwood', 'Doris March')"
,,,,"('Joe Martens', 'Dwight Knapp')","('Kirk Brickwood', 'Terry Vaccaro')"
,,,,"('Joe Martens', 'Bob Thompson')","('Dan DeZern', 'Bill Mcgregor')"
,,,,"('Joe Martens', 'Thomas Baldwin')","('Dan DeZern', 'Melissa Jacobs')"
,,,,"('Joe Martens', 'David LeFeber')","('Dan DeZern', 'Thomas Baldwin')"
,,,,"('Joe Martens', 'Dave Krenzer')","('Dan DeZern', 'Donna Atwood')"
,,,,"('Terry Van', 'Eric Gott')","('Dan DeZern', 'Debra Converse')"
,,,,"('Terry Van', 'Charles Scudder')","('Dan DeZern', 'Doris March')"
,,,,"('Terry Van', 'Hal Bauer')","('Dan DeZern', 'Terry Vaccaro')"
,,,,"('Terry Van', 'Timothy Hoffman')","('Bill Mcgregor', 'Terry Vaccaro')"
,,,,"('Terry Van', 'Sandra Steingraber')","('Bill Mcgregor', 'Melissa Jacobs')"
,,,,"('Terry Van', 'Peter Yendell')","('Bill Mcgregor', 'Donna Atwood')"
,,,,"('Terry Van', 'Rock Castor')","('Bill Mcgregor', 'Debra Converse')"
,,,,"('Terry Van', 'Daniel Pangrazio')","('Bill Mcgregor', 'Doris March')"
,,,,"('Terry Van', 'Cindy Caristeo')","('Bill Mcgregor', 'Thomas Baldwin')"
,,,,"('Terry Van', 'Alan Vickery')","('Melissa Jacobs', 'Thomas Baldwin')"
,,,,"('Terry Van', 'Andrew Cuomo')","('Melissa Jacobs', 'Donna Atwood')"
,,,,"('Terry Van', 'Edward McTiernan')","('Melissa Jacobs', 'Debra Converse')"
,,,,"('Terry Van', 'Samantha Gilbert')","('Melissa Jacobs', 'Doris March')"
,,,,"('Terry Van', 'Ian Davis')","('Melissa Jacobs', 'Terry Vaccaro')"
,,,,"('Terry Van', 'Gerald Deming')","('Thomas Baldwin', 'Donna Atwood')"
,,,,"('Terry Van', 'Lemuel Srolovic')","('Thomas Baldwin', 'Debra Converse')"
,,,,"('Terry Van', 'Jamie Carestio')","('Thomas Baldwin', 'Doris March')"
,,,,"('Terry Van', 'Dennis Mahus')","('Thomas Baldwin', 'Terry Vaccaro')"
,,,,"('Terry Van', 'Daniel Burling')","('Donna Atwood', 'Debra Converse')"
,,,,"('Terry Van', 'Gary Bowitch')","('Donna Atwood', 'Doris March')"
,,,,"('Terry Van', 'Ivan Davis')","('Donna Atwood', 'Terry Vaccaro')"
,,,,"('Terry Van', 'Teresa Dearing')","('Debra Converse', 'Doris March')"
,,,,"('Terry Van', 'Catherine Young')","('Debra Converse', 'Terry Vaccaro')"
,,,,"('Terry Van', 'Jeffrey Massari')","('Doris March', 'Terry Vaccaro')"
,,,,"('Terry Van', 'Lisa Semmel')",
,,,,"('Terry Van', 'Bill Carmen')",
,,,,"('Terry Van', 'David Morris')",
,,,,"('Terry Van', 'Holla Adams')",
,,,,"('Terry Van', 'Gail Orr')",
,,,,"('Terry Van', 'Charles DiPasquale')",
,,,,"('Terry Van', 'Dwight Knapp')",
,,,,"('Terry Van', 'Bob Thompson')",
,,,,"('Terry Van', 'Thomas Baldwin')",
,,,,"('Terry Van', 'David LeFeber')",
,,,,"('Terry Van', 'Dave Krenzer')",
,,,,"('Eric Gott', 'Charles Scudder')",
,,,,"('Eric Gott', 'Hal Bauer')",
,,,,"('Eric Gott', 'Timothy Hoffman')",
,,,,"('Eric Gott', 'Sandra Steingraber')",
,,,,"('Eric Gott', 'Peter Yendell')",
,,,,"('Eric Gott', 'Rock Castor')",
,,,,"('Eric Gott', 'Daniel Pangrazio')",
,,,,"('Eric Gott', 'Cindy Caristeo')",
,,,,"('Eric Gott', 'Alan Vickery')",
,,,,"('Eric Gott', 'Andrew Cuomo')",
,,,,"('Eric Gott', 'Edward McTiernan')",
,,,,"('Eric Gott', 'Samantha Gilbert')",
,,,,"('Eric Gott', 'Ian Davis')",
,,,,"('Eric Gott', 'Gerald Deming')",
,,,,"('Eric Gott', 'Lemuel Srolovic')",
,,,,"('Eric Gott', 'Jamie Carestio')",
,,,,"('Eric Gott', 'Dennis Mahus')",
,,,,"('Eric Gott', 'Daniel Burling')",
,,,,"('Eric Gott', 'Gary Bowitch')",
,,,,"('Eric Gott', 'Ivan Davis')",
,,,,"('Eric Gott', 'Teresa Dearing')",
,,,,"('Eric Gott', 'Catherine Young')",
,,,,"('Eric Gott', 'Jeffrey Massari')",
,,,,"('Eric Gott', 'Lisa Semmel')",
,,,,"('Eric Gott', 'Bill Carmen')",
,,,,"('Eric Gott', 'David Morris')",
,,,,"('Eric Gott', 'Holla Adams')",
,,,,"('Eric Gott', 'Gail Orr')",
,,,,"('Eric Gott', 'Charles DiPasquale')",
,,,,"('Eric Gott', 'Dwight Knapp')",
,,,,"('Eric Gott', 'Bob Thompson')",
,,,,"('Eric Gott', 'Thomas Baldwin')",
,,,,"('Eric Gott', 'David LeFeber')",
,,,,"('Eric Gott', 'Dave Krenzer')",
,,,,"('Charles Scudder', 'Hal Bauer')",
,,,,"('Charles Scudder', 'Timothy Hoffman')",
,,,,"('Charles Scudder', 'Sandra Steingraber')",
,,,,"('Charles Scudder', 'Peter Yendell')",
,,,,"('Charles Scudder', 'Rock Castor')",
,,,,"('Charles Scudder', 'Daniel Pangrazio')",
,,,,"('Charles Scudder', 'Cindy Caristeo')",
,,,,"('Charles Scudder', 'Alan Vickery')",
,,,,"('Charles Scudder', 'Andrew Cuomo')",
,,,,"('Charles Scudder', 'Edward McTiernan')",
,,,,"('Charles Scudder', 'Samantha Gilbert')",
,,,,"('Charles Scudder', 'Ian Davis')",
,,,,"('Charles Scudder', 'Gerald Deming')",
,,,,"('Charles Scudder', 'Lemuel Srolovic')",
,,,,"('Charles Scudder', 'Jamie Carestio')",
,,,,"('Charles Scudder', 'Dennis Mahus')",
,,,,"('Charles Scudder', 'Daniel Burling')",
,,,,"('Charles Scudder', 'Gary Bowitch')",
,,,,"('Charles Scudder', 'Ivan Davis')",
,,,,"('Charles Scudder', 'Teresa Dearing')",
,,,,"('Charles Scudder', 'Catherine Young')",
,,,,"('Charles Scudder', 'Jeffrey Massari')",
,,,,"('Charles Scudder', 'Lisa Semmel')",
,,,,"('Charles Scudder', 'Bill Carmen')",
,,,,"('Charles Scudder', 'David Morris')",
,,,,"('Charles Scudder', 'Holla Adams')",
,,,,"('Charles Scudder', 'Gail Orr')",
,,,,"('Charles Scudder', 'Charles DiPasquale')",
,,,,"('Charles Scudder', 'Dwight Knapp')",
,,,,"('Charles Scudder', 'Bob Thompson')",
,,,,"('Charles Scudder', 'Thomas Baldwin')",
,,,,"('Charles Scudder', 'David LeFeber')",
,,,,"('Charles Scudder', 'Dave Krenzer')",
,,,,"('Hal Bauer', 'Timothy Hoffman')",
,,,,"('Hal Bauer', 'Sandra Steingraber')",
,,,,"('Hal Bauer', 'Peter Yendell')",
,,,,"('Hal Bauer', 'Rock Castor')",
,,,,"('Hal Bauer', 'Daniel Pangrazio')",
,,,,"('Hal Bauer', 'Cindy Caristeo')",
,,,,"('Hal Bauer', 'Alan Vickery')",
,,,,"('Hal Bauer', 'Andrew Cuomo')",
,,,,"('Hal Bauer', 'Edward McTiernan')",
,,,,"('Hal Bauer', 'Samantha Gilbert')",
,,,,"('Hal Bauer', 'Ian Davis')",
,,,,"('Hal Bauer', 'Gerald Deming')",
,,,,"('Hal Bauer', 'Lemuel Srolovic')",
,,,,"('Hal Bauer', 'Jamie Carestio')",
,,,,"('Hal Bauer', 'Dennis Mahus')",
,,,,"('Hal Bauer', 'Daniel Burling')",
,,,,"('Hal Bauer', 'Gary Bowitch')",
,,,,"('Hal Bauer', 'Ivan Davis')",
,,,,"('Hal Bauer', 'Teresa Dearing')",
,,,,"('Hal Bauer', 'Catherine Young')",
,,,,"('Hal Bauer', 'Jeffrey Massari')",
,,,,"('Hal Bauer', 'Lisa Semmel')",
,,,,"('Hal Bauer', 'Bill Carmen')",
,,,,"('Hal Bauer', 'David Morris')",
,,,,"('Hal Bauer', 'Holla Adams')",
,,,,"('Hal Bauer', 'Gail Orr')",
,,,,"('Hal Bauer', 'Charles DiPasquale')",
,,,,"('Hal Bauer', 'Dwight Knapp')",
,,,,"('Hal Bauer', 'Bob Thompson')",
,,,,"('Hal Bauer', 'Thomas Baldwin')",
,,,,"('Hal Bauer', 'David LeFeber')",
,,,,"('Hal Bauer', 'Dave Krenzer')",
,,,,"('Timothy Hoffman', 'Sandra Steingraber')",
,,,,"('Timothy Hoffman', 'Peter Yendell')",
,,,,"('Timothy Hoffman', 'Rock Castor')",
,,,,"('Timothy Hoffman', 'Daniel Pangrazio')",
,,,,"('Timothy Hoffman', 'Cindy Caristeo')",
,,,,"('Timothy Hoffman', 'Alan Vickery')",
,,,,"('Timothy Hoffman', 'Andrew Cuomo')",
,,,,"('Timothy Hoffman', 'Edward McTiernan')",
,,,,"('Timothy Hoffman', 'Samantha Gilbert')",
,,,,"('Timothy Hoffman', 'Ian Davis')",
,,,,"('Timothy Hoffman', 'Gerald Deming')",
,,,,"('Timothy Hoffman', 'Lemuel Srolovic')",
,,,,"('Timothy Hoffman', 'Jamie Carestio')",
,,,,"('Timothy Hoffman', 'Dennis Mahus')",
,,,,"('Timothy Hoffman', 'Daniel Burling')",
,,,,"('Timothy Hoffman', 'Gary Bowitch')",
,,,,"('Timothy Hoffman', 'Ivan Davis')",
,,,,"('Timothy Hoffman', 'Teresa Dearing')",
,,,,"('Timothy Hoffman', 'Catherine Young')",
,,,,"('Timothy Hoffman', 'Jeffrey Massari')",
,,,,"('Timothy Hoffman', 'Lisa Semmel')",
,,,,"('Timothy Hoffman', 'Bill Carmen')",
,,,,"('Timothy Hoffman', 'David Morris')",
,,,,"('Timothy Hoffman', 'Holla Adams')",
,,,,"('Timothy Hoffman', 'Gail Orr')",
,,,,"('Timothy Hoffman', 'Charles DiPasquale')",
,,,,"('Timothy Hoffman', 'Dwight Knapp')",
,,,,"('Timothy Hoffman', 'Bob Thompson')",
,,,,"('Timothy Hoffman', 'Thomas Baldwin')",
,,,,"('Timothy Hoffman', 'David LeFeber')",
,,,,"('Timothy Hoffman', 'Dave Krenzer')",
,,,,"('Sandra Steingraber', 'Peter Yendell')",
,,,,"('Sandra Steingraber', 'Rock Castor')",
,,,,"('Sandra Steingraber', 'Daniel Pangrazio')",
,,,,"('Sandra Steingraber', 'Cindy Caristeo')",
,,,,"('Sandra Steingraber', 'Alan Vickery')",
,,,,"('Sandra Steingraber', 'Andrew Cuomo')",
,,,,"('Sandra Steingraber', 'Edward McTiernan')",
,,,,"('Sandra Steingraber', 'Samantha Gilbert')",
,,,,"('Sandra Steingraber', 'Ian Davis')",
,,,,"('Sandra Steingraber', 'Gerald Deming')",
,,,,"('Sandra Steingraber', 'Lemuel Srolovic')",
,,,,"('Sandra Steingraber', 'Jamie Carestio')",
,,,,"('Sandra Steingraber', 'Dennis Mahus')",
,,,,"('Sandra Steingraber', 'Daniel Burling')",
,,,,"('Sandra Steingraber', 'Gary Bowitch')",
,,,,"('Sandra Steingraber', 'Ivan Davis')",
,,,,"('Sandra Steingraber', 'Teresa Dearing')",
,,,,"('Sandra Steingraber', 'Catherine Young')",
,,,,"('Sandra Steingraber', 'Jeffrey Massari')",
,,,,"('Sandra Steingraber', 'Lisa Semmel')",
,,,,"('Sandra Steingraber', 'Bill Carmen')",
,,,,"('Sandra Steingraber', 'David Morris')",
,,,,"('Sandra Steingraber', 'Holla Adams')",
,,,,"('Sandra Steingraber', 'Gail Orr')",
,,,,"('Sandra Steingraber', 'Charles DiPasquale')",
,,,,"('Sandra Steingraber', 'Dwight Knapp')",
,,,,"('Sandra Steingraber', 'Bob Thompson')",
,,,,"('Sandra Steingraber', 'Thomas Baldwin')",
,,,,"('Sandra Steingraber', 'David LeFeber')",
,,,,"('Sandra Steingraber', 'Dave Krenzer')",
,,,,"('Peter Yendell', 'Rock Castor')",
,,,,"('Peter Yendell', 'Daniel Pangrazio')",
,,,,"('Peter Yendell', 'Cindy Caristeo')",
,,,,"('Peter Yendell', 'Alan Vickery')",
,,,,"('Peter Yendell', 'Andrew Cuomo')",
,,,,"('Peter Yendell', 'Edward McTiernan')",
,,,,"('Peter Yendell', 'Samantha Gilbert')",
,,,,"('Peter Yendell', 'Ian Davis')",
,,,,"('Peter Yendell', 'Gerald Deming')",
,,,,"('Peter Yendell', 'Lemuel Srolovic')",
,,,,"('Peter Yendell', 'Jamie Carestio')",
,,,,"('Peter Yendell', 'Dennis Mahus')",
,,,,"('Peter Yendell', 'Daniel Burling')",
,,,,"('Peter Yendell', 'Gary Bowitch')",
,,,,"('Peter Yendell', 'Ivan Davis')",
,,,,"('Peter Yendell', 'Teresa Dearing')",
,,,,"('Peter Yendell', 'Catherine Young')",
,,,,"('Peter Yendell', 'Jeffrey Massari')",
,,,,"('Peter Yendell', 'Lisa Semmel')",
,,,,"('Peter Yendell', 'Bill Carmen')",
,,,,"('Peter Yendell', 'David Morris')",
,,,,"('Peter Yendell', 'Holla Adams')",
,,,,"('Peter Yendell', 'Gail Orr')",
,,,,"('Peter Yendell', 'Charles DiPasquale')",
,,,,"('Peter Yendell', 'Dwight Knapp')",
,,,,"('Peter Yendell', 'Bob Thompson')",
,,,,"('Peter Yendell', 'Thomas Baldwin')",
,,,,"('Peter Yendell', 'David LeFeber')",
,,,,"('Peter Yendell', 'Dave Krenzer')",
,,,,"('Rock Castor', 'Daniel Pangrazio')",
,,,,"('Rock Castor', 'Cindy Caristeo')",
,,,,"('Rock Castor', 'Alan Vickery')",
,,,,"('Rock Castor', 'Andrew Cuomo')",
,,,,"('Rock Castor', 'Edward McTiernan')",
,,,,"('Rock Castor', 'Samantha Gilbert')",
,,,,"('Rock Castor', 'Ian Davis')",
,,,,"('Rock Castor', 'Gerald Deming')",
,,,,"('Rock Castor', 'Lemuel Srolovic')",
,,,,"('Rock Castor', 'Jamie Carestio')",
,,,,"('Rock Castor', 'Dennis Mahus')",
,,,,"('Rock Castor', 'Daniel Burling')",
,,,,"('Rock Castor', 'Gary Bowitch')",
,,,,"('Rock Castor', 'Ivan Davis')",
,,,,"('Rock Castor', 'Teresa Dearing')",
,,,,"('Rock Castor', 'Catherine Young')",
,,,,"('Rock Castor', 'Jeffrey Massari')",
,,,,"('Rock Castor', 'Lisa Semmel')",
,,,,"('Rock Castor', 'Bill Carmen')",
,,,,"('Rock Castor', 'David Morris')",
,,,,"('Rock Castor', 'Holla Adams')",
,,,,"('Rock Castor', 'Gail Orr')",
,,,,"('Rock Castor', 'Charles DiPasquale')",
,,,,"('Rock Castor', 'Dwight Knapp')",
,,,,"('Rock Castor', 'Bob Thompson')",
,,,,"('Rock Castor', 'Thomas Baldwin')",
,,,,"('Rock Castor', 'David LeFeber')",
,,,,"('Rock Castor', 'Dave Krenzer')",
,,,,"('Daniel Pangrazio', 'David LeFeber')",
,,,,"('Daniel Pangrazio', 'Cindy Caristeo')",
,,,,"('Daniel Pangrazio', 'Alan Vickery')",
,,,,"('Daniel Pangrazio', 'Andrew Cuomo')",
,,,,"('Daniel Pangrazio', 'Edward McTiernan')",
,,,,"('Daniel Pangrazio', 'Samantha Gilbert')",
,,,,"('Daniel Pangrazio', 'Ian Davis')",
,,,,"('Daniel Pangrazio', 'Gerald Deming')",
,,,,"('Daniel Pangrazio', 'Lemuel Srolovic')",
,,,,"('Daniel Pangrazio', 'Jamie Carestio')",
,,,,"('Daniel Pangrazio', 'Dennis Mahus')",
,,,,"('Daniel Pangrazio', 'Daniel Burling')",
,,,,"('Daniel Pangrazio', 'Gary Bowitch')",
,,,,"('Daniel Pangrazio', 'Ivan Davis')",
,,,,"('Daniel Pangrazio', 'Teresa Dearing')",
,,,,"('Daniel Pangrazio', 'Catherine Young')",
,,,,"('Daniel Pangrazio', 'Jeffrey Massari')",
,,,,"('Daniel Pangrazio', 'Lisa Semmel')",
,,,,"('Daniel Pangrazio', 'Bill Carmen')",
,,,,"('Daniel Pangrazio', 'David Morris')",
,,,,"('Daniel Pangrazio', 'Holla Adams')",
,,,,"('Daniel Pangrazio', 'Gail Orr')",
,,,,"('Daniel Pangrazio', 'Charles DiPasquale')",
,,,,"('Daniel Pangrazio', 'Dwight Knapp')",
,,,,"('Daniel Pangrazio', 'Bob Thompson')",
,,,,"('Daniel Pangrazio', 'Thomas Baldwin')",
,,,,"('Daniel Pangrazio', 'Dave Krenzer')",
,,,,"('Cindy Caristeo', 'Alan Vickery')",
,,,,"('Cindy Caristeo', 'Andrew Cuomo')",
,,,,"('Cindy Caristeo', 'Edward McTiernan')",
,,,,"('Cindy Caristeo', 'Samantha Gilbert')",
,,,,"('Cindy Caristeo', 'Ian Davis')",
,,,,"('Cindy Caristeo', 'Gerald Deming')",
,,,,"('Cindy Caristeo', 'Lemuel Srolovic')",
,,,,"('Cindy Caristeo', 'Jamie Carestio')",
,,,,"('Cindy Caristeo', 'Dennis Mahus')",
,,,,"('Cindy Caristeo', 'Daniel Burling')",
,,,,"('Cindy Caristeo', 'Gary Bowitch')",
,,,,"('Cindy Caristeo', 'Ivan Davis')",
,,,,"('Cindy Caristeo', 'Teresa Dearing')",
,,,,"('Cindy Caristeo', 'Catherine Young')",
,,,,"('Cindy Caristeo', 'Jeffrey Massari')",
,,,,"('Cindy Caristeo', 'Lisa Semmel')",
,,,,"('Cindy Caristeo', 'Bill Carmen')",
,,,,"('Cindy Caristeo', 'David Morris')",
,,,,"('Cindy Caristeo', 'Holla Adams')",
,,,,"('Cindy Caristeo', 'Gail Orr')",
,,,,"('Cindy Caristeo', 'Charles DiPasquale')",
,,,,"('Cindy Caristeo', 'Dwight Knapp')",
,,,,"('Cindy Caristeo', 'Bob Thompson')",
,,,,"('Cindy Caristeo', 'Thomas Baldwin')",
,,,,"('Cindy Caristeo', 'David LeFeber')",
,,,,"('Cindy Caristeo', 'Dave Krenzer')",
,,,,"('Alan Vickery', 'Andrew Cuomo')",
,,,,"('Alan Vickery', 'Edward McTiernan')",
,,,,"('Alan Vickery', 'Samantha Gilbert')",
,,,,"('Alan Vickery', 'Ian Davis')",
,,,,"('Alan Vickery', 'Gerald Deming')",
,,,,"('Alan Vickery', 'Lemuel Srolovic')",
,,,,"('Alan Vickery', 'Jamie Carestio')",
,,,,"('Alan Vickery', 'Dennis Mahus')",
,,,,"('Alan Vickery', 'Daniel Burling')",
,,,,"('Alan Vickery', 'Gary Bowitch')",
,,,,"('Alan Vickery', 'Ivan Davis')",
,,,,"('Alan Vickery', 'Teresa Dearing')",
,,,,"('Alan Vickery', 'Catherine Young')",
,,,,"('Alan Vickery', 'Jeffrey Massari')",
,,,,"('Alan Vickery', 'Lisa Semmel')",
,,,,"('Alan Vickery', 'Bill Carmen')",
,,,,"('Alan Vickery', 'David Morris')",
,,,,"('Alan Vickery', 'Holla Adams')",
,,,,"('Alan Vickery', 'Gail Orr')",
,,,,"('Alan Vickery', 'Charles DiPasquale')",
,,,,"('Alan Vickery', 'Dwight Knapp')",
,,,,"('Alan Vickery', 'Bob Thompson')",
,,,,"('Alan Vickery', 'Thomas Baldwin')",
,,,,"('Alan Vickery', 'David LeFeber')",
,,,,"('Alan Vickery', 'Dave Krenzer')",
,,,,"('Andrew Cuomo', 'Ian Davis')",
,,,,"('Andrew Cuomo', 'Edward McTiernan')",
,,,,"('Andrew Cuomo', 'Samantha Gilbert')",
,,,,"('Andrew Cuomo', 'Gerald Deming')",
,,,,"('Andrew Cuomo', 'Lemuel Srolovic')",
,,,,"('Andrew Cuomo', 'Jamie Carestio')",
,,,,"('Andrew Cuomo', 'Dennis Mahus')",
,,,,"('Andrew Cuomo', 'Daniel Burling')",
,,,,"('Andrew Cuomo', 'Gary Bowitch')",
,,,,"('Andrew Cuomo', 'Ivan Davis')",
,,,,"('Andrew Cuomo', 'Teresa Dearing')",
,,,,"('Andrew Cuomo', 'Catherine Young')",
,,,,"('Andrew Cuomo', 'Jeffrey Massari')",
,,,,"('Andrew Cuomo', 'Lisa Semmel')",
,,,,"('Andrew Cuomo', 'Bill Carmen')",
,,,,"('Andrew Cuomo', 'David Morris')",
,,,,"('Andrew Cuomo', 'Holla Adams')",
,,,,"('Andrew Cuomo', 'Gail Orr')",
,,,,"('Andrew Cuomo', 'Charles DiPasquale')",
,,,,"('Andrew Cuomo', 'Dwight Knapp')",
,,,,"('Andrew Cuomo', 'Bob Thompson')",
,,,,"('Andrew Cuomo', 'Thomas Baldwin')",
,,,,"('Andrew Cuomo', 'David LeFeber')",
,,,,"('Andrew Cuomo', 'Dave Krenzer')",
,,,,"('Edward McTiernan', 'Lemuel Srolovic')",
,,,,"('Edward McTiernan', 'Samantha Gilbert')",
,,,,"('Edward McTiernan', 'Ian Davis')",
,,,,"('Edward McTiernan', 'Gerald Deming')",
,,,,"('Edward McTiernan', 'Jamie Carestio')",
,,,,"('Edward McTiernan', 'Dennis Mahus')",
,,,,"('Edward McTiernan', 'Daniel Burling')",
,,,,"('Edward McTiernan', 'Gary Bowitch')",
,,,,"('Edward McTiernan', 'Ivan Davis')",
,,,,"('Edward McTiernan', 'Teresa Dearing')",
,,,,"('Edward McTiernan', 'Catherine Young')",
,,,,"('Edward McTiernan', 'Jeffrey Massari')",
,,,,"('Edward McTiernan', 'Lisa Semmel')",
,,,,"('Edward McTiernan', 'Bill Carmen')",
,,,,"('Edward McTiernan', 'David Morris')",
,,,,"('Edward McTiernan', 'Holla Adams')",
,,,,"('Edward McTiernan', 'Gail Orr')",
,,,,"('Edward McTiernan', 'Charles DiPasquale')",
,,,,"('Edward McTiernan', 'Dwight Knapp')",
,,,,"('Edward McTiernan', 'Bob Thompson')",
,,,,"('Edward McTiernan', 'Thomas Baldwin')",
,,,,"('Edward McTiernan', 'David LeFeber')",
,,,,"('Edward McTiernan', 'Dave Krenzer')",
,,,,"('Samantha Gilbert', 'Ian Davis')",
,,,,"('Samantha Gilbert', 'Gerald Deming')",
,,,,"('Samantha Gilbert', 'Lemuel Srolovic')",
,,,,"('Samantha Gilbert', 'Jamie Carestio')",
,,,,"('Samantha Gilbert', 'Dennis Mahus')",
,,,,"('Samantha Gilbert', 'Daniel Burling')",
,,,,"('Samantha Gilbert', 'Gary Bowitch')",
,,,,"('Samantha Gilbert', 'Ivan Davis')",
,,,,"('Samantha Gilbert', 'Teresa Dearing')",
,,,,"('Samantha Gilbert', 'Catherine Young')",
,,,,"('Samantha Gilbert', 'Jeffrey Massari')",
,,,,"('Samantha Gilbert', 'Lisa Semmel')",
,,,,"('Samantha Gilbert', 'Bill Carmen')",
,,,,"('Samantha Gilbert', 'David Morris')",
,,,,"('Samantha Gilbert', 'Holla Adams')",
,,,,"('Samantha Gilbert', 'Gail Orr')",
,,,,"('Samantha Gilbert', 'Charles DiPasquale')",
,,,,"('Samantha Gilbert', 'Dwight Knapp')",
,,,,"('Samantha Gilbert', 'Bob Thompson')",
,,,,"('Samantha Gilbert', 'Thomas Baldwin')",
,,,,"('Samantha Gilbert', 'David LeFeber')",
,,,,"('Samantha Gilbert', 'Dave Krenzer')",
,,,,"('Ian Davis', 'Gerald Deming')",
,,,,"('Ian Davis', 'Lemuel Srolovic')",
,,,,"('Ian Davis', 'Jamie Carestio')",
,,,,"('Ian Davis', 'Dennis Mahus')",
,,,,"('Ian Davis', 'Daniel Burling')",
,,,,"('Ian Davis', 'Gary Bowitch')",
,,,,"('Ian Davis', 'Ivan Davis')",
,,,,"('Ian Davis', 'Teresa Dearing')",
,,,,"('Ian Davis', 'Catherine Young')",
,,,,"('Ian Davis', 'Jeffrey Massari')",
,,,,"('Ian Davis', 'Lisa Semmel')",
,,,,"('Ian Davis', 'Bill Carmen')",
,,,,"('Ian Davis', 'David Morris')",
,,,,"('Ian Davis', 'Holla Adams')",
,,,,"('Ian Davis', 'Gail Orr')",
,,,,"('Ian Davis', 'Charles DiPasquale')",
,,,,"('Ian Davis', 'Dwight Knapp')",
,,,,"('Ian Davis', 'Bob Thompson')",
,,,,"('Ian Davis', 'Thomas Baldwin')",
,,,,"('Ian Davis', 'David LeFeber')",
,,,,"('Ian Davis', 'Dave Krenzer')",
,,,,"('Gerald Deming', 'Lemuel Srolovic')",
,,,,"('Gerald Deming', 'Jamie Carestio')",
,,,,"('Gerald Deming', 'Dennis Mahus')",
,,,,"('Gerald Deming', 'Daniel Burling')",
,,,,"('Gerald Deming', 'Gary Bowitch')",
,,,,"('Gerald Deming', 'Ivan Davis')",
,,,,"('Gerald Deming', 'Teresa Dearing')",
,,,,"('Gerald Deming', 'Catherine Young')",
,,,,"('Gerald Deming', 'Jeffrey Massari')",
,,,,"('Gerald Deming', 'Lisa Semmel')",
,,,,"('Gerald Deming', 'Bill Carmen')",
,,,,"('Gerald Deming', 'David Morris')",
,,,,"('Gerald Deming', 'Holla Adams')",
,,,,"('Gerald Deming', 'Gail Orr')",
,,,,"('Gerald Deming', 'Charles DiPasquale')",
,,,,"('Gerald Deming', 'Dwight Knapp')",
,,,,"('Gerald Deming', 'Bob Thompson')",
,,,,"('Gerald Deming', 'Thomas Baldwin')",
,,,,"('Gerald Deming', 'David LeFeber')",
,,,,"('Gerald Deming', 'Dave Krenzer')",
,,,,"('Lemuel Srolovic', 'Jamie Carestio')",
,,,,"('Lemuel Srolovic', 'Dennis Mahus')",
,,,,"('Lemuel Srolovic', 'Daniel Burling')",
,,,,"('Lemuel Srolovic', 'Gary Bowitch')",
,,,,"('Lemuel Srolovic', 'Ivan Davis')",
,,,,"('Lemuel Srolovic', 'Teresa Dearing')",
,,,,"('Lemuel Srolovic', 'Catherine Young')",
,,,,"('Lemuel Srolovic', 'Jeffrey Massari')",
,,,,"('Lemuel Srolovic', 'Lisa Semmel')",
,,,,"('Lemuel Srolovic', 'Bill Carmen')",
,,,,"('Lemuel Srolovic', 'David Morris')",
,,,,"('Lemuel Srolovic', 'Holla Adams')",
,,,,"('Lemuel Srolovic', 'Gail Orr')",
,,,,"('Lemuel Srolovic', 'Charles DiPasquale')",
,,,,"('Lemuel Srolovic', 'Dwight Knapp')",
,,,,"('Lemuel Srolovic', 'Bob Thompson')",
,,,,"('Lemuel Srolovic', 'Thomas Baldwin')",
,,,,"('Lemuel Srolovic', 'David LeFeber')",
,,,,"('Lemuel Srolovic', 'Dave Krenzer')",
,,,,"('Jamie Carestio', 'Dennis Mahus')",
,,,,"('Jamie Carestio', 'Daniel Burling')",
,,,,"('Jamie Carestio', 'Gary Bowitch')",
,,,,"('Jamie Carestio', 'Ivan Davis')",
,,,,"('Jamie Carestio', 'Teresa Dearing')",
,,,,"('Jamie Carestio', 'Catherine Young')",
,,,,"('Jamie Carestio', 'Jeffrey Massari')",
,,,,"('Jamie Carestio', 'Lisa Semmel')",
,,,,"('Jamie Carestio', 'Bill Carmen')",
,,,,"('Jamie Carestio', 'David Morris')",
,,,,"('Jamie Carestio', 'Holla Adams')",
,,,,"('Jamie Carestio', 'Gail Orr')",
,,,,"('Jamie Carestio', 'Charles DiPasquale')",
,,,,"('Jamie Carestio', 'Dwight Knapp')",
,,,,"('Jamie Carestio', 'Bob Thompson')",
,,,,"('Jamie Carestio', 'Thomas Baldwin')",
,,,,"('Jamie Carestio', 'David LeFeber')",
,,,,"('Jamie Carestio', 'Dave Krenzer')",
,,,,"('Dennis Mahus', 'Daniel Burling')",
,,,,"('Dennis Mahus', 'Gary Bowitch')",
,,,,"('Dennis Mahus', 'Ivan Davis')",
,,,,"('Dennis Mahus', 'Teresa Dearing')",
,,,,"('Dennis Mahus', 'Catherine Young')",
,,,,"('Dennis Mahus', 'Jeffrey Massari')",
,,,,"('Dennis Mahus', 'Lisa Semmel')",
,,,,"('Dennis Mahus', 'Bill Carmen')",
,,,,"('Dennis Mahus', 'David Morris')",
,,,,"('Dennis Mahus', 'Holla Adams')",
,,,,"('Dennis Mahus', 'Gail Orr')",
,,,,"('Dennis Mahus', 'Charles DiPasquale')",
,,,,"('Dennis Mahus', 'Bob Thompson')",
,,,,"('Dennis Mahus', 'Dwight Knapp')",
,,,,"('Dennis Mahus', 'Thomas Baldwin')",
,,,,"('Dennis Mahus', 'David LeFeber')",
,,,,"('Dennis Mahus', 'Dave Krenzer')",
,,,,"('Daniel Burling', 'Catherine Young')",
,,,,"('Daniel Burling', 'Gary Bowitch')",
,,,,"('Daniel Burling', 'Ivan Davis')",
,,,,"('Daniel Burling', 'Teresa Dearing')",
,,,,"('Daniel Burling', 'Jeffrey Massari')",
,,,,"('Daniel Burling', 'Lisa Semmel')",
,,,,"('Daniel Burling', 'Bill Carmen')",
,,,,"('Daniel Burling', 'David Morris')",
,,,,"('Daniel Burling', 'Holla Adams')",
,,,,"('Daniel Burling', 'Gail Orr')",
,,,,"('Daniel Burling', 'Charles DiPasquale')",
,,,,"('Daniel Burling', 'Dwight Knapp')",
,,,,"('Daniel Burling', 'Bob Thompson')",
,,,,"('Daniel Burling', 'Thomas Baldwin')",
,,,,"('Daniel Burling', 'David LeFeber')",
,,,,"('Daniel Burling', 'Dave Krenzer')",
,,,,"('Gary Bowitch', 'Ivan Davis')",
,,,,"('Gary Bowitch', 'Teresa Dearing')",
,,,,"('Gary Bowitch', 'Catherine Young')",
,,,,"('Gary Bowitch', 'Jeffrey Massari')",
,,,,"('Gary Bowitch', 'Lisa Semmel')",
,,,,"('Gary Bowitch', 'Bill Carmen')",
,,,,"('Gary Bowitch', 'David Morris')",
,,,,"('Gary Bowitch', 'Holla Adams')",
,,,,"('Gary Bowitch', 'Gail Orr')",
,,,,"('Gary Bowitch', 'Charles DiPasquale')",
,,,,"('Gary Bowitch', 'Dwight Knapp')",
,,,,"('Gary Bowitch', 'Bob Thompson')",
,,,,"('Gary Bowitch', 'Thomas Baldwin')",
,,,,"('Gary Bowitch', 'David LeFeber')",
,,,,"('Gary Bowitch', 'Dave Krenzer')",
,,,,"('Ivan Davis', 'Teresa Dearing')",
,,,,"('Ivan Davis', 'Catherine Young')",
,,,,"('Ivan Davis', 'Jeffrey Massari')",
,,,,"('Ivan Davis', 'Lisa Semmel')",
,,,,"('Ivan Davis', 'Bill Carmen')",
,,,,"('Ivan Davis', 'David Morris')",
,,,,"('Ivan Davis', 'Holla Adams')",
,,,,"('Ivan Davis', 'Gail Orr')",
,,,,"('Ivan Davis', 'Charles DiPasquale')",
,,,,"('Ivan Davis', 'Dwight Knapp')",
,,,,"('Ivan Davis', 'Bob Thompson')",
,,,,"('Ivan Davis', 'Thomas Baldwin')",
,,,,"('Ivan Davis', 'David LeFeber')",
,,,,"('Ivan Davis', 'Dave Krenzer')",
,,,,"('Teresa Dearing', 'Catherine Young')",
,,,,"('Teresa Dearing', 'Jeffrey Massari')",
,,,,"('Teresa Dearing', 'Lisa Semmel')",
,,,,"('Teresa Dearing', 'Bill Carmen')",
,,,,"('Teresa Dearing', 'David Morris')",
,,,,"('Teresa Dearing', 'Holla Adams')",
,,,,"('Teresa Dearing', 'Gail Orr')",
,,,,"('Teresa Dearing', 'Charles DiPasquale')",
,,,,"('Teresa Dearing', 'Dwight Knapp')",
,,,,"('Teresa Dearing', 'Bob Thompson')",
,,,,"('Teresa Dearing', 'Thomas Baldwin')",
,,,,"('Teresa Dearing', 'David LeFeber')",
,,,,"('Teresa Dearing', 'Dave Krenzer')",
,,,,"('Catherine Young', 'Jeffrey Massari')",
,,,,"('Catherine Young', 'Lisa Semmel')",
,,,,"('Catherine Young', 'Bill Carmen')",
,,,,"('Catherine Young', 'David Morris')",
,,,,"('Catherine Young', 'Holla Adams')",
,,,,"('Catherine Young', 'Gail Orr')",
,,,,"('Catherine Young', 'Charles DiPasquale')",
,,,,"('Catherine Young', 'Dwight Knapp')",
,,,,"('Catherine Young', 'Bob Thompson')",
,,,,"('Catherine Young', 'Thomas Baldwin')",
,,,,"('Catherine Young', 'David LeFeber')",
,,,,"('Catherine Young', 'Dave Krenzer')",
,,,,"('Jeffrey Massari', 'Lisa Semmel')",
,,,,"('Jeffrey Massari', 'Bill Carmen')",
,,,,"('Jeffrey Massari', 'David Morris')",
,,,,"('Jeffrey Massari', 'Holla Adams')",
,,,,"('Jeffrey Massari', 'Gail Orr')",
,,,,"('Jeffrey Massari', 'Charles DiPasquale')",
,,,,"('Jeffrey Massari', 'Dwight Knapp')",
,,,,"('Jeffrey Massari', 'Bob Thompson')",
,,,,"('Jeffrey Massari', 'Thomas Baldwin')",
,,,,"('Jeffrey Massari', 'David LeFeber')",
,,,,"('Jeffrey Massari', 'Dave Krenzer')",
,,,,"('Lisa Semmel', 'Bill Carmen')",
,,,,"('Lisa Semmel', 'David Morris')",
,,,,"('Lisa Semmel', 'Holla Adams')",
,,,,"('Lisa Semmel', 'Gail Orr')",
,,,,"('Lisa Semmel', 'Charles DiPasquale')",
,,,,"('Lisa Semmel', 'Dwight Knapp')",
,,,,"('Lisa Semmel', 'Bob Thompson')",
,,,,"('Lisa Semmel', 'Thomas Baldwin')",
,,,,"('Lisa Semmel', 'David LeFeber')",
,,,,"('Lisa Semmel', 'Dave Krenzer')",
,,,,"('Bill Carmen', 'David Morris')",
,,,,"('Bill Carmen', 'Holla Adams')",
,,,,"('Bill Carmen', 'Gail Orr')",
,,,,"('Bill Carmen', 'Charles DiPasquale')",
,,,,"('Bill Carmen', 'Dwight Knapp')",
,,,,"('Bill Carmen', 'Bob Thompson')",
,,,,"('Bill Carmen', 'Thomas Baldwin')",
,,,,"('Bill Carmen', 'David LeFeber')",
,,,,"('Bill Carmen', 'Dave Krenzer')",
,,,,"('David Morris', 'Holla Adams')",
,,,,"('David Morris', 'Gail Orr')",
,,,,"('David Morris', 'Charles DiPasquale')",
,,,,"('David Morris', 'Dwight Knapp')",
,,,,"('David Morris', 'Bob Thompson')",
,,,,"('David Morris', 'Thomas Baldwin')",
,,,,"('David Morris', 'David LeFeber')",
,,,,"('David Morris', 'Dave Krenzer')",
,,,,"('Holla Adams', 'Gail Orr')",
,,,,"('Holla Adams', 'Charles DiPasquale')",
,,,,"('Holla Adams', 'Dwight Knapp')",
,,,,"('Holla Adams', 'Bob Thompson')",
,,,,"('Holla Adams', 'Thomas Baldwin')",
,,,,"('Holla Adams', 'David LeFeber')",
,,,,"('Holla Adams', 'Dave Krenzer')",
,,,,"('Gail Orr', 'Charles DiPasquale')",
,,,,"('Gail Orr', 'Dwight Knapp')",
,,,,"('Gail Orr', 'Bob Thompson')",
,,,,"('Gail Orr', 'David LeFeber')",
,,,,"('Gail Orr', 'Dave Krenzer')",
,,,,"('Charles DiPasquale', 'Dwight Knapp')",
,,,,"('Charles DiPasquale', 'Bob Thompson')",
,,,,"('Charles DiPasquale', 'Thomas Baldwin')",
,,,,"('Charles DiPasquale', 'David LeFeber')",
,,,,"('Charles DiPasquale', 'Dave Krenzer')",
,,,,"('Dwight Knapp', 'Bob Thompson')",
,,,,"('Dwight Knapp', 'Thomas Baldwin')",
,,,,"('Dwight Knapp', 'David LeFeber')",
,,,,"('Dwight Knapp', 'Dave Krenzer')",
,,,,"('Bob Thompson', 'Thomas Baldwin')",
,,,,"('Bob Thompson', 'David LeFeber')",
,,,,"('Bob Thompson', 'Dave Krenzer')",
,,,,"('Thomas Baldwin', 'David LeFeber')",
,,,,"('Thomas Baldwin', 'Dave Krenzer')",
,,,,"('David LeFeber', 'Dave Krenzer')",
