Actor Overlap,Relationship Overlap,Unique Newspaper Network Actors,Unique Meeting Minute Network Actors,Unique Newspaper Network Relationships,Unique Newspaper Network Relationships
Douglas Lum,"('Douglas Lum', 'David Grodsky')",Kevin Cross,Fairbrother,"('Douglas Lum', 'Kevin Cross')","('Fairbrother', 'Iorio')"
Paul Stein,"('Paul Stein', 'David Grodsky')",Lory Irwin,Pondolfino,"('Douglas Lum', 'Lory Irwin')","('Fairbrother', 'Pondolfino')"
William Beckwith,"('Douglas Lum', 'William Beckwith')",Mary Jo Long,Barry,"('Douglas Lum', 'Mary Jo Long')","('Fairbrother', 'Barry')"
David Grodsky,"('Douglas Lum', 'Paul Stein')",Rick Georgeson,Smith,"('Douglas Lum', 'Rick Georgeson')","('Fairbrother', 'Smith')"
,"('William Beckwith', 'David Grodsky')",Christine Todd Whitman,Mondore,"('Douglas Lum', 'Christine Todd Whitman')","('Fairbrother', 'Mondore')"
,"('William Beckwith', 'Paul Stein')",Walter Hang,Gage,"('Douglas Lum', 'Walter Hang')","('Fairbrother', 'Gage')"
,,Scott Fickbohm,William Magee,"('Douglas Lum', 'Scott Fickbohm')","('Fairbrother', 'William Magee')"
,,Brian Bock,Iorio,"('Douglas Lum', 'Brian Bock')","('Fairbrother', 'Paul Stein')"
,,,Rowe,"('Kevin Cross', 'Lory Irwin')","('Fairbrother', 'Rowe')"
,,,Paterson,"('Kevin Cross', 'Mary Jo Long')","('Fairbrother', 'Paterson')"
,,,Finch,"('Kevin Cross', 'Rick Georgeson')","('Fairbrother', 'Finch')"
,,,Savory,"('Kevin Cross', 'Christine Todd Whitman')","('Fairbrother', 'Savory')"
,,,White,"('Kevin Cross', 'William Beckwith')","('Fairbrother', 'White')"
,,,Powers,"('Kevin Cross', 'Walter Hang')","('Fairbrother', 'Powers')"
,,,Cahill,"('Kevin Cross', 'Scott Fickbohm')","('Fairbrother', 'Cahill')"
,,,Marron,"('Kevin Cross', 'Brian Bock')","('Fairbrother', 'Douglas Lum')"
,,,Conrow,"('Kevin Cross', 'Paul Stein')","('Fairbrother', 'Marron')"
,,,Manusco,"('Kevin Cross', 'David Grodsky')","('Fairbrother', 'Conrow')"
,,,DeMouth,"('Lory Irwin', 'Paul Stein')","('Fairbrother', 'Manusco')"
,,,Colley,"('Lory Irwin', 'Mary Jo Long')","('Fairbrother', 'DeMouth')"
,,,Mertzig,"('Lory Irwin', 'Rick Georgeson')","('Fairbrother', 'Colley')"
,,,Wells,"('Lory Irwin', 'Christine Todd Whitman')","('Fairbrother', 'Mertzig')"
,,,Rumovicz,"('Lory Irwin', 'William Beckwith')","('Fairbrother', 'Wells')"
,,,Dunkel,"('Lory Irwin', 'Walter Hang')","('Fairbrother', 'Rumovicz')"
,,,James Jackson,"('Lory Irwin', 'Scott Fickbohm')","('Fairbrother', 'Dunkel')"
,,,Galesky,"('Lory Irwin', 'Brian Bock')","('Fairbrother', 'James Jackson')"
,,,Doris Koop,"('Lory Irwin', 'David Grodsky')","('Fairbrother', 'Galesky')"
,,,Gannis,"('Mary Jo Long', 'Rick Georgeson')","('Fairbrother', 'Doris Koop')"
,,,Kupris,"('Mary Jo Long', 'Christine Todd Whitman')","('Fairbrother', 'Gannis')"
,,,Koop,"('Mary Jo Long', 'William Beckwith')","('Fairbrother', 'Kupris')"
,,,Bilek,"('Mary Jo Long', 'Walter Hang')","('Fairbrother', 'Koop')"
,,,Giaccone,"('Mary Jo Long', 'Scott Fickbohm')","('Fairbrother', 'Bilek')"
,,,Lane,"('Mary Jo Long', 'Brian Bock')","('Fairbrother', 'Giaccone')"
,,,Keenberg,"('Mary Jo Long', 'Paul Stein')","('Fairbrother', 'Lane')"
,,,George Kukulech,"('Mary Jo Long', 'David Grodsky')","('Fairbrother', 'Keenberg')"
,,,Michael Berthel,"('Rick Georgeson', 'Christine Todd Whitman')","('Fairbrother', 'George Kukulech')"
,,,Schneider,"('Rick Georgeson', 'William Beckwith')","('Fairbrother', 'Michael Berthel')"
,,,Hoffman,"('Rick Georgeson', 'Walter Hang')","('Fairbrother', 'Schneider')"
,,,Donna Wells,"('Rick Georgeson', 'Scott Fickbohm')","('Fairbrother', 'Hoffman')"
,,,Lidell,"('Rick Georgeson', 'Brian Bock')","('Fairbrother', 'William Beckwith')"
,,,Michael Berthal,"('Rick Georgeson', 'Paul Stein')","('Fairbrother', 'Donna Wells')"
,,,Curto,"('Rick Georgeson', 'David Grodsky')","('Fairbrother', 'Lidell')"
,,,Slottje,"('Christine Todd Whitman', 'William Beckwith')","('Fairbrother', 'Michael Berthal')"
,,,Austin,"('Christine Todd Whitman', 'Walter Hang')","('Fairbrother', 'Curto')"
,,,Westfall,"('Christine Todd Whitman', 'Scott Fickbohm')","('Fairbrother', 'Slottje')"
,,,Lewis Miller,"('Christine Todd Whitman', 'Brian Bock')","('Fairbrother', 'Austin')"
,,,Seward,"('Christine Todd Whitman', 'Paul Stein')","('Fairbrother', 'Westfall')"
,,,Golden,"('Christine Todd Whitman', 'David Grodsky')","('Fairbrother', 'Lewis Miller')"
,,,McLeod,"('William Beckwith', 'Walter Hang')","('Fairbrother', 'Seward')"
,,,Taylor,"('William Beckwith', 'Scott Fickbohm')","('Fairbrother', 'Golden')"
,,,Gary Potter,"('William Beckwith', 'Brian Bock')","('Fairbrother', 'McLeod')"
,,,Mohr,"('Walter Hang', 'Scott Fickbohm')","('Fairbrother', 'Taylor')"
,,,Genung,"('Walter Hang', 'Brian Bock')","('Fairbrother', 'Gary Potter')"
,,,Fish,"('Walter Hang', 'Paul Stein')","('Fairbrother', 'Mohr')"
,,,Rina Shamieh,"('Walter Hang', 'David Grodsky')","('Fairbrother', 'Genung')"
,,,Schmelzer,"('Scott Fickbohm', 'Brian Bock')","('Fairbrother', 'Fish')"
,,,O Brien,"('Scott Fickbohm', 'Paul Stein')","('Fairbrother', 'Rina Shamieh')"
,,,Jeffrey Utter,"('Scott Fickbohm', 'David Grodsky')","('Fairbrother', 'Schmelzer')"
,,,Macumber,"('Brian Bock', 'Paul Stein')","('Fairbrother', 'O Brien')"
,,,James Austin,"('Brian Bock', 'David Grodsky')","('Fairbrother', 'Jeffrey Utter')"
,,,Pittsley,,"('Fairbrother', 'Macumber')"
,,,Raegan,,"('Fairbrother', 'James Austin')"
,,,Bishop,,"('Fairbrother', 'David Grodsky')"
,,,Gloden,,"('Fairbrother', 'Pittsley')"
,,,,,"('Fairbrother', 'Raegan')"
,,,,,"('Fairbrother', 'Bishop')"
,,,,,"('Fairbrother', 'Gloden')"
,,,,,"('Pondolfino', 'Barry')"
,,,,,"('Pondolfino', 'Smith')"
,,,,,"('Pondolfino', 'Mondore')"
,,,,,"('Pondolfino', 'Gage')"
,,,,,"('Pondolfino', 'William Magee')"
,,,,,"('Pondolfino', 'Iorio')"
,,,,,"('Pondolfino', 'Rowe')"
,,,,,"('Pondolfino', 'Paterson')"
,,,,,"('Pondolfino', 'Finch')"
,,,,,"('Pondolfino', 'Savory')"
,,,,,"('Pondolfino', 'White')"
,,,,,"('Pondolfino', 'Powers')"
,,,,,"('Pondolfino', 'Cahill')"
,,,,,"('Pondolfino', 'Douglas Lum')"
,,,,,"('Pondolfino', 'Marron')"
,,,,,"('Pondolfino', 'Conrow')"
,,,,,"('Pondolfino', 'Manusco')"
,,,,,"('Pondolfino', 'DeMouth')"
,,,,,"('Pondolfino', 'Colley')"
,,,,,"('Pondolfino', 'Mertzig')"
,,,,,"('Pondolfino', 'Wells')"
,,,,,"('Pondolfino', 'Rumovicz')"
,,,,,"('Pondolfino', 'Dunkel')"
,,,,,"('Pondolfino', 'James Jackson')"
,,,,,"('Pondolfino', 'Galesky')"
,,,,,"('Pondolfino', 'Doris Koop')"
,,,,,"('Pondolfino', 'Gannis')"
,,,,,"('Pondolfino', 'Kupris')"
,,,,,"('Pondolfino', 'Koop')"
,,,,,"('Pondolfino', 'Bilek')"
,,,,,"('Pondolfino', 'Giaccone')"
,,,,,"('Pondolfino', 'Lane')"
,,,,,"('Pondolfino', 'Keenberg')"
,,,,,"('Pondolfino', 'George Kukulech')"
,,,,,"('Pondolfino', 'Michael Berthel')"
,,,,,"('Pondolfino', 'William Beckwith')"
,,,,,"('Pondolfino', 'Schneider')"
,,,,,"('Pondolfino', 'Hoffman')"
,,,,,"('Pondolfino', 'Paul Stein')"
,,,,,"('Pondolfino', 'Donna Wells')"
,,,,,"('Pondolfino', 'Lidell')"
,,,,,"('Pondolfino', 'Michael Berthal')"
,,,,,"('Pondolfino', 'Curto')"
,,,,,"('Pondolfino', 'Slottje')"
,,,,,"('Pondolfino', 'Austin')"
,,,,,"('Pondolfino', 'Westfall')"
,,,,,"('Pondolfino', 'Lewis Miller')"
,,,,,"('Pondolfino', 'Seward')"
,,,,,"('Pondolfino', 'Golden')"
,,,,,"('Pondolfino', 'McLeod')"
,,,,,"('Pondolfino', 'Taylor')"
,,,,,"('Pondolfino', 'Gary Potter')"
,,,,,"('Pondolfino', 'Mohr')"
,,,,,"('Pondolfino', 'Genung')"
,,,,,"('Pondolfino', 'Fish')"
,,,,,"('Pondolfino', 'Rina Shamieh')"
,,,,,"('Pondolfino', 'Schmelzer')"
,,,,,"('Pondolfino', 'O Brien')"
,,,,,"('Pondolfino', 'Jeffrey Utter')"
,,,,,"('Pondolfino', 'Macumber')"
,,,,,"('Pondolfino', 'James Austin')"
,,,,,"('Pondolfino', 'David Grodsky')"
,,,,,"('Pondolfino', 'Pittsley')"
,,,,,"('Pondolfino', 'Raegan')"
,,,,,"('Pondolfino', 'Bishop')"
,,,,,"('Pondolfino', 'Gloden')"
,,,,,"('Barry', 'Smith')"
,,,,,"('Barry', 'Mondore')"
,,,,,"('Barry', 'Gage')"
,,,,,"('Barry', 'William Magee')"
,,,,,"('Barry', 'Iorio')"
,,,,,"('Barry', 'Rowe')"
,,,,,"('Barry', 'Paterson')"
,,,,,"('Barry', 'Finch')"
,,,,,"('Barry', 'Savory')"
,,,,,"('Barry', 'White')"
,,,,,"('Barry', 'Powers')"
,,,,,"('Barry', 'Cahill')"
,,,,,"('Barry', 'Douglas Lum')"
,,,,,"('Barry', 'Marron')"
,,,,,"('Barry', 'Conrow')"
,,,,,"('Barry', 'Manusco')"
,,,,,"('Barry', 'DeMouth')"
,,,,,"('Barry', 'Colley')"
,,,,,"('Barry', 'Mertzig')"
,,,,,"('Barry', 'Wells')"
,,,,,"('Barry', 'Rumovicz')"
,,,,,"('Barry', 'Dunkel')"
,,,,,"('Barry', 'James Jackson')"
,,,,,"('Barry', 'Galesky')"
,,,,,"('Barry', 'Doris Koop')"
,,,,,"('Barry', 'Gannis')"
,,,,,"('Barry', 'Kupris')"
,,,,,"('Barry', 'Koop')"
,,,,,"('Barry', 'Bilek')"
,,,,,"('Barry', 'Giaccone')"
,,,,,"('Barry', 'Lane')"
,,,,,"('Barry', 'Keenberg')"
,,,,,"('Barry', 'George Kukulech')"
,,,,,"('Barry', 'Michael Berthel')"
,,,,,"('Barry', 'William Beckwith')"
,,,,,"('Barry', 'Schneider')"
,,,,,"('Barry', 'Hoffman')"
,,,,,"('Barry', 'Paul Stein')"
,,,,,"('Barry', 'Donna Wells')"
,,,,,"('Barry', 'Lidell')"
,,,,,"('Barry', 'Michael Berthal')"
,,,,,"('Barry', 'Curto')"
,,,,,"('Barry', 'Slottje')"
,,,,,"('Barry', 'Austin')"
,,,,,"('Barry', 'Westfall')"
,,,,,"('Barry', 'Lewis Miller')"
,,,,,"('Barry', 'Seward')"
,,,,,"('Barry', 'Golden')"
,,,,,"('Barry', 'McLeod')"
,,,,,"('Barry', 'Taylor')"
,,,,,"('Barry', 'Gary Potter')"
,,,,,"('Barry', 'Mohr')"
,,,,,"('Barry', 'Genung')"
,,,,,"('Barry', 'Fish')"
,,,,,"('Barry', 'Rina Shamieh')"
,,,,,"('Barry', 'Schmelzer')"
,,,,,"('Barry', 'O Brien')"
,,,,,"('Barry', 'Jeffrey Utter')"
,,,,,"('Barry', 'Macumber')"
,,,,,"('Barry', 'James Austin')"
,,,,,"('Barry', 'David Grodsky')"
,,,,,"('Barry', 'Pittsley')"
,,,,,"('Barry', 'Raegan')"
,,,,,"('Barry', 'Bishop')"
,,,,,"('Barry', 'Gloden')"
,,,,,"('Smith', 'Mondore')"
,,,,,"('Smith', 'Gage')"
,,,,,"('Smith', 'William Magee')"
,,,,,"('Smith', 'Iorio')"
,,,,,"('Smith', 'Rowe')"
,,,,,"('Smith', 'Paterson')"
,,,,,"('Smith', 'Finch')"
,,,,,"('Smith', 'Savory')"
,,,,,"('Smith', 'White')"
,,,,,"('Smith', 'Powers')"
,,,,,"('Smith', 'Cahill')"
,,,,,"('Smith', 'Douglas Lum')"
,,,,,"('Smith', 'Marron')"
,,,,,"('Smith', 'Conrow')"
,,,,,"('Smith', 'Manusco')"
,,,,,"('Smith', 'DeMouth')"
,,,,,"('Smith', 'Colley')"
,,,,,"('Smith', 'Mertzig')"
,,,,,"('Smith', 'Wells')"
,,,,,"('Smith', 'Rumovicz')"
,,,,,"('Smith', 'Dunkel')"
,,,,,"('Smith', 'James Jackson')"
,,,,,"('Smith', 'Galesky')"
,,,,,"('Smith', 'Doris Koop')"
,,,,,"('Smith', 'Gannis')"
,,,,,"('Smith', 'Kupris')"
,,,,,"('Smith', 'Koop')"
,,,,,"('Smith', 'Bilek')"
,,,,,"('Smith', 'Giaccone')"
,,,,,"('Smith', 'Lane')"
,,,,,"('Smith', 'Keenberg')"
,,,,,"('Smith', 'George Kukulech')"
,,,,,"('Smith', 'Michael Berthel')"
,,,,,"('Smith', 'William Beckwith')"
,,,,,"('Smith', 'Schneider')"
,,,,,"('Smith', 'Hoffman')"
,,,,,"('Smith', 'Paul Stein')"
,,,,,"('Smith', 'Donna Wells')"
,,,,,"('Smith', 'Lidell')"
,,,,,"('Smith', 'Michael Berthal')"
,,,,,"('Smith', 'Curto')"
,,,,,"('Smith', 'Slottje')"
,,,,,"('Smith', 'Austin')"
,,,,,"('Smith', 'Westfall')"
,,,,,"('Smith', 'Lewis Miller')"
,,,,,"('Smith', 'Seward')"
,,,,,"('Smith', 'Golden')"
,,,,,"('Smith', 'McLeod')"
,,,,,"('Smith', 'Taylor')"
,,,,,"('Smith', 'Gary Potter')"
,,,,,"('Smith', 'Mohr')"
,,,,,"('Smith', 'Genung')"
,,,,,"('Smith', 'Fish')"
,,,,,"('Smith', 'Rina Shamieh')"
,,,,,"('Smith', 'Schmelzer')"
,,,,,"('Smith', 'O Brien')"
,,,,,"('Smith', 'Jeffrey Utter')"
,,,,,"('Smith', 'Macumber')"
,,,,,"('Smith', 'James Austin')"
,,,,,"('Smith', 'David Grodsky')"
,,,,,"('Smith', 'Pittsley')"
,,,,,"('Smith', 'Raegan')"
,,,,,"('Smith', 'Bishop')"
,,,,,"('Smith', 'Gloden')"
,,,,,"('Mondore', 'Gage')"
,,,,,"('Mondore', 'William Magee')"
,,,,,"('Mondore', 'Iorio')"
,,,,,"('Mondore', 'Rowe')"
,,,,,"('Mondore', 'Paterson')"
,,,,,"('Mondore', 'Finch')"
,,,,,"('Mondore', 'Savory')"
,,,,,"('Mondore', 'White')"
,,,,,"('Mondore', 'Powers')"
,,,,,"('Mondore', 'Cahill')"
,,,,,"('Mondore', 'Douglas Lum')"
,,,,,"('Mondore', 'Marron')"
,,,,,"('Mondore', 'Conrow')"
,,,,,"('Mondore', 'Manusco')"
,,,,,"('Mondore', 'DeMouth')"
,,,,,"('Mondore', 'Colley')"
,,,,,"('Mondore', 'Mertzig')"
,,,,,"('Mondore', 'Wells')"
,,,,,"('Mondore', 'Rumovicz')"
,,,,,"('Mondore', 'Dunkel')"
,,,,,"('Mondore', 'James Jackson')"
,,,,,"('Mondore', 'Galesky')"
,,,,,"('Mondore', 'Doris Koop')"
,,,,,"('Mondore', 'Gannis')"
,,,,,"('Mondore', 'Kupris')"
,,,,,"('Mondore', 'Koop')"
,,,,,"('Mondore', 'Bilek')"
,,,,,"('Mondore', 'Giaccone')"
,,,,,"('Mondore', 'Lane')"
,,,,,"('Mondore', 'Keenberg')"
,,,,,"('Mondore', 'George Kukulech')"
,,,,,"('Mondore', 'Michael Berthel')"
,,,,,"('Mondore', 'William Beckwith')"
,,,,,"('Mondore', 'Schneider')"
,,,,,"('Mondore', 'Hoffman')"
,,,,,"('Mondore', 'Paul Stein')"
,,,,,"('Mondore', 'Donna Wells')"
,,,,,"('Mondore', 'Lidell')"
,,,,,"('Mondore', 'Michael Berthal')"
,,,,,"('Mondore', 'Curto')"
,,,,,"('Mondore', 'Slottje')"
,,,,,"('Mondore', 'Austin')"
,,,,,"('Mondore', 'Westfall')"
,,,,,"('Mondore', 'Lewis Miller')"
,,,,,"('Mondore', 'Seward')"
,,,,,"('Mondore', 'Golden')"
,,,,,"('Mondore', 'McLeod')"
,,,,,"('Mondore', 'Taylor')"
,,,,,"('Mondore', 'Gary Potter')"
,,,,,"('Mondore', 'Mohr')"
,,,,,"('Mondore', 'Genung')"
,,,,,"('Mondore', 'Fish')"
,,,,,"('Mondore', 'Rina Shamieh')"
,,,,,"('Mondore', 'Schmelzer')"
,,,,,"('Mondore', 'O Brien')"
,,,,,"('Mondore', 'Jeffrey Utter')"
,,,,,"('Mondore', 'Macumber')"
,,,,,"('Mondore', 'James Austin')"
,,,,,"('Mondore', 'David Grodsky')"
,,,,,"('Mondore', 'Pittsley')"
,,,,,"('Mondore', 'Raegan')"
,,,,,"('Mondore', 'Bishop')"
,,,,,"('Mondore', 'Gloden')"
,,,,,"('Gage', 'William Magee')"
,,,,,"('Gage', 'Iorio')"
,,,,,"('Gage', 'Rowe')"
,,,,,"('Gage', 'Paterson')"
,,,,,"('Gage', 'Finch')"
,,,,,"('Gage', 'Savory')"
,,,,,"('Gage', 'White')"
,,,,,"('Gage', 'Powers')"
,,,,,"('Gage', 'Cahill')"
,,,,,"('Gage', 'Douglas Lum')"
,,,,,"('Gage', 'Marron')"
,,,,,"('Gage', 'Conrow')"
,,,,,"('Gage', 'Manusco')"
,,,,,"('Gage', 'DeMouth')"
,,,,,"('Gage', 'Colley')"
,,,,,"('Gage', 'Mertzig')"
,,,,,"('Gage', 'Wells')"
,,,,,"('Gage', 'Rumovicz')"
,,,,,"('Gage', 'Dunkel')"
,,,,,"('Gage', 'James Jackson')"
,,,,,"('Gage', 'Galesky')"
,,,,,"('Gage', 'Doris Koop')"
,,,,,"('Gage', 'Gannis')"
,,,,,"('Gage', 'Kupris')"
,,,,,"('Gage', 'Koop')"
,,,,,"('Gage', 'Bilek')"
,,,,,"('Gage', 'Giaccone')"
,,,,,"('Gage', 'Lane')"
,,,,,"('Gage', 'Keenberg')"
,,,,,"('Gage', 'George Kukulech')"
,,,,,"('Gage', 'Michael Berthel')"
,,,,,"('Gage', 'William Beckwith')"
,,,,,"('Gage', 'Schneider')"
,,,,,"('Gage', 'Hoffman')"
,,,,,"('Gage', 'Paul Stein')"
,,,,,"('Gage', 'Donna Wells')"
,,,,,"('Gage', 'Lidell')"
,,,,,"('Gage', 'Michael Berthal')"
,,,,,"('Gage', 'Curto')"
,,,,,"('Gage', 'Slottje')"
,,,,,"('Gage', 'Austin')"
,,,,,"('Gage', 'Westfall')"
,,,,,"('Gage', 'Lewis Miller')"
,,,,,"('Gage', 'Seward')"
,,,,,"('Gage', 'Golden')"
,,,,,"('Gage', 'McLeod')"
,,,,,"('Gage', 'Taylor')"
,,,,,"('Gage', 'Gary Potter')"
,,,,,"('Gage', 'Mohr')"
,,,,,"('Gage', 'Genung')"
,,,,,"('Gage', 'Fish')"
,,,,,"('Gage', 'Rina Shamieh')"
,,,,,"('Gage', 'Schmelzer')"
,,,,,"('Gage', 'O Brien')"
,,,,,"('Gage', 'Jeffrey Utter')"
,,,,,"('Gage', 'Macumber')"
,,,,,"('Gage', 'James Austin')"
,,,,,"('Gage', 'David Grodsky')"
,,,,,"('Gage', 'Pittsley')"
,,,,,"('Gage', 'Raegan')"
,,,,,"('Gage', 'Bishop')"
,,,,,"('Gage', 'Gloden')"
,,,,,"('William Magee', 'Iorio')"
,,,,,"('William Magee', 'Rowe')"
,,,,,"('William Magee', 'Paterson')"
,,,,,"('William Magee', 'Finch')"
,,,,,"('William Magee', 'Savory')"
,,,,,"('William Magee', 'White')"
,,,,,"('William Magee', 'Powers')"
,,,,,"('William Magee', 'Cahill')"
,,,,,"('William Magee', 'Douglas Lum')"
,,,,,"('William Magee', 'Marron')"
,,,,,"('William Magee', 'Conrow')"
,,,,,"('William Magee', 'Manusco')"
,,,,,"('William Magee', 'DeMouth')"
,,,,,"('William Magee', 'Colley')"
,,,,,"('William Magee', 'Mertzig')"
,,,,,"('William Magee', 'Wells')"
,,,,,"('William Magee', 'Rumovicz')"
,,,,,"('William Magee', 'Dunkel')"
,,,,,"('William Magee', 'James Jackson')"
,,,,,"('William Magee', 'Galesky')"
,,,,,"('William Magee', 'Doris Koop')"
,,,,,"('William Magee', 'Gannis')"
,,,,,"('William Magee', 'Kupris')"
,,,,,"('William Magee', 'Koop')"
,,,,,"('William Magee', 'Bilek')"
,,,,,"('William Magee', 'Giaccone')"
,,,,,"('William Magee', 'Lane')"
,,,,,"('William Magee', 'Keenberg')"
,,,,,"('William Magee', 'George Kukulech')"
,,,,,"('William Magee', 'Michael Berthel')"
,,,,,"('William Magee', 'William Beckwith')"
,,,,,"('William Magee', 'Schneider')"
,,,,,"('William Magee', 'Hoffman')"
,,,,,"('William Magee', 'Paul Stein')"
,,,,,"('William Magee', 'Donna Wells')"
,,,,,"('William Magee', 'Lidell')"
,,,,,"('William Magee', 'Michael Berthal')"
,,,,,"('William Magee', 'Curto')"
,,,,,"('William Magee', 'Slottje')"
,,,,,"('William Magee', 'Austin')"
,,,,,"('William Magee', 'Westfall')"
,,,,,"('William Magee', 'Lewis Miller')"
,,,,,"('William Magee', 'Seward')"
,,,,,"('William Magee', 'Golden')"
,,,,,"('William Magee', 'McLeod')"
,,,,,"('William Magee', 'Taylor')"
,,,,,"('William Magee', 'Gary Potter')"
,,,,,"('William Magee', 'Mohr')"
,,,,,"('William Magee', 'Genung')"
,,,,,"('William Magee', 'Fish')"
,,,,,"('William Magee', 'Rina Shamieh')"
,,,,,"('William Magee', 'Schmelzer')"
,,,,,"('William Magee', 'O Brien')"
,,,,,"('William Magee', 'Jeffrey Utter')"
,,,,,"('William Magee', 'Macumber')"
,,,,,"('William Magee', 'James Austin')"
,,,,,"('William Magee', 'David Grodsky')"
,,,,,"('William Magee', 'Pittsley')"
,,,,,"('William Magee', 'Raegan')"
,,,,,"('William Magee', 'Bishop')"
,,,,,"('William Magee', 'Gloden')"
,,,,,"('Iorio', 'Paul Stein')"
,,,,,"('Iorio', 'Rowe')"
,,,,,"('Iorio', 'Paterson')"
,,,,,"('Iorio', 'Finch')"
,,,,,"('Iorio', 'Savory')"
,,,,,"('Iorio', 'White')"
,,,,,"('Iorio', 'Powers')"
,,,,,"('Iorio', 'Cahill')"
,,,,,"('Iorio', 'Douglas Lum')"
,,,,,"('Iorio', 'Marron')"
,,,,,"('Iorio', 'Conrow')"
,,,,,"('Iorio', 'Manusco')"
,,,,,"('Iorio', 'DeMouth')"
,,,,,"('Iorio', 'Colley')"
,,,,,"('Iorio', 'Mertzig')"
,,,,,"('Iorio', 'Wells')"
,,,,,"('Iorio', 'Rumovicz')"
,,,,,"('Iorio', 'Dunkel')"
,,,,,"('Iorio', 'James Jackson')"
,,,,,"('Iorio', 'Galesky')"
,,,,,"('Iorio', 'Doris Koop')"
,,,,,"('Iorio', 'Gannis')"
,,,,,"('Iorio', 'Kupris')"
,,,,,"('Iorio', 'Koop')"
,,,,,"('Iorio', 'Bilek')"
,,,,,"('Iorio', 'Giaccone')"
,,,,,"('Iorio', 'Lane')"
,,,,,"('Iorio', 'Keenberg')"
,,,,,"('Iorio', 'George Kukulech')"
,,,,,"('Iorio', 'Michael Berthel')"
,,,,,"('Iorio', 'Schneider')"
,,,,,"('Iorio', 'Hoffman')"
,,,,,"('Iorio', 'William Beckwith')"
,,,,,"('Iorio', 'Donna Wells')"
,,,,,"('Iorio', 'Lidell')"
,,,,,"('Iorio', 'Michael Berthal')"
,,,,,"('Iorio', 'Curto')"
,,,,,"('Iorio', 'Slottje')"
,,,,,"('Iorio', 'Austin')"
,,,,,"('Iorio', 'Westfall')"
,,,,,"('Iorio', 'Lewis Miller')"
,,,,,"('Iorio', 'Seward')"
,,,,,"('Iorio', 'Golden')"
,,,,,"('Iorio', 'McLeod')"
,,,,,"('Iorio', 'Taylor')"
,,,,,"('Iorio', 'Gary Potter')"
,,,,,"('Iorio', 'Mohr')"
,,,,,"('Iorio', 'Genung')"
,,,,,"('Iorio', 'Fish')"
,,,,,"('Iorio', 'Rina Shamieh')"
,,,,,"('Iorio', 'Schmelzer')"
,,,,,"('Iorio', 'O Brien')"
,,,,,"('Iorio', 'Jeffrey Utter')"
,,,,,"('Iorio', 'Macumber')"
,,,,,"('Iorio', 'James Austin')"
,,,,,"('Iorio', 'David Grodsky')"
,,,,,"('Iorio', 'Pittsley')"
,,,,,"('Iorio', 'Raegan')"
,,,,,"('Iorio', 'Bishop')"
,,,,,"('Iorio', 'Gloden')"
,,,,,"('Rowe', 'Paterson')"
,,,,,"('Rowe', 'Finch')"
,,,,,"('Rowe', 'Savory')"
,,,,,"('Rowe', 'White')"
,,,,,"('Rowe', 'Powers')"
,,,,,"('Rowe', 'Cahill')"
,,,,,"('Rowe', 'Douglas Lum')"
,,,,,"('Rowe', 'Marron')"
,,,,,"('Rowe', 'Conrow')"
,,,,,"('Rowe', 'Manusco')"
,,,,,"('Rowe', 'DeMouth')"
,,,,,"('Rowe', 'Colley')"
,,,,,"('Rowe', 'Mertzig')"
,,,,,"('Rowe', 'Wells')"
,,,,,"('Rowe', 'Rumovicz')"
,,,,,"('Rowe', 'Dunkel')"
,,,,,"('Rowe', 'James Jackson')"
,,,,,"('Rowe', 'Galesky')"
,,,,,"('Rowe', 'Doris Koop')"
,,,,,"('Rowe', 'Gannis')"
,,,,,"('Rowe', 'Kupris')"
,,,,,"('Rowe', 'Koop')"
,,,,,"('Rowe', 'Bilek')"
,,,,,"('Rowe', 'Giaccone')"
,,,,,"('Rowe', 'Lane')"
,,,,,"('Rowe', 'Keenberg')"
,,,,,"('Rowe', 'George Kukulech')"
,,,,,"('Rowe', 'Michael Berthel')"
,,,,,"('Rowe', 'William Beckwith')"
,,,,,"('Rowe', 'Schneider')"
,,,,,"('Rowe', 'Hoffman')"
,,,,,"('Rowe', 'Paul Stein')"
,,,,,"('Rowe', 'Donna Wells')"
,,,,,"('Rowe', 'Lidell')"
,,,,,"('Rowe', 'Michael Berthal')"
,,,,,"('Rowe', 'Curto')"
,,,,,"('Rowe', 'Slottje')"
,,,,,"('Rowe', 'Austin')"
,,,,,"('Rowe', 'Westfall')"
,,,,,"('Rowe', 'Lewis Miller')"
,,,,,"('Rowe', 'Seward')"
,,,,,"('Rowe', 'Golden')"
,,,,,"('Rowe', 'McLeod')"
,,,,,"('Rowe', 'Taylor')"
,,,,,"('Rowe', 'Gary Potter')"
,,,,,"('Rowe', 'Mohr')"
,,,,,"('Rowe', 'Genung')"
,,,,,"('Rowe', 'Fish')"
,,,,,"('Rowe', 'Rina Shamieh')"
,,,,,"('Rowe', 'Schmelzer')"
,,,,,"('Rowe', 'O Brien')"
,,,,,"('Rowe', 'Jeffrey Utter')"
,,,,,"('Rowe', 'Macumber')"
,,,,,"('Rowe', 'James Austin')"
,,,,,"('Rowe', 'David Grodsky')"
,,,,,"('Rowe', 'Pittsley')"
,,,,,"('Rowe', 'Raegan')"
,,,,,"('Rowe', 'Bishop')"
,,,,,"('Rowe', 'Gloden')"
,,,,,"('Paterson', 'Finch')"
,,,,,"('Paterson', 'Savory')"
,,,,,"('Paterson', 'White')"
,,,,,"('Paterson', 'Powers')"
,,,,,"('Paterson', 'Cahill')"
,,,,,"('Paterson', 'Douglas Lum')"
,,,,,"('Paterson', 'Marron')"
,,,,,"('Paterson', 'Conrow')"
,,,,,"('Paterson', 'Manusco')"
,,,,,"('Paterson', 'DeMouth')"
,,,,,"('Paterson', 'Colley')"
,,,,,"('Paterson', 'Mertzig')"
,,,,,"('Paterson', 'Wells')"
,,,,,"('Paterson', 'Rumovicz')"
,,,,,"('Paterson', 'Dunkel')"
,,,,,"('Paterson', 'James Jackson')"
,,,,,"('Paterson', 'Galesky')"
,,,,,"('Paterson', 'Doris Koop')"
,,,,,"('Paterson', 'Gannis')"
,,,,,"('Paterson', 'Kupris')"
,,,,,"('Paterson', 'Koop')"
,,,,,"('Paterson', 'Bilek')"
,,,,,"('Paterson', 'Giaccone')"
,,,,,"('Paterson', 'Lane')"
,,,,,"('Paterson', 'Keenberg')"
,,,,,"('Paterson', 'George Kukulech')"
,,,,,"('Paterson', 'Michael Berthel')"
,,,,,"('Paterson', 'William Beckwith')"
,,,,,"('Paterson', 'Schneider')"
,,,,,"('Paterson', 'Hoffman')"
,,,,,"('Paterson', 'Paul Stein')"
,,,,,"('Paterson', 'Donna Wells')"
,,,,,"('Paterson', 'Lidell')"
,,,,,"('Paterson', 'Michael Berthal')"
,,,,,"('Paterson', 'Curto')"
,,,,,"('Paterson', 'Slottje')"
,,,,,"('Paterson', 'Austin')"
,,,,,"('Paterson', 'Westfall')"
,,,,,"('Paterson', 'Lewis Miller')"
,,,,,"('Paterson', 'Seward')"
,,,,,"('Paterson', 'Golden')"
,,,,,"('Paterson', 'McLeod')"
,,,,,"('Paterson', 'Taylor')"
,,,,,"('Paterson', 'Gary Potter')"
,,,,,"('Paterson', 'Mohr')"
,,,,,"('Paterson', 'Genung')"
,,,,,"('Paterson', 'Fish')"
,,,,,"('Paterson', 'Rina Shamieh')"
,,,,,"('Paterson', 'Schmelzer')"
,,,,,"('Paterson', 'O Brien')"
,,,,,"('Paterson', 'Jeffrey Utter')"
,,,,,"('Paterson', 'Macumber')"
,,,,,"('Paterson', 'James Austin')"
,,,,,"('Paterson', 'David Grodsky')"
,,,,,"('Paterson', 'Pittsley')"
,,,,,"('Paterson', 'Raegan')"
,,,,,"('Paterson', 'Bishop')"
,,,,,"('Paterson', 'Gloden')"
,,,,,"('Finch', 'Savory')"
,,,,,"('Finch', 'White')"
,,,,,"('Finch', 'Powers')"
,,,,,"('Finch', 'Cahill')"
,,,,,"('Finch', 'Douglas Lum')"
,,,,,"('Finch', 'Marron')"
,,,,,"('Finch', 'Conrow')"
,,,,,"('Finch', 'Manusco')"
,,,,,"('Finch', 'DeMouth')"
,,,,,"('Finch', 'Colley')"
,,,,,"('Finch', 'Mertzig')"
,,,,,"('Finch', 'Wells')"
,,,,,"('Finch', 'Rumovicz')"
,,,,,"('Finch', 'Dunkel')"
,,,,,"('Finch', 'James Jackson')"
,,,,,"('Finch', 'Galesky')"
,,,,,"('Finch', 'Doris Koop')"
,,,,,"('Finch', 'Gannis')"
,,,,,"('Finch', 'Kupris')"
,,,,,"('Finch', 'Koop')"
,,,,,"('Finch', 'Bilek')"
,,,,,"('Finch', 'Giaccone')"
,,,,,"('Finch', 'Lane')"
,,,,,"('Finch', 'Keenberg')"
,,,,,"('Finch', 'George Kukulech')"
,,,,,"('Finch', 'Michael Berthel')"
,,,,,"('Finch', 'William Beckwith')"
,,,,,"('Finch', 'Schneider')"
,,,,,"('Finch', 'Hoffman')"
,,,,,"('Finch', 'Paul Stein')"
,,,,,"('Finch', 'Donna Wells')"
,,,,,"('Finch', 'Lidell')"
,,,,,"('Finch', 'Michael Berthal')"
,,,,,"('Finch', 'Curto')"
,,,,,"('Finch', 'Slottje')"
,,,,,"('Finch', 'Austin')"
,,,,,"('Finch', 'Westfall')"
,,,,,"('Finch', 'Lewis Miller')"
,,,,,"('Finch', 'Seward')"
,,,,,"('Finch', 'Golden')"
,,,,,"('Finch', 'McLeod')"
,,,,,"('Finch', 'Taylor')"
,,,,,"('Finch', 'Gary Potter')"
,,,,,"('Finch', 'Mohr')"
,,,,,"('Finch', 'Genung')"
,,,,,"('Finch', 'Fish')"
,,,,,"('Finch', 'Rina Shamieh')"
,,,,,"('Finch', 'Schmelzer')"
,,,,,"('Finch', 'O Brien')"
,,,,,"('Finch', 'Jeffrey Utter')"
,,,,,"('Finch', 'Macumber')"
,,,,,"('Finch', 'James Austin')"
,,,,,"('Finch', 'David Grodsky')"
,,,,,"('Finch', 'Pittsley')"
,,,,,"('Finch', 'Raegan')"
,,,,,"('Finch', 'Bishop')"
,,,,,"('Finch', 'Gloden')"
,,,,,"('Savory', 'White')"
,,,,,"('Savory', 'Powers')"
,,,,,"('Savory', 'Cahill')"
,,,,,"('Savory', 'Douglas Lum')"
,,,,,"('Savory', 'Marron')"
,,,,,"('Savory', 'Conrow')"
,,,,,"('Savory', 'Manusco')"
,,,,,"('Savory', 'DeMouth')"
,,,,,"('Savory', 'Colley')"
,,,,,"('Savory', 'Mertzig')"
,,,,,"('Savory', 'Wells')"
,,,,,"('Savory', 'Rumovicz')"
,,,,,"('Savory', 'Dunkel')"
,,,,,"('Savory', 'James Jackson')"
,,,,,"('Savory', 'Galesky')"
,,,,,"('Savory', 'Doris Koop')"
,,,,,"('Savory', 'Gannis')"
,,,,,"('Savory', 'Kupris')"
,,,,,"('Savory', 'Koop')"
,,,,,"('Savory', 'Bilek')"
,,,,,"('Savory', 'Giaccone')"
,,,,,"('Savory', 'Lane')"
,,,,,"('Savory', 'Keenberg')"
,,,,,"('Savory', 'George Kukulech')"
,,,,,"('Savory', 'Michael Berthel')"
,,,,,"('Savory', 'William Beckwith')"
,,,,,"('Savory', 'Schneider')"
,,,,,"('Savory', 'Hoffman')"
,,,,,"('Savory', 'Paul Stein')"
,,,,,"('Savory', 'Donna Wells')"
,,,,,"('Savory', 'Lidell')"
,,,,,"('Savory', 'Michael Berthal')"
,,,,,"('Savory', 'Curto')"
,,,,,"('Savory', 'Slottje')"
,,,,,"('Savory', 'Austin')"
,,,,,"('Savory', 'Westfall')"
,,,,,"('Savory', 'Lewis Miller')"
,,,,,"('Savory', 'Seward')"
,,,,,"('Savory', 'Golden')"
,,,,,"('Savory', 'McLeod')"
,,,,,"('Savory', 'Taylor')"
,,,,,"('Savory', 'Gary Potter')"
,,,,,"('Savory', 'Mohr')"
,,,,,"('Savory', 'Genung')"
,,,,,"('Savory', 'Fish')"
,,,,,"('Savory', 'Rina Shamieh')"
,,,,,"('Savory', 'Schmelzer')"
,,,,,"('Savory', 'O Brien')"
,,,,,"('Savory', 'Jeffrey Utter')"
,,,,,"('Savory', 'Macumber')"
,,,,,"('Savory', 'James Austin')"
,,,,,"('Savory', 'David Grodsky')"
,,,,,"('Savory', 'Pittsley')"
,,,,,"('Savory', 'Raegan')"
,,,,,"('Savory', 'Bishop')"
,,,,,"('Savory', 'Gloden')"
,,,,,"('White', 'Powers')"
,,,,,"('White', 'Cahill')"
,,,,,"('White', 'Douglas Lum')"
,,,,,"('White', 'Marron')"
,,,,,"('White', 'Conrow')"
,,,,,"('White', 'Manusco')"
,,,,,"('White', 'DeMouth')"
,,,,,"('White', 'Colley')"
,,,,,"('White', 'Mertzig')"
,,,,,"('White', 'Wells')"
,,,,,"('White', 'Rumovicz')"
,,,,,"('White', 'Dunkel')"
,,,,,"('White', 'James Jackson')"
,,,,,"('White', 'Galesky')"
,,,,,"('White', 'Doris Koop')"
,,,,,"('White', 'Gannis')"
,,,,,"('White', 'Kupris')"
,,,,,"('White', 'Koop')"
,,,,,"('White', 'Bilek')"
,,,,,"('White', 'Giaccone')"
,,,,,"('White', 'Lane')"
,,,,,"('White', 'Keenberg')"
,,,,,"('White', 'George Kukulech')"
,,,,,"('White', 'Michael Berthel')"
,,,,,"('White', 'William Beckwith')"
,,,,,"('White', 'Schneider')"
,,,,,"('White', 'Hoffman')"
,,,,,"('White', 'Paul Stein')"
,,,,,"('White', 'Donna Wells')"
,,,,,"('White', 'Lidell')"
,,,,,"('White', 'Michael Berthal')"
,,,,,"('White', 'Curto')"
,,,,,"('White', 'Slottje')"
,,,,,"('White', 'Austin')"
,,,,,"('White', 'Westfall')"
,,,,,"('White', 'Lewis Miller')"
,,,,,"('White', 'Seward')"
,,,,,"('White', 'Golden')"
,,,,,"('White', 'McLeod')"
,,,,,"('White', 'Taylor')"
,,,,,"('White', 'Gary Potter')"
,,,,,"('White', 'Mohr')"
,,,,,"('White', 'Genung')"
,,,,,"('White', 'Fish')"
,,,,,"('White', 'Rina Shamieh')"
,,,,,"('White', 'Schmelzer')"
,,,,,"('White', 'O Brien')"
,,,,,"('White', 'Jeffrey Utter')"
,,,,,"('White', 'Macumber')"
,,,,,"('White', 'James Austin')"
,,,,,"('White', 'David Grodsky')"
,,,,,"('White', 'Pittsley')"
,,,,,"('White', 'Raegan')"
,,,,,"('White', 'Bishop')"
,,,,,"('White', 'Gloden')"
,,,,,"('Powers', 'Cahill')"
,,,,,"('Powers', 'Douglas Lum')"
,,,,,"('Powers', 'Marron')"
,,,,,"('Powers', 'Conrow')"
,,,,,"('Powers', 'Manusco')"
,,,,,"('Powers', 'DeMouth')"
,,,,,"('Powers', 'Colley')"
,,,,,"('Powers', 'Mertzig')"
,,,,,"('Powers', 'Wells')"
,,,,,"('Powers', 'Rumovicz')"
,,,,,"('Powers', 'Dunkel')"
,,,,,"('Powers', 'James Jackson')"
,,,,,"('Powers', 'Galesky')"
,,,,,"('Powers', 'Doris Koop')"
,,,,,"('Powers', 'Gannis')"
,,,,,"('Powers', 'Kupris')"
,,,,,"('Powers', 'Koop')"
,,,,,"('Powers', 'Bilek')"
,,,,,"('Powers', 'Giaccone')"
,,,,,"('Powers', 'Lane')"
,,,,,"('Powers', 'Keenberg')"
,,,,,"('Powers', 'George Kukulech')"
,,,,,"('Powers', 'Michael Berthel')"
,,,,,"('Powers', 'William Beckwith')"
,,,,,"('Powers', 'Schneider')"
,,,,,"('Powers', 'Hoffman')"
,,,,,"('Powers', 'Paul Stein')"
,,,,,"('Powers', 'Donna Wells')"
,,,,,"('Powers', 'Lidell')"
,,,,,"('Powers', 'Michael Berthal')"
,,,,,"('Powers', 'Curto')"
,,,,,"('Powers', 'Slottje')"
,,,,,"('Powers', 'Austin')"
,,,,,"('Powers', 'Westfall')"
,,,,,"('Powers', 'Lewis Miller')"
,,,,,"('Powers', 'Seward')"
,,,,,"('Powers', 'Golden')"
,,,,,"('Powers', 'McLeod')"
,,,,,"('Powers', 'Taylor')"
,,,,,"('Powers', 'Gary Potter')"
,,,,,"('Powers', 'Mohr')"
,,,,,"('Powers', 'Genung')"
,,,,,"('Powers', 'Fish')"
,,,,,"('Powers', 'Rina Shamieh')"
,,,,,"('Powers', 'Schmelzer')"
,,,,,"('Powers', 'O Brien')"
,,,,,"('Powers', 'Jeffrey Utter')"
,,,,,"('Powers', 'Macumber')"
,,,,,"('Powers', 'James Austin')"
,,,,,"('Powers', 'David Grodsky')"
,,,,,"('Powers', 'Pittsley')"
,,,,,"('Powers', 'Raegan')"
,,,,,"('Powers', 'Bishop')"
,,,,,"('Powers', 'Gloden')"
,,,,,"('Cahill', 'Douglas Lum')"
,,,,,"('Cahill', 'Marron')"
,,,,,"('Cahill', 'Conrow')"
,,,,,"('Cahill', 'Manusco')"
,,,,,"('Cahill', 'DeMouth')"
,,,,,"('Cahill', 'Colley')"
,,,,,"('Cahill', 'Mertzig')"
,,,,,"('Cahill', 'Wells')"
,,,,,"('Cahill', 'Rumovicz')"
,,,,,"('Cahill', 'Dunkel')"
,,,,,"('Cahill', 'James Jackson')"
,,,,,"('Cahill', 'Galesky')"
,,,,,"('Cahill', 'Doris Koop')"
,,,,,"('Cahill', 'Gannis')"
,,,,,"('Cahill', 'Kupris')"
,,,,,"('Cahill', 'Koop')"
,,,,,"('Cahill', 'Bilek')"
,,,,,"('Cahill', 'Giaccone')"
,,,,,"('Cahill', 'Lane')"
,,,,,"('Cahill', 'Keenberg')"
,,,,,"('Cahill', 'George Kukulech')"
,,,,,"('Cahill', 'Michael Berthel')"
,,,,,"('Cahill', 'William Beckwith')"
,,,,,"('Cahill', 'Schneider')"
,,,,,"('Cahill', 'Hoffman')"
,,,,,"('Cahill', 'Paul Stein')"
,,,,,"('Cahill', 'Donna Wells')"
,,,,,"('Cahill', 'Lidell')"
,,,,,"('Cahill', 'Michael Berthal')"
,,,,,"('Cahill', 'Curto')"
,,,,,"('Cahill', 'Slottje')"
,,,,,"('Cahill', 'Austin')"
,,,,,"('Cahill', 'Westfall')"
,,,,,"('Cahill', 'Lewis Miller')"
,,,,,"('Cahill', 'Seward')"
,,,,,"('Cahill', 'Golden')"
,,,,,"('Cahill', 'McLeod')"
,,,,,"('Cahill', 'Taylor')"
,,,,,"('Cahill', 'Gary Potter')"
,,,,,"('Cahill', 'Mohr')"
,,,,,"('Cahill', 'Genung')"
,,,,,"('Cahill', 'Fish')"
,,,,,"('Cahill', 'Rina Shamieh')"
,,,,,"('Cahill', 'Schmelzer')"
,,,,,"('Cahill', 'O Brien')"
,,,,,"('Cahill', 'Jeffrey Utter')"
,,,,,"('Cahill', 'Macumber')"
,,,,,"('Cahill', 'James Austin')"
,,,,,"('Cahill', 'David Grodsky')"
,,,,,"('Cahill', 'Pittsley')"
,,,,,"('Cahill', 'Raegan')"
,,,,,"('Cahill', 'Bishop')"
,,,,,"('Cahill', 'Gloden')"
,,,,,"('Douglas Lum', 'Marron')"
,,,,,"('Douglas Lum', 'Conrow')"
,,,,,"('Douglas Lum', 'Manusco')"
,,,,,"('Douglas Lum', 'DeMouth')"
,,,,,"('Douglas Lum', 'Colley')"
,,,,,"('Douglas Lum', 'Mertzig')"
,,,,,"('Douglas Lum', 'Wells')"
,,,,,"('Douglas Lum', 'Rumovicz')"
,,,,,"('Douglas Lum', 'Dunkel')"
,,,,,"('Douglas Lum', 'James Jackson')"
,,,,,"('Douglas Lum', 'Galesky')"
,,,,,"('Douglas Lum', 'Doris Koop')"
,,,,,"('Douglas Lum', 'Gannis')"
,,,,,"('Douglas Lum', 'Kupris')"
,,,,,"('Douglas Lum', 'Koop')"
,,,,,"('Douglas Lum', 'Bilek')"
,,,,,"('Douglas Lum', 'Giaccone')"
,,,,,"('Douglas Lum', 'Lane')"
,,,,,"('Douglas Lum', 'Keenberg')"
,,,,,"('Douglas Lum', 'George Kukulech')"
,,,,,"('Douglas Lum', 'Michael Berthel')"
,,,,,"('Douglas Lum', 'Schneider')"
,,,,,"('Douglas Lum', 'Hoffman')"
,,,,,"('Douglas Lum', 'Donna Wells')"
,,,,,"('Douglas Lum', 'Lidell')"
,,,,,"('Douglas Lum', 'Michael Berthal')"
,,,,,"('Douglas Lum', 'Curto')"
,,,,,"('Douglas Lum', 'Slottje')"
,,,,,"('Douglas Lum', 'Austin')"
,,,,,"('Douglas Lum', 'Westfall')"
,,,,,"('Douglas Lum', 'Lewis Miller')"
,,,,,"('Douglas Lum', 'Seward')"
,,,,,"('Douglas Lum', 'Golden')"
,,,,,"('Douglas Lum', 'McLeod')"
,,,,,"('Douglas Lum', 'Taylor')"
,,,,,"('Douglas Lum', 'Gary Potter')"
,,,,,"('Douglas Lum', 'Mohr')"
,,,,,"('Douglas Lum', 'Genung')"
,,,,,"('Douglas Lum', 'Fish')"
,,,,,"('Douglas Lum', 'Rina Shamieh')"
,,,,,"('Douglas Lum', 'Schmelzer')"
,,,,,"('Douglas Lum', 'O Brien')"
,,,,,"('Douglas Lum', 'Jeffrey Utter')"
,,,,,"('Douglas Lum', 'Macumber')"
,,,,,"('Douglas Lum', 'James Austin')"
,,,,,"('Douglas Lum', 'Pittsley')"
,,,,,"('Douglas Lum', 'Raegan')"
,,,,,"('Douglas Lum', 'Bishop')"
,,,,,"('Douglas Lum', 'Gloden')"
,,,,,"('Marron', 'Conrow')"
,,,,,"('Marron', 'Manusco')"
,,,,,"('Marron', 'DeMouth')"
,,,,,"('Marron', 'Colley')"
,,,,,"('Marron', 'Mertzig')"
,,,,,"('Marron', 'Wells')"
,,,,,"('Marron', 'Rumovicz')"
,,,,,"('Marron', 'Dunkel')"
,,,,,"('Marron', 'James Jackson')"
,,,,,"('Marron', 'Galesky')"
,,,,,"('Marron', 'Doris Koop')"
,,,,,"('Marron', 'Gannis')"
,,,,,"('Marron', 'Kupris')"
,,,,,"('Marron', 'Koop')"
,,,,,"('Marron', 'Bilek')"
,,,,,"('Marron', 'Giaccone')"
,,,,,"('Marron', 'Lane')"
,,,,,"('Marron', 'Keenberg')"
,,,,,"('Marron', 'George Kukulech')"
,,,,,"('Marron', 'Michael Berthel')"
,,,,,"('Marron', 'William Beckwith')"
,,,,,"('Marron', 'Schneider')"
,,,,,"('Marron', 'Hoffman')"
,,,,,"('Marron', 'Paul Stein')"
,,,,,"('Marron', 'Donna Wells')"
,,,,,"('Marron', 'Lidell')"
,,,,,"('Marron', 'Michael Berthal')"
,,,,,"('Marron', 'Curto')"
,,,,,"('Marron', 'Slottje')"
,,,,,"('Marron', 'Austin')"
,,,,,"('Marron', 'Westfall')"
,,,,,"('Marron', 'Lewis Miller')"
,,,,,"('Marron', 'Seward')"
,,,,,"('Marron', 'Golden')"
,,,,,"('Marron', 'McLeod')"
,,,,,"('Marron', 'Taylor')"
,,,,,"('Marron', 'Gary Potter')"
,,,,,"('Marron', 'Mohr')"
,,,,,"('Marron', 'Genung')"
,,,,,"('Marron', 'Fish')"
,,,,,"('Marron', 'Rina Shamieh')"
,,,,,"('Marron', 'Schmelzer')"
,,,,,"('Marron', 'O Brien')"
,,,,,"('Marron', 'Jeffrey Utter')"
,,,,,"('Marron', 'Macumber')"
,,,,,"('Marron', 'James Austin')"
,,,,,"('Marron', 'David Grodsky')"
,,,,,"('Marron', 'Pittsley')"
,,,,,"('Marron', 'Raegan')"
,,,,,"('Marron', 'Bishop')"
,,,,,"('Marron', 'Gloden')"
,,,,,"('Conrow', 'Manusco')"
,,,,,"('Conrow', 'DeMouth')"
,,,,,"('Conrow', 'Colley')"
,,,,,"('Conrow', 'Mertzig')"
,,,,,"('Conrow', 'Wells')"
,,,,,"('Conrow', 'Rumovicz')"
,,,,,"('Conrow', 'Dunkel')"
,,,,,"('Conrow', 'James Jackson')"
,,,,,"('Conrow', 'Galesky')"
,,,,,"('Conrow', 'Doris Koop')"
,,,,,"('Conrow', 'Gannis')"
,,,,,"('Conrow', 'Kupris')"
,,,,,"('Conrow', 'Koop')"
,,,,,"('Conrow', 'Bilek')"
,,,,,"('Conrow', 'Giaccone')"
,,,,,"('Conrow', 'Lane')"
,,,,,"('Conrow', 'Keenberg')"
,,,,,"('Conrow', 'George Kukulech')"
,,,,,"('Conrow', 'Michael Berthel')"
,,,,,"('Conrow', 'William Beckwith')"
,,,,,"('Conrow', 'Schneider')"
,,,,,"('Conrow', 'Hoffman')"
,,,,,"('Conrow', 'Paul Stein')"
,,,,,"('Conrow', 'Donna Wells')"
,,,,,"('Conrow', 'Lidell')"
,,,,,"('Conrow', 'Michael Berthal')"
,,,,,"('Conrow', 'Curto')"
,,,,,"('Conrow', 'Slottje')"
,,,,,"('Conrow', 'Austin')"
,,,,,"('Conrow', 'Westfall')"
,,,,,"('Conrow', 'Lewis Miller')"
,,,,,"('Conrow', 'Seward')"
,,,,,"('Conrow', 'Golden')"
,,,,,"('Conrow', 'McLeod')"
,,,,,"('Conrow', 'Taylor')"
,,,,,"('Conrow', 'Gary Potter')"
,,,,,"('Conrow', 'Mohr')"
,,,,,"('Conrow', 'Genung')"
,,,,,"('Conrow', 'Fish')"
,,,,,"('Conrow', 'Rina Shamieh')"
,,,,,"('Conrow', 'Schmelzer')"
,,,,,"('Conrow', 'O Brien')"
,,,,,"('Conrow', 'Jeffrey Utter')"
,,,,,"('Conrow', 'Macumber')"
,,,,,"('Conrow', 'James Austin')"
,,,,,"('Conrow', 'David Grodsky')"
,,,,,"('Conrow', 'Pittsley')"
,,,,,"('Conrow', 'Raegan')"
,,,,,"('Conrow', 'Bishop')"
,,,,,"('Conrow', 'Gloden')"
,,,,,"('Manusco', 'DeMouth')"
,,,,,"('Manusco', 'Colley')"
,,,,,"('Manusco', 'Mertzig')"
,,,,,"('Manusco', 'Wells')"
,,,,,"('Manusco', 'Rumovicz')"
,,,,,"('Manusco', 'Dunkel')"
,,,,,"('Manusco', 'James Jackson')"
,,,,,"('Manusco', 'Galesky')"
,,,,,"('Manusco', 'Doris Koop')"
,,,,,"('Manusco', 'Gannis')"
,,,,,"('Manusco', 'Kupris')"
,,,,,"('Manusco', 'Koop')"
,,,,,"('Manusco', 'Bilek')"
,,,,,"('Manusco', 'Giaccone')"
,,,,,"('Manusco', 'Lane')"
,,,,,"('Manusco', 'Keenberg')"
,,,,,"('Manusco', 'George Kukulech')"
,,,,,"('Manusco', 'Michael Berthel')"
,,,,,"('Manusco', 'William Beckwith')"
,,,,,"('Manusco', 'Schneider')"
,,,,,"('Manusco', 'Hoffman')"
,,,,,"('Manusco', 'Paul Stein')"
,,,,,"('Manusco', 'Donna Wells')"
,,,,,"('Manusco', 'Lidell')"
,,,,,"('Manusco', 'Michael Berthal')"
,,,,,"('Manusco', 'Curto')"
,,,,,"('Manusco', 'Slottje')"
,,,,,"('Manusco', 'Austin')"
,,,,,"('Manusco', 'Westfall')"
,,,,,"('Manusco', 'Lewis Miller')"
,,,,,"('Manusco', 'Seward')"
,,,,,"('Manusco', 'Golden')"
,,,,,"('Manusco', 'McLeod')"
,,,,,"('Manusco', 'Taylor')"
,,,,,"('Manusco', 'Gary Potter')"
,,,,,"('Manusco', 'Mohr')"
,,,,,"('Manusco', 'Genung')"
,,,,,"('Manusco', 'Fish')"
,,,,,"('Manusco', 'Rina Shamieh')"
,,,,,"('Manusco', 'Schmelzer')"
,,,,,"('Manusco', 'O Brien')"
,,,,,"('Manusco', 'Jeffrey Utter')"
,,,,,"('Manusco', 'Macumber')"
,,,,,"('Manusco', 'James Austin')"
,,,,,"('Manusco', 'David Grodsky')"
,,,,,"('Manusco', 'Pittsley')"
,,,,,"('Manusco', 'Raegan')"
,,,,,"('Manusco', 'Bishop')"
,,,,,"('Manusco', 'Gloden')"
,,,,,"('DeMouth', 'Colley')"
,,,,,"('DeMouth', 'Mertzig')"
,,,,,"('DeMouth', 'Wells')"
,,,,,"('DeMouth', 'Rumovicz')"
,,,,,"('DeMouth', 'Dunkel')"
,,,,,"('DeMouth', 'James Jackson')"
,,,,,"('DeMouth', 'Galesky')"
,,,,,"('DeMouth', 'Doris Koop')"
,,,,,"('DeMouth', 'Gannis')"
,,,,,"('DeMouth', 'Kupris')"
,,,,,"('DeMouth', 'Koop')"
,,,,,"('DeMouth', 'Bilek')"
,,,,,"('DeMouth', 'Giaccone')"
,,,,,"('DeMouth', 'Lane')"
,,,,,"('DeMouth', 'Keenberg')"
,,,,,"('DeMouth', 'George Kukulech')"
,,,,,"('DeMouth', 'Michael Berthel')"
,,,,,"('DeMouth', 'William Beckwith')"
,,,,,"('DeMouth', 'Schneider')"
,,,,,"('DeMouth', 'Hoffman')"
,,,,,"('DeMouth', 'Paul Stein')"
,,,,,"('DeMouth', 'Donna Wells')"
,,,,,"('DeMouth', 'Lidell')"
,,,,,"('DeMouth', 'Michael Berthal')"
,,,,,"('DeMouth', 'Curto')"
,,,,,"('DeMouth', 'Slottje')"
,,,,,"('DeMouth', 'Austin')"
,,,,,"('DeMouth', 'Westfall')"
,,,,,"('DeMouth', 'Lewis Miller')"
,,,,,"('DeMouth', 'Seward')"
,,,,,"('DeMouth', 'Golden')"
,,,,,"('DeMouth', 'McLeod')"
,,,,,"('DeMouth', 'Taylor')"
,,,,,"('DeMouth', 'Gary Potter')"
,,,,,"('DeMouth', 'Mohr')"
,,,,,"('DeMouth', 'Genung')"
,,,,,"('DeMouth', 'Fish')"
,,,,,"('DeMouth', 'Rina Shamieh')"
,,,,,"('DeMouth', 'Schmelzer')"
,,,,,"('DeMouth', 'O Brien')"
,,,,,"('DeMouth', 'Jeffrey Utter')"
,,,,,"('DeMouth', 'Macumber')"
,,,,,"('DeMouth', 'James Austin')"
,,,,,"('DeMouth', 'David Grodsky')"
,,,,,"('DeMouth', 'Pittsley')"
,,,,,"('DeMouth', 'Raegan')"
,,,,,"('DeMouth', 'Bishop')"
,,,,,"('DeMouth', 'Gloden')"
,,,,,"('Colley', 'Hoffman')"
,,,,,"('Colley', 'Mertzig')"
,,,,,"('Colley', 'Wells')"
,,,,,"('Colley', 'Rumovicz')"
,,,,,"('Colley', 'Dunkel')"
,,,,,"('Colley', 'James Jackson')"
,,,,,"('Colley', 'Galesky')"
,,,,,"('Colley', 'Doris Koop')"
,,,,,"('Colley', 'Gannis')"
,,,,,"('Colley', 'Kupris')"
,,,,,"('Colley', 'Koop')"
,,,,,"('Colley', 'Bilek')"
,,,,,"('Colley', 'Giaccone')"
,,,,,"('Colley', 'Lane')"
,,,,,"('Colley', 'Keenberg')"
,,,,,"('Colley', 'George Kukulech')"
,,,,,"('Colley', 'Michael Berthel')"
,,,,,"('Colley', 'William Beckwith')"
,,,,,"('Colley', 'Schneider')"
,,,,,"('Colley', 'Paul Stein')"
,,,,,"('Colley', 'Donna Wells')"
,,,,,"('Colley', 'Lidell')"
,,,,,"('Colley', 'Michael Berthal')"
,,,,,"('Colley', 'Curto')"
,,,,,"('Colley', 'Slottje')"
,,,,,"('Colley', 'Austin')"
,,,,,"('Colley', 'Westfall')"
,,,,,"('Colley', 'Lewis Miller')"
,,,,,"('Colley', 'Seward')"
,,,,,"('Colley', 'Golden')"
,,,,,"('Colley', 'McLeod')"
,,,,,"('Colley', 'Taylor')"
,,,,,"('Colley', 'Gary Potter')"
,,,,,"('Colley', 'Mohr')"
,,,,,"('Colley', 'Genung')"
,,,,,"('Colley', 'Fish')"
,,,,,"('Colley', 'Rina Shamieh')"
,,,,,"('Colley', 'Schmelzer')"
,,,,,"('Colley', 'O Brien')"
,,,,,"('Colley', 'Jeffrey Utter')"
,,,,,"('Colley', 'Macumber')"
,,,,,"('Colley', 'James Austin')"
,,,,,"('Colley', 'David Grodsky')"
,,,,,"('Colley', 'Pittsley')"
,,,,,"('Colley', 'Raegan')"
,,,,,"('Colley', 'Bishop')"
,,,,,"('Colley', 'Gloden')"
,,,,,"('Mertzig', 'Wells')"
,,,,,"('Mertzig', 'Rumovicz')"
,,,,,"('Mertzig', 'Dunkel')"
,,,,,"('Mertzig', 'James Jackson')"
,,,,,"('Mertzig', 'Galesky')"
,,,,,"('Mertzig', 'Doris Koop')"
,,,,,"('Mertzig', 'Gannis')"
,,,,,"('Mertzig', 'Kupris')"
,,,,,"('Mertzig', 'Koop')"
,,,,,"('Mertzig', 'Bilek')"
,,,,,"('Mertzig', 'Giaccone')"
,,,,,"('Mertzig', 'Lane')"
,,,,,"('Mertzig', 'Keenberg')"
,,,,,"('Mertzig', 'George Kukulech')"
,,,,,"('Mertzig', 'Michael Berthel')"
,,,,,"('Mertzig', 'William Beckwith')"
,,,,,"('Mertzig', 'Schneider')"
,,,,,"('Mertzig', 'Hoffman')"
,,,,,"('Mertzig', 'Paul Stein')"
,,,,,"('Mertzig', 'Donna Wells')"
,,,,,"('Mertzig', 'Lidell')"
,,,,,"('Mertzig', 'Michael Berthal')"
,,,,,"('Mertzig', 'Curto')"
,,,,,"('Mertzig', 'Slottje')"
,,,,,"('Mertzig', 'Austin')"
,,,,,"('Mertzig', 'Westfall')"
,,,,,"('Mertzig', 'Lewis Miller')"
,,,,,"('Mertzig', 'Seward')"
,,,,,"('Mertzig', 'Golden')"
,,,,,"('Mertzig', 'McLeod')"
,,,,,"('Mertzig', 'Taylor')"
,,,,,"('Mertzig', 'Gary Potter')"
,,,,,"('Mertzig', 'Mohr')"
,,,,,"('Mertzig', 'Genung')"
,,,,,"('Mertzig', 'Fish')"
,,,,,"('Mertzig', 'Rina Shamieh')"
,,,,,"('Mertzig', 'Schmelzer')"
,,,,,"('Mertzig', 'O Brien')"
,,,,,"('Mertzig', 'Jeffrey Utter')"
,,,,,"('Mertzig', 'Macumber')"
,,,,,"('Mertzig', 'James Austin')"
,,,,,"('Mertzig', 'David Grodsky')"
,,,,,"('Mertzig', 'Pittsley')"
,,,,,"('Mertzig', 'Raegan')"
,,,,,"('Mertzig', 'Bishop')"
,,,,,"('Mertzig', 'Gloden')"
,,,,,"('Wells', 'Rumovicz')"
,,,,,"('Wells', 'Dunkel')"
,,,,,"('Wells', 'James Jackson')"
,,,,,"('Wells', 'Galesky')"
,,,,,"('Wells', 'Doris Koop')"
,,,,,"('Wells', 'Gannis')"
,,,,,"('Wells', 'Kupris')"
,,,,,"('Wells', 'Koop')"
,,,,,"('Wells', 'Bilek')"
,,,,,"('Wells', 'Giaccone')"
,,,,,"('Wells', 'Lane')"
,,,,,"('Wells', 'Keenberg')"
,,,,,"('Wells', 'George Kukulech')"
,,,,,"('Wells', 'Michael Berthel')"
,,,,,"('Wells', 'William Beckwith')"
,,,,,"('Wells', 'Schneider')"
,,,,,"('Wells', 'Hoffman')"
,,,,,"('Wells', 'Paul Stein')"
,,,,,"('Wells', 'Donna Wells')"
,,,,,"('Wells', 'Lidell')"
,,,,,"('Wells', 'Michael Berthal')"
,,,,,"('Wells', 'Curto')"
,,,,,"('Wells', 'Slottje')"
,,,,,"('Wells', 'Austin')"
,,,,,"('Wells', 'Westfall')"
,,,,,"('Wells', 'Lewis Miller')"
,,,,,"('Wells', 'Seward')"
,,,,,"('Wells', 'Golden')"
,,,,,"('Wells', 'McLeod')"
,,,,,"('Wells', 'Taylor')"
,,,,,"('Wells', 'Gary Potter')"
,,,,,"('Wells', 'Mohr')"
,,,,,"('Wells', 'Genung')"
,,,,,"('Wells', 'Fish')"
,,,,,"('Wells', 'Rina Shamieh')"
,,,,,"('Wells', 'Schmelzer')"
,,,,,"('Wells', 'O Brien')"
,,,,,"('Wells', 'Jeffrey Utter')"
,,,,,"('Wells', 'Macumber')"
,,,,,"('Wells', 'James Austin')"
,,,,,"('Wells', 'David Grodsky')"
,,,,,"('Wells', 'Pittsley')"
,,,,,"('Wells', 'Raegan')"
,,,,,"('Wells', 'Bishop')"
,,,,,"('Wells', 'Gloden')"
,,,,,"('Rumovicz', 'Dunkel')"
,,,,,"('Rumovicz', 'James Jackson')"
,,,,,"('Rumovicz', 'Galesky')"
,,,,,"('Rumovicz', 'Doris Koop')"
,,,,,"('Rumovicz', 'Gannis')"
,,,,,"('Rumovicz', 'Kupris')"
,,,,,"('Rumovicz', 'Koop')"
,,,,,"('Rumovicz', 'Bilek')"
,,,,,"('Rumovicz', 'Giaccone')"
,,,,,"('Rumovicz', 'Lane')"
,,,,,"('Rumovicz', 'Keenberg')"
,,,,,"('Rumovicz', 'George Kukulech')"
,,,,,"('Rumovicz', 'Michael Berthel')"
,,,,,"('Rumovicz', 'William Beckwith')"
,,,,,"('Rumovicz', 'Schneider')"
,,,,,"('Rumovicz', 'Hoffman')"
,,,,,"('Rumovicz', 'Paul Stein')"
,,,,,"('Rumovicz', 'Donna Wells')"
,,,,,"('Rumovicz', 'Lidell')"
,,,,,"('Rumovicz', 'Michael Berthal')"
,,,,,"('Rumovicz', 'Curto')"
,,,,,"('Rumovicz', 'Slottje')"
,,,,,"('Rumovicz', 'Austin')"
,,,,,"('Rumovicz', 'Westfall')"
,,,,,"('Rumovicz', 'Lewis Miller')"
,,,,,"('Rumovicz', 'Seward')"
,,,,,"('Rumovicz', 'Golden')"
,,,,,"('Rumovicz', 'McLeod')"
,,,,,"('Rumovicz', 'Taylor')"
,,,,,"('Rumovicz', 'Gary Potter')"
,,,,,"('Rumovicz', 'Mohr')"
,,,,,"('Rumovicz', 'Genung')"
,,,,,"('Rumovicz', 'Fish')"
,,,,,"('Rumovicz', 'Rina Shamieh')"
,,,,,"('Rumovicz', 'Schmelzer')"
,,,,,"('Rumovicz', 'O Brien')"
,,,,,"('Rumovicz', 'Jeffrey Utter')"
,,,,,"('Rumovicz', 'Macumber')"
,,,,,"('Rumovicz', 'James Austin')"
,,,,,"('Rumovicz', 'David Grodsky')"
,,,,,"('Rumovicz', 'Pittsley')"
,,,,,"('Rumovicz', 'Raegan')"
,,,,,"('Rumovicz', 'Bishop')"
,,,,,"('Rumovicz', 'Gloden')"
,,,,,"('Dunkel', 'James Austin')"
,,,,,"('Dunkel', 'James Jackson')"
,,,,,"('Dunkel', 'Galesky')"
,,,,,"('Dunkel', 'Doris Koop')"
,,,,,"('Dunkel', 'Gannis')"
,,,,,"('Dunkel', 'O Brien')"
,,,,,"('Dunkel', 'Koop')"
,,,,,"('Dunkel', 'Bilek')"
,,,,,"('Dunkel', 'Giaccone')"
,,,,,"('Dunkel', 'Lane')"
,,,,,"('Dunkel', 'Keenberg')"
,,,,,"('Dunkel', 'George Kukulech')"
,,,,,"('Dunkel', 'Michael Berthel')"
,,,,,"('Dunkel', 'William Beckwith')"
,,,,,"('Dunkel', 'Schneider')"
,,,,,"('Dunkel', 'Hoffman')"
,,,,,"('Dunkel', 'Paul Stein')"
,,,,,"('Dunkel', 'Donna Wells')"
,,,,,"('Dunkel', 'Lidell')"
,,,,,"('Dunkel', 'Michael Berthal')"
,,,,,"('Dunkel', 'Curto')"
,,,,,"('Dunkel', 'Slottje')"
,,,,,"('Dunkel', 'Austin')"
,,,,,"('Dunkel', 'Westfall')"
,,,,,"('Dunkel', 'Lewis Miller')"
,,,,,"('Dunkel', 'Seward')"
,,,,,"('Dunkel', 'Golden')"
,,,,,"('Dunkel', 'McLeod')"
,,,,,"('Dunkel', 'Taylor')"
,,,,,"('Dunkel', 'Gary Potter')"
,,,,,"('Dunkel', 'Mohr')"
,,,,,"('Dunkel', 'Genung')"
,,,,,"('Dunkel', 'Fish')"
,,,,,"('Dunkel', 'Rina Shamieh')"
,,,,,"('Dunkel', 'Schmelzer')"
,,,,,"('Dunkel', 'Jeffrey Utter')"
,,,,,"('Dunkel', 'Macumber')"
,,,,,"('Dunkel', 'Kupris')"
,,,,,"('Dunkel', 'David Grodsky')"
,,,,,"('Dunkel', 'Pittsley')"
,,,,,"('Dunkel', 'Raegan')"
,,,,,"('Dunkel', 'Bishop')"
,,,,,"('Dunkel', 'Gloden')"
,,,,,"('James Jackson', 'Galesky')"
,,,,,"('James Jackson', 'Doris Koop')"
,,,,,"('James Jackson', 'Gannis')"
,,,,,"('James Jackson', 'Kupris')"
,,,,,"('James Jackson', 'Koop')"
,,,,,"('James Jackson', 'Bilek')"
,,,,,"('James Jackson', 'Giaccone')"
,,,,,"('James Jackson', 'Lane')"
,,,,,"('James Jackson', 'Keenberg')"
,,,,,"('James Jackson', 'George Kukulech')"
,,,,,"('James Jackson', 'Michael Berthel')"
,,,,,"('James Jackson', 'William Beckwith')"
,,,,,"('James Jackson', 'Schneider')"
,,,,,"('James Jackson', 'Hoffman')"
,,,,,"('James Jackson', 'Paul Stein')"
,,,,,"('James Jackson', 'Donna Wells')"
,,,,,"('James Jackson', 'Lidell')"
,,,,,"('James Jackson', 'Michael Berthal')"
,,,,,"('James Jackson', 'Curto')"
,,,,,"('James Jackson', 'Slottje')"
,,,,,"('James Jackson', 'Austin')"
,,,,,"('James Jackson', 'Westfall')"
,,,,,"('James Jackson', 'Lewis Miller')"
,,,,,"('James Jackson', 'Seward')"
,,,,,"('James Jackson', 'Golden')"
,,,,,"('James Jackson', 'McLeod')"
,,,,,"('James Jackson', 'Taylor')"
,,,,,"('James Jackson', 'Gary Potter')"
,,,,,"('James Jackson', 'Mohr')"
,,,,,"('James Jackson', 'Genung')"
,,,,,"('James Jackson', 'Fish')"
,,,,,"('James Jackson', 'Rina Shamieh')"
,,,,,"('James Jackson', 'Schmelzer')"
,,,,,"('James Jackson', 'O Brien')"
,,,,,"('James Jackson', 'Jeffrey Utter')"
,,,,,"('James Jackson', 'Macumber')"
,,,,,"('James Jackson', 'James Austin')"
,,,,,"('James Jackson', 'David Grodsky')"
,,,,,"('James Jackson', 'Pittsley')"
,,,,,"('James Jackson', 'Raegan')"
,,,,,"('James Jackson', 'Bishop')"
,,,,,"('James Jackson', 'Gloden')"
,,,,,"('Galesky', 'Doris Koop')"
,,,,,"('Galesky', 'Gannis')"
,,,,,"('Galesky', 'Kupris')"
,,,,,"('Galesky', 'Koop')"
,,,,,"('Galesky', 'Bilek')"
,,,,,"('Galesky', 'Giaccone')"
,,,,,"('Galesky', 'Lane')"
,,,,,"('Galesky', 'Keenberg')"
,,,,,"('Galesky', 'George Kukulech')"
,,,,,"('Galesky', 'Michael Berthel')"
,,,,,"('Galesky', 'William Beckwith')"
,,,,,"('Galesky', 'Schneider')"
,,,,,"('Galesky', 'Hoffman')"
,,,,,"('Galesky', 'Paul Stein')"
,,,,,"('Galesky', 'Donna Wells')"
,,,,,"('Galesky', 'Lidell')"
,,,,,"('Galesky', 'Michael Berthal')"
,,,,,"('Galesky', 'Curto')"
,,,,,"('Galesky', 'Slottje')"
,,,,,"('Galesky', 'Austin')"
,,,,,"('Galesky', 'Westfall')"
,,,,,"('Galesky', 'Lewis Miller')"
,,,,,"('Galesky', 'Seward')"
,,,,,"('Galesky', 'Golden')"
,,,,,"('Galesky', 'McLeod')"
,,,,,"('Galesky', 'Taylor')"
,,,,,"('Galesky', 'Gary Potter')"
,,,,,"('Galesky', 'Mohr')"
,,,,,"('Galesky', 'Genung')"
,,,,,"('Galesky', 'Fish')"
,,,,,"('Galesky', 'Rina Shamieh')"
,,,,,"('Galesky', 'Schmelzer')"
,,,,,"('Galesky', 'O Brien')"
,,,,,"('Galesky', 'Jeffrey Utter')"
,,,,,"('Galesky', 'Macumber')"
,,,,,"('Galesky', 'James Austin')"
,,,,,"('Galesky', 'David Grodsky')"
,,,,,"('Galesky', 'Pittsley')"
,,,,,"('Galesky', 'Raegan')"
,,,,,"('Galesky', 'Bishop')"
,,,,,"('Galesky', 'Gloden')"
,,,,,"('Doris Koop', 'O Brien')"
,,,,,"('Doris Koop', 'Gannis')"
,,,,,"('Doris Koop', 'Kupris')"
,,,,,"('Doris Koop', 'Koop')"
,,,,,"('Doris Koop', 'Bilek')"
,,,,,"('Doris Koop', 'Giaccone')"
,,,,,"('Doris Koop', 'Lane')"
,,,,,"('Doris Koop', 'Keenberg')"
,,,,,"('Doris Koop', 'George Kukulech')"
,,,,,"('Doris Koop', 'Michael Berthel')"
,,,,,"('Doris Koop', 'William Beckwith')"
,,,,,"('Doris Koop', 'Schneider')"
,,,,,"('Doris Koop', 'Hoffman')"
,,,,,"('Doris Koop', 'Paul Stein')"
,,,,,"('Doris Koop', 'Donna Wells')"
,,,,,"('Doris Koop', 'Lidell')"
,,,,,"('Doris Koop', 'Michael Berthal')"
,,,,,"('Doris Koop', 'Curto')"
,,,,,"('Doris Koop', 'Slottje')"
,,,,,"('Doris Koop', 'Austin')"
,,,,,"('Doris Koop', 'Westfall')"
,,,,,"('Doris Koop', 'Lewis Miller')"
,,,,,"('Doris Koop', 'Seward')"
,,,,,"('Doris Koop', 'Golden')"
,,,,,"('Doris Koop', 'McLeod')"
,,,,,"('Doris Koop', 'Taylor')"
,,,,,"('Doris Koop', 'Gary Potter')"
,,,,,"('Doris Koop', 'Mohr')"
,,,,,"('Doris Koop', 'Genung')"
,,,,,"('Doris Koop', 'Fish')"
,,,,,"('Doris Koop', 'Rina Shamieh')"
,,,,,"('Doris Koop', 'Schmelzer')"
,,,,,"('Doris Koop', 'Jeffrey Utter')"
,,,,,"('Doris Koop', 'Macumber')"
,,,,,"('Doris Koop', 'James Austin')"
,,,,,"('Doris Koop', 'David Grodsky')"
,,,,,"('Doris Koop', 'Pittsley')"
,,,,,"('Doris Koop', 'Raegan')"
,,,,,"('Doris Koop', 'Bishop')"
,,,,,"('Doris Koop', 'Gloden')"
,,,,,"('Gannis', 'George Kukulech')"
,,,,,"('Gannis', 'Kupris')"
,,,,,"('Gannis', 'Koop')"
,,,,,"('Gannis', 'Bilek')"
,,,,,"('Gannis', 'Giaccone')"
,,,,,"('Gannis', 'Lane')"
,,,,,"('Gannis', 'Keenberg')"
,,,,,"('Gannis', 'Michael Berthel')"
,,,,,"('Gannis', 'William Beckwith')"
,,,,,"('Gannis', 'Schneider')"
,,,,,"('Gannis', 'Hoffman')"
,,,,,"('Gannis', 'Paul Stein')"
,,,,,"('Gannis', 'Donna Wells')"
,,,,,"('Gannis', 'Lidell')"
,,,,,"('Gannis', 'Michael Berthal')"
,,,,,"('Gannis', 'Curto')"
,,,,,"('Gannis', 'Slottje')"
,,,,,"('Gannis', 'Austin')"
,,,,,"('Gannis', 'Westfall')"
,,,,,"('Gannis', 'Lewis Miller')"
,,,,,"('Gannis', 'Seward')"
,,,,,"('Gannis', 'Golden')"
,,,,,"('Gannis', 'McLeod')"
,,,,,"('Gannis', 'Taylor')"
,,,,,"('Gannis', 'Gary Potter')"
,,,,,"('Gannis', 'Mohr')"
,,,,,"('Gannis', 'Genung')"
,,,,,"('Gannis', 'Fish')"
,,,,,"('Gannis', 'Rina Shamieh')"
,,,,,"('Gannis', 'Schmelzer')"
,,,,,"('Gannis', 'O Brien')"
,,,,,"('Gannis', 'Jeffrey Utter')"
,,,,,"('Gannis', 'Macumber')"
,,,,,"('Gannis', 'James Austin')"
,,,,,"('Gannis', 'David Grodsky')"
,,,,,"('Gannis', 'Pittsley')"
,,,,,"('Gannis', 'Raegan')"
,,,,,"('Gannis', 'Bishop')"
,,,,,"('Gannis', 'Gloden')"
,,,,,"('Kupris', 'O Brien')"
,,,,,"('Kupris', 'Koop')"
,,,,,"('Kupris', 'Bilek')"
,,,,,"('Kupris', 'Giaccone')"
,,,,,"('Kupris', 'Lane')"
,,,,,"('Kupris', 'Keenberg')"
,,,,,"('Kupris', 'George Kukulech')"
,,,,,"('Kupris', 'Michael Berthel')"
,,,,,"('Kupris', 'William Beckwith')"
,,,,,"('Kupris', 'Schneider')"
,,,,,"('Kupris', 'Hoffman')"
,,,,,"('Kupris', 'Paul Stein')"
,,,,,"('Kupris', 'Donna Wells')"
,,,,,"('Kupris', 'Lidell')"
,,,,,"('Kupris', 'Michael Berthal')"
,,,,,"('Kupris', 'Curto')"
,,,,,"('Kupris', 'Slottje')"
,,,,,"('Kupris', 'Austin')"
,,,,,"('Kupris', 'Westfall')"
,,,,,"('Kupris', 'Lewis Miller')"
,,,,,"('Kupris', 'Seward')"
,,,,,"('Kupris', 'Golden')"
,,,,,"('Kupris', 'McLeod')"
,,,,,"('Kupris', 'Taylor')"
,,,,,"('Kupris', 'Gary Potter')"
,,,,,"('Kupris', 'Mohr')"
,,,,,"('Kupris', 'Genung')"
,,,,,"('Kupris', 'Fish')"
,,,,,"('Kupris', 'Rina Shamieh')"
,,,,,"('Kupris', 'Schmelzer')"
,,,,,"('Kupris', 'Jeffrey Utter')"
,,,,,"('Kupris', 'Macumber')"
,,,,,"('Kupris', 'James Austin')"
,,,,,"('Kupris', 'David Grodsky')"
,,,,,"('Kupris', 'Pittsley')"
,,,,,"('Kupris', 'Raegan')"
,,,,,"('Kupris', 'Bishop')"
,,,,,"('Kupris', 'Gloden')"
,,,,,"('Koop', 'Bilek')"
,,,,,"('Koop', 'Giaccone')"
,,,,,"('Koop', 'Lane')"
,,,,,"('Koop', 'Keenberg')"
,,,,,"('Koop', 'George Kukulech')"
,,,,,"('Koop', 'Michael Berthel')"
,,,,,"('Koop', 'William Beckwith')"
,,,,,"('Koop', 'Schneider')"
,,,,,"('Koop', 'Hoffman')"
,,,,,"('Koop', 'Paul Stein')"
,,,,,"('Koop', 'Donna Wells')"
,,,,,"('Koop', 'Lidell')"
,,,,,"('Koop', 'Michael Berthal')"
,,,,,"('Koop', 'Curto')"
,,,,,"('Koop', 'Slottje')"
,,,,,"('Koop', 'Austin')"
,,,,,"('Koop', 'Westfall')"
,,,,,"('Koop', 'Lewis Miller')"
,,,,,"('Koop', 'Seward')"
,,,,,"('Koop', 'Golden')"
,,,,,"('Koop', 'McLeod')"
,,,,,"('Koop', 'Taylor')"
,,,,,"('Koop', 'Gary Potter')"
,,,,,"('Koop', 'Mohr')"
,,,,,"('Koop', 'Genung')"
,,,,,"('Koop', 'Fish')"
,,,,,"('Koop', 'Rina Shamieh')"
,,,,,"('Koop', 'Schmelzer')"
,,,,,"('Koop', 'O Brien')"
,,,,,"('Koop', 'Jeffrey Utter')"
,,,,,"('Koop', 'Macumber')"
,,,,,"('Koop', 'James Austin')"
,,,,,"('Koop', 'David Grodsky')"
,,,,,"('Koop', 'Pittsley')"
,,,,,"('Koop', 'Raegan')"
,,,,,"('Koop', 'Bishop')"
,,,,,"('Koop', 'Gloden')"
,,,,,"('Bilek', 'Giaccone')"
,,,,,"('Bilek', 'Lane')"
,,,,,"('Bilek', 'Keenberg')"
,,,,,"('Bilek', 'George Kukulech')"
,,,,,"('Bilek', 'Michael Berthel')"
,,,,,"('Bilek', 'William Beckwith')"
,,,,,"('Bilek', 'Schneider')"
,,,,,"('Bilek', 'Hoffman')"
,,,,,"('Bilek', 'Paul Stein')"
,,,,,"('Bilek', 'Donna Wells')"
,,,,,"('Bilek', 'Lidell')"
,,,,,"('Bilek', 'Michael Berthal')"
,,,,,"('Bilek', 'Curto')"
,,,,,"('Bilek', 'Slottje')"
,,,,,"('Bilek', 'Austin')"
,,,,,"('Bilek', 'Westfall')"
,,,,,"('Bilek', 'Lewis Miller')"
,,,,,"('Bilek', 'Seward')"
,,,,,"('Bilek', 'Golden')"
,,,,,"('Bilek', 'McLeod')"
,,,,,"('Bilek', 'Taylor')"
,,,,,"('Bilek', 'Gary Potter')"
,,,,,"('Bilek', 'Mohr')"
,,,,,"('Bilek', 'Genung')"
,,,,,"('Bilek', 'Fish')"
,,,,,"('Bilek', 'Rina Shamieh')"
,,,,,"('Bilek', 'Schmelzer')"
,,,,,"('Bilek', 'O Brien')"
,,,,,"('Bilek', 'Jeffrey Utter')"
,,,,,"('Bilek', 'Macumber')"
,,,,,"('Bilek', 'James Austin')"
,,,,,"('Bilek', 'David Grodsky')"
,,,,,"('Bilek', 'Pittsley')"
,,,,,"('Bilek', 'Raegan')"
,,,,,"('Bilek', 'Bishop')"
,,,,,"('Bilek', 'Gloden')"
,,,,,"('Giaccone', 'Lane')"
,,,,,"('Giaccone', 'Keenberg')"
,,,,,"('Giaccone', 'George Kukulech')"
,,,,,"('Giaccone', 'Michael Berthel')"
,,,,,"('Giaccone', 'William Beckwith')"
,,,,,"('Giaccone', 'Schneider')"
,,,,,"('Giaccone', 'Hoffman')"
,,,,,"('Giaccone', 'Paul Stein')"
,,,,,"('Giaccone', 'Donna Wells')"
,,,,,"('Giaccone', 'Lidell')"
,,,,,"('Giaccone', 'Michael Berthal')"
,,,,,"('Giaccone', 'Curto')"
,,,,,"('Giaccone', 'Slottje')"
,,,,,"('Giaccone', 'Austin')"
,,,,,"('Giaccone', 'Westfall')"
,,,,,"('Giaccone', 'Lewis Miller')"
,,,,,"('Giaccone', 'Seward')"
,,,,,"('Giaccone', 'Golden')"
,,,,,"('Giaccone', 'McLeod')"
,,,,,"('Giaccone', 'Taylor')"
,,,,,"('Giaccone', 'Gary Potter')"
,,,,,"('Giaccone', 'Mohr')"
,,,,,"('Giaccone', 'Genung')"
,,,,,"('Giaccone', 'Fish')"
,,,,,"('Giaccone', 'Rina Shamieh')"
,,,,,"('Giaccone', 'Schmelzer')"
,,,,,"('Giaccone', 'O Brien')"
,,,,,"('Giaccone', 'Jeffrey Utter')"
,,,,,"('Giaccone', 'Macumber')"
,,,,,"('Giaccone', 'James Austin')"
,,,,,"('Giaccone', 'David Grodsky')"
,,,,,"('Giaccone', 'Pittsley')"
,,,,,"('Giaccone', 'Raegan')"
,,,,,"('Giaccone', 'Bishop')"
,,,,,"('Giaccone', 'Gloden')"
,,,,,"('Lane', 'Keenberg')"
,,,,,"('Lane', 'George Kukulech')"
,,,,,"('Lane', 'Michael Berthel')"
,,,,,"('Lane', 'William Beckwith')"
,,,,,"('Lane', 'Schneider')"
,,,,,"('Lane', 'Hoffman')"
,,,,,"('Lane', 'Paul Stein')"
,,,,,"('Lane', 'Donna Wells')"
,,,,,"('Lane', 'Lidell')"
,,,,,"('Lane', 'Michael Berthal')"
,,,,,"('Lane', 'Curto')"
,,,,,"('Lane', 'Slottje')"
,,,,,"('Lane', 'Austin')"
,,,,,"('Lane', 'Westfall')"
,,,,,"('Lane', 'Lewis Miller')"
,,,,,"('Lane', 'Seward')"
,,,,,"('Lane', 'Golden')"
,,,,,"('Lane', 'McLeod')"
,,,,,"('Lane', 'Taylor')"
,,,,,"('Lane', 'Gary Potter')"
,,,,,"('Lane', 'Mohr')"
,,,,,"('Lane', 'Genung')"
,,,,,"('Lane', 'Fish')"
,,,,,"('Lane', 'Rina Shamieh')"
,,,,,"('Lane', 'Schmelzer')"
,,,,,"('Lane', 'O Brien')"
,,,,,"('Lane', 'Jeffrey Utter')"
,,,,,"('Lane', 'Macumber')"
,,,,,"('Lane', 'James Austin')"
,,,,,"('Lane', 'David Grodsky')"
,,,,,"('Lane', 'Pittsley')"
,,,,,"('Lane', 'Raegan')"
,,,,,"('Lane', 'Bishop')"
,,,,,"('Lane', 'Gloden')"
,,,,,"('Keenberg', 'George Kukulech')"
,,,,,"('Keenberg', 'Michael Berthel')"
,,,,,"('Keenberg', 'William Beckwith')"
,,,,,"('Keenberg', 'Schneider')"
,,,,,"('Keenberg', 'Hoffman')"
,,,,,"('Keenberg', 'Paul Stein')"
,,,,,"('Keenberg', 'Donna Wells')"
,,,,,"('Keenberg', 'Lidell')"
,,,,,"('Keenberg', 'Michael Berthal')"
,,,,,"('Keenberg', 'Curto')"
,,,,,"('Keenberg', 'Slottje')"
,,,,,"('Keenberg', 'Austin')"
,,,,,"('Keenberg', 'Westfall')"
,,,,,"('Keenberg', 'Lewis Miller')"
,,,,,"('Keenberg', 'Seward')"
,,,,,"('Keenberg', 'Golden')"
,,,,,"('Keenberg', 'McLeod')"
,,,,,"('Keenberg', 'Taylor')"
,,,,,"('Keenberg', 'Gary Potter')"
,,,,,"('Keenberg', 'Mohr')"
,,,,,"('Keenberg', 'Genung')"
,,,,,"('Keenberg', 'Fish')"
,,,,,"('Keenberg', 'Rina Shamieh')"
,,,,,"('Keenberg', 'Schmelzer')"
,,,,,"('Keenberg', 'O Brien')"
,,,,,"('Keenberg', 'Jeffrey Utter')"
,,,,,"('Keenberg', 'Macumber')"
,,,,,"('Keenberg', 'James Austin')"
,,,,,"('Keenberg', 'David Grodsky')"
,,,,,"('Keenberg', 'Pittsley')"
,,,,,"('Keenberg', 'Raegan')"
,,,,,"('Keenberg', 'Bishop')"
,,,,,"('Keenberg', 'Gloden')"
,,,,,"('George Kukulech', 'Michael Berthel')"
,,,,,"('George Kukulech', 'William Beckwith')"
,,,,,"('George Kukulech', 'Schneider')"
,,,,,"('George Kukulech', 'Hoffman')"
,,,,,"('George Kukulech', 'Paul Stein')"
,,,,,"('George Kukulech', 'Donna Wells')"
,,,,,"('George Kukulech', 'Lidell')"
,,,,,"('George Kukulech', 'Michael Berthal')"
,,,,,"('George Kukulech', 'Curto')"
,,,,,"('George Kukulech', 'Slottje')"
,,,,,"('George Kukulech', 'Austin')"
,,,,,"('George Kukulech', 'Westfall')"
,,,,,"('George Kukulech', 'Lewis Miller')"
,,,,,"('George Kukulech', 'Seward')"
,,,,,"('George Kukulech', 'Golden')"
,,,,,"('George Kukulech', 'McLeod')"
,,,,,"('George Kukulech', 'Taylor')"
,,,,,"('George Kukulech', 'Gary Potter')"
,,,,,"('George Kukulech', 'Mohr')"
,,,,,"('George Kukulech', 'Genung')"
,,,,,"('George Kukulech', 'Fish')"
,,,,,"('George Kukulech', 'Rina Shamieh')"
,,,,,"('George Kukulech', 'Schmelzer')"
,,,,,"('George Kukulech', 'O Brien')"
,,,,,"('George Kukulech', 'Jeffrey Utter')"
,,,,,"('George Kukulech', 'Macumber')"
,,,,,"('George Kukulech', 'James Austin')"
,,,,,"('George Kukulech', 'David Grodsky')"
,,,,,"('George Kukulech', 'Pittsley')"
,,,,,"('George Kukulech', 'Raegan')"
,,,,,"('George Kukulech', 'Bishop')"
,,,,,"('George Kukulech', 'Gloden')"
,,,,,"('Michael Berthel', 'William Beckwith')"
,,,,,"('Michael Berthel', 'Schneider')"
,,,,,"('Michael Berthel', 'Hoffman')"
,,,,,"('Michael Berthel', 'Paul Stein')"
,,,,,"('Michael Berthel', 'Donna Wells')"
,,,,,"('Michael Berthel', 'Lidell')"
,,,,,"('Michael Berthel', 'Michael Berthal')"
,,,,,"('Michael Berthel', 'Curto')"
,,,,,"('Michael Berthel', 'Slottje')"
,,,,,"('Michael Berthel', 'Austin')"
,,,,,"('Michael Berthel', 'Westfall')"
,,,,,"('Michael Berthel', 'Lewis Miller')"
,,,,,"('Michael Berthel', 'Seward')"
,,,,,"('Michael Berthel', 'Golden')"
,,,,,"('Michael Berthel', 'McLeod')"
,,,,,"('Michael Berthel', 'Taylor')"
,,,,,"('Michael Berthel', 'Gary Potter')"
,,,,,"('Michael Berthel', 'Mohr')"
,,,,,"('Michael Berthel', 'Genung')"
,,,,,"('Michael Berthel', 'Fish')"
,,,,,"('Michael Berthel', 'Rina Shamieh')"
,,,,,"('Michael Berthel', 'Schmelzer')"
,,,,,"('Michael Berthel', 'O Brien')"
,,,,,"('Michael Berthel', 'Jeffrey Utter')"
,,,,,"('Michael Berthel', 'Macumber')"
,,,,,"('Michael Berthel', 'James Austin')"
,,,,,"('Michael Berthel', 'David Grodsky')"
,,,,,"('Michael Berthel', 'Pittsley')"
,,,,,"('Michael Berthel', 'Raegan')"
,,,,,"('Michael Berthel', 'Bishop')"
,,,,,"('Michael Berthel', 'Gloden')"
,,,,,"('William Beckwith', 'Schneider')"
,,,,,"('William Beckwith', 'Hoffman')"
,,,,,"('William Beckwith', 'Donna Wells')"
,,,,,"('William Beckwith', 'Lidell')"
,,,,,"('William Beckwith', 'Michael Berthal')"
,,,,,"('William Beckwith', 'Curto')"
,,,,,"('William Beckwith', 'Slottje')"
,,,,,"('William Beckwith', 'Austin')"
,,,,,"('William Beckwith', 'Westfall')"
,,,,,"('William Beckwith', 'Lewis Miller')"
,,,,,"('William Beckwith', 'Seward')"
,,,,,"('William Beckwith', 'Golden')"
,,,,,"('William Beckwith', 'McLeod')"
,,,,,"('William Beckwith', 'Taylor')"
,,,,,"('William Beckwith', 'Gary Potter')"
,,,,,"('William Beckwith', 'Mohr')"
,,,,,"('William Beckwith', 'Genung')"
,,,,,"('William Beckwith', 'Fish')"
,,,,,"('William Beckwith', 'Rina Shamieh')"
,,,,,"('William Beckwith', 'Schmelzer')"
,,,,,"('William Beckwith', 'O Brien')"
,,,,,"('William Beckwith', 'Jeffrey Utter')"
,,,,,"('William Beckwith', 'Macumber')"
,,,,,"('William Beckwith', 'James Austin')"
,,,,,"('William Beckwith', 'Pittsley')"
,,,,,"('William Beckwith', 'Raegan')"
,,,,,"('William Beckwith', 'Bishop')"
,,,,,"('William Beckwith', 'Gloden')"
,,,,,"('Schneider', 'Hoffman')"
,,,,,"('Schneider', 'Paul Stein')"
,,,,,"('Schneider', 'Donna Wells')"
,,,,,"('Schneider', 'Lidell')"
,,,,,"('Schneider', 'Michael Berthal')"
,,,,,"('Schneider', 'Curto')"
,,,,,"('Schneider', 'Slottje')"
,,,,,"('Schneider', 'Austin')"
,,,,,"('Schneider', 'Westfall')"
,,,,,"('Schneider', 'Lewis Miller')"
,,,,,"('Schneider', 'Seward')"
,,,,,"('Schneider', 'Golden')"
,,,,,"('Schneider', 'McLeod')"
,,,,,"('Schneider', 'Taylor')"
,,,,,"('Schneider', 'Gary Potter')"
,,,,,"('Schneider', 'Mohr')"
,,,,,"('Schneider', 'Genung')"
,,,,,"('Schneider', 'Fish')"
,,,,,"('Schneider', 'Rina Shamieh')"
,,,,,"('Schneider', 'Schmelzer')"
,,,,,"('Schneider', 'O Brien')"
,,,,,"('Schneider', 'Jeffrey Utter')"
,,,,,"('Schneider', 'Macumber')"
,,,,,"('Schneider', 'James Austin')"
,,,,,"('Schneider', 'David Grodsky')"
,,,,,"('Schneider', 'Pittsley')"
,,,,,"('Schneider', 'Raegan')"
,,,,,"('Schneider', 'Bishop')"
,,,,,"('Schneider', 'Gloden')"
,,,,,"('Hoffman', 'Paul Stein')"
,,,,,"('Hoffman', 'Donna Wells')"
,,,,,"('Hoffman', 'Lidell')"
,,,,,"('Hoffman', 'Michael Berthal')"
,,,,,"('Hoffman', 'Curto')"
,,,,,"('Hoffman', 'Slottje')"
,,,,,"('Hoffman', 'Austin')"
,,,,,"('Hoffman', 'Westfall')"
,,,,,"('Hoffman', 'Lewis Miller')"
,,,,,"('Hoffman', 'Seward')"
,,,,,"('Hoffman', 'Golden')"
,,,,,"('Hoffman', 'McLeod')"
,,,,,"('Hoffman', 'Taylor')"
,,,,,"('Hoffman', 'Gary Potter')"
,,,,,"('Hoffman', 'Mohr')"
,,,,,"('Hoffman', 'Genung')"
,,,,,"('Hoffman', 'Fish')"
,,,,,"('Hoffman', 'Rina Shamieh')"
,,,,,"('Hoffman', 'Schmelzer')"
,,,,,"('Hoffman', 'O Brien')"
,,,,,"('Hoffman', 'Jeffrey Utter')"
,,,,,"('Hoffman', 'Macumber')"
,,,,,"('Hoffman', 'James Austin')"
,,,,,"('Hoffman', 'David Grodsky')"
,,,,,"('Hoffman', 'Pittsley')"
,,,,,"('Hoffman', 'Raegan')"
,,,,,"('Hoffman', 'Bishop')"
,,,,,"('Hoffman', 'Gloden')"
,,,,,"('Paul Stein', 'Donna Wells')"
,,,,,"('Paul Stein', 'Lidell')"
,,,,,"('Paul Stein', 'Michael Berthal')"
,,,,,"('Paul Stein', 'Curto')"
,,,,,"('Paul Stein', 'Slottje')"
,,,,,"('Paul Stein', 'Austin')"
,,,,,"('Paul Stein', 'Westfall')"
,,,,,"('Paul Stein', 'Lewis Miller')"
,,,,,"('Paul Stein', 'Seward')"
,,,,,"('Paul Stein', 'Golden')"
,,,,,"('Paul Stein', 'McLeod')"
,,,,,"('Paul Stein', 'Taylor')"
,,,,,"('Paul Stein', 'Gary Potter')"
,,,,,"('Paul Stein', 'Mohr')"
,,,,,"('Paul Stein', 'Genung')"
,,,,,"('Paul Stein', 'Fish')"
,,,,,"('Paul Stein', 'Rina Shamieh')"
,,,,,"('Paul Stein', 'Schmelzer')"
,,,,,"('Paul Stein', 'O Brien')"
,,,,,"('Paul Stein', 'Jeffrey Utter')"
,,,,,"('Paul Stein', 'Macumber')"
,,,,,"('Paul Stein', 'James Austin')"
,,,,,"('Paul Stein', 'Pittsley')"
,,,,,"('Paul Stein', 'Raegan')"
,,,,,"('Paul Stein', 'Bishop')"
,,,,,"('Paul Stein', 'Gloden')"
,,,,,"('Donna Wells', 'Lidell')"
,,,,,"('Donna Wells', 'Michael Berthal')"
,,,,,"('Donna Wells', 'Curto')"
,,,,,"('Donna Wells', 'Slottje')"
,,,,,"('Donna Wells', 'Austin')"
,,,,,"('Donna Wells', 'Westfall')"
,,,,,"('Donna Wells', 'Lewis Miller')"
,,,,,"('Donna Wells', 'Seward')"
,,,,,"('Donna Wells', 'Golden')"
,,,,,"('Donna Wells', 'McLeod')"
,,,,,"('Donna Wells', 'Taylor')"
,,,,,"('Donna Wells', 'Gary Potter')"
,,,,,"('Donna Wells', 'Mohr')"
,,,,,"('Donna Wells', 'Genung')"
,,,,,"('Donna Wells', 'Fish')"
,,,,,"('Donna Wells', 'Rina Shamieh')"
,,,,,"('Donna Wells', 'Schmelzer')"
,,,,,"('Donna Wells', 'O Brien')"
,,,,,"('Donna Wells', 'Jeffrey Utter')"
,,,,,"('Donna Wells', 'Macumber')"
,,,,,"('Donna Wells', 'James Austin')"
,,,,,"('Donna Wells', 'David Grodsky')"
,,,,,"('Donna Wells', 'Pittsley')"
,,,,,"('Donna Wells', 'Raegan')"
,,,,,"('Donna Wells', 'Bishop')"
,,,,,"('Donna Wells', 'Gloden')"
,,,,,"('Lidell', 'Michael Berthal')"
,,,,,"('Lidell', 'Curto')"
,,,,,"('Lidell', 'Slottje')"
,,,,,"('Lidell', 'Austin')"
,,,,,"('Lidell', 'Westfall')"
,,,,,"('Lidell', 'Lewis Miller')"
,,,,,"('Lidell', 'Seward')"
,,,,,"('Lidell', 'Golden')"
,,,,,"('Lidell', 'McLeod')"
,,,,,"('Lidell', 'Taylor')"
,,,,,"('Lidell', 'Gary Potter')"
,,,,,"('Lidell', 'Mohr')"
,,,,,"('Lidell', 'Genung')"
,,,,,"('Lidell', 'Fish')"
,,,,,"('Lidell', 'Rina Shamieh')"
,,,,,"('Lidell', 'Schmelzer')"
,,,,,"('Lidell', 'O Brien')"
,,,,,"('Lidell', 'Jeffrey Utter')"
,,,,,"('Lidell', 'Macumber')"
,,,,,"('Lidell', 'James Austin')"
,,,,,"('Lidell', 'David Grodsky')"
,,,,,"('Lidell', 'Pittsley')"
,,,,,"('Lidell', 'Raegan')"
,,,,,"('Lidell', 'Bishop')"
,,,,,"('Lidell', 'Gloden')"
,,,,,"('Michael Berthal', 'Curto')"
,,,,,"('Michael Berthal', 'Slottje')"
,,,,,"('Michael Berthal', 'Austin')"
,,,,,"('Michael Berthal', 'Westfall')"
,,,,,"('Michael Berthal', 'Lewis Miller')"
,,,,,"('Michael Berthal', 'Seward')"
,,,,,"('Michael Berthal', 'Golden')"
,,,,,"('Michael Berthal', 'McLeod')"
,,,,,"('Michael Berthal', 'Taylor')"
,,,,,"('Michael Berthal', 'Gary Potter')"
,,,,,"('Michael Berthal', 'Mohr')"
,,,,,"('Michael Berthal', 'Genung')"
,,,,,"('Michael Berthal', 'Fish')"
,,,,,"('Michael Berthal', 'Rina Shamieh')"
,,,,,"('Michael Berthal', 'Schmelzer')"
,,,,,"('Michael Berthal', 'O Brien')"
,,,,,"('Michael Berthal', 'Jeffrey Utter')"
,,,,,"('Michael Berthal', 'Macumber')"
,,,,,"('Michael Berthal', 'James Austin')"
,,,,,"('Michael Berthal', 'David Grodsky')"
,,,,,"('Michael Berthal', 'Pittsley')"
,,,,,"('Michael Berthal', 'Raegan')"
,,,,,"('Michael Berthal', 'Bishop')"
,,,,,"('Michael Berthal', 'Gloden')"
,,,,,"('Curto', 'Slottje')"
,,,,,"('Curto', 'Austin')"
,,,,,"('Curto', 'Westfall')"
,,,,,"('Curto', 'Lewis Miller')"
,,,,,"('Curto', 'Seward')"
,,,,,"('Curto', 'Golden')"
,,,,,"('Curto', 'McLeod')"
,,,,,"('Curto', 'Taylor')"
,,,,,"('Curto', 'Gary Potter')"
,,,,,"('Curto', 'Mohr')"
,,,,,"('Curto', 'Genung')"
,,,,,"('Curto', 'Fish')"
,,,,,"('Curto', 'Rina Shamieh')"
,,,,,"('Curto', 'Schmelzer')"
,,,,,"('Curto', 'O Brien')"
,,,,,"('Curto', 'Jeffrey Utter')"
,,,,,"('Curto', 'Macumber')"
,,,,,"('Curto', 'James Austin')"
,,,,,"('Curto', 'David Grodsky')"
,,,,,"('Curto', 'Pittsley')"
,,,,,"('Curto', 'Raegan')"
,,,,,"('Curto', 'Bishop')"
,,,,,"('Curto', 'Gloden')"
,,,,,"('Slottje', 'Austin')"
,,,,,"('Slottje', 'Westfall')"
,,,,,"('Slottje', 'Lewis Miller')"
,,,,,"('Slottje', 'Seward')"
,,,,,"('Slottje', 'Golden')"
,,,,,"('Slottje', 'McLeod')"
,,,,,"('Slottje', 'Taylor')"
,,,,,"('Slottje', 'Gary Potter')"
,,,,,"('Slottje', 'Mohr')"
,,,,,"('Slottje', 'Genung')"
,,,,,"('Slottje', 'Fish')"
,,,,,"('Slottje', 'Rina Shamieh')"
,,,,,"('Slottje', 'Schmelzer')"
,,,,,"('Slottje', 'O Brien')"
,,,,,"('Slottje', 'Jeffrey Utter')"
,,,,,"('Slottje', 'Macumber')"
,,,,,"('Slottje', 'James Austin')"
,,,,,"('Slottje', 'David Grodsky')"
,,,,,"('Slottje', 'Pittsley')"
,,,,,"('Slottje', 'Raegan')"
,,,,,"('Slottje', 'Bishop')"
,,,,,"('Slottje', 'Gloden')"
,,,,,"('Austin', 'Westfall')"
,,,,,"('Austin', 'Lewis Miller')"
,,,,,"('Austin', 'Seward')"
,,,,,"('Austin', 'Golden')"
,,,,,"('Austin', 'McLeod')"
,,,,,"('Austin', 'Taylor')"
,,,,,"('Austin', 'Gary Potter')"
,,,,,"('Austin', 'Mohr')"
,,,,,"('Austin', 'Genung')"
,,,,,"('Austin', 'Fish')"
,,,,,"('Austin', 'Rina Shamieh')"
,,,,,"('Austin', 'Schmelzer')"
,,,,,"('Austin', 'O Brien')"
,,,,,"('Austin', 'Jeffrey Utter')"
,,,,,"('Austin', 'Macumber')"
,,,,,"('Austin', 'James Austin')"
,,,,,"('Austin', 'David Grodsky')"
,,,,,"('Austin', 'Pittsley')"
,,,,,"('Austin', 'Raegan')"
,,,,,"('Austin', 'Bishop')"
,,,,,"('Austin', 'Gloden')"
,,,,,"('Westfall', 'Lewis Miller')"
,,,,,"('Westfall', 'Seward')"
,,,,,"('Westfall', 'Golden')"
,,,,,"('Westfall', 'McLeod')"
,,,,,"('Westfall', 'Taylor')"
,,,,,"('Westfall', 'Gary Potter')"
,,,,,"('Westfall', 'Mohr')"
,,,,,"('Westfall', 'Genung')"
,,,,,"('Westfall', 'Fish')"
,,,,,"('Westfall', 'Rina Shamieh')"
,,,,,"('Westfall', 'Schmelzer')"
,,,,,"('Westfall', 'O Brien')"
,,,,,"('Westfall', 'Jeffrey Utter')"
,,,,,"('Westfall', 'Macumber')"
,,,,,"('Westfall', 'James Austin')"
,,,,,"('Westfall', 'David Grodsky')"
,,,,,"('Westfall', 'Pittsley')"
,,,,,"('Westfall', 'Raegan')"
,,,,,"('Westfall', 'Bishop')"
,,,,,"('Westfall', 'Gloden')"
,,,,,"('Lewis Miller', 'Seward')"
,,,,,"('Lewis Miller', 'Golden')"
,,,,,"('Lewis Miller', 'McLeod')"
,,,,,"('Lewis Miller', 'Taylor')"
,,,,,"('Lewis Miller', 'Gary Potter')"
,,,,,"('Lewis Miller', 'Mohr')"
,,,,,"('Lewis Miller', 'Genung')"
,,,,,"('Lewis Miller', 'Fish')"
,,,,,"('Lewis Miller', 'Rina Shamieh')"
,,,,,"('Lewis Miller', 'Schmelzer')"
,,,,,"('Lewis Miller', 'O Brien')"
,,,,,"('Lewis Miller', 'Jeffrey Utter')"
,,,,,"('Lewis Miller', 'Macumber')"
,,,,,"('Lewis Miller', 'James Austin')"
,,,,,"('Lewis Miller', 'David Grodsky')"
,,,,,"('Lewis Miller', 'Pittsley')"
,,,,,"('Lewis Miller', 'Raegan')"
,,,,,"('Lewis Miller', 'Bishop')"
,,,,,"('Lewis Miller', 'Gloden')"
,,,,,"('Seward', 'Golden')"
,,,,,"('Seward', 'McLeod')"
,,,,,"('Seward', 'Taylor')"
,,,,,"('Seward', 'Gary Potter')"
,,,,,"('Seward', 'Mohr')"
,,,,,"('Seward', 'Genung')"
,,,,,"('Seward', 'Fish')"
,,,,,"('Seward', 'Rina Shamieh')"
,,,,,"('Seward', 'Schmelzer')"
,,,,,"('Seward', 'O Brien')"
,,,,,"('Seward', 'Jeffrey Utter')"
,,,,,"('Seward', 'Macumber')"
,,,,,"('Seward', 'James Austin')"
,,,,,"('Seward', 'David Grodsky')"
,,,,,"('Seward', 'Pittsley')"
,,,,,"('Seward', 'Raegan')"
,,,,,"('Seward', 'Bishop')"
,,,,,"('Seward', 'Gloden')"
,,,,,"('Golden', 'O Brien')"
,,,,,"('Golden', 'James Austin')"
,,,,,"('Golden', 'McLeod')"
,,,,,"('Golden', 'Taylor')"
,,,,,"('Golden', 'Gary Potter')"
,,,,,"('Golden', 'Mohr')"
,,,,,"('Golden', 'Genung')"
,,,,,"('Golden', 'Fish')"
,,,,,"('Golden', 'Rina Shamieh')"
,,,,,"('Golden', 'Schmelzer')"
,,,,,"('Golden', 'Jeffrey Utter')"
,,,,,"('Golden', 'Macumber')"
,,,,,"('Golden', 'David Grodsky')"
,,,,,"('Golden', 'Pittsley')"
,,,,,"('Golden', 'Raegan')"
,,,,,"('Golden', 'Bishop')"
,,,,,"('Golden', 'Gloden')"
,,,,,"('McLeod', 'Taylor')"
,,,,,"('McLeod', 'Gary Potter')"
,,,,,"('McLeod', 'Mohr')"
,,,,,"('McLeod', 'Genung')"
,,,,,"('McLeod', 'Fish')"
,,,,,"('McLeod', 'Rina Shamieh')"
,,,,,"('McLeod', 'Schmelzer')"
,,,,,"('McLeod', 'O Brien')"
,,,,,"('McLeod', 'Jeffrey Utter')"
,,,,,"('McLeod', 'Macumber')"
,,,,,"('McLeod', 'James Austin')"
,,,,,"('McLeod', 'David Grodsky')"
,,,,,"('McLeod', 'Pittsley')"
,,,,,"('McLeod', 'Raegan')"
,,,,,"('McLeod', 'Bishop')"
,,,,,"('McLeod', 'Gloden')"
,,,,,"('Taylor', 'Gary Potter')"
,,,,,"('Taylor', 'Mohr')"
,,,,,"('Taylor', 'Genung')"
,,,,,"('Taylor', 'Fish')"
,,,,,"('Taylor', 'Rina Shamieh')"
,,,,,"('Taylor', 'Schmelzer')"
,,,,,"('Taylor', 'O Brien')"
,,,,,"('Taylor', 'Jeffrey Utter')"
,,,,,"('Taylor', 'Macumber')"
,,,,,"('Taylor', 'James Austin')"
,,,,,"('Taylor', 'David Grodsky')"
,,,,,"('Taylor', 'Pittsley')"
,,,,,"('Taylor', 'Raegan')"
,,,,,"('Taylor', 'Bishop')"
,,,,,"('Taylor', 'Gloden')"
,,,,,"('Gary Potter', 'Mohr')"
,,,,,"('Gary Potter', 'Genung')"
,,,,,"('Gary Potter', 'Fish')"
,,,,,"('Gary Potter', 'Rina Shamieh')"
,,,,,"('Gary Potter', 'Schmelzer')"
,,,,,"('Gary Potter', 'O Brien')"
,,,,,"('Gary Potter', 'Jeffrey Utter')"
,,,,,"('Gary Potter', 'Macumber')"
,,,,,"('Gary Potter', 'James Austin')"
,,,,,"('Gary Potter', 'David Grodsky')"
,,,,,"('Gary Potter', 'Pittsley')"
,,,,,"('Gary Potter', 'Raegan')"
,,,,,"('Gary Potter', 'Bishop')"
,,,,,"('Gary Potter', 'Gloden')"
,,,,,"('Mohr', 'Genung')"
,,,,,"('Mohr', 'Fish')"
,,,,,"('Mohr', 'Rina Shamieh')"
,,,,,"('Mohr', 'Schmelzer')"
,,,,,"('Mohr', 'O Brien')"
,,,,,"('Mohr', 'Jeffrey Utter')"
,,,,,"('Mohr', 'Macumber')"
,,,,,"('Mohr', 'James Austin')"
,,,,,"('Mohr', 'David Grodsky')"
,,,,,"('Mohr', 'Pittsley')"
,,,,,"('Mohr', 'Raegan')"
,,,,,"('Mohr', 'Bishop')"
,,,,,"('Mohr', 'Gloden')"
,,,,,"('Genung', 'Fish')"
,,,,,"('Genung', 'Rina Shamieh')"
,,,,,"('Genung', 'Schmelzer')"
,,,,,"('Genung', 'O Brien')"
,,,,,"('Genung', 'Jeffrey Utter')"
,,,,,"('Genung', 'Macumber')"
,,,,,"('Genung', 'James Austin')"
,,,,,"('Genung', 'David Grodsky')"
,,,,,"('Genung', 'Pittsley')"
,,,,,"('Genung', 'Raegan')"
,,,,,"('Genung', 'Bishop')"
,,,,,"('Genung', 'Gloden')"
,,,,,"('Fish', 'O Brien')"
,,,,,"('Fish', 'James Austin')"
,,,,,"('Fish', 'Rina Shamieh')"
,,,,,"('Fish', 'Schmelzer')"
,,,,,"('Fish', 'Jeffrey Utter')"
,,,,,"('Fish', 'Macumber')"
,,,,,"('Fish', 'David Grodsky')"
,,,,,"('Fish', 'Pittsley')"
,,,,,"('Fish', 'Raegan')"
,,,,,"('Fish', 'Bishop')"
,,,,,"('Fish', 'Gloden')"
,,,,,"('Rina Shamieh', 'Schmelzer')"
,,,,,"('Rina Shamieh', 'O Brien')"
,,,,,"('Rina Shamieh', 'Jeffrey Utter')"
,,,,,"('Rina Shamieh', 'Macumber')"
,,,,,"('Rina Shamieh', 'James Austin')"
,,,,,"('Rina Shamieh', 'David Grodsky')"
,,,,,"('Rina Shamieh', 'Pittsley')"
,,,,,"('Rina Shamieh', 'Raegan')"
,,,,,"('Rina Shamieh', 'Bishop')"
,,,,,"('Rina Shamieh', 'Gloden')"
,,,,,"('Schmelzer', 'O Brien')"
,,,,,"('Schmelzer', 'Jeffrey Utter')"
,,,,,"('Schmelzer', 'Macumber')"
,,,,,"('Schmelzer', 'James Austin')"
,,,,,"('Schmelzer', 'David Grodsky')"
,,,,,"('Schmelzer', 'Pittsley')"
,,,,,"('Schmelzer', 'Raegan')"
,,,,,"('Schmelzer', 'Bishop')"
,,,,,"('Schmelzer', 'Gloden')"
,,,,,"('O Brien', 'Jeffrey Utter')"
,,,,,"('O Brien', 'Macumber')"
,,,,,"('O Brien', 'James Austin')"
,,,,,"('O Brien', 'David Grodsky')"
,,,,,"('O Brien', 'Pittsley')"
,,,,,"('O Brien', 'Raegan')"
,,,,,"('O Brien', 'Bishop')"
,,,,,"('O Brien', 'Gloden')"
,,,,,"('Jeffrey Utter', 'Macumber')"
,,,,,"('Jeffrey Utter', 'James Austin')"
,,,,,"('Jeffrey Utter', 'David Grodsky')"
,,,,,"('Jeffrey Utter', 'Pittsley')"
,,,,,"('Jeffrey Utter', 'Raegan')"
,,,,,"('Jeffrey Utter', 'Bishop')"
,,,,,"('Jeffrey Utter', 'Gloden')"
,,,,,"('Macumber', 'James Austin')"
,,,,,"('Macumber', 'David Grodsky')"
,,,,,"('Macumber', 'Pittsley')"
,,,,,"('Macumber', 'Raegan')"
,,,,,"('Macumber', 'Bishop')"
,,,,,"('Macumber', 'Gloden')"
,,,,,"('James Austin', 'David Grodsky')"
,,,,,"('James Austin', 'Pittsley')"
,,,,,"('James Austin', 'Raegan')"
,,,,,"('James Austin', 'Bishop')"
,,,,,"('James Austin', 'Gloden')"
,,,,,"('David Grodsky', 'Pittsley')"
,,,,,"('David Grodsky', 'Raegan')"
,,,,,"('David Grodsky', 'Bishop')"
,,,,,"('David Grodsky', 'Gloden')"
,,,,,"('Pittsley', 'Raegan')"
,,,,,"('Pittsley', 'Bishop')"
,,,,,"('Pittsley', 'Gloden')"
,,,,,"('Raegan', 'Bishop')"
,,,,,"('Raegan', 'Gloden')"
,,,,,"('Bishop', 'Gloden')"
