Actor Overlap,Relationship Overlap,Unique Newspaper Network Actors,Unique Meeting Minute Network Actors,Unique Newspaper Network Relationships,Unique Newspaper Network Relationships
Carol Chase,"('Carol Chase', 'Daniel Ripley')",Ellen Harrison,Mary Osgood,"('Ellen Harrison', 'Frank Ray')","('Carol Chase', 'Mary Osgood')"
Daniel Ripley,"('Carol Chase', 'Duane Reynolds')",Frank Ray,Doug Staley,"('Ellen Harrison', 'Carol Chase')","('Carol Chase', 'Doug Staley')"
Amie Prince,"('Carol Chase', 'Amie Prince')",Barbara Lifton,Michael Bidwell,"('Ellen Harrison', 'Barbara Lifton')","('Carol Chase', 'Michael Bidwell')"
Duane Reynolds,"('Carol Chase', 'Charles Ripley')",Barbara Harvey,Michael Passalugo,"('Ellen Harrison', 'Barbara Harvey')","('Carol Chase', 'Michael Passalugo')"
Charles Ripley,"('Daniel Ripley', 'Amie Prince')",Jim Weiss,Dorothy Gavrielides,"('Ellen Harrison', 'Jim Weiss')","('Carol Chase', 'Dorothy Gavrielides')"
,"('Daniel Ripley', 'Duane Reynolds')",Jim Sewards,David Slottje,"('Ellen Harrison', 'Jim Sewards')","('Carol Chase', 'David Slottje')"
,,Joe Pullman,Christopher Ryan,"('Ellen Harrison', 'Daniel Ripley')","('Carol Chase', 'Christopher Ryan')"
,,Maryfaith Miller,Ted Norman,"('Ellen Harrison', 'Amie Prince')","('Carol Chase', 'Ted Norman')"
,,Susan Stout,Guy Krogh,"('Ellen Harrison', 'Duane Reynolds')","('Carol Chase', 'Guy Krogh')"
,,,Shannon Caldwell,"('Ellen Harrison', 'Joe Pullman')","('Carol Chase', 'Shannon Caldwell')"
,,,Helen Slottje,"('Ellen Harrison', 'Charles Ripley')","('Carol Chase', 'Helen Slottje')"
,,,,"('Ellen Harrison', 'Maryfaith Miller')","('Mary Osgood', 'Doug Staley')"
,,,,"('Ellen Harrison', 'Susan Stout')","('Mary Osgood', 'Michael Bidwell')"
,,,,"('Frank Ray', 'Carol Chase')","('Mary Osgood', 'Michael Passalugo')"
,,,,"('Frank Ray', 'Barbara Lifton')","('Mary Osgood', 'Charles Ripley')"
,,,,"('Frank Ray', 'Barbara Harvey')","('Mary Osgood', 'Dorothy Gavrielides')"
,,,,"('Frank Ray', 'Jim Weiss')","('Mary Osgood', 'Daniel Ripley')"
,,,,"('Frank Ray', 'Jim Sewards')","('Mary Osgood', 'David Slottje')"
,,,,"('Frank Ray', 'Daniel Ripley')","('Mary Osgood', 'Duane Reynolds')"
,,,,"('Frank Ray', 'Amie Prince')","('Mary Osgood', 'Christopher Ryan')"
,,,,"('Frank Ray', 'Duane Reynolds')","('Mary Osgood', 'Ted Norman')"
,,,,"('Frank Ray', 'Joe Pullman')","('Mary Osgood', 'Amie Prince')"
,,,,"('Frank Ray', 'Charles Ripley')","('Mary Osgood', 'Guy Krogh')"
,,,,"('Frank Ray', 'Maryfaith Miller')","('Mary Osgood', 'Shannon Caldwell')"
,,,,"('Frank Ray', 'Susan Stout')","('Mary Osgood', 'Helen Slottje')"
,,,,"('Carol Chase', 'Barbara Lifton')","('Doug Staley', 'Michael Bidwell')"
,,,,"('Carol Chase', 'Barbara Harvey')","('Doug Staley', 'Michael Passalugo')"
,,,,"('Carol Chase', 'Jim Weiss')","('Doug Staley', 'Charles Ripley')"
,,,,"('Carol Chase', 'Jim Sewards')","('Doug Staley', 'Dorothy Gavrielides')"
,,,,"('Carol Chase', 'Joe Pullman')","('Doug Staley', 'Daniel Ripley')"
,,,,"('Carol Chase', 'Maryfaith Miller')","('Doug Staley', 'David Slottje')"
,,,,"('Carol Chase', 'Susan Stout')","('Doug Staley', 'Duane Reynolds')"
,,,,"('Barbara Lifton', 'Barbara Harvey')","('Doug Staley', 'Christopher Ryan')"
,,,,"('Barbara Lifton', 'Jim Weiss')","('Doug Staley', 'Ted Norman')"
,,,,"('Barbara Lifton', 'Jim Sewards')","('Doug Staley', 'Amie Prince')"
,,,,"('Barbara Lifton', 'Daniel Ripley')","('Doug Staley', 'Guy Krogh')"
,,,,"('Barbara Lifton', 'Amie Prince')","('Doug Staley', 'Shannon Caldwell')"
,,,,"('Barbara Lifton', 'Duane Reynolds')","('Doug Staley', 'Helen Slottje')"
,,,,"('Barbara Lifton', 'Joe Pullman')","('Michael Bidwell', 'Michael Passalugo')"
,,,,"('Barbara Lifton', 'Charles Ripley')","('Michael Bidwell', 'Charles Ripley')"
,,,,"('Barbara Lifton', 'Maryfaith Miller')","('Michael Bidwell', 'Dorothy Gavrielides')"
,,,,"('Barbara Lifton', 'Susan Stout')","('Michael Bidwell', 'Daniel Ripley')"
,,,,"('Barbara Harvey', 'Jim Weiss')","('Michael Bidwell', 'David Slottje')"
,,,,"('Barbara Harvey', 'Jim Sewards')","('Michael Bidwell', 'Duane Reynolds')"
,,,,"('Barbara Harvey', 'Daniel Ripley')","('Michael Bidwell', 'Christopher Ryan')"
,,,,"('Barbara Harvey', 'Amie Prince')","('Michael Bidwell', 'Ted Norman')"
,,,,"('Barbara Harvey', 'Duane Reynolds')","('Michael Bidwell', 'Amie Prince')"
,,,,"('Barbara Harvey', 'Joe Pullman')","('Michael Bidwell', 'Guy Krogh')"
,,,,"('Barbara Harvey', 'Charles Ripley')","('Michael Bidwell', 'Shannon Caldwell')"
,,,,"('Barbara Harvey', 'Maryfaith Miller')","('Michael Bidwell', 'Helen Slottje')"
,,,,"('Barbara Harvey', 'Susan Stout')","('Michael Passalugo', 'Charles Ripley')"
,,,,"('Jim Weiss', 'Maryfaith Miller')","('Michael Passalugo', 'Dorothy Gavrielides')"
,,,,"('Jim Weiss', 'Jim Sewards')","('Michael Passalugo', 'Daniel Ripley')"
,,,,"('Jim Weiss', 'Daniel Ripley')","('Michael Passalugo', 'David Slottje')"
,,,,"('Jim Weiss', 'Amie Prince')","('Michael Passalugo', 'Duane Reynolds')"
,,,,"('Jim Weiss', 'Duane Reynolds')","('Michael Passalugo', 'Christopher Ryan')"
,,,,"('Jim Weiss', 'Joe Pullman')","('Michael Passalugo', 'Ted Norman')"
,,,,"('Jim Weiss', 'Charles Ripley')","('Michael Passalugo', 'Amie Prince')"
,,,,"('Jim Weiss', 'Susan Stout')","('Michael Passalugo', 'Guy Krogh')"
,,,,"('Jim Sewards', 'Joe Pullman')","('Michael Passalugo', 'Shannon Caldwell')"
,,,,"('Jim Sewards', 'Daniel Ripley')","('Michael Passalugo', 'Helen Slottje')"
,,,,"('Jim Sewards', 'Amie Prince')","('Charles Ripley', 'Dorothy Gavrielides')"
,,,,"('Jim Sewards', 'Duane Reynolds')","('Charles Ripley', 'Daniel Ripley')"
,,,,"('Jim Sewards', 'Charles Ripley')","('Charles Ripley', 'David Slottje')"
,,,,"('Jim Sewards', 'Maryfaith Miller')","('Charles Ripley', 'Duane Reynolds')"
,,,,"('Jim Sewards', 'Susan Stout')","('Charles Ripley', 'Christopher Ryan')"
,,,,"('Daniel Ripley', 'Joe Pullman')","('Charles Ripley', 'Ted Norman')"
,,,,"('Daniel Ripley', 'Charles Ripley')","('Charles Ripley', 'Amie Prince')"
,,,,"('Daniel Ripley', 'Maryfaith Miller')","('Charles Ripley', 'Guy Krogh')"
,,,,"('Daniel Ripley', 'Susan Stout')","('Charles Ripley', 'Shannon Caldwell')"
,,,,"('Amie Prince', 'Duane Reynolds')","('Charles Ripley', 'Helen Slottje')"
,,,,"('Amie Prince', 'Joe Pullman')","('Dorothy Gavrielides', 'Daniel Ripley')"
,,,,"('Amie Prince', 'Charles Ripley')","('Dorothy Gavrielides', 'David Slottje')"
,,,,"('Amie Prince', 'Maryfaith Miller')","('Dorothy Gavrielides', 'Duane Reynolds')"
,,,,"('Amie Prince', 'Susan Stout')","('Dorothy Gavrielides', 'Christopher Ryan')"
,,,,"('Duane Reynolds', 'Joe Pullman')","('Dorothy Gavrielides', 'Ted Norman')"
,,,,"('Duane Reynolds', 'Charles Ripley')","('Dorothy Gavrielides', 'Amie Prince')"
,,,,"('Duane Reynolds', 'Maryfaith Miller')","('Dorothy Gavrielides', 'Guy Krogh')"
,,,,"('Duane Reynolds', 'Susan Stout')","('Dorothy Gavrielides', 'Shannon Caldwell')"
,,,,"('Joe Pullman', 'Charles Ripley')","('Dorothy Gavrielides', 'Helen Slottje')"
,,,,"('Joe Pullman', 'Maryfaith Miller')","('Daniel Ripley', 'Guy Krogh')"
,,,,"('Joe Pullman', 'Susan Stout')","('Daniel Ripley', 'David Slottje')"
,,,,"('Charles Ripley', 'Maryfaith Miller')","('Daniel Ripley', 'Christopher Ryan')"
,,,,"('Charles Ripley', 'Susan Stout')","('Daniel Ripley', 'Ted Norman')"
,,,,"('Maryfaith Miller', 'Susan Stout')","('Daniel Ripley', 'Shannon Caldwell')"
,,,,,"('Daniel Ripley', 'Helen Slottje')"
,,,,,"('David Slottje', 'Amie Prince')"
,,,,,"('David Slottje', 'Duane Reynolds')"
,,,,,"('David Slottje', 'Christopher Ryan')"
,,,,,"('David Slottje', 'Ted Norman')"
,,,,,"('David Slottje', 'Guy Krogh')"
,,,,,"('David Slottje', 'Shannon Caldwell')"
,,,,,"('David Slottje', 'Helen Slottje')"
,,,,,"('Duane Reynolds', 'Christopher Ryan')"
,,,,,"('Duane Reynolds', 'Ted Norman')"
,,,,,"('Duane Reynolds', 'Amie Prince')"
,,,,,"('Duane Reynolds', 'Guy Krogh')"
,,,,,"('Duane Reynolds', 'Shannon Caldwell')"
,,,,,"('Duane Reynolds', 'Helen Slottje')"
,,,,,"('Christopher Ryan', 'Ted Norman')"
,,,,,"('Christopher Ryan', 'Amie Prince')"
,,,,,"('Christopher Ryan', 'Guy Krogh')"
,,,,,"('Christopher Ryan', 'Shannon Caldwell')"
,,,,,"('Christopher Ryan', 'Helen Slottje')"
,,,,,"('Ted Norman', 'Amie Prince')"
,,,,,"('Ted Norman', 'Guy Krogh')"
,,,,,"('Ted Norman', 'Shannon Caldwell')"
,,,,,"('Ted Norman', 'Helen Slottje')"
,,,,,"('Amie Prince', 'Guy Krogh')"
,,,,,"('Amie Prince', 'Shannon Caldwell')"
,,,,,"('Amie Prince', 'Helen Slottje')"
,,,,,"('Guy Krogh', 'Shannon Caldwell')"
,,,,,"('Guy Krogh', 'Helen Slottje')"
,,,,,"('Shannon Caldwell', 'Helen Slottje')"
