Actor Overlap,Relationship Overlap,Unique Newspaper Network Actors,Unique Meeting Minute Network Actors,Unique Newspaper Network Relationships,Unique Newspaper Network Relationships
John Orzel,,Jeff Decker,Stephen Doherty,"('Jeff Decker', 'Matthew Ryan')","('Stephen Doherty', 'Ron Kleiber')"
,,Walter Hang,Ron Kleiber,"('Jeff Decker', 'Walter Hang')","('Stephen Doherty', 'Jim Johnston')"
,,Dan Fitzsimmons,Jim Johnston,"('Jeff Decker', 'Dan Fitzsimmons')","('Stephen Doherty', 'Pearis')"
,,Jackie Root,Pearis,"('Jeff Decker', 'Jackie Root')","('Stephen Doherty', 'Mark Mesceda')"
,,Chris Denton,Mark Mesceda,"('Jeff Decker', 'Chris Denton')","('Stephen Doherty', 'Brett Wightman')"
,,Carrie Czebiniak,Brett Wightman,"('Jeff Decker', 'Carrie Czebiniak')","('Stephen Doherty', 'Joan Koster')"
,,Jon Campbell,Joan Koster,"('Jeff Decker', 'Jon Campbell')","('Stephen Doherty', 'Vito Randazzi')"
,,Nick Schoonover,Vito Randazzi,"('Jeff Decker', 'Nick Schoonover')","('Stephen Doherty', 'Mary Mesceda Knoop')"
,,Matthew Ryan,Mary Mesceda Knoop,"('Jeff Decker', 'Jim Worden')","('Stephen Doherty', 'Bob Williams')"
,,Jim Worden,Bob Williams,"('Jeff Decker', 'Don Zaengle')","('Stephen Doherty', 'Charlie Slack')"
,,Don Zaengle,Charlie Slack,"('Jeff Decker', 'Brenda Boyce')","('Stephen Doherty', 'Gary Cole')"
,,Brenda Boyce,Gary Cole,"('Jeff Decker', 'Jeremy Wheeler')","('Stephen Doherty', 'Jarrett Greene')"
,,Jeremy Wheeler,Jarrett Greene,"('Jeff Decker', 'Tim Whitesell')","('Stephen Doherty', 'Eddie Maslin')"
,,Tim Whitesell,Eddie Maslin,"('Jeff Decker', 'Marchie Diffindorf')","('Stephen Doherty', 'Thomas Libous')"
,,Marchie Diffindorf,Thomas Libous,"('Jeff Decker', 'Dave Dibble')","('Stephen Doherty', 'Wayne Douglas')"
,,Dave Dibble,Wayne Douglas,"('Jeff Decker', 'John Orzel')","('Stephen Doherty', 'Cameron Kuhr')"
,,Nicole Gwardyak,Cameron Kuhr,"('Jeff Decker', 'Nicole Gwardyak')","('Stephen Doherty', 'Eric Kuhr')"
,,Ron Keibel,Eric Kuhr,"('Jeff Decker', 'Ron Keibel')","('Stephen Doherty', 'Barbara Fiala')"
,,Richard Lasky,Barbara Fiala,"('Jeff Decker', 'Richard Lasky')","('Stephen Doherty', 'Dan David')"
,,Loretta Sullivan,Dan David,"('Jeff Decker', 'Loretta Sullivan')","('Stephen Doherty', 'Chris Smith')"
,,Don Boyce,Chris Smith,"('Jeff Decker', 'Don Boyce')","('Stephen Doherty', 'George Schaeffer')"
,,Mark Sorochinsky,George Schaeffer,"('Jeff Decker', 'Mark Sorochinsky')","('Stephen Doherty', 'Kirkwood')"
,,Steve Szczepanski,Kirkwood,"('Jeff Decker', 'Steve Szczepanski')","('Stephen Doherty', 'James Johnston')"
,,Robert Williams,James Johnston,"('Jeff Decker', 'Robert Williams')","('Stephen Doherty', 'Dave Hamlin')"
,,Ronald Zarzycki,Dave Hamlin,"('Jeff Decker', 'Ronald Zarzycki')","('Stephen Doherty', 'George Homsy')"
,,Ed Griffith,George Homsy,"('Jeff Decker', 'Ed Griffith')","('Stephen Doherty', 'Charles Manasse')"
,,Tony Fiala,Charles Manasse,"('Jeff Decker', 'Tony Fiala')","('Stephen Doherty', 'Nancy Lee')"
,,,Nancy Lee,"('Walter Hang', 'Dan Fitzsimmons')","('Stephen Doherty', 'Chuck Sweet')"
,,,Chuck Sweet,"('Walter Hang', 'Jackie Root')","('Stephen Doherty', 'Rich Ciavelli')"
,,,Rich Ciavelli,"('Walter Hang', 'Chris Denton')","('Stephen Doherty', 'Maus')"
,,,Maus,"('Walter Hang', 'Carrie Czebiniak')","('Stephen Doherty', 'John Livingston')"
,,,John Livingston,"('Walter Hang', 'Jon Campbell')","('Stephen Doherty', 'Lindsay Wickham')"
,,,Lindsay Wickham,"('Walter Hang', 'Nick Schoonover')","('Stephen Doherty', 'Scott Kurkoski')"
,,,Scott Kurkoski,"('Walter Hang', 'Matthew Ryan')","('Stephen Doherty', 'Gretchen Douglas')"
,,,Gretchen Douglas,"('Walter Hang', 'Jim Worden')","('Stephen Doherty', 'Dale Roe')"
,,,Dale Roe,"('Walter Hang', 'Don Zaengle')","('Stephen Doherty', 'David Rapp')"
,,,David Rapp,"('Walter Hang', 'Brenda Boyce')","('Stephen Doherty', 'Barbara Bernstein')"
,,,Barbara Bernstein,"('Walter Hang', 'Jeremy Wheeler')","('Stephen Doherty', 'Augy Hiemstra')"
,,,Augy Hiemstra,"('Walter Hang', 'Tim Whitesell')","('Stephen Doherty', 'John Orzel')"
,,,Greene,"('Walter Hang', 'Marchie Diffindorf')","('Stephen Doherty', 'Greene')"
,,,Joe Sluznar,"('Walter Hang', 'Dave Dibble')","('Stephen Doherty', 'Joe Sluznar')"
,,,Scott Snyder,"('Walter Hang', 'John Orzel')","('Stephen Doherty', 'Scott Snyder')"
,,,Mike Decker,"('Walter Hang', 'Nicole Gwardyak')","('Stephen Doherty', 'Mike Decker')"
,,,Dan Driscoll,"('Walter Hang', 'Ron Keibel')","('Stephen Doherty', 'Dan Driscoll')"
,,,Stan Sielicki,"('Walter Hang', 'Richard Lasky')","('Stephen Doherty', 'Stan Sielicki')"
,,,Dan Baker,"('Walter Hang', 'Loretta Sullivan')","('Stephen Doherty', 'Dan Baker')"
,,,Insignia,"('Walter Hang', 'Don Boyce')","('Stephen Doherty', 'Insignia')"
,,,Tom Sinclair,"('Walter Hang', 'Mark Sorochinsky')","('Stephen Doherty', 'Tom Sinclair')"
,,,Bennett,"('Walter Hang', 'Steve Szczepanski')","('Stephen Doherty', 'Bennett')"
,,,Judy Rapp,"('Walter Hang', 'Robert Williams')","('Stephen Doherty', 'Judy Rapp')"
,,,Nathan Werner,"('Walter Hang', 'Ronald Zarzycki')","('Stephen Doherty', 'Nathan Werner')"
,,,Tom Decker,"('Walter Hang', 'Ed Griffith')","('Stephen Doherty', 'Tom Decker')"
,,,Oliver Blaise,"('Walter Hang', 'Tony Fiala')","('Stephen Doherty', 'Oliver Blaise')"
,,,Harold Koster,"('Dan Fitzsimmons', 'John Orzel')","('Stephen Doherty', 'Harold Koster')"
,,,Vera Scroggins,"('Dan Fitzsimmons', 'Jackie Root')","('Stephen Doherty', 'Vera Scroggins')"
,,,Fredricka Kulicka,"('Dan Fitzsimmons', 'Chris Denton')","('Stephen Doherty', 'Fredricka Kulicka')"
,,,William Lee,"('Dan Fitzsimmons', 'Carrie Czebiniak')","('Stephen Doherty', 'William Lee')"
,,,Douglas Pogorzelski,"('Dan Fitzsimmons', 'Ron Keibel')","('Stephen Doherty', 'Douglas Pogorzelski')"
,,,,"('Dan Fitzsimmons', 'Nick Schoonover')","('Ron Kleiber', 'Jim Johnston')"
,,,,"('Dan Fitzsimmons', 'Matthew Ryan')","('Ron Kleiber', 'Pearis')"
,,,,"('Dan Fitzsimmons', 'Jim Worden')","('Ron Kleiber', 'Mark Mesceda')"
,,,,"('Dan Fitzsimmons', 'Jon Campbell')","('Ron Kleiber', 'Brett Wightman')"
,,,,"('Dan Fitzsimmons', 'Don Zaengle')","('Ron Kleiber', 'Joan Koster')"
,,,,"('Dan Fitzsimmons', 'Brenda Boyce')","('Ron Kleiber', 'Vito Randazzi')"
,,,,"('Dan Fitzsimmons', 'Jeremy Wheeler')","('Ron Kleiber', 'Mary Mesceda Knoop')"
,,,,"('Dan Fitzsimmons', 'Tim Whitesell')","('Ron Kleiber', 'Bob Williams')"
,,,,"('Dan Fitzsimmons', 'Marchie Diffindorf')","('Ron Kleiber', 'Charlie Slack')"
,,,,"('Dan Fitzsimmons', 'Dave Dibble')","('Ron Kleiber', 'Gary Cole')"
,,,,"('Dan Fitzsimmons', 'Nicole Gwardyak')","('Ron Kleiber', 'Jarrett Greene')"
,,,,"('Dan Fitzsimmons', 'Richard Lasky')","('Ron Kleiber', 'Eddie Maslin')"
,,,,"('Dan Fitzsimmons', 'Loretta Sullivan')","('Ron Kleiber', 'Thomas Libous')"
,,,,"('Dan Fitzsimmons', 'Don Boyce')","('Ron Kleiber', 'Wayne Douglas')"
,,,,"('Dan Fitzsimmons', 'Mark Sorochinsky')","('Ron Kleiber', 'Cameron Kuhr')"
,,,,"('Dan Fitzsimmons', 'Steve Szczepanski')","('Ron Kleiber', 'Eric Kuhr')"
,,,,"('Dan Fitzsimmons', 'Robert Williams')","('Ron Kleiber', 'Barbara Fiala')"
,,,,"('Dan Fitzsimmons', 'Ronald Zarzycki')","('Ron Kleiber', 'Dan David')"
,,,,"('Dan Fitzsimmons', 'Ed Griffith')","('Ron Kleiber', 'Chris Smith')"
,,,,"('Dan Fitzsimmons', 'Tony Fiala')","('Ron Kleiber', 'George Schaeffer')"
,,,,"('Jackie Root', 'Chris Denton')","('Ron Kleiber', 'Kirkwood')"
,,,,"('Jackie Root', 'Carrie Czebiniak')","('Ron Kleiber', 'James Johnston')"
,,,,"('Jackie Root', 'Jon Campbell')","('Ron Kleiber', 'Dave Hamlin')"
,,,,"('Jackie Root', 'Nick Schoonover')","('Ron Kleiber', 'George Homsy')"
,,,,"('Jackie Root', 'Matthew Ryan')","('Ron Kleiber', 'Charles Manasse')"
,,,,"('Jackie Root', 'Jim Worden')","('Ron Kleiber', 'Nancy Lee')"
,,,,"('Jackie Root', 'Don Zaengle')","('Ron Kleiber', 'Chuck Sweet')"
,,,,"('Jackie Root', 'Brenda Boyce')","('Ron Kleiber', 'Rich Ciavelli')"
,,,,"('Jackie Root', 'Jeremy Wheeler')","('Ron Kleiber', 'Maus')"
,,,,"('Jackie Root', 'Tim Whitesell')","('Ron Kleiber', 'John Livingston')"
,,,,"('Jackie Root', 'Marchie Diffindorf')","('Ron Kleiber', 'Lindsay Wickham')"
,,,,"('Jackie Root', 'Dave Dibble')","('Ron Kleiber', 'Scott Kurkoski')"
,,,,"('Jackie Root', 'John Orzel')","('Ron Kleiber', 'Gretchen Douglas')"
,,,,"('Jackie Root', 'Nicole Gwardyak')","('Ron Kleiber', 'Dale Roe')"
,,,,"('Jackie Root', 'Ron Keibel')","('Ron Kleiber', 'David Rapp')"
,,,,"('Jackie Root', 'Richard Lasky')","('Ron Kleiber', 'Barbara Bernstein')"
,,,,"('Jackie Root', 'Loretta Sullivan')","('Ron Kleiber', 'Augy Hiemstra')"
,,,,"('Jackie Root', 'Don Boyce')","('Ron Kleiber', 'John Orzel')"
,,,,"('Jackie Root', 'Mark Sorochinsky')","('Ron Kleiber', 'Greene')"
,,,,"('Jackie Root', 'Steve Szczepanski')","('Ron Kleiber', 'Joe Sluznar')"
,,,,"('Jackie Root', 'Robert Williams')","('Ron Kleiber', 'Scott Snyder')"
,,,,"('Jackie Root', 'Ronald Zarzycki')","('Ron Kleiber', 'Mike Decker')"
,,,,"('Jackie Root', 'Ed Griffith')","('Ron Kleiber', 'Dan Driscoll')"
,,,,"('Jackie Root', 'Tony Fiala')","('Ron Kleiber', 'Stan Sielicki')"
,,,,"('Chris Denton', 'Carrie Czebiniak')","('Ron Kleiber', 'Dan Baker')"
,,,,"('Chris Denton', 'Ron Keibel')","('Ron Kleiber', 'Insignia')"
,,,,"('Chris Denton', 'Nick Schoonover')","('Ron Kleiber', 'Tom Sinclair')"
,,,,"('Chris Denton', 'Matthew Ryan')","('Ron Kleiber', 'Bennett')"
,,,,"('Chris Denton', 'Jim Worden')","('Ron Kleiber', 'Judy Rapp')"
,,,,"('Chris Denton', 'Jon Campbell')","('Ron Kleiber', 'Nathan Werner')"
,,,,"('Chris Denton', 'Don Zaengle')","('Ron Kleiber', 'Tom Decker')"
,,,,"('Chris Denton', 'Brenda Boyce')","('Ron Kleiber', 'Oliver Blaise')"
,,,,"('Chris Denton', 'Jeremy Wheeler')","('Ron Kleiber', 'Harold Koster')"
,,,,"('Chris Denton', 'Tim Whitesell')","('Ron Kleiber', 'Vera Scroggins')"
,,,,"('Chris Denton', 'Marchie Diffindorf')","('Ron Kleiber', 'Fredricka Kulicka')"
,,,,"('Chris Denton', 'Dave Dibble')","('Ron Kleiber', 'William Lee')"
,,,,"('Chris Denton', 'John Orzel')","('Ron Kleiber', 'Douglas Pogorzelski')"
,,,,"('Chris Denton', 'Nicole Gwardyak')","('Jim Johnston', 'Pearis')"
,,,,"('Chris Denton', 'Richard Lasky')","('Jim Johnston', 'Mark Mesceda')"
,,,,"('Chris Denton', 'Loretta Sullivan')","('Jim Johnston', 'Brett Wightman')"
,,,,"('Chris Denton', 'Don Boyce')","('Jim Johnston', 'Joan Koster')"
,,,,"('Chris Denton', 'Mark Sorochinsky')","('Jim Johnston', 'Vito Randazzi')"
,,,,"('Chris Denton', 'Steve Szczepanski')","('Jim Johnston', 'Mary Mesceda Knoop')"
,,,,"('Chris Denton', 'Robert Williams')","('Jim Johnston', 'Bob Williams')"
,,,,"('Chris Denton', 'Ronald Zarzycki')","('Jim Johnston', 'Charlie Slack')"
,,,,"('Chris Denton', 'Ed Griffith')","('Jim Johnston', 'Gary Cole')"
,,,,"('Chris Denton', 'Tony Fiala')","('Jim Johnston', 'Jarrett Greene')"
,,,,"('Carrie Czebiniak', 'Jon Campbell')","('Jim Johnston', 'Eddie Maslin')"
,,,,"('Carrie Czebiniak', 'Nick Schoonover')","('Jim Johnston', 'Thomas Libous')"
,,,,"('Carrie Czebiniak', 'Matthew Ryan')","('Jim Johnston', 'Wayne Douglas')"
,,,,"('Carrie Czebiniak', 'Jim Worden')","('Jim Johnston', 'Cameron Kuhr')"
,,,,"('Carrie Czebiniak', 'Don Zaengle')","('Jim Johnston', 'Eric Kuhr')"
,,,,"('Carrie Czebiniak', 'Brenda Boyce')","('Jim Johnston', 'Barbara Fiala')"
,,,,"('Carrie Czebiniak', 'Jeremy Wheeler')","('Jim Johnston', 'Dan David')"
,,,,"('Carrie Czebiniak', 'Tim Whitesell')","('Jim Johnston', 'Chris Smith')"
,,,,"('Carrie Czebiniak', 'Marchie Diffindorf')","('Jim Johnston', 'George Schaeffer')"
,,,,"('Carrie Czebiniak', 'Dave Dibble')","('Jim Johnston', 'Kirkwood')"
,,,,"('Carrie Czebiniak', 'John Orzel')","('Jim Johnston', 'James Johnston')"
,,,,"('Carrie Czebiniak', 'Nicole Gwardyak')","('Jim Johnston', 'Dave Hamlin')"
,,,,"('Carrie Czebiniak', 'Ron Keibel')","('Jim Johnston', 'George Homsy')"
,,,,"('Carrie Czebiniak', 'Richard Lasky')","('Jim Johnston', 'Charles Manasse')"
,,,,"('Carrie Czebiniak', 'Loretta Sullivan')","('Jim Johnston', 'Nancy Lee')"
,,,,"('Carrie Czebiniak', 'Don Boyce')","('Jim Johnston', 'Chuck Sweet')"
,,,,"('Carrie Czebiniak', 'Mark Sorochinsky')","('Jim Johnston', 'Rich Ciavelli')"
,,,,"('Carrie Czebiniak', 'Steve Szczepanski')","('Jim Johnston', 'Maus')"
,,,,"('Carrie Czebiniak', 'Robert Williams')","('Jim Johnston', 'John Livingston')"
,,,,"('Carrie Czebiniak', 'Ronald Zarzycki')","('Jim Johnston', 'Lindsay Wickham')"
,,,,"('Carrie Czebiniak', 'Ed Griffith')","('Jim Johnston', 'Scott Kurkoski')"
,,,,"('Carrie Czebiniak', 'Tony Fiala')","('Jim Johnston', 'Gretchen Douglas')"
,,,,"('Jon Campbell', 'Ron Keibel')","('Jim Johnston', 'Dale Roe')"
,,,,"('Jon Campbell', 'Nick Schoonover')","('Jim Johnston', 'David Rapp')"
,,,,"('Jon Campbell', 'Matthew Ryan')","('Jim Johnston', 'Barbara Bernstein')"
,,,,"('Jon Campbell', 'Jim Worden')","('Jim Johnston', 'Augy Hiemstra')"
,,,,"('Jon Campbell', 'Don Zaengle')","('Jim Johnston', 'John Orzel')"
,,,,"('Jon Campbell', 'Brenda Boyce')","('Jim Johnston', 'Greene')"
,,,,"('Jon Campbell', 'Jeremy Wheeler')","('Jim Johnston', 'Joe Sluznar')"
,,,,"('Jon Campbell', 'Tim Whitesell')","('Jim Johnston', 'Scott Snyder')"
,,,,"('Jon Campbell', 'Marchie Diffindorf')","('Jim Johnston', 'Mike Decker')"
,,,,"('Jon Campbell', 'Dave Dibble')","('Jim Johnston', 'Dan Driscoll')"
,,,,"('Jon Campbell', 'John Orzel')","('Jim Johnston', 'Stan Sielicki')"
,,,,"('Jon Campbell', 'Nicole Gwardyak')","('Jim Johnston', 'Dan Baker')"
,,,,"('Jon Campbell', 'Richard Lasky')","('Jim Johnston', 'Insignia')"
,,,,"('Jon Campbell', 'Loretta Sullivan')","('Jim Johnston', 'Tom Sinclair')"
,,,,"('Jon Campbell', 'Don Boyce')","('Jim Johnston', 'Bennett')"
,,,,"('Jon Campbell', 'Mark Sorochinsky')","('Jim Johnston', 'Judy Rapp')"
,,,,"('Jon Campbell', 'Steve Szczepanski')","('Jim Johnston', 'Nathan Werner')"
,,,,"('Jon Campbell', 'Robert Williams')","('Jim Johnston', 'Tom Decker')"
,,,,"('Jon Campbell', 'Ronald Zarzycki')","('Jim Johnston', 'Oliver Blaise')"
,,,,"('Jon Campbell', 'Ed Griffith')","('Jim Johnston', 'Harold Koster')"
,,,,"('Jon Campbell', 'Tony Fiala')","('Jim Johnston', 'Vera Scroggins')"
,,,,"('Nick Schoonover', 'Matthew Ryan')","('Jim Johnston', 'Fredricka Kulicka')"
,,,,"('Nick Schoonover', 'Jim Worden')","('Jim Johnston', 'William Lee')"
,,,,"('Nick Schoonover', 'Don Zaengle')","('Jim Johnston', 'Douglas Pogorzelski')"
,,,,"('Nick Schoonover', 'Brenda Boyce')","('Pearis', 'Mark Mesceda')"
,,,,"('Nick Schoonover', 'Jeremy Wheeler')","('Pearis', 'Brett Wightman')"
,,,,"('Nick Schoonover', 'Tim Whitesell')","('Pearis', 'Joan Koster')"
,,,,"('Nick Schoonover', 'Marchie Diffindorf')","('Pearis', 'Vito Randazzi')"
,,,,"('Nick Schoonover', 'Dave Dibble')","('Pearis', 'Mary Mesceda Knoop')"
,,,,"('Nick Schoonover', 'John Orzel')","('Pearis', 'Bob Williams')"
,,,,"('Nick Schoonover', 'Nicole Gwardyak')","('Pearis', 'Charlie Slack')"
,,,,"('Nick Schoonover', 'Ron Keibel')","('Pearis', 'Gary Cole')"
,,,,"('Nick Schoonover', 'Richard Lasky')","('Pearis', 'Jarrett Greene')"
,,,,"('Nick Schoonover', 'Loretta Sullivan')","('Pearis', 'Eddie Maslin')"
,,,,"('Nick Schoonover', 'Don Boyce')","('Pearis', 'Thomas Libous')"
,,,,"('Nick Schoonover', 'Mark Sorochinsky')","('Pearis', 'Wayne Douglas')"
,,,,"('Nick Schoonover', 'Steve Szczepanski')","('Pearis', 'Cameron Kuhr')"
,,,,"('Nick Schoonover', 'Robert Williams')","('Pearis', 'Eric Kuhr')"
,,,,"('Nick Schoonover', 'Ronald Zarzycki')","('Pearis', 'Barbara Fiala')"
,,,,"('Nick Schoonover', 'Ed Griffith')","('Pearis', 'Dan David')"
,,,,"('Nick Schoonover', 'Tony Fiala')","('Pearis', 'Chris Smith')"
,,,,"('Matthew Ryan', 'Jim Worden')","('Pearis', 'George Schaeffer')"
,,,,"('Matthew Ryan', 'Don Zaengle')","('Pearis', 'Kirkwood')"
,,,,"('Matthew Ryan', 'Brenda Boyce')","('Pearis', 'James Johnston')"
,,,,"('Matthew Ryan', 'Jeremy Wheeler')","('Pearis', 'Dave Hamlin')"
,,,,"('Matthew Ryan', 'Tim Whitesell')","('Pearis', 'George Homsy')"
,,,,"('Matthew Ryan', 'Marchie Diffindorf')","('Pearis', 'Charles Manasse')"
,,,,"('Matthew Ryan', 'Dave Dibble')","('Pearis', 'Nancy Lee')"
,,,,"('Matthew Ryan', 'John Orzel')","('Pearis', 'Chuck Sweet')"
,,,,"('Matthew Ryan', 'Nicole Gwardyak')","('Pearis', 'Rich Ciavelli')"
,,,,"('Matthew Ryan', 'Ron Keibel')","('Pearis', 'Maus')"
,,,,"('Matthew Ryan', 'Richard Lasky')","('Pearis', 'John Livingston')"
,,,,"('Matthew Ryan', 'Loretta Sullivan')","('Pearis', 'Lindsay Wickham')"
,,,,"('Matthew Ryan', 'Don Boyce')","('Pearis', 'Scott Kurkoski')"
,,,,"('Matthew Ryan', 'Mark Sorochinsky')","('Pearis', 'Gretchen Douglas')"
,,,,"('Matthew Ryan', 'Steve Szczepanski')","('Pearis', 'Dale Roe')"
,,,,"('Matthew Ryan', 'Robert Williams')","('Pearis', 'David Rapp')"
,,,,"('Matthew Ryan', 'Ronald Zarzycki')","('Pearis', 'Barbara Bernstein')"
,,,,"('Matthew Ryan', 'Ed Griffith')","('Pearis', 'Augy Hiemstra')"
,,,,"('Matthew Ryan', 'Tony Fiala')","('Pearis', 'John Orzel')"
,,,,"('Jim Worden', 'Don Zaengle')","('Pearis', 'Greene')"
,,,,"('Jim Worden', 'Brenda Boyce')","('Pearis', 'Joe Sluznar')"
,,,,"('Jim Worden', 'Jeremy Wheeler')","('Pearis', 'Scott Snyder')"
,,,,"('Jim Worden', 'Tim Whitesell')","('Pearis', 'Mike Decker')"
,,,,"('Jim Worden', 'Marchie Diffindorf')","('Pearis', 'Dan Driscoll')"
,,,,"('Jim Worden', 'Dave Dibble')","('Pearis', 'Stan Sielicki')"
,,,,"('Jim Worden', 'John Orzel')","('Pearis', 'Dan Baker')"
,,,,"('Jim Worden', 'Nicole Gwardyak')","('Pearis', 'Insignia')"
,,,,"('Jim Worden', 'Ron Keibel')","('Pearis', 'Tom Sinclair')"
,,,,"('Jim Worden', 'Richard Lasky')","('Pearis', 'Bennett')"
,,,,"('Jim Worden', 'Loretta Sullivan')","('Pearis', 'Judy Rapp')"
,,,,"('Jim Worden', 'Don Boyce')","('Pearis', 'Nathan Werner')"
,,,,"('Jim Worden', 'Mark Sorochinsky')","('Pearis', 'Tom Decker')"
,,,,"('Jim Worden', 'Steve Szczepanski')","('Pearis', 'Oliver Blaise')"
,,,,"('Jim Worden', 'Robert Williams')","('Pearis', 'Harold Koster')"
,,,,"('Jim Worden', 'Ronald Zarzycki')","('Pearis', 'Vera Scroggins')"
,,,,"('Jim Worden', 'Ed Griffith')","('Pearis', 'Fredricka Kulicka')"
,,,,"('Jim Worden', 'Tony Fiala')","('Pearis', 'William Lee')"
,,,,"('Don Zaengle', 'Brenda Boyce')","('Pearis', 'Douglas Pogorzelski')"
,,,,"('Don Zaengle', 'Jeremy Wheeler')","('Mark Mesceda', 'Mike Decker')"
,,,,"('Don Zaengle', 'Tim Whitesell')","('Mark Mesceda', 'Brett Wightman')"
,,,,"('Don Zaengle', 'Marchie Diffindorf')","('Mark Mesceda', 'Joan Koster')"
,,,,"('Don Zaengle', 'Dave Dibble')","('Mark Mesceda', 'Vito Randazzi')"
,,,,"('Don Zaengle', 'John Orzel')","('Mark Mesceda', 'Mary Mesceda Knoop')"
,,,,"('Don Zaengle', 'Nicole Gwardyak')","('Mark Mesceda', 'Bob Williams')"
,,,,"('Don Zaengle', 'Ron Keibel')","('Mark Mesceda', 'Charlie Slack')"
,,,,"('Don Zaengle', 'Richard Lasky')","('Mark Mesceda', 'Gary Cole')"
,,,,"('Don Zaengle', 'Loretta Sullivan')","('Mark Mesceda', 'Jarrett Greene')"
,,,,"('Don Zaengle', 'Don Boyce')","('Mark Mesceda', 'Eddie Maslin')"
,,,,"('Don Zaengle', 'Mark Sorochinsky')","('Mark Mesceda', 'Thomas Libous')"
,,,,"('Don Zaengle', 'Steve Szczepanski')","('Mark Mesceda', 'Wayne Douglas')"
,,,,"('Don Zaengle', 'Robert Williams')","('Mark Mesceda', 'Cameron Kuhr')"
,,,,"('Don Zaengle', 'Ronald Zarzycki')","('Mark Mesceda', 'Eric Kuhr')"
,,,,"('Don Zaengle', 'Ed Griffith')","('Mark Mesceda', 'Barbara Fiala')"
,,,,"('Don Zaengle', 'Tony Fiala')","('Mark Mesceda', 'Dan David')"
,,,,"('Brenda Boyce', 'Jeremy Wheeler')","('Mark Mesceda', 'Chris Smith')"
,,,,"('Brenda Boyce', 'Tim Whitesell')","('Mark Mesceda', 'George Schaeffer')"
,,,,"('Brenda Boyce', 'Marchie Diffindorf')","('Mark Mesceda', 'Kirkwood')"
,,,,"('Brenda Boyce', 'Dave Dibble')","('Mark Mesceda', 'James Johnston')"
,,,,"('Brenda Boyce', 'John Orzel')","('Mark Mesceda', 'Dave Hamlin')"
,,,,"('Brenda Boyce', 'Nicole Gwardyak')","('Mark Mesceda', 'George Homsy')"
,,,,"('Brenda Boyce', 'Ron Keibel')","('Mark Mesceda', 'Charles Manasse')"
,,,,"('Brenda Boyce', 'Richard Lasky')","('Mark Mesceda', 'Nancy Lee')"
,,,,"('Brenda Boyce', 'Loretta Sullivan')","('Mark Mesceda', 'Chuck Sweet')"
,,,,"('Brenda Boyce', 'Don Boyce')","('Mark Mesceda', 'Rich Ciavelli')"
,,,,"('Brenda Boyce', 'Mark Sorochinsky')","('Mark Mesceda', 'Maus')"
,,,,"('Brenda Boyce', 'Steve Szczepanski')","('Mark Mesceda', 'John Livingston')"
,,,,"('Brenda Boyce', 'Robert Williams')","('Mark Mesceda', 'Lindsay Wickham')"
,,,,"('Brenda Boyce', 'Ronald Zarzycki')","('Mark Mesceda', 'Scott Kurkoski')"
,,,,"('Brenda Boyce', 'Ed Griffith')","('Mark Mesceda', 'Gretchen Douglas')"
,,,,"('Brenda Boyce', 'Tony Fiala')","('Mark Mesceda', 'Dale Roe')"
,,,,"('Jeremy Wheeler', 'Tim Whitesell')","('Mark Mesceda', 'David Rapp')"
,,,,"('Jeremy Wheeler', 'Marchie Diffindorf')","('Mark Mesceda', 'Barbara Bernstein')"
,,,,"('Jeremy Wheeler', 'Dave Dibble')","('Mark Mesceda', 'Augy Hiemstra')"
,,,,"('Jeremy Wheeler', 'John Orzel')","('Mark Mesceda', 'John Orzel')"
,,,,"('Jeremy Wheeler', 'Nicole Gwardyak')","('Mark Mesceda', 'Greene')"
,,,,"('Jeremy Wheeler', 'Ron Keibel')","('Mark Mesceda', 'Joe Sluznar')"
,,,,"('Jeremy Wheeler', 'Richard Lasky')","('Mark Mesceda', 'Scott Snyder')"
,,,,"('Jeremy Wheeler', 'Loretta Sullivan')","('Mark Mesceda', 'Dan Driscoll')"
,,,,"('Jeremy Wheeler', 'Don Boyce')","('Mark Mesceda', 'Stan Sielicki')"
,,,,"('Jeremy Wheeler', 'Mark Sorochinsky')","('Mark Mesceda', 'Dan Baker')"
,,,,"('Jeremy Wheeler', 'Steve Szczepanski')","('Mark Mesceda', 'Insignia')"
,,,,"('Jeremy Wheeler', 'Robert Williams')","('Mark Mesceda', 'Tom Sinclair')"
,,,,"('Jeremy Wheeler', 'Ronald Zarzycki')","('Mark Mesceda', 'Bennett')"
,,,,"('Jeremy Wheeler', 'Ed Griffith')","('Mark Mesceda', 'Judy Rapp')"
,,,,"('Jeremy Wheeler', 'Tony Fiala')","('Mark Mesceda', 'Nathan Werner')"
,,,,"('Tim Whitesell', 'Marchie Diffindorf')","('Mark Mesceda', 'Tom Decker')"
,,,,"('Tim Whitesell', 'Dave Dibble')","('Mark Mesceda', 'Oliver Blaise')"
,,,,"('Tim Whitesell', 'John Orzel')","('Mark Mesceda', 'Harold Koster')"
,,,,"('Tim Whitesell', 'Nicole Gwardyak')","('Mark Mesceda', 'Vera Scroggins')"
,,,,"('Tim Whitesell', 'Ron Keibel')","('Mark Mesceda', 'Fredricka Kulicka')"
,,,,"('Tim Whitesell', 'Richard Lasky')","('Mark Mesceda', 'William Lee')"
,,,,"('Tim Whitesell', 'Loretta Sullivan')","('Mark Mesceda', 'Douglas Pogorzelski')"
,,,,"('Tim Whitesell', 'Don Boyce')","('Brett Wightman', 'Joan Koster')"
,,,,"('Tim Whitesell', 'Mark Sorochinsky')","('Brett Wightman', 'Vito Randazzi')"
,,,,"('Tim Whitesell', 'Steve Szczepanski')","('Brett Wightman', 'Mary Mesceda Knoop')"
,,,,"('Tim Whitesell', 'Robert Williams')","('Brett Wightman', 'Bob Williams')"
,,,,"('Tim Whitesell', 'Ronald Zarzycki')","('Brett Wightman', 'Charlie Slack')"
,,,,"('Tim Whitesell', 'Ed Griffith')","('Brett Wightman', 'Gary Cole')"
,,,,"('Tim Whitesell', 'Tony Fiala')","('Brett Wightman', 'Jarrett Greene')"
,,,,"('Marchie Diffindorf', 'Dave Dibble')","('Brett Wightman', 'Eddie Maslin')"
,,,,"('Marchie Diffindorf', 'John Orzel')","('Brett Wightman', 'Thomas Libous')"
,,,,"('Marchie Diffindorf', 'Nicole Gwardyak')","('Brett Wightman', 'Wayne Douglas')"
,,,,"('Marchie Diffindorf', 'Ron Keibel')","('Brett Wightman', 'Cameron Kuhr')"
,,,,"('Marchie Diffindorf', 'Richard Lasky')","('Brett Wightman', 'Eric Kuhr')"
,,,,"('Marchie Diffindorf', 'Loretta Sullivan')","('Brett Wightman', 'Barbara Fiala')"
,,,,"('Marchie Diffindorf', 'Don Boyce')","('Brett Wightman', 'Dan David')"
,,,,"('Marchie Diffindorf', 'Mark Sorochinsky')","('Brett Wightman', 'Chris Smith')"
,,,,"('Marchie Diffindorf', 'Steve Szczepanski')","('Brett Wightman', 'George Schaeffer')"
,,,,"('Marchie Diffindorf', 'Robert Williams')","('Brett Wightman', 'Kirkwood')"
,,,,"('Marchie Diffindorf', 'Ronald Zarzycki')","('Brett Wightman', 'James Johnston')"
,,,,"('Marchie Diffindorf', 'Ed Griffith')","('Brett Wightman', 'Dave Hamlin')"
,,,,"('Marchie Diffindorf', 'Tony Fiala')","('Brett Wightman', 'George Homsy')"
,,,,"('Dave Dibble', 'Ron Keibel')","('Brett Wightman', 'Charles Manasse')"
,,,,"('Dave Dibble', 'John Orzel')","('Brett Wightman', 'Nancy Lee')"
,,,,"('Dave Dibble', 'Nicole Gwardyak')","('Brett Wightman', 'Chuck Sweet')"
,,,,"('Dave Dibble', 'Richard Lasky')","('Brett Wightman', 'Rich Ciavelli')"
,,,,"('Dave Dibble', 'Loretta Sullivan')","('Brett Wightman', 'Maus')"
,,,,"('Dave Dibble', 'Don Boyce')","('Brett Wightman', 'John Livingston')"
,,,,"('Dave Dibble', 'Mark Sorochinsky')","('Brett Wightman', 'Lindsay Wickham')"
,,,,"('Dave Dibble', 'Steve Szczepanski')","('Brett Wightman', 'Scott Kurkoski')"
,,,,"('Dave Dibble', 'Robert Williams')","('Brett Wightman', 'Gretchen Douglas')"
,,,,"('Dave Dibble', 'Ronald Zarzycki')","('Brett Wightman', 'Dale Roe')"
,,,,"('Dave Dibble', 'Ed Griffith')","('Brett Wightman', 'David Rapp')"
,,,,"('Dave Dibble', 'Tony Fiala')","('Brett Wightman', 'Barbara Bernstein')"
,,,,"('John Orzel', 'Nicole Gwardyak')","('Brett Wightman', 'Augy Hiemstra')"
,,,,"('John Orzel', 'Ron Keibel')","('Brett Wightman', 'John Orzel')"
,,,,"('John Orzel', 'Richard Lasky')","('Brett Wightman', 'Greene')"
,,,,"('John Orzel', 'Loretta Sullivan')","('Brett Wightman', 'Joe Sluznar')"
,,,,"('John Orzel', 'Don Boyce')","('Brett Wightman', 'Scott Snyder')"
,,,,"('John Orzel', 'Mark Sorochinsky')","('Brett Wightman', 'Mike Decker')"
,,,,"('John Orzel', 'Steve Szczepanski')","('Brett Wightman', 'Dan Driscoll')"
,,,,"('John Orzel', 'Robert Williams')","('Brett Wightman', 'Stan Sielicki')"
,,,,"('John Orzel', 'Ronald Zarzycki')","('Brett Wightman', 'Dan Baker')"
,,,,"('John Orzel', 'Ed Griffith')","('Brett Wightman', 'Insignia')"
,,,,"('John Orzel', 'Tony Fiala')","('Brett Wightman', 'Tom Sinclair')"
,,,,"('Nicole Gwardyak', 'Steve Szczepanski')","('Brett Wightman', 'Bennett')"
,,,,"('Nicole Gwardyak', 'Ron Keibel')","('Brett Wightman', 'Judy Rapp')"
,,,,"('Nicole Gwardyak', 'Richard Lasky')","('Brett Wightman', 'Nathan Werner')"
,,,,"('Nicole Gwardyak', 'Loretta Sullivan')","('Brett Wightman', 'Tom Decker')"
,,,,"('Nicole Gwardyak', 'Don Boyce')","('Brett Wightman', 'Oliver Blaise')"
,,,,"('Nicole Gwardyak', 'Mark Sorochinsky')","('Brett Wightman', 'Harold Koster')"
,,,,"('Nicole Gwardyak', 'Robert Williams')","('Brett Wightman', 'Vera Scroggins')"
,,,,"('Nicole Gwardyak', 'Ronald Zarzycki')","('Brett Wightman', 'Fredricka Kulicka')"
,,,,"('Nicole Gwardyak', 'Ed Griffith')","('Brett Wightman', 'William Lee')"
,,,,"('Nicole Gwardyak', 'Tony Fiala')","('Brett Wightman', 'Douglas Pogorzelski')"
,,,,"('Ron Keibel', 'Richard Lasky')","('Joan Koster', 'Vito Randazzi')"
,,,,"('Ron Keibel', 'Loretta Sullivan')","('Joan Koster', 'Mary Mesceda Knoop')"
,,,,"('Ron Keibel', 'Don Boyce')","('Joan Koster', 'Bob Williams')"
,,,,"('Ron Keibel', 'Mark Sorochinsky')","('Joan Koster', 'Charlie Slack')"
,,,,"('Ron Keibel', 'Steve Szczepanski')","('Joan Koster', 'Gary Cole')"
,,,,"('Ron Keibel', 'Robert Williams')","('Joan Koster', 'Jarrett Greene')"
,,,,"('Ron Keibel', 'Ronald Zarzycki')","('Joan Koster', 'Eddie Maslin')"
,,,,"('Ron Keibel', 'Ed Griffith')","('Joan Koster', 'Thomas Libous')"
,,,,"('Ron Keibel', 'Tony Fiala')","('Joan Koster', 'Wayne Douglas')"
,,,,"('Richard Lasky', 'Loretta Sullivan')","('Joan Koster', 'Cameron Kuhr')"
,,,,"('Richard Lasky', 'Don Boyce')","('Joan Koster', 'Eric Kuhr')"
,,,,"('Richard Lasky', 'Mark Sorochinsky')","('Joan Koster', 'Barbara Fiala')"
,,,,"('Richard Lasky', 'Steve Szczepanski')","('Joan Koster', 'Dan David')"
,,,,"('Richard Lasky', 'Robert Williams')","('Joan Koster', 'Chris Smith')"
,,,,"('Richard Lasky', 'Ronald Zarzycki')","('Joan Koster', 'George Schaeffer')"
,,,,"('Richard Lasky', 'Ed Griffith')","('Joan Koster', 'Kirkwood')"
,,,,"('Richard Lasky', 'Tony Fiala')","('Joan Koster', 'James Johnston')"
,,,,"('Loretta Sullivan', 'Don Boyce')","('Joan Koster', 'Dave Hamlin')"
,,,,"('Loretta Sullivan', 'Mark Sorochinsky')","('Joan Koster', 'George Homsy')"
,,,,"('Loretta Sullivan', 'Steve Szczepanski')","('Joan Koster', 'Charles Manasse')"
,,,,"('Loretta Sullivan', 'Robert Williams')","('Joan Koster', 'Nancy Lee')"
,,,,"('Loretta Sullivan', 'Ronald Zarzycki')","('Joan Koster', 'Chuck Sweet')"
,,,,"('Loretta Sullivan', 'Ed Griffith')","('Joan Koster', 'Rich Ciavelli')"
,,,,"('Loretta Sullivan', 'Tony Fiala')","('Joan Koster', 'Maus')"
,,,,"('Don Boyce', 'Mark Sorochinsky')","('Joan Koster', 'John Livingston')"
,,,,"('Don Boyce', 'Steve Szczepanski')","('Joan Koster', 'Lindsay Wickham')"
,,,,"('Don Boyce', 'Robert Williams')","('Joan Koster', 'Scott Kurkoski')"
,,,,"('Don Boyce', 'Ronald Zarzycki')","('Joan Koster', 'Gretchen Douglas')"
,,,,"('Don Boyce', 'Ed Griffith')","('Joan Koster', 'Dale Roe')"
,,,,"('Don Boyce', 'Tony Fiala')","('Joan Koster', 'David Rapp')"
,,,,"('Mark Sorochinsky', 'Steve Szczepanski')","('Joan Koster', 'Barbara Bernstein')"
,,,,"('Mark Sorochinsky', 'Robert Williams')","('Joan Koster', 'Augy Hiemstra')"
,,,,"('Mark Sorochinsky', 'Ronald Zarzycki')","('Joan Koster', 'John Orzel')"
,,,,"('Mark Sorochinsky', 'Ed Griffith')","('Joan Koster', 'Greene')"
,,,,"('Mark Sorochinsky', 'Tony Fiala')","('Joan Koster', 'Joe Sluznar')"
,,,,"('Steve Szczepanski', 'Robert Williams')","('Joan Koster', 'Scott Snyder')"
,,,,"('Steve Szczepanski', 'Ronald Zarzycki')","('Joan Koster', 'Mike Decker')"
,,,,"('Steve Szczepanski', 'Ed Griffith')","('Joan Koster', 'Dan Driscoll')"
,,,,"('Steve Szczepanski', 'Tony Fiala')","('Joan Koster', 'Stan Sielicki')"
,,,,"('Robert Williams', 'Ronald Zarzycki')","('Joan Koster', 'Dan Baker')"
,,,,"('Robert Williams', 'Ed Griffith')","('Joan Koster', 'Insignia')"
,,,,"('Robert Williams', 'Tony Fiala')","('Joan Koster', 'Tom Sinclair')"
,,,,"('Ronald Zarzycki', 'Ed Griffith')","('Joan Koster', 'Bennett')"
,,,,"('Ronald Zarzycki', 'Tony Fiala')","('Joan Koster', 'Judy Rapp')"
,,,,"('Ed Griffith', 'Tony Fiala')","('Joan Koster', 'Nathan Werner')"
,,,,,"('Joan Koster', 'Tom Decker')"
,,,,,"('Joan Koster', 'Oliver Blaise')"
,,,,,"('Joan Koster', 'Harold Koster')"
,,,,,"('Joan Koster', 'Vera Scroggins')"
,,,,,"('Joan Koster', 'Fredricka Kulicka')"
,,,,,"('Joan Koster', 'William Lee')"
,,,,,"('Joan Koster', 'Douglas Pogorzelski')"
,,,,,"('Vito Randazzi', 'Mary Mesceda Knoop')"
,,,,,"('Vito Randazzi', 'Bob Williams')"
,,,,,"('Vito Randazzi', 'Charlie Slack')"
,,,,,"('Vito Randazzi', 'Gary Cole')"
,,,,,"('Vito Randazzi', 'Jarrett Greene')"
,,,,,"('Vito Randazzi', 'Eddie Maslin')"
,,,,,"('Vito Randazzi', 'Thomas Libous')"
,,,,,"('Vito Randazzi', 'Wayne Douglas')"
,,,,,"('Vito Randazzi', 'Cameron Kuhr')"
,,,,,"('Vito Randazzi', 'Eric Kuhr')"
,,,,,"('Vito Randazzi', 'Barbara Fiala')"
,,,,,"('Vito Randazzi', 'Dan David')"
,,,,,"('Vito Randazzi', 'Chris Smith')"
,,,,,"('Vito Randazzi', 'George Schaeffer')"
,,,,,"('Vito Randazzi', 'Kirkwood')"
,,,,,"('Vito Randazzi', 'James Johnston')"
,,,,,"('Vito Randazzi', 'Dave Hamlin')"
,,,,,"('Vito Randazzi', 'George Homsy')"
,,,,,"('Vito Randazzi', 'Charles Manasse')"
,,,,,"('Vito Randazzi', 'Nancy Lee')"
,,,,,"('Vito Randazzi', 'Chuck Sweet')"
,,,,,"('Vito Randazzi', 'Rich Ciavelli')"
,,,,,"('Vito Randazzi', 'Maus')"
,,,,,"('Vito Randazzi', 'John Livingston')"
,,,,,"('Vito Randazzi', 'Lindsay Wickham')"
,,,,,"('Vito Randazzi', 'Scott Kurkoski')"
,,,,,"('Vito Randazzi', 'Gretchen Douglas')"
,,,,,"('Vito Randazzi', 'Dale Roe')"
,,,,,"('Vito Randazzi', 'David Rapp')"
,,,,,"('Vito Randazzi', 'Barbara Bernstein')"
,,,,,"('Vito Randazzi', 'Augy Hiemstra')"
,,,,,"('Vito Randazzi', 'John Orzel')"
,,,,,"('Vito Randazzi', 'Greene')"
,,,,,"('Vito Randazzi', 'Joe Sluznar')"
,,,,,"('Vito Randazzi', 'Scott Snyder')"
,,,,,"('Vito Randazzi', 'Mike Decker')"
,,,,,"('Vito Randazzi', 'Dan Driscoll')"
,,,,,"('Vito Randazzi', 'Stan Sielicki')"
,,,,,"('Vito Randazzi', 'Dan Baker')"
,,,,,"('Vito Randazzi', 'Insignia')"
,,,,,"('Vito Randazzi', 'Tom Sinclair')"
,,,,,"('Vito Randazzi', 'Bennett')"
,,,,,"('Vito Randazzi', 'Judy Rapp')"
,,,,,"('Vito Randazzi', 'Nathan Werner')"
,,,,,"('Vito Randazzi', 'Tom Decker')"
,,,,,"('Vito Randazzi', 'Oliver Blaise')"
,,,,,"('Vito Randazzi', 'Harold Koster')"
,,,,,"('Vito Randazzi', 'Vera Scroggins')"
,,,,,"('Vito Randazzi', 'Fredricka Kulicka')"
,,,,,"('Vito Randazzi', 'William Lee')"
,,,,,"('Vito Randazzi', 'Douglas Pogorzelski')"
,,,,,"('Mary Mesceda Knoop', 'Bob Williams')"
,,,,,"('Mary Mesceda Knoop', 'Charlie Slack')"
,,,,,"('Mary Mesceda Knoop', 'Gary Cole')"
,,,,,"('Mary Mesceda Knoop', 'Jarrett Greene')"
,,,,,"('Mary Mesceda Knoop', 'Eddie Maslin')"
,,,,,"('Mary Mesceda Knoop', 'Thomas Libous')"
,,,,,"('Mary Mesceda Knoop', 'Wayne Douglas')"
,,,,,"('Mary Mesceda Knoop', 'Cameron Kuhr')"
,,,,,"('Mary Mesceda Knoop', 'Eric Kuhr')"
,,,,,"('Mary Mesceda Knoop', 'Barbara Fiala')"
,,,,,"('Mary Mesceda Knoop', 'Dan David')"
,,,,,"('Mary Mesceda Knoop', 'Chris Smith')"
,,,,,"('Mary Mesceda Knoop', 'George Schaeffer')"
,,,,,"('Mary Mesceda Knoop', 'Kirkwood')"
,,,,,"('Mary Mesceda Knoop', 'James Johnston')"
,,,,,"('Mary Mesceda Knoop', 'Dave Hamlin')"
,,,,,"('Mary Mesceda Knoop', 'George Homsy')"
,,,,,"('Mary Mesceda Knoop', 'Charles Manasse')"
,,,,,"('Mary Mesceda Knoop', 'Nancy Lee')"
,,,,,"('Mary Mesceda Knoop', 'Chuck Sweet')"
,,,,,"('Mary Mesceda Knoop', 'Rich Ciavelli')"
,,,,,"('Mary Mesceda Knoop', 'Maus')"
,,,,,"('Mary Mesceda Knoop', 'John Livingston')"
,,,,,"('Mary Mesceda Knoop', 'Lindsay Wickham')"
,,,,,"('Mary Mesceda Knoop', 'Scott Kurkoski')"
,,,,,"('Mary Mesceda Knoop', 'Gretchen Douglas')"
,,,,,"('Mary Mesceda Knoop', 'Dale Roe')"
,,,,,"('Mary Mesceda Knoop', 'David Rapp')"
,,,,,"('Mary Mesceda Knoop', 'Barbara Bernstein')"
,,,,,"('Mary Mesceda Knoop', 'Augy Hiemstra')"
,,,,,"('Mary Mesceda Knoop', 'John Orzel')"
,,,,,"('Mary Mesceda Knoop', 'Greene')"
,,,,,"('Mary Mesceda Knoop', 'Joe Sluznar')"
,,,,,"('Mary Mesceda Knoop', 'Scott Snyder')"
,,,,,"('Mary Mesceda Knoop', 'Mike Decker')"
,,,,,"('Mary Mesceda Knoop', 'Dan Driscoll')"
,,,,,"('Mary Mesceda Knoop', 'Stan Sielicki')"
,,,,,"('Mary Mesceda Knoop', 'Dan Baker')"
,,,,,"('Mary Mesceda Knoop', 'Insignia')"
,,,,,"('Mary Mesceda Knoop', 'Tom Sinclair')"
,,,,,"('Mary Mesceda Knoop', 'Bennett')"
,,,,,"('Mary Mesceda Knoop', 'Judy Rapp')"
,,,,,"('Mary Mesceda Knoop', 'Nathan Werner')"
,,,,,"('Mary Mesceda Knoop', 'Tom Decker')"
,,,,,"('Mary Mesceda Knoop', 'Oliver Blaise')"
,,,,,"('Mary Mesceda Knoop', 'Harold Koster')"
,,,,,"('Mary Mesceda Knoop', 'Vera Scroggins')"
,,,,,"('Mary Mesceda Knoop', 'Fredricka Kulicka')"
,,,,,"('Mary Mesceda Knoop', 'William Lee')"
,,,,,"('Mary Mesceda Knoop', 'Douglas Pogorzelski')"
,,,,,"('Bob Williams', 'John Orzel')"
,,,,,"('Bob Williams', 'Charlie Slack')"
,,,,,"('Bob Williams', 'Gary Cole')"
,,,,,"('Bob Williams', 'Jarrett Greene')"
,,,,,"('Bob Williams', 'Eddie Maslin')"
,,,,,"('Bob Williams', 'Thomas Libous')"
,,,,,"('Bob Williams', 'Wayne Douglas')"
,,,,,"('Bob Williams', 'Cameron Kuhr')"
,,,,,"('Bob Williams', 'Eric Kuhr')"
,,,,,"('Bob Williams', 'Barbara Fiala')"
,,,,,"('Bob Williams', 'Dan David')"
,,,,,"('Bob Williams', 'Chris Smith')"
,,,,,"('Bob Williams', 'George Schaeffer')"
,,,,,"('Bob Williams', 'Kirkwood')"
,,,,,"('Bob Williams', 'James Johnston')"
,,,,,"('Bob Williams', 'Dave Hamlin')"
,,,,,"('Bob Williams', 'George Homsy')"
,,,,,"('Bob Williams', 'Charles Manasse')"
,,,,,"('Bob Williams', 'Nancy Lee')"
,,,,,"('Bob Williams', 'Chuck Sweet')"
,,,,,"('Bob Williams', 'Rich Ciavelli')"
,,,,,"('Bob Williams', 'Maus')"
,,,,,"('Bob Williams', 'John Livingston')"
,,,,,"('Bob Williams', 'Lindsay Wickham')"
,,,,,"('Bob Williams', 'Scott Kurkoski')"
,,,,,"('Bob Williams', 'Gretchen Douglas')"
,,,,,"('Bob Williams', 'Dale Roe')"
,,,,,"('Bob Williams', 'David Rapp')"
,,,,,"('Bob Williams', 'Barbara Bernstein')"
,,,,,"('Bob Williams', 'Augy Hiemstra')"
,,,,,"('Bob Williams', 'Greene')"
,,,,,"('Bob Williams', 'Joe Sluznar')"
,,,,,"('Bob Williams', 'Scott Snyder')"
,,,,,"('Bob Williams', 'Mike Decker')"
,,,,,"('Bob Williams', 'Dan Driscoll')"
,,,,,"('Bob Williams', 'Stan Sielicki')"
,,,,,"('Bob Williams', 'Dan Baker')"
,,,,,"('Bob Williams', 'Insignia')"
,,,,,"('Bob Williams', 'Tom Sinclair')"
,,,,,"('Bob Williams', 'Bennett')"
,,,,,"('Bob Williams', 'Judy Rapp')"
,,,,,"('Bob Williams', 'Nathan Werner')"
,,,,,"('Bob Williams', 'Tom Decker')"
,,,,,"('Bob Williams', 'Oliver Blaise')"
,,,,,"('Bob Williams', 'Harold Koster')"
,,,,,"('Bob Williams', 'Vera Scroggins')"
,,,,,"('Bob Williams', 'Fredricka Kulicka')"
,,,,,"('Bob Williams', 'William Lee')"
,,,,,"('Bob Williams', 'Douglas Pogorzelski')"
,,,,,"('Charlie Slack', 'Lindsay Wickham')"
,,,,,"('Charlie Slack', 'Gary Cole')"
,,,,,"('Charlie Slack', 'Jarrett Greene')"
,,,,,"('Charlie Slack', 'Eddie Maslin')"
,,,,,"('Charlie Slack', 'Thomas Libous')"
,,,,,"('Charlie Slack', 'Wayne Douglas')"
,,,,,"('Charlie Slack', 'Cameron Kuhr')"
,,,,,"('Charlie Slack', 'Eric Kuhr')"
,,,,,"('Charlie Slack', 'Barbara Fiala')"
,,,,,"('Charlie Slack', 'Dan David')"
,,,,,"('Charlie Slack', 'Chris Smith')"
,,,,,"('Charlie Slack', 'George Schaeffer')"
,,,,,"('Charlie Slack', 'Kirkwood')"
,,,,,"('Charlie Slack', 'James Johnston')"
,,,,,"('Charlie Slack', 'Dave Hamlin')"
,,,,,"('Charlie Slack', 'George Homsy')"
,,,,,"('Charlie Slack', 'Charles Manasse')"
,,,,,"('Charlie Slack', 'Nancy Lee')"
,,,,,"('Charlie Slack', 'Chuck Sweet')"
,,,,,"('Charlie Slack', 'Rich Ciavelli')"
,,,,,"('Charlie Slack', 'Maus')"
,,,,,"('Charlie Slack', 'John Livingston')"
,,,,,"('Charlie Slack', 'Scott Kurkoski')"
,,,,,"('Charlie Slack', 'Gretchen Douglas')"
,,,,,"('Charlie Slack', 'Dale Roe')"
,,,,,"('Charlie Slack', 'David Rapp')"
,,,,,"('Charlie Slack', 'Barbara Bernstein')"
,,,,,"('Charlie Slack', 'Augy Hiemstra')"
,,,,,"('Charlie Slack', 'John Orzel')"
,,,,,"('Charlie Slack', 'Greene')"
,,,,,"('Charlie Slack', 'Joe Sluznar')"
,,,,,"('Charlie Slack', 'Scott Snyder')"
,,,,,"('Charlie Slack', 'Mike Decker')"
,,,,,"('Charlie Slack', 'Dan Driscoll')"
,,,,,"('Charlie Slack', 'Stan Sielicki')"
,,,,,"('Charlie Slack', 'Dan Baker')"
,,,,,"('Charlie Slack', 'Insignia')"
,,,,,"('Charlie Slack', 'Tom Sinclair')"
,,,,,"('Charlie Slack', 'Bennett')"
,,,,,"('Charlie Slack', 'Judy Rapp')"
,,,,,"('Charlie Slack', 'Nathan Werner')"
,,,,,"('Charlie Slack', 'Tom Decker')"
,,,,,"('Charlie Slack', 'Oliver Blaise')"
,,,,,"('Charlie Slack', 'Harold Koster')"
,,,,,"('Charlie Slack', 'Vera Scroggins')"
,,,,,"('Charlie Slack', 'Fredricka Kulicka')"
,,,,,"('Charlie Slack', 'William Lee')"
,,,,,"('Charlie Slack', 'Douglas Pogorzelski')"
,,,,,"('Gary Cole', 'Jarrett Greene')"
,,,,,"('Gary Cole', 'Eddie Maslin')"
,,,,,"('Gary Cole', 'Thomas Libous')"
,,,,,"('Gary Cole', 'Wayne Douglas')"
,,,,,"('Gary Cole', 'Cameron Kuhr')"
,,,,,"('Gary Cole', 'Eric Kuhr')"
,,,,,"('Gary Cole', 'Barbara Fiala')"
,,,,,"('Gary Cole', 'Dan David')"
,,,,,"('Gary Cole', 'Chris Smith')"
,,,,,"('Gary Cole', 'George Schaeffer')"
,,,,,"('Gary Cole', 'Kirkwood')"
,,,,,"('Gary Cole', 'James Johnston')"
,,,,,"('Gary Cole', 'Dave Hamlin')"
,,,,,"('Gary Cole', 'George Homsy')"
,,,,,"('Gary Cole', 'Charles Manasse')"
,,,,,"('Gary Cole', 'Nancy Lee')"
,,,,,"('Gary Cole', 'Chuck Sweet')"
,,,,,"('Gary Cole', 'Rich Ciavelli')"
,,,,,"('Gary Cole', 'Maus')"
,,,,,"('Gary Cole', 'John Livingston')"
,,,,,"('Gary Cole', 'Lindsay Wickham')"
,,,,,"('Gary Cole', 'Scott Kurkoski')"
,,,,,"('Gary Cole', 'Gretchen Douglas')"
,,,,,"('Gary Cole', 'Dale Roe')"
,,,,,"('Gary Cole', 'David Rapp')"
,,,,,"('Gary Cole', 'Barbara Bernstein')"
,,,,,"('Gary Cole', 'Augy Hiemstra')"
,,,,,"('Gary Cole', 'John Orzel')"
,,,,,"('Gary Cole', 'Greene')"
,,,,,"('Gary Cole', 'Joe Sluznar')"
,,,,,"('Gary Cole', 'Scott Snyder')"
,,,,,"('Gary Cole', 'Mike Decker')"
,,,,,"('Gary Cole', 'Dan Driscoll')"
,,,,,"('Gary Cole', 'Stan Sielicki')"
,,,,,"('Gary Cole', 'Dan Baker')"
,,,,,"('Gary Cole', 'Insignia')"
,,,,,"('Gary Cole', 'Tom Sinclair')"
,,,,,"('Gary Cole', 'Bennett')"
,,,,,"('Gary Cole', 'Judy Rapp')"
,,,,,"('Gary Cole', 'Nathan Werner')"
,,,,,"('Gary Cole', 'Tom Decker')"
,,,,,"('Gary Cole', 'Oliver Blaise')"
,,,,,"('Gary Cole', 'Harold Koster')"
,,,,,"('Gary Cole', 'Vera Scroggins')"
,,,,,"('Gary Cole', 'Fredricka Kulicka')"
,,,,,"('Gary Cole', 'William Lee')"
,,,,,"('Gary Cole', 'Douglas Pogorzelski')"
,,,,,"('Jarrett Greene', 'Eddie Maslin')"
,,,,,"('Jarrett Greene', 'Thomas Libous')"
,,,,,"('Jarrett Greene', 'Wayne Douglas')"
,,,,,"('Jarrett Greene', 'Cameron Kuhr')"
,,,,,"('Jarrett Greene', 'Eric Kuhr')"
,,,,,"('Jarrett Greene', 'Barbara Fiala')"
,,,,,"('Jarrett Greene', 'Dan David')"
,,,,,"('Jarrett Greene', 'Chris Smith')"
,,,,,"('Jarrett Greene', 'George Schaeffer')"
,,,,,"('Jarrett Greene', 'Kirkwood')"
,,,,,"('Jarrett Greene', 'James Johnston')"
,,,,,"('Jarrett Greene', 'Dave Hamlin')"
,,,,,"('Jarrett Greene', 'George Homsy')"
,,,,,"('Jarrett Greene', 'Charles Manasse')"
,,,,,"('Jarrett Greene', 'Nancy Lee')"
,,,,,"('Jarrett Greene', 'Chuck Sweet')"
,,,,,"('Jarrett Greene', 'Rich Ciavelli')"
,,,,,"('Jarrett Greene', 'Maus')"
,,,,,"('Jarrett Greene', 'John Livingston')"
,,,,,"('Jarrett Greene', 'Lindsay Wickham')"
,,,,,"('Jarrett Greene', 'Scott Kurkoski')"
,,,,,"('Jarrett Greene', 'Gretchen Douglas')"
,,,,,"('Jarrett Greene', 'Dale Roe')"
,,,,,"('Jarrett Greene', 'David Rapp')"
,,,,,"('Jarrett Greene', 'Barbara Bernstein')"
,,,,,"('Jarrett Greene', 'Augy Hiemstra')"
,,,,,"('Jarrett Greene', 'John Orzel')"
,,,,,"('Jarrett Greene', 'Greene')"
,,,,,"('Jarrett Greene', 'Joe Sluznar')"
,,,,,"('Jarrett Greene', 'Scott Snyder')"
,,,,,"('Jarrett Greene', 'Mike Decker')"
,,,,,"('Jarrett Greene', 'Dan Driscoll')"
,,,,,"('Jarrett Greene', 'Stan Sielicki')"
,,,,,"('Jarrett Greene', 'Dan Baker')"
,,,,,"('Jarrett Greene', 'Insignia')"
,,,,,"('Jarrett Greene', 'Tom Sinclair')"
,,,,,"('Jarrett Greene', 'Bennett')"
,,,,,"('Jarrett Greene', 'Judy Rapp')"
,,,,,"('Jarrett Greene', 'Nathan Werner')"
,,,,,"('Jarrett Greene', 'Tom Decker')"
,,,,,"('Jarrett Greene', 'Oliver Blaise')"
,,,,,"('Jarrett Greene', 'Harold Koster')"
,,,,,"('Jarrett Greene', 'Vera Scroggins')"
,,,,,"('Jarrett Greene', 'Fredricka Kulicka')"
,,,,,"('Jarrett Greene', 'William Lee')"
,,,,,"('Jarrett Greene', 'Douglas Pogorzelski')"
,,,,,"('Eddie Maslin', 'Thomas Libous')"
,,,,,"('Eddie Maslin', 'Wayne Douglas')"
,,,,,"('Eddie Maslin', 'Cameron Kuhr')"
,,,,,"('Eddie Maslin', 'Eric Kuhr')"
,,,,,"('Eddie Maslin', 'Barbara Fiala')"
,,,,,"('Eddie Maslin', 'Dan David')"
,,,,,"('Eddie Maslin', 'Chris Smith')"
,,,,,"('Eddie Maslin', 'George Schaeffer')"
,,,,,"('Eddie Maslin', 'Kirkwood')"
,,,,,"('Eddie Maslin', 'James Johnston')"
,,,,,"('Eddie Maslin', 'Dave Hamlin')"
,,,,,"('Eddie Maslin', 'George Homsy')"
,,,,,"('Eddie Maslin', 'Charles Manasse')"
,,,,,"('Eddie Maslin', 'Nancy Lee')"
,,,,,"('Eddie Maslin', 'Chuck Sweet')"
,,,,,"('Eddie Maslin', 'Rich Ciavelli')"
,,,,,"('Eddie Maslin', 'Maus')"
,,,,,"('Eddie Maslin', 'John Livingston')"
,,,,,"('Eddie Maslin', 'Lindsay Wickham')"
,,,,,"('Eddie Maslin', 'Scott Kurkoski')"
,,,,,"('Eddie Maslin', 'Gretchen Douglas')"
,,,,,"('Eddie Maslin', 'Dale Roe')"
,,,,,"('Eddie Maslin', 'David Rapp')"
,,,,,"('Eddie Maslin', 'Barbara Bernstein')"
,,,,,"('Eddie Maslin', 'Augy Hiemstra')"
,,,,,"('Eddie Maslin', 'John Orzel')"
,,,,,"('Eddie Maslin', 'Greene')"
,,,,,"('Eddie Maslin', 'Joe Sluznar')"
,,,,,"('Eddie Maslin', 'Scott Snyder')"
,,,,,"('Eddie Maslin', 'Mike Decker')"
,,,,,"('Eddie Maslin', 'Dan Driscoll')"
,,,,,"('Eddie Maslin', 'Stan Sielicki')"
,,,,,"('Eddie Maslin', 'Dan Baker')"
,,,,,"('Eddie Maslin', 'Insignia')"
,,,,,"('Eddie Maslin', 'Tom Sinclair')"
,,,,,"('Eddie Maslin', 'Bennett')"
,,,,,"('Eddie Maslin', 'Judy Rapp')"
,,,,,"('Eddie Maslin', 'Nathan Werner')"
,,,,,"('Eddie Maslin', 'Tom Decker')"
,,,,,"('Eddie Maslin', 'Oliver Blaise')"
,,,,,"('Eddie Maslin', 'Harold Koster')"
,,,,,"('Eddie Maslin', 'Vera Scroggins')"
,,,,,"('Eddie Maslin', 'Fredricka Kulicka')"
,,,,,"('Eddie Maslin', 'William Lee')"
,,,,,"('Eddie Maslin', 'Douglas Pogorzelski')"
,,,,,"('Thomas Libous', 'Wayne Douglas')"
,,,,,"('Thomas Libous', 'Cameron Kuhr')"
,,,,,"('Thomas Libous', 'Eric Kuhr')"
,,,,,"('Thomas Libous', 'Barbara Fiala')"
,,,,,"('Thomas Libous', 'Dan David')"
,,,,,"('Thomas Libous', 'Chris Smith')"
,,,,,"('Thomas Libous', 'George Schaeffer')"
,,,,,"('Thomas Libous', 'Kirkwood')"
,,,,,"('Thomas Libous', 'James Johnston')"
,,,,,"('Thomas Libous', 'Dave Hamlin')"
,,,,,"('Thomas Libous', 'George Homsy')"
,,,,,"('Thomas Libous', 'Charles Manasse')"
,,,,,"('Thomas Libous', 'Nancy Lee')"
,,,,,"('Thomas Libous', 'Chuck Sweet')"
,,,,,"('Thomas Libous', 'Rich Ciavelli')"
,,,,,"('Thomas Libous', 'Maus')"
,,,,,"('Thomas Libous', 'John Livingston')"
,,,,,"('Thomas Libous', 'Lindsay Wickham')"
,,,,,"('Thomas Libous', 'Scott Kurkoski')"
,,,,,"('Thomas Libous', 'Gretchen Douglas')"
,,,,,"('Thomas Libous', 'Dale Roe')"
,,,,,"('Thomas Libous', 'David Rapp')"
,,,,,"('Thomas Libous', 'Barbara Bernstein')"
,,,,,"('Thomas Libous', 'Augy Hiemstra')"
,,,,,"('Thomas Libous', 'John Orzel')"
,,,,,"('Thomas Libous', 'Greene')"
,,,,,"('Thomas Libous', 'Joe Sluznar')"
,,,,,"('Thomas Libous', 'Scott Snyder')"
,,,,,"('Thomas Libous', 'Mike Decker')"
,,,,,"('Thomas Libous', 'Dan Driscoll')"
,,,,,"('Thomas Libous', 'Stan Sielicki')"
,,,,,"('Thomas Libous', 'Dan Baker')"
,,,,,"('Thomas Libous', 'Insignia')"
,,,,,"('Thomas Libous', 'Tom Sinclair')"
,,,,,"('Thomas Libous', 'Bennett')"
,,,,,"('Thomas Libous', 'Judy Rapp')"
,,,,,"('Thomas Libous', 'Nathan Werner')"
,,,,,"('Thomas Libous', 'Tom Decker')"
,,,,,"('Thomas Libous', 'Oliver Blaise')"
,,,,,"('Thomas Libous', 'Harold Koster')"
,,,,,"('Thomas Libous', 'Vera Scroggins')"
,,,,,"('Thomas Libous', 'Fredricka Kulicka')"
,,,,,"('Thomas Libous', 'William Lee')"
,,,,,"('Thomas Libous', 'Douglas Pogorzelski')"
,,,,,"('Wayne Douglas', 'Cameron Kuhr')"
,,,,,"('Wayne Douglas', 'Eric Kuhr')"
,,,,,"('Wayne Douglas', 'Barbara Fiala')"
,,,,,"('Wayne Douglas', 'Dan David')"
,,,,,"('Wayne Douglas', 'Chris Smith')"
,,,,,"('Wayne Douglas', 'George Schaeffer')"
,,,,,"('Wayne Douglas', 'Kirkwood')"
,,,,,"('Wayne Douglas', 'James Johnston')"
,,,,,"('Wayne Douglas', 'Dave Hamlin')"
,,,,,"('Wayne Douglas', 'George Homsy')"
,,,,,"('Wayne Douglas', 'Charles Manasse')"
,,,,,"('Wayne Douglas', 'Nancy Lee')"
,,,,,"('Wayne Douglas', 'Chuck Sweet')"
,,,,,"('Wayne Douglas', 'Rich Ciavelli')"
,,,,,"('Wayne Douglas', 'Maus')"
,,,,,"('Wayne Douglas', 'John Livingston')"
,,,,,"('Wayne Douglas', 'Lindsay Wickham')"
,,,,,"('Wayne Douglas', 'Scott Kurkoski')"
,,,,,"('Wayne Douglas', 'Gretchen Douglas')"
,,,,,"('Wayne Douglas', 'Dale Roe')"
,,,,,"('Wayne Douglas', 'David Rapp')"
,,,,,"('Wayne Douglas', 'Barbara Bernstein')"
,,,,,"('Wayne Douglas', 'Augy Hiemstra')"
,,,,,"('Wayne Douglas', 'John Orzel')"
,,,,,"('Wayne Douglas', 'Greene')"
,,,,,"('Wayne Douglas', 'Joe Sluznar')"
,,,,,"('Wayne Douglas', 'Scott Snyder')"
,,,,,"('Wayne Douglas', 'Mike Decker')"
,,,,,"('Wayne Douglas', 'Dan Driscoll')"
,,,,,"('Wayne Douglas', 'Stan Sielicki')"
,,,,,"('Wayne Douglas', 'Dan Baker')"
,,,,,"('Wayne Douglas', 'Insignia')"
,,,,,"('Wayne Douglas', 'Tom Sinclair')"
,,,,,"('Wayne Douglas', 'Bennett')"
,,,,,"('Wayne Douglas', 'Judy Rapp')"
,,,,,"('Wayne Douglas', 'Nathan Werner')"
,,,,,"('Wayne Douglas', 'Tom Decker')"
,,,,,"('Wayne Douglas', 'Oliver Blaise')"
,,,,,"('Wayne Douglas', 'Harold Koster')"
,,,,,"('Wayne Douglas', 'Vera Scroggins')"
,,,,,"('Wayne Douglas', 'Fredricka Kulicka')"
,,,,,"('Wayne Douglas', 'William Lee')"
,,,,,"('Wayne Douglas', 'Douglas Pogorzelski')"
,,,,,"('Cameron Kuhr', 'Eric Kuhr')"
,,,,,"('Cameron Kuhr', 'Barbara Fiala')"
,,,,,"('Cameron Kuhr', 'Dan David')"
,,,,,"('Cameron Kuhr', 'Chris Smith')"
,,,,,"('Cameron Kuhr', 'George Schaeffer')"
,,,,,"('Cameron Kuhr', 'Kirkwood')"
,,,,,"('Cameron Kuhr', 'James Johnston')"
,,,,,"('Cameron Kuhr', 'Dave Hamlin')"
,,,,,"('Cameron Kuhr', 'George Homsy')"
,,,,,"('Cameron Kuhr', 'Charles Manasse')"
,,,,,"('Cameron Kuhr', 'Nancy Lee')"
,,,,,"('Cameron Kuhr', 'Chuck Sweet')"
,,,,,"('Cameron Kuhr', 'Rich Ciavelli')"
,,,,,"('Cameron Kuhr', 'Maus')"
,,,,,"('Cameron Kuhr', 'John Livingston')"
,,,,,"('Cameron Kuhr', 'Lindsay Wickham')"
,,,,,"('Cameron Kuhr', 'Scott Kurkoski')"
,,,,,"('Cameron Kuhr', 'Gretchen Douglas')"
,,,,,"('Cameron Kuhr', 'Dale Roe')"
,,,,,"('Cameron Kuhr', 'David Rapp')"
,,,,,"('Cameron Kuhr', 'Barbara Bernstein')"
,,,,,"('Cameron Kuhr', 'Augy Hiemstra')"
,,,,,"('Cameron Kuhr', 'John Orzel')"
,,,,,"('Cameron Kuhr', 'Greene')"
,,,,,"('Cameron Kuhr', 'Joe Sluznar')"
,,,,,"('Cameron Kuhr', 'Scott Snyder')"
,,,,,"('Cameron Kuhr', 'Mike Decker')"
,,,,,"('Cameron Kuhr', 'Dan Driscoll')"
,,,,,"('Cameron Kuhr', 'Stan Sielicki')"
,,,,,"('Cameron Kuhr', 'Dan Baker')"
,,,,,"('Cameron Kuhr', 'Insignia')"
,,,,,"('Cameron Kuhr', 'Tom Sinclair')"
,,,,,"('Cameron Kuhr', 'Bennett')"
,,,,,"('Cameron Kuhr', 'Judy Rapp')"
,,,,,"('Cameron Kuhr', 'Nathan Werner')"
,,,,,"('Cameron Kuhr', 'Tom Decker')"
,,,,,"('Cameron Kuhr', 'Oliver Blaise')"
,,,,,"('Cameron Kuhr', 'Harold Koster')"
,,,,,"('Cameron Kuhr', 'Vera Scroggins')"
,,,,,"('Cameron Kuhr', 'Fredricka Kulicka')"
,,,,,"('Cameron Kuhr', 'William Lee')"
,,,,,"('Cameron Kuhr', 'Douglas Pogorzelski')"
,,,,,"('Eric Kuhr', 'Barbara Fiala')"
,,,,,"('Eric Kuhr', 'Dan David')"
,,,,,"('Eric Kuhr', 'Chris Smith')"
,,,,,"('Eric Kuhr', 'George Schaeffer')"
,,,,,"('Eric Kuhr', 'Kirkwood')"
,,,,,"('Eric Kuhr', 'James Johnston')"
,,,,,"('Eric Kuhr', 'Dave Hamlin')"
,,,,,"('Eric Kuhr', 'George Homsy')"
,,,,,"('Eric Kuhr', 'Charles Manasse')"
,,,,,"('Eric Kuhr', 'Nancy Lee')"
,,,,,"('Eric Kuhr', 'Chuck Sweet')"
,,,,,"('Eric Kuhr', 'Rich Ciavelli')"
,,,,,"('Eric Kuhr', 'Maus')"
,,,,,"('Eric Kuhr', 'John Livingston')"
,,,,,"('Eric Kuhr', 'Lindsay Wickham')"
,,,,,"('Eric Kuhr', 'Scott Kurkoski')"
,,,,,"('Eric Kuhr', 'Gretchen Douglas')"
,,,,,"('Eric Kuhr', 'Dale Roe')"
,,,,,"('Eric Kuhr', 'David Rapp')"
,,,,,"('Eric Kuhr', 'Barbara Bernstein')"
,,,,,"('Eric Kuhr', 'Augy Hiemstra')"
,,,,,"('Eric Kuhr', 'John Orzel')"
,,,,,"('Eric Kuhr', 'Greene')"
,,,,,"('Eric Kuhr', 'Joe Sluznar')"
,,,,,"('Eric Kuhr', 'Scott Snyder')"
,,,,,"('Eric Kuhr', 'Mike Decker')"
,,,,,"('Eric Kuhr', 'Dan Driscoll')"
,,,,,"('Eric Kuhr', 'Stan Sielicki')"
,,,,,"('Eric Kuhr', 'Dan Baker')"
,,,,,"('Eric Kuhr', 'Insignia')"
,,,,,"('Eric Kuhr', 'Tom Sinclair')"
,,,,,"('Eric Kuhr', 'Bennett')"
,,,,,"('Eric Kuhr', 'Judy Rapp')"
,,,,,"('Eric Kuhr', 'Nathan Werner')"
,,,,,"('Eric Kuhr', 'Tom Decker')"
,,,,,"('Eric Kuhr', 'Oliver Blaise')"
,,,,,"('Eric Kuhr', 'Harold Koster')"
,,,,,"('Eric Kuhr', 'Vera Scroggins')"
,,,,,"('Eric Kuhr', 'Fredricka Kulicka')"
,,,,,"('Eric Kuhr', 'William Lee')"
,,,,,"('Eric Kuhr', 'Douglas Pogorzelski')"
,,,,,"('Barbara Fiala', 'Dan David')"
,,,,,"('Barbara Fiala', 'Chris Smith')"
,,,,,"('Barbara Fiala', 'George Schaeffer')"
,,,,,"('Barbara Fiala', 'Kirkwood')"
,,,,,"('Barbara Fiala', 'James Johnston')"
,,,,,"('Barbara Fiala', 'Dave Hamlin')"
,,,,,"('Barbara Fiala', 'George Homsy')"
,,,,,"('Barbara Fiala', 'Charles Manasse')"
,,,,,"('Barbara Fiala', 'Nancy Lee')"
,,,,,"('Barbara Fiala', 'Chuck Sweet')"
,,,,,"('Barbara Fiala', 'Rich Ciavelli')"
,,,,,"('Barbara Fiala', 'Maus')"
,,,,,"('Barbara Fiala', 'John Livingston')"
,,,,,"('Barbara Fiala', 'Lindsay Wickham')"
,,,,,"('Barbara Fiala', 'Scott Kurkoski')"
,,,,,"('Barbara Fiala', 'Gretchen Douglas')"
,,,,,"('Barbara Fiala', 'Dale Roe')"
,,,,,"('Barbara Fiala', 'David Rapp')"
,,,,,"('Barbara Fiala', 'Barbara Bernstein')"
,,,,,"('Barbara Fiala', 'Augy Hiemstra')"
,,,,,"('Barbara Fiala', 'John Orzel')"
,,,,,"('Barbara Fiala', 'Greene')"
,,,,,"('Barbara Fiala', 'Joe Sluznar')"
,,,,,"('Barbara Fiala', 'Scott Snyder')"
,,,,,"('Barbara Fiala', 'Mike Decker')"
,,,,,"('Barbara Fiala', 'Dan Driscoll')"
,,,,,"('Barbara Fiala', 'Stan Sielicki')"
,,,,,"('Barbara Fiala', 'Dan Baker')"
,,,,,"('Barbara Fiala', 'Insignia')"
,,,,,"('Barbara Fiala', 'Tom Sinclair')"
,,,,,"('Barbara Fiala', 'Bennett')"
,,,,,"('Barbara Fiala', 'Judy Rapp')"
,,,,,"('Barbara Fiala', 'Nathan Werner')"
,,,,,"('Barbara Fiala', 'Tom Decker')"
,,,,,"('Barbara Fiala', 'Oliver Blaise')"
,,,,,"('Barbara Fiala', 'Harold Koster')"
,,,,,"('Barbara Fiala', 'Vera Scroggins')"
,,,,,"('Barbara Fiala', 'Fredricka Kulicka')"
,,,,,"('Barbara Fiala', 'William Lee')"
,,,,,"('Barbara Fiala', 'Douglas Pogorzelski')"
,,,,,"('Dan David', 'William Lee')"
,,,,,"('Dan David', 'Chris Smith')"
,,,,,"('Dan David', 'George Schaeffer')"
,,,,,"('Dan David', 'Kirkwood')"
,,,,,"('Dan David', 'James Johnston')"
,,,,,"('Dan David', 'Dave Hamlin')"
,,,,,"('Dan David', 'George Homsy')"
,,,,,"('Dan David', 'Charles Manasse')"
,,,,,"('Dan David', 'Nancy Lee')"
,,,,,"('Dan David', 'Chuck Sweet')"
,,,,,"('Dan David', 'Rich Ciavelli')"
,,,,,"('Dan David', 'Maus')"
,,,,,"('Dan David', 'John Livingston')"
,,,,,"('Dan David', 'Lindsay Wickham')"
,,,,,"('Dan David', 'Scott Kurkoski')"
,,,,,"('Dan David', 'Gretchen Douglas')"
,,,,,"('Dan David', 'Dale Roe')"
,,,,,"('Dan David', 'David Rapp')"
,,,,,"('Dan David', 'Barbara Bernstein')"
,,,,,"('Dan David', 'Augy Hiemstra')"
,,,,,"('Dan David', 'John Orzel')"
,,,,,"('Dan David', 'Greene')"
,,,,,"('Dan David', 'Joe Sluznar')"
,,,,,"('Dan David', 'Scott Snyder')"
,,,,,"('Dan David', 'Mike Decker')"
,,,,,"('Dan David', 'Dan Driscoll')"
,,,,,"('Dan David', 'Stan Sielicki')"
,,,,,"('Dan David', 'Dan Baker')"
,,,,,"('Dan David', 'Insignia')"
,,,,,"('Dan David', 'Tom Sinclair')"
,,,,,"('Dan David', 'Bennett')"
,,,,,"('Dan David', 'Judy Rapp')"
,,,,,"('Dan David', 'Nathan Werner')"
,,,,,"('Dan David', 'Tom Decker')"
,,,,,"('Dan David', 'Oliver Blaise')"
,,,,,"('Dan David', 'Harold Koster')"
,,,,,"('Dan David', 'Vera Scroggins')"
,,,,,"('Dan David', 'Fredricka Kulicka')"
,,,,,"('Dan David', 'Douglas Pogorzelski')"
,,,,,"('Chris Smith', 'Mike Decker')"
,,,,,"('Chris Smith', 'George Schaeffer')"
,,,,,"('Chris Smith', 'Kirkwood')"
,,,,,"('Chris Smith', 'James Johnston')"
,,,,,"('Chris Smith', 'Dave Hamlin')"
,,,,,"('Chris Smith', 'George Homsy')"
,,,,,"('Chris Smith', 'Charles Manasse')"
,,,,,"('Chris Smith', 'Nancy Lee')"
,,,,,"('Chris Smith', 'Chuck Sweet')"
,,,,,"('Chris Smith', 'Rich Ciavelli')"
,,,,,"('Chris Smith', 'Maus')"
,,,,,"('Chris Smith', 'John Livingston')"
,,,,,"('Chris Smith', 'Lindsay Wickham')"
,,,,,"('Chris Smith', 'Scott Kurkoski')"
,,,,,"('Chris Smith', 'Gretchen Douglas')"
,,,,,"('Chris Smith', 'Dale Roe')"
,,,,,"('Chris Smith', 'David Rapp')"
,,,,,"('Chris Smith', 'Barbara Bernstein')"
,,,,,"('Chris Smith', 'Augy Hiemstra')"
,,,,,"('Chris Smith', 'John Orzel')"
,,,,,"('Chris Smith', 'Greene')"
,,,,,"('Chris Smith', 'Joe Sluznar')"
,,,,,"('Chris Smith', 'Scott Snyder')"
,,,,,"('Chris Smith', 'Dan Driscoll')"
,,,,,"('Chris Smith', 'Stan Sielicki')"
,,,,,"('Chris Smith', 'Dan Baker')"
,,,,,"('Chris Smith', 'Insignia')"
,,,,,"('Chris Smith', 'Tom Sinclair')"
,,,,,"('Chris Smith', 'Bennett')"
,,,,,"('Chris Smith', 'Judy Rapp')"
,,,,,"('Chris Smith', 'Nathan Werner')"
,,,,,"('Chris Smith', 'Tom Decker')"
,,,,,"('Chris Smith', 'Oliver Blaise')"
,,,,,"('Chris Smith', 'Harold Koster')"
,,,,,"('Chris Smith', 'Vera Scroggins')"
,,,,,"('Chris Smith', 'Fredricka Kulicka')"
,,,,,"('Chris Smith', 'William Lee')"
,,,,,"('Chris Smith', 'Douglas Pogorzelski')"
,,,,,"('George Schaeffer', 'Kirkwood')"
,,,,,"('George Schaeffer', 'James Johnston')"
,,,,,"('George Schaeffer', 'Dave Hamlin')"
,,,,,"('George Schaeffer', 'George Homsy')"
,,,,,"('George Schaeffer', 'Charles Manasse')"
,,,,,"('George Schaeffer', 'Nancy Lee')"
,,,,,"('George Schaeffer', 'Chuck Sweet')"
,,,,,"('George Schaeffer', 'Rich Ciavelli')"
,,,,,"('George Schaeffer', 'Maus')"
,,,,,"('George Schaeffer', 'John Livingston')"
,,,,,"('George Schaeffer', 'Lindsay Wickham')"
,,,,,"('George Schaeffer', 'Scott Kurkoski')"
,,,,,"('George Schaeffer', 'Gretchen Douglas')"
,,,,,"('George Schaeffer', 'Dale Roe')"
,,,,,"('George Schaeffer', 'David Rapp')"
,,,,,"('George Schaeffer', 'Barbara Bernstein')"
,,,,,"('George Schaeffer', 'Augy Hiemstra')"
,,,,,"('George Schaeffer', 'John Orzel')"
,,,,,"('George Schaeffer', 'Greene')"
,,,,,"('George Schaeffer', 'Joe Sluznar')"
,,,,,"('George Schaeffer', 'Scott Snyder')"
,,,,,"('George Schaeffer', 'Mike Decker')"
,,,,,"('George Schaeffer', 'Dan Driscoll')"
,,,,,"('George Schaeffer', 'Stan Sielicki')"
,,,,,"('George Schaeffer', 'Dan Baker')"
,,,,,"('George Schaeffer', 'Insignia')"
,,,,,"('George Schaeffer', 'Tom Sinclair')"
,,,,,"('George Schaeffer', 'Bennett')"
,,,,,"('George Schaeffer', 'Judy Rapp')"
,,,,,"('George Schaeffer', 'Nathan Werner')"
,,,,,"('George Schaeffer', 'Tom Decker')"
,,,,,"('George Schaeffer', 'Oliver Blaise')"
,,,,,"('George Schaeffer', 'Harold Koster')"
,,,,,"('George Schaeffer', 'Vera Scroggins')"
,,,,,"('George Schaeffer', 'Fredricka Kulicka')"
,,,,,"('George Schaeffer', 'William Lee')"
,,,,,"('George Schaeffer', 'Douglas Pogorzelski')"
,,,,,"('Kirkwood', 'James Johnston')"
,,,,,"('Kirkwood', 'Dave Hamlin')"
,,,,,"('Kirkwood', 'George Homsy')"
,,,,,"('Kirkwood', 'Charles Manasse')"
,,,,,"('Kirkwood', 'Nancy Lee')"
,,,,,"('Kirkwood', 'Chuck Sweet')"
,,,,,"('Kirkwood', 'Rich Ciavelli')"
,,,,,"('Kirkwood', 'Maus')"
,,,,,"('Kirkwood', 'John Livingston')"
,,,,,"('Kirkwood', 'Lindsay Wickham')"
,,,,,"('Kirkwood', 'Scott Kurkoski')"
,,,,,"('Kirkwood', 'Gretchen Douglas')"
,,,,,"('Kirkwood', 'Dale Roe')"
,,,,,"('Kirkwood', 'David Rapp')"
,,,,,"('Kirkwood', 'Barbara Bernstein')"
,,,,,"('Kirkwood', 'Augy Hiemstra')"
,,,,,"('Kirkwood', 'John Orzel')"
,,,,,"('Kirkwood', 'Greene')"
,,,,,"('Kirkwood', 'Joe Sluznar')"
,,,,,"('Kirkwood', 'Scott Snyder')"
,,,,,"('Kirkwood', 'Mike Decker')"
,,,,,"('Kirkwood', 'Dan Driscoll')"
,,,,,"('Kirkwood', 'Stan Sielicki')"
,,,,,"('Kirkwood', 'Dan Baker')"
,,,,,"('Kirkwood', 'Insignia')"
,,,,,"('Kirkwood', 'Tom Sinclair')"
,,,,,"('Kirkwood', 'Bennett')"
,,,,,"('Kirkwood', 'Judy Rapp')"
,,,,,"('Kirkwood', 'Nathan Werner')"
,,,,,"('Kirkwood', 'Tom Decker')"
,,,,,"('Kirkwood', 'Oliver Blaise')"
,,,,,"('Kirkwood', 'Harold Koster')"
,,,,,"('Kirkwood', 'Vera Scroggins')"
,,,,,"('Kirkwood', 'Fredricka Kulicka')"
,,,,,"('Kirkwood', 'William Lee')"
,,,,,"('Kirkwood', 'Douglas Pogorzelski')"
,,,,,"('James Johnston', 'Dave Hamlin')"
,,,,,"('James Johnston', 'George Homsy')"
,,,,,"('James Johnston', 'Charles Manasse')"
,,,,,"('James Johnston', 'Nancy Lee')"
,,,,,"('James Johnston', 'Chuck Sweet')"
,,,,,"('James Johnston', 'Rich Ciavelli')"
,,,,,"('James Johnston', 'Maus')"
,,,,,"('James Johnston', 'John Livingston')"
,,,,,"('James Johnston', 'Lindsay Wickham')"
,,,,,"('James Johnston', 'Scott Kurkoski')"
,,,,,"('James Johnston', 'Gretchen Douglas')"
,,,,,"('James Johnston', 'Dale Roe')"
,,,,,"('James Johnston', 'David Rapp')"
,,,,,"('James Johnston', 'Barbara Bernstein')"
,,,,,"('James Johnston', 'Augy Hiemstra')"
,,,,,"('James Johnston', 'John Orzel')"
,,,,,"('James Johnston', 'Greene')"
,,,,,"('James Johnston', 'Joe Sluznar')"
,,,,,"('James Johnston', 'Scott Snyder')"
,,,,,"('James Johnston', 'Mike Decker')"
,,,,,"('James Johnston', 'Dan Driscoll')"
,,,,,"('James Johnston', 'Stan Sielicki')"
,,,,,"('James Johnston', 'Dan Baker')"
,,,,,"('James Johnston', 'Insignia')"
,,,,,"('James Johnston', 'Tom Sinclair')"
,,,,,"('James Johnston', 'Bennett')"
,,,,,"('James Johnston', 'Judy Rapp')"
,,,,,"('James Johnston', 'Nathan Werner')"
,,,,,"('James Johnston', 'Tom Decker')"
,,,,,"('James Johnston', 'Oliver Blaise')"
,,,,,"('James Johnston', 'Harold Koster')"
,,,,,"('James Johnston', 'Vera Scroggins')"
,,,,,"('James Johnston', 'Fredricka Kulicka')"
,,,,,"('James Johnston', 'William Lee')"
,,,,,"('James Johnston', 'Douglas Pogorzelski')"
,,,,,"('Dave Hamlin', 'Scott Kurkoski')"
,,,,,"('Dave Hamlin', 'George Homsy')"
,,,,,"('Dave Hamlin', 'Charles Manasse')"
,,,,,"('Dave Hamlin', 'Nancy Lee')"
,,,,,"('Dave Hamlin', 'Chuck Sweet')"
,,,,,"('Dave Hamlin', 'Rich Ciavelli')"
,,,,,"('Dave Hamlin', 'Maus')"
,,,,,"('Dave Hamlin', 'John Livingston')"
,,,,,"('Dave Hamlin', 'Lindsay Wickham')"
,,,,,"('Dave Hamlin', 'Gretchen Douglas')"
,,,,,"('Dave Hamlin', 'Dale Roe')"
,,,,,"('Dave Hamlin', 'David Rapp')"
,,,,,"('Dave Hamlin', 'Barbara Bernstein')"
,,,,,"('Dave Hamlin', 'Augy Hiemstra')"
,,,,,"('Dave Hamlin', 'John Orzel')"
,,,,,"('Dave Hamlin', 'Greene')"
,,,,,"('Dave Hamlin', 'Joe Sluznar')"
,,,,,"('Dave Hamlin', 'Scott Snyder')"
,,,,,"('Dave Hamlin', 'Mike Decker')"
,,,,,"('Dave Hamlin', 'Dan Driscoll')"
,,,,,"('Dave Hamlin', 'Stan Sielicki')"
,,,,,"('Dave Hamlin', 'Dan Baker')"
,,,,,"('Dave Hamlin', 'Insignia')"
,,,,,"('Dave Hamlin', 'Tom Sinclair')"
,,,,,"('Dave Hamlin', 'Bennett')"
,,,,,"('Dave Hamlin', 'Judy Rapp')"
,,,,,"('Dave Hamlin', 'Nathan Werner')"
,,,,,"('Dave Hamlin', 'Tom Decker')"
,,,,,"('Dave Hamlin', 'Oliver Blaise')"
,,,,,"('Dave Hamlin', 'Harold Koster')"
,,,,,"('Dave Hamlin', 'Vera Scroggins')"
,,,,,"('Dave Hamlin', 'Fredricka Kulicka')"
,,,,,"('Dave Hamlin', 'William Lee')"
,,,,,"('Dave Hamlin', 'Douglas Pogorzelski')"
,,,,,"('George Homsy', 'Charles Manasse')"
,,,,,"('George Homsy', 'Nancy Lee')"
,,,,,"('George Homsy', 'Chuck Sweet')"
,,,,,"('George Homsy', 'Rich Ciavelli')"
,,,,,"('George Homsy', 'Maus')"
,,,,,"('George Homsy', 'John Livingston')"
,,,,,"('George Homsy', 'Lindsay Wickham')"
,,,,,"('George Homsy', 'Scott Kurkoski')"
,,,,,"('George Homsy', 'Gretchen Douglas')"
,,,,,"('George Homsy', 'Dale Roe')"
,,,,,"('George Homsy', 'David Rapp')"
,,,,,"('George Homsy', 'Barbara Bernstein')"
,,,,,"('George Homsy', 'Augy Hiemstra')"
,,,,,"('George Homsy', 'John Orzel')"
,,,,,"('George Homsy', 'Greene')"
,,,,,"('George Homsy', 'Joe Sluznar')"
,,,,,"('George Homsy', 'Scott Snyder')"
,,,,,"('George Homsy', 'Mike Decker')"
,,,,,"('George Homsy', 'Dan Driscoll')"
,,,,,"('George Homsy', 'Stan Sielicki')"
,,,,,"('George Homsy', 'Dan Baker')"
,,,,,"('George Homsy', 'Insignia')"
,,,,,"('George Homsy', 'Tom Sinclair')"
,,,,,"('George Homsy', 'Bennett')"
,,,,,"('George Homsy', 'Judy Rapp')"
,,,,,"('George Homsy', 'Nathan Werner')"
,,,,,"('George Homsy', 'Tom Decker')"
,,,,,"('George Homsy', 'Oliver Blaise')"
,,,,,"('George Homsy', 'Harold Koster')"
,,,,,"('George Homsy', 'Vera Scroggins')"
,,,,,"('George Homsy', 'Fredricka Kulicka')"
,,,,,"('George Homsy', 'William Lee')"
,,,,,"('George Homsy', 'Douglas Pogorzelski')"
,,,,,"('Charles Manasse', 'Nancy Lee')"
,,,,,"('Charles Manasse', 'Chuck Sweet')"
,,,,,"('Charles Manasse', 'Rich Ciavelli')"
,,,,,"('Charles Manasse', 'Maus')"
,,,,,"('Charles Manasse', 'John Livingston')"
,,,,,"('Charles Manasse', 'Lindsay Wickham')"
,,,,,"('Charles Manasse', 'Scott Kurkoski')"
,,,,,"('Charles Manasse', 'Gretchen Douglas')"
,,,,,"('Charles Manasse', 'Dale Roe')"
,,,,,"('Charles Manasse', 'David Rapp')"
,,,,,"('Charles Manasse', 'Barbara Bernstein')"
,,,,,"('Charles Manasse', 'Augy Hiemstra')"
,,,,,"('Charles Manasse', 'John Orzel')"
,,,,,"('Charles Manasse', 'Greene')"
,,,,,"('Charles Manasse', 'Joe Sluznar')"
,,,,,"('Charles Manasse', 'Scott Snyder')"
,,,,,"('Charles Manasse', 'Mike Decker')"
,,,,,"('Charles Manasse', 'Dan Driscoll')"
,,,,,"('Charles Manasse', 'Stan Sielicki')"
,,,,,"('Charles Manasse', 'Dan Baker')"
,,,,,"('Charles Manasse', 'Insignia')"
,,,,,"('Charles Manasse', 'Tom Sinclair')"
,,,,,"('Charles Manasse', 'Bennett')"
,,,,,"('Charles Manasse', 'Judy Rapp')"
,,,,,"('Charles Manasse', 'Nathan Werner')"
,,,,,"('Charles Manasse', 'Tom Decker')"
,,,,,"('Charles Manasse', 'Oliver Blaise')"
,,,,,"('Charles Manasse', 'Harold Koster')"
,,,,,"('Charles Manasse', 'Vera Scroggins')"
,,,,,"('Charles Manasse', 'Fredricka Kulicka')"
,,,,,"('Charles Manasse', 'William Lee')"
,,,,,"('Charles Manasse', 'Douglas Pogorzelski')"
,,,,,"('Nancy Lee', 'Chuck Sweet')"
,,,,,"('Nancy Lee', 'Rich Ciavelli')"
,,,,,"('Nancy Lee', 'Maus')"
,,,,,"('Nancy Lee', 'John Livingston')"
,,,,,"('Nancy Lee', 'Lindsay Wickham')"
,,,,,"('Nancy Lee', 'Scott Kurkoski')"
,,,,,"('Nancy Lee', 'Gretchen Douglas')"
,,,,,"('Nancy Lee', 'Dale Roe')"
,,,,,"('Nancy Lee', 'David Rapp')"
,,,,,"('Nancy Lee', 'Barbara Bernstein')"
,,,,,"('Nancy Lee', 'Augy Hiemstra')"
,,,,,"('Nancy Lee', 'John Orzel')"
,,,,,"('Nancy Lee', 'Greene')"
,,,,,"('Nancy Lee', 'Joe Sluznar')"
,,,,,"('Nancy Lee', 'Scott Snyder')"
,,,,,"('Nancy Lee', 'Mike Decker')"
,,,,,"('Nancy Lee', 'Dan Driscoll')"
,,,,,"('Nancy Lee', 'Stan Sielicki')"
,,,,,"('Nancy Lee', 'Dan Baker')"
,,,,,"('Nancy Lee', 'Insignia')"
,,,,,"('Nancy Lee', 'Tom Sinclair')"
,,,,,"('Nancy Lee', 'Bennett')"
,,,,,"('Nancy Lee', 'Judy Rapp')"
,,,,,"('Nancy Lee', 'Nathan Werner')"
,,,,,"('Nancy Lee', 'Tom Decker')"
,,,,,"('Nancy Lee', 'Oliver Blaise')"
,,,,,"('Nancy Lee', 'Harold Koster')"
,,,,,"('Nancy Lee', 'Vera Scroggins')"
,,,,,"('Nancy Lee', 'Fredricka Kulicka')"
,,,,,"('Nancy Lee', 'William Lee')"
,,,,,"('Nancy Lee', 'Douglas Pogorzelski')"
,,,,,"('Chuck Sweet', 'Rich Ciavelli')"
,,,,,"('Chuck Sweet', 'Maus')"
,,,,,"('Chuck Sweet', 'John Livingston')"
,,,,,"('Chuck Sweet', 'Lindsay Wickham')"
,,,,,"('Chuck Sweet', 'Scott Kurkoski')"
,,,,,"('Chuck Sweet', 'Gretchen Douglas')"
,,,,,"('Chuck Sweet', 'Dale Roe')"
,,,,,"('Chuck Sweet', 'David Rapp')"
,,,,,"('Chuck Sweet', 'Barbara Bernstein')"
,,,,,"('Chuck Sweet', 'Augy Hiemstra')"
,,,,,"('Chuck Sweet', 'John Orzel')"
,,,,,"('Chuck Sweet', 'Greene')"
,,,,,"('Chuck Sweet', 'Joe Sluznar')"
,,,,,"('Chuck Sweet', 'Scott Snyder')"
,,,,,"('Chuck Sweet', 'Mike Decker')"
,,,,,"('Chuck Sweet', 'Dan Driscoll')"
,,,,,"('Chuck Sweet', 'Stan Sielicki')"
,,,,,"('Chuck Sweet', 'Dan Baker')"
,,,,,"('Chuck Sweet', 'Insignia')"
,,,,,"('Chuck Sweet', 'Tom Sinclair')"
,,,,,"('Chuck Sweet', 'Bennett')"
,,,,,"('Chuck Sweet', 'Judy Rapp')"
,,,,,"('Chuck Sweet', 'Nathan Werner')"
,,,,,"('Chuck Sweet', 'Tom Decker')"
,,,,,"('Chuck Sweet', 'Oliver Blaise')"
,,,,,"('Chuck Sweet', 'Harold Koster')"
,,,,,"('Chuck Sweet', 'Vera Scroggins')"
,,,,,"('Chuck Sweet', 'Fredricka Kulicka')"
,,,,,"('Chuck Sweet', 'William Lee')"
,,,,,"('Chuck Sweet', 'Douglas Pogorzelski')"
,,,,,"('Rich Ciavelli', 'Maus')"
,,,,,"('Rich Ciavelli', 'John Livingston')"
,,,,,"('Rich Ciavelli', 'Lindsay Wickham')"
,,,,,"('Rich Ciavelli', 'Scott Kurkoski')"
,,,,,"('Rich Ciavelli', 'Gretchen Douglas')"
,,,,,"('Rich Ciavelli', 'Dale Roe')"
,,,,,"('Rich Ciavelli', 'David Rapp')"
,,,,,"('Rich Ciavelli', 'Barbara Bernstein')"
,,,,,"('Rich Ciavelli', 'Augy Hiemstra')"
,,,,,"('Rich Ciavelli', 'John Orzel')"
,,,,,"('Rich Ciavelli', 'Greene')"
,,,,,"('Rich Ciavelli', 'Joe Sluznar')"
,,,,,"('Rich Ciavelli', 'Scott Snyder')"
,,,,,"('Rich Ciavelli', 'Mike Decker')"
,,,,,"('Rich Ciavelli', 'Dan Driscoll')"
,,,,,"('Rich Ciavelli', 'Stan Sielicki')"
,,,,,"('Rich Ciavelli', 'Dan Baker')"
,,,,,"('Rich Ciavelli', 'Insignia')"
,,,,,"('Rich Ciavelli', 'Tom Sinclair')"
,,,,,"('Rich Ciavelli', 'Bennett')"
,,,,,"('Rich Ciavelli', 'Judy Rapp')"
,,,,,"('Rich Ciavelli', 'Nathan Werner')"
,,,,,"('Rich Ciavelli', 'Tom Decker')"
,,,,,"('Rich Ciavelli', 'Oliver Blaise')"
,,,,,"('Rich Ciavelli', 'Harold Koster')"
,,,,,"('Rich Ciavelli', 'Vera Scroggins')"
,,,,,"('Rich Ciavelli', 'Fredricka Kulicka')"
,,,,,"('Rich Ciavelli', 'William Lee')"
,,,,,"('Rich Ciavelli', 'Douglas Pogorzelski')"
,,,,,"('Maus', 'John Livingston')"
,,,,,"('Maus', 'Lindsay Wickham')"
,,,,,"('Maus', 'Scott Kurkoski')"
,,,,,"('Maus', 'Gretchen Douglas')"
,,,,,"('Maus', 'Dale Roe')"
,,,,,"('Maus', 'David Rapp')"
,,,,,"('Maus', 'Barbara Bernstein')"
,,,,,"('Maus', 'Augy Hiemstra')"
,,,,,"('Maus', 'John Orzel')"
,,,,,"('Maus', 'Greene')"
,,,,,"('Maus', 'Joe Sluznar')"
,,,,,"('Maus', 'Scott Snyder')"
,,,,,"('Maus', 'Mike Decker')"
,,,,,"('Maus', 'Dan Driscoll')"
,,,,,"('Maus', 'Stan Sielicki')"
,,,,,"('Maus', 'Dan Baker')"
,,,,,"('Maus', 'Insignia')"
,,,,,"('Maus', 'Tom Sinclair')"
,,,,,"('Maus', 'Bennett')"
,,,,,"('Maus', 'Judy Rapp')"
,,,,,"('Maus', 'Nathan Werner')"
,,,,,"('Maus', 'Tom Decker')"
,,,,,"('Maus', 'Oliver Blaise')"
,,,,,"('Maus', 'Harold Koster')"
,,,,,"('Maus', 'Vera Scroggins')"
,,,,,"('Maus', 'Fredricka Kulicka')"
,,,,,"('Maus', 'William Lee')"
,,,,,"('Maus', 'Douglas Pogorzelski')"
,,,,,"('John Livingston', 'Lindsay Wickham')"
,,,,,"('John Livingston', 'Scott Kurkoski')"
,,,,,"('John Livingston', 'Gretchen Douglas')"
,,,,,"('John Livingston', 'Dale Roe')"
,,,,,"('John Livingston', 'David Rapp')"
,,,,,"('John Livingston', 'Barbara Bernstein')"
,,,,,"('John Livingston', 'Augy Hiemstra')"
,,,,,"('John Livingston', 'John Orzel')"
,,,,,"('John Livingston', 'Greene')"
,,,,,"('John Livingston', 'Joe Sluznar')"
,,,,,"('John Livingston', 'Scott Snyder')"
,,,,,"('John Livingston', 'Mike Decker')"
,,,,,"('John Livingston', 'Dan Driscoll')"
,,,,,"('John Livingston', 'Stan Sielicki')"
,,,,,"('John Livingston', 'Dan Baker')"
,,,,,"('John Livingston', 'Insignia')"
,,,,,"('John Livingston', 'Tom Sinclair')"
,,,,,"('John Livingston', 'Bennett')"
,,,,,"('John Livingston', 'Judy Rapp')"
,,,,,"('John Livingston', 'Nathan Werner')"
,,,,,"('John Livingston', 'Tom Decker')"
,,,,,"('John Livingston', 'Oliver Blaise')"
,,,,,"('John Livingston', 'Harold Koster')"
,,,,,"('John Livingston', 'Vera Scroggins')"
,,,,,"('John Livingston', 'Fredricka Kulicka')"
,,,,,"('John Livingston', 'William Lee')"
,,,,,"('John Livingston', 'Douglas Pogorzelski')"
,,,,,"('Lindsay Wickham', 'Scott Kurkoski')"
,,,,,"('Lindsay Wickham', 'Gretchen Douglas')"
,,,,,"('Lindsay Wickham', 'Dale Roe')"
,,,,,"('Lindsay Wickham', 'David Rapp')"
,,,,,"('Lindsay Wickham', 'Barbara Bernstein')"
,,,,,"('Lindsay Wickham', 'Augy Hiemstra')"
,,,,,"('Lindsay Wickham', 'John Orzel')"
,,,,,"('Lindsay Wickham', 'Greene')"
,,,,,"('Lindsay Wickham', 'Joe Sluznar')"
,,,,,"('Lindsay Wickham', 'Scott Snyder')"
,,,,,"('Lindsay Wickham', 'Mike Decker')"
,,,,,"('Lindsay Wickham', 'Dan Driscoll')"
,,,,,"('Lindsay Wickham', 'Stan Sielicki')"
,,,,,"('Lindsay Wickham', 'Dan Baker')"
,,,,,"('Lindsay Wickham', 'Insignia')"
,,,,,"('Lindsay Wickham', 'Tom Sinclair')"
,,,,,"('Lindsay Wickham', 'Bennett')"
,,,,,"('Lindsay Wickham', 'Judy Rapp')"
,,,,,"('Lindsay Wickham', 'Nathan Werner')"
,,,,,"('Lindsay Wickham', 'Tom Decker')"
,,,,,"('Lindsay Wickham', 'Oliver Blaise')"
,,,,,"('Lindsay Wickham', 'Harold Koster')"
,,,,,"('Lindsay Wickham', 'Vera Scroggins')"
,,,,,"('Lindsay Wickham', 'Fredricka Kulicka')"
,,,,,"('Lindsay Wickham', 'William Lee')"
,,,,,"('Lindsay Wickham', 'Douglas Pogorzelski')"
,,,,,"('Scott Kurkoski', 'Gretchen Douglas')"
,,,,,"('Scott Kurkoski', 'Dale Roe')"
,,,,,"('Scott Kurkoski', 'David Rapp')"
,,,,,"('Scott Kurkoski', 'Barbara Bernstein')"
,,,,,"('Scott Kurkoski', 'Augy Hiemstra')"
,,,,,"('Scott Kurkoski', 'John Orzel')"
,,,,,"('Scott Kurkoski', 'Greene')"
,,,,,"('Scott Kurkoski', 'Joe Sluznar')"
,,,,,"('Scott Kurkoski', 'Scott Snyder')"
,,,,,"('Scott Kurkoski', 'Mike Decker')"
,,,,,"('Scott Kurkoski', 'Dan Driscoll')"
,,,,,"('Scott Kurkoski', 'Stan Sielicki')"
,,,,,"('Scott Kurkoski', 'Dan Baker')"
,,,,,"('Scott Kurkoski', 'Insignia')"
,,,,,"('Scott Kurkoski', 'Tom Sinclair')"
,,,,,"('Scott Kurkoski', 'Bennett')"
,,,,,"('Scott Kurkoski', 'Judy Rapp')"
,,,,,"('Scott Kurkoski', 'Nathan Werner')"
,,,,,"('Scott Kurkoski', 'Tom Decker')"
,,,,,"('Scott Kurkoski', 'Oliver Blaise')"
,,,,,"('Scott Kurkoski', 'Harold Koster')"
,,,,,"('Scott Kurkoski', 'Vera Scroggins')"
,,,,,"('Scott Kurkoski', 'Fredricka Kulicka')"
,,,,,"('Scott Kurkoski', 'William Lee')"
,,,,,"('Scott Kurkoski', 'Douglas Pogorzelski')"
,,,,,"('Gretchen Douglas', 'Dale Roe')"
,,,,,"('Gretchen Douglas', 'David Rapp')"
,,,,,"('Gretchen Douglas', 'Barbara Bernstein')"
,,,,,"('Gretchen Douglas', 'Augy Hiemstra')"
,,,,,"('Gretchen Douglas', 'John Orzel')"
,,,,,"('Gretchen Douglas', 'Greene')"
,,,,,"('Gretchen Douglas', 'Joe Sluznar')"
,,,,,"('Gretchen Douglas', 'Scott Snyder')"
,,,,,"('Gretchen Douglas', 'Mike Decker')"
,,,,,"('Gretchen Douglas', 'Dan Driscoll')"
,,,,,"('Gretchen Douglas', 'Stan Sielicki')"
,,,,,"('Gretchen Douglas', 'Dan Baker')"
,,,,,"('Gretchen Douglas', 'Insignia')"
,,,,,"('Gretchen Douglas', 'Tom Sinclair')"
,,,,,"('Gretchen Douglas', 'Bennett')"
,,,,,"('Gretchen Douglas', 'Judy Rapp')"
,,,,,"('Gretchen Douglas', 'Nathan Werner')"
,,,,,"('Gretchen Douglas', 'Tom Decker')"
,,,,,"('Gretchen Douglas', 'Oliver Blaise')"
,,,,,"('Gretchen Douglas', 'Harold Koster')"
,,,,,"('Gretchen Douglas', 'Vera Scroggins')"
,,,,,"('Gretchen Douglas', 'Fredricka Kulicka')"
,,,,,"('Gretchen Douglas', 'William Lee')"
,,,,,"('Gretchen Douglas', 'Douglas Pogorzelski')"
,,,,,"('Dale Roe', 'David Rapp')"
,,,,,"('Dale Roe', 'Barbara Bernstein')"
,,,,,"('Dale Roe', 'Augy Hiemstra')"
,,,,,"('Dale Roe', 'John Orzel')"
,,,,,"('Dale Roe', 'Greene')"
,,,,,"('Dale Roe', 'Joe Sluznar')"
,,,,,"('Dale Roe', 'Scott Snyder')"
,,,,,"('Dale Roe', 'Mike Decker')"
,,,,,"('Dale Roe', 'Dan Driscoll')"
,,,,,"('Dale Roe', 'Stan Sielicki')"
,,,,,"('Dale Roe', 'Dan Baker')"
,,,,,"('Dale Roe', 'Insignia')"
,,,,,"('Dale Roe', 'Tom Sinclair')"
,,,,,"('Dale Roe', 'Bennett')"
,,,,,"('Dale Roe', 'Judy Rapp')"
,,,,,"('Dale Roe', 'Nathan Werner')"
,,,,,"('Dale Roe', 'Tom Decker')"
,,,,,"('Dale Roe', 'Oliver Blaise')"
,,,,,"('Dale Roe', 'Harold Koster')"
,,,,,"('Dale Roe', 'Vera Scroggins')"
,,,,,"('Dale Roe', 'Fredricka Kulicka')"
,,,,,"('Dale Roe', 'William Lee')"
,,,,,"('Dale Roe', 'Douglas Pogorzelski')"
,,,,,"('David Rapp', 'Barbara Bernstein')"
,,,,,"('David Rapp', 'Augy Hiemstra')"
,,,,,"('David Rapp', 'John Orzel')"
,,,,,"('David Rapp', 'Greene')"
,,,,,"('David Rapp', 'Joe Sluznar')"
,,,,,"('David Rapp', 'Scott Snyder')"
,,,,,"('David Rapp', 'Mike Decker')"
,,,,,"('David Rapp', 'Dan Driscoll')"
,,,,,"('David Rapp', 'Stan Sielicki')"
,,,,,"('David Rapp', 'Dan Baker')"
,,,,,"('David Rapp', 'Insignia')"
,,,,,"('David Rapp', 'Tom Sinclair')"
,,,,,"('David Rapp', 'Bennett')"
,,,,,"('David Rapp', 'Judy Rapp')"
,,,,,"('David Rapp', 'Nathan Werner')"
,,,,,"('David Rapp', 'Tom Decker')"
,,,,,"('David Rapp', 'Oliver Blaise')"
,,,,,"('David Rapp', 'Harold Koster')"
,,,,,"('David Rapp', 'Vera Scroggins')"
,,,,,"('David Rapp', 'Fredricka Kulicka')"
,,,,,"('David Rapp', 'William Lee')"
,,,,,"('David Rapp', 'Douglas Pogorzelski')"
,,,,,"('Barbara Bernstein', 'Augy Hiemstra')"
,,,,,"('Barbara Bernstein', 'John Orzel')"
,,,,,"('Barbara Bernstein', 'Greene')"
,,,,,"('Barbara Bernstein', 'Joe Sluznar')"
,,,,,"('Barbara Bernstein', 'Scott Snyder')"
,,,,,"('Barbara Bernstein', 'Mike Decker')"
,,,,,"('Barbara Bernstein', 'Dan Driscoll')"
,,,,,"('Barbara Bernstein', 'Stan Sielicki')"
,,,,,"('Barbara Bernstein', 'Dan Baker')"
,,,,,"('Barbara Bernstein', 'Insignia')"
,,,,,"('Barbara Bernstein', 'Tom Sinclair')"
,,,,,"('Barbara Bernstein', 'Bennett')"
,,,,,"('Barbara Bernstein', 'Judy Rapp')"
,,,,,"('Barbara Bernstein', 'Nathan Werner')"
,,,,,"('Barbara Bernstein', 'Tom Decker')"
,,,,,"('Barbara Bernstein', 'Oliver Blaise')"
,,,,,"('Barbara Bernstein', 'Harold Koster')"
,,,,,"('Barbara Bernstein', 'Vera Scroggins')"
,,,,,"('Barbara Bernstein', 'Fredricka Kulicka')"
,,,,,"('Barbara Bernstein', 'William Lee')"
,,,,,"('Barbara Bernstein', 'Douglas Pogorzelski')"
,,,,,"('Augy Hiemstra', 'Joe Sluznar')"
,,,,,"('Augy Hiemstra', 'John Orzel')"
,,,,,"('Augy Hiemstra', 'Greene')"
,,,,,"('Augy Hiemstra', 'Scott Snyder')"
,,,,,"('Augy Hiemstra', 'Mike Decker')"
,,,,,"('Augy Hiemstra', 'Dan Driscoll')"
,,,,,"('Augy Hiemstra', 'Stan Sielicki')"
,,,,,"('Augy Hiemstra', 'Dan Baker')"
,,,,,"('Augy Hiemstra', 'Insignia')"
,,,,,"('Augy Hiemstra', 'Tom Sinclair')"
,,,,,"('Augy Hiemstra', 'Bennett')"
,,,,,"('Augy Hiemstra', 'Judy Rapp')"
,,,,,"('Augy Hiemstra', 'Nathan Werner')"
,,,,,"('Augy Hiemstra', 'Tom Decker')"
,,,,,"('Augy Hiemstra', 'Oliver Blaise')"
,,,,,"('Augy Hiemstra', 'Harold Koster')"
,,,,,"('Augy Hiemstra', 'Vera Scroggins')"
,,,,,"('Augy Hiemstra', 'Fredricka Kulicka')"
,,,,,"('Augy Hiemstra', 'William Lee')"
,,,,,"('Augy Hiemstra', 'Douglas Pogorzelski')"
,,,,,"('John Orzel', 'Greene')"
,,,,,"('John Orzel', 'Joe Sluznar')"
,,,,,"('John Orzel', 'Scott Snyder')"
,,,,,"('John Orzel', 'Mike Decker')"
,,,,,"('John Orzel', 'Dan Driscoll')"
,,,,,"('John Orzel', 'Stan Sielicki')"
,,,,,"('John Orzel', 'Dan Baker')"
,,,,,"('John Orzel', 'Insignia')"
,,,,,"('John Orzel', 'Tom Sinclair')"
,,,,,"('John Orzel', 'Bennett')"
,,,,,"('John Orzel', 'Judy Rapp')"
,,,,,"('John Orzel', 'Nathan Werner')"
,,,,,"('John Orzel', 'Tom Decker')"
,,,,,"('John Orzel', 'Oliver Blaise')"
,,,,,"('John Orzel', 'Harold Koster')"
,,,,,"('John Orzel', 'Vera Scroggins')"
,,,,,"('John Orzel', 'Fredricka Kulicka')"
,,,,,"('John Orzel', 'William Lee')"
,,,,,"('John Orzel', 'Douglas Pogorzelski')"
,,,,,"('Greene', 'Joe Sluznar')"
,,,,,"('Greene', 'Scott Snyder')"
,,,,,"('Greene', 'Mike Decker')"
,,,,,"('Greene', 'Dan Driscoll')"
,,,,,"('Greene', 'Stan Sielicki')"
,,,,,"('Greene', 'Dan Baker')"
,,,,,"('Greene', 'Insignia')"
,,,,,"('Greene', 'Tom Sinclair')"
,,,,,"('Greene', 'Bennett')"
,,,,,"('Greene', 'Judy Rapp')"
,,,,,"('Greene', 'Nathan Werner')"
,,,,,"('Greene', 'Tom Decker')"
,,,,,"('Greene', 'Oliver Blaise')"
,,,,,"('Greene', 'Harold Koster')"
,,,,,"('Greene', 'Vera Scroggins')"
,,,,,"('Greene', 'Fredricka Kulicka')"
,,,,,"('Greene', 'William Lee')"
,,,,,"('Greene', 'Douglas Pogorzelski')"
,,,,,"('Joe Sluznar', 'Scott Snyder')"
,,,,,"('Joe Sluznar', 'Mike Decker')"
,,,,,"('Joe Sluznar', 'Dan Driscoll')"
,,,,,"('Joe Sluznar', 'Stan Sielicki')"
,,,,,"('Joe Sluznar', 'Dan Baker')"
,,,,,"('Joe Sluznar', 'Insignia')"
,,,,,"('Joe Sluznar', 'Tom Sinclair')"
,,,,,"('Joe Sluznar', 'Bennett')"
,,,,,"('Joe Sluznar', 'Judy Rapp')"
,,,,,"('Joe Sluznar', 'Nathan Werner')"
,,,,,"('Joe Sluznar', 'Tom Decker')"
,,,,,"('Joe Sluznar', 'Oliver Blaise')"
,,,,,"('Joe Sluznar', 'Harold Koster')"
,,,,,"('Joe Sluznar', 'Vera Scroggins')"
,,,,,"('Joe Sluznar', 'Fredricka Kulicka')"
,,,,,"('Joe Sluznar', 'William Lee')"
,,,,,"('Joe Sluznar', 'Douglas Pogorzelski')"
,,,,,"('Scott Snyder', 'Mike Decker')"
,,,,,"('Scott Snyder', 'Dan Driscoll')"
,,,,,"('Scott Snyder', 'Stan Sielicki')"
,,,,,"('Scott Snyder', 'Dan Baker')"
,,,,,"('Scott Snyder', 'Insignia')"
,,,,,"('Scott Snyder', 'Tom Sinclair')"
,,,,,"('Scott Snyder', 'Bennett')"
,,,,,"('Scott Snyder', 'Judy Rapp')"
,,,,,"('Scott Snyder', 'Nathan Werner')"
,,,,,"('Scott Snyder', 'Tom Decker')"
,,,,,"('Scott Snyder', 'Oliver Blaise')"
,,,,,"('Scott Snyder', 'Harold Koster')"
,,,,,"('Scott Snyder', 'Vera Scroggins')"
,,,,,"('Scott Snyder', 'Fredricka Kulicka')"
,,,,,"('Scott Snyder', 'William Lee')"
,,,,,"('Scott Snyder', 'Douglas Pogorzelski')"
,,,,,"('Mike Decker', 'Dan Driscoll')"
,,,,,"('Mike Decker', 'Stan Sielicki')"
,,,,,"('Mike Decker', 'Dan Baker')"
,,,,,"('Mike Decker', 'Insignia')"
,,,,,"('Mike Decker', 'Tom Sinclair')"
,,,,,"('Mike Decker', 'Bennett')"
,,,,,"('Mike Decker', 'Judy Rapp')"
,,,,,"('Mike Decker', 'Nathan Werner')"
,,,,,"('Mike Decker', 'Tom Decker')"
,,,,,"('Mike Decker', 'Oliver Blaise')"
,,,,,"('Mike Decker', 'Harold Koster')"
,,,,,"('Mike Decker', 'Vera Scroggins')"
,,,,,"('Mike Decker', 'Fredricka Kulicka')"
,,,,,"('Mike Decker', 'William Lee')"
,,,,,"('Mike Decker', 'Douglas Pogorzelski')"
,,,,,"('Dan Driscoll', 'Stan Sielicki')"
,,,,,"('Dan Driscoll', 'Dan Baker')"
,,,,,"('Dan Driscoll', 'Insignia')"
,,,,,"('Dan Driscoll', 'Tom Sinclair')"
,,,,,"('Dan Driscoll', 'Bennett')"
,,,,,"('Dan Driscoll', 'Judy Rapp')"
,,,,,"('Dan Driscoll', 'Nathan Werner')"
,,,,,"('Dan Driscoll', 'Tom Decker')"
,,,,,"('Dan Driscoll', 'Oliver Blaise')"
,,,,,"('Dan Driscoll', 'Harold Koster')"
,,,,,"('Dan Driscoll', 'Vera Scroggins')"
,,,,,"('Dan Driscoll', 'Fredricka Kulicka')"
,,,,,"('Dan Driscoll', 'William Lee')"
,,,,,"('Dan Driscoll', 'Douglas Pogorzelski')"
,,,,,"('Stan Sielicki', 'Dan Baker')"
,,,,,"('Stan Sielicki', 'Insignia')"
,,,,,"('Stan Sielicki', 'Tom Sinclair')"
,,,,,"('Stan Sielicki', 'Bennett')"
,,,,,"('Stan Sielicki', 'Judy Rapp')"
,,,,,"('Stan Sielicki', 'Nathan Werner')"
,,,,,"('Stan Sielicki', 'Tom Decker')"
,,,,,"('Stan Sielicki', 'Oliver Blaise')"
,,,,,"('Stan Sielicki', 'Harold Koster')"
,,,,,"('Stan Sielicki', 'Vera Scroggins')"
,,,,,"('Stan Sielicki', 'Fredricka Kulicka')"
,,,,,"('Stan Sielicki', 'William Lee')"
,,,,,"('Stan Sielicki', 'Douglas Pogorzelski')"
,,,,,"('Dan Baker', 'Insignia')"
,,,,,"('Dan Baker', 'Tom Sinclair')"
,,,,,"('Dan Baker', 'Bennett')"
,,,,,"('Dan Baker', 'Judy Rapp')"
,,,,,"('Dan Baker', 'Nathan Werner')"
,,,,,"('Dan Baker', 'Tom Decker')"
,,,,,"('Dan Baker', 'Oliver Blaise')"
,,,,,"('Dan Baker', 'Harold Koster')"
,,,,,"('Dan Baker', 'Vera Scroggins')"
,,,,,"('Dan Baker', 'Fredricka Kulicka')"
,,,,,"('Dan Baker', 'William Lee')"
,,,,,"('Dan Baker', 'Douglas Pogorzelski')"
,,,,,"('Insignia', 'Tom Sinclair')"
,,,,,"('Insignia', 'Bennett')"
,,,,,"('Insignia', 'Judy Rapp')"
,,,,,"('Insignia', 'Nathan Werner')"
,,,,,"('Insignia', 'Tom Decker')"
,,,,,"('Insignia', 'Oliver Blaise')"
,,,,,"('Insignia', 'Harold Koster')"
,,,,,"('Insignia', 'Vera Scroggins')"
,,,,,"('Insignia', 'Fredricka Kulicka')"
,,,,,"('Insignia', 'William Lee')"
,,,,,"('Insignia', 'Douglas Pogorzelski')"
,,,,,"('Tom Sinclair', 'Bennett')"
,,,,,"('Tom Sinclair', 'Judy Rapp')"
,,,,,"('Tom Sinclair', 'Nathan Werner')"
,,,,,"('Tom Sinclair', 'Tom Decker')"
,,,,,"('Tom Sinclair', 'Oliver Blaise')"
,,,,,"('Tom Sinclair', 'Harold Koster')"
,,,,,"('Tom Sinclair', 'Vera Scroggins')"
,,,,,"('Tom Sinclair', 'Fredricka Kulicka')"
,,,,,"('Tom Sinclair', 'William Lee')"
,,,,,"('Tom Sinclair', 'Douglas Pogorzelski')"
,,,,,"('Bennett', 'Judy Rapp')"
,,,,,"('Bennett', 'Nathan Werner')"
,,,,,"('Bennett', 'Tom Decker')"
,,,,,"('Bennett', 'Oliver Blaise')"
,,,,,"('Bennett', 'Harold Koster')"
,,,,,"('Bennett', 'Vera Scroggins')"
,,,,,"('Bennett', 'Fredricka Kulicka')"
,,,,,"('Bennett', 'William Lee')"
,,,,,"('Bennett', 'Douglas Pogorzelski')"
,,,,,"('Judy Rapp', 'Nathan Werner')"
,,,,,"('Judy Rapp', 'Tom Decker')"
,,,,,"('Judy Rapp', 'Oliver Blaise')"
,,,,,"('Judy Rapp', 'Harold Koster')"
,,,,,"('Judy Rapp', 'Vera Scroggins')"
,,,,,"('Judy Rapp', 'Fredricka Kulicka')"
,,,,,"('Judy Rapp', 'William Lee')"
,,,,,"('Judy Rapp', 'Douglas Pogorzelski')"
,,,,,"('Nathan Werner', 'Tom Decker')"
,,,,,"('Nathan Werner', 'Oliver Blaise')"
,,,,,"('Nathan Werner', 'Harold Koster')"
,,,,,"('Nathan Werner', 'Vera Scroggins')"
,,,,,"('Nathan Werner', 'Fredricka Kulicka')"
,,,,,"('Nathan Werner', 'William Lee')"
,,,,,"('Nathan Werner', 'Douglas Pogorzelski')"
,,,,,"('Tom Decker', 'Oliver Blaise')"
,,,,,"('Tom Decker', 'Harold Koster')"
,,,,,"('Tom Decker', 'Vera Scroggins')"
,,,,,"('Tom Decker', 'Fredricka Kulicka')"
,,,,,"('Tom Decker', 'William Lee')"
,,,,,"('Tom Decker', 'Douglas Pogorzelski')"
,,,,,"('Oliver Blaise', 'Harold Koster')"
,,,,,"('Oliver Blaise', 'Vera Scroggins')"
,,,,,"('Oliver Blaise', 'Fredricka Kulicka')"
,,,,,"('Oliver Blaise', 'William Lee')"
,,,,,"('Oliver Blaise', 'Douglas Pogorzelski')"
,,,,,"('Harold Koster', 'Vera Scroggins')"
,,,,,"('Harold Koster', 'Fredricka Kulicka')"
,,,,,"('Harold Koster', 'William Lee')"
,,,,,"('Harold Koster', 'Douglas Pogorzelski')"
,,,,,"('Vera Scroggins', 'Fredricka Kulicka')"
,,,,,"('Vera Scroggins', 'William Lee')"
,,,,,"('Vera Scroggins', 'Douglas Pogorzelski')"
,,,,,"('Fredricka Kulicka', 'William Lee')"
,,,,,"('Fredricka Kulicka', 'Douglas Pogorzelski')"
,,,,,"('William Lee', 'Douglas Pogorzelski')"
