Actor Overlap,Relationship Overlap,Unique Newspaper Network Actors,Unique Meeting Minute Network Actors,Unique Newspaper Network Relationships,Unique Newspaper Network Relationships
Hubert Pritchard,"('Scott Brown', 'Charles Hebbard')",James Zecca,Gordon Reese,"('James Zecca', 'Scott Brown')","('Scott Brown', 'Gordon Reese')"
Jody Burdick,"('Scott Brown', 'Jody Burdick')",Emily DeSantis,Gregory Sydoriw,"('James Zecca', 'Emily DeSantis')","('Scott Brown', 'Gregory Sydoriw')"
David Husted,"('Greg Mattacola', 'Jody Burdick')",Joe Martens,Lisa Taber,"('James Zecca', 'Joe Martens')","('Scott Brown', 'Lisa Taber')"
Scott Brown,"('Charles Hebbard', 'Jody Burdick')",Garry Colarusso,Peggy Bartles,"('James Zecca', 'Garry Colarusso')","('Scott Brown', 'Peggy Bartles')"
Greg Mattacola,"('Jody Burdick', 'Kenneth Eisnor')",Mark West,Tasha Hance,"('James Zecca', 'Mark West')","('Scott Brown', 'Tasha Hance')"
Kenneth Eisnor,"('Scott Brown', 'Greg Mattacola')",Jay Babich,Jonathan Barns,"('James Zecca', 'Jay Babich')","('Scott Brown', 'Jonathan Barns')"
Charles Hebbard,"('Charles Hebbard', 'David Husted')",Thomas West,Diane Rolewicz,"('James Zecca', 'Thomas West')","('Scott Brown', 'Diane Rolewicz')"
,"('Scott Brown', 'Hubert Pritchard')",Andrew Cuomo,Jim Stewart,"('James Zecca', 'Hubert Pritchard')","('Scott Brown', 'Jim Stewart')"
,"('David Husted', 'Jody Burdick')",Patrick Tyksinski,Ronald Watson,"('James Zecca', 'Andrew Cuomo')","('Scott Brown', 'Ronald Watson')"
,"('Hubert Pritchard', 'Greg Mattacola')",Scott Kurkoski,Howard Waldas,"('James Zecca', 'Patrick Tyksinski')","('Scott Brown', 'Howard Waldas')"
,"('David Husted', 'Kenneth Eisnor')",Jason Espino,Terry Williamson,"('James Zecca', 'Charles Hebbard')","('Scott Brown', 'Terry Williamson')"
,"('Charles Hebbard', 'Greg Mattacola')",Howard Pollman,Victor Cardillo,"('James Zecca', 'Scott Kurkoski')","('Scott Brown', 'Victor Cardillo')"
,"('David Husted', 'Greg Mattacola')",Frank Vescera,Julie Waldras,"('James Zecca', 'Jason Espino')","('Scott Brown', 'Julie Waldras')"
,"('Greg Mattacola', 'Kenneth Eisnor')",Jannette Barthe,Jerrid Otis,"('James Zecca', 'David Husted')","('Scott Brown', 'Jerrid Otis')"
,"('Scott Brown', 'Kenneth Eisnor')",Robert McHale,Tony DeBella,"('James Zecca', 'Howard Pollman')","('Scott Brown', 'Tony DeBella')"
,"('Hubert Pritchard', 'David Husted')",Claudia Tenney,Gary Palirusso,"('James Zecca', 'Greg Mattacola')","('Scott Brown', 'Gary Palirusso')"
,"('Hubert Pritchard', 'Jody Burdick')",Julie Waldas,Kevin Burger,"('James Zecca', 'Frank Vescera')","('Scott Brown', 'Kevin Burger')"
,"('Hubert Pritchard', 'Kenneth Eisnor')",Jennifer Huntington,Russell Young,"('James Zecca', 'Jannette Barthe')","('Scott Brown', 'Russell Young')"
,"('Scott Brown', 'David Husted')",Mike Kotz,Carlton Cory,"('James Zecca', 'Robert McHale')","('Scott Brown', 'Carlton Cory')"
,"('Charles Hebbard', 'Kenneth Eisnor')",William Johnson,Jack Maine,"('James Zecca', 'Claudia Tenney')","('Scott Brown', 'Jack Maine')"
,,Michael Baker,Mark Crane,"('James Zecca', 'Julie Waldas')","('Scott Brown', 'Mark Crane')"
,,,Harris Samuels,"('James Zecca', 'Jennifer Huntington')","('Scott Brown', 'Harris Samuels')"
,,,Charles Smith,"('James Zecca', 'Jody Burdick')","('Scott Brown', 'Charles Smith')"
,,,Mike DeBella,"('James Zecca', 'Mike Kotz')","('Scott Brown', 'Mike DeBella')"
,,,Bernard Szarek,"('James Zecca', 'William Johnson')","('Scott Brown', 'Bernard Szarek')"
,,,Riley McFadden,"('James Zecca', 'Kenneth Eisnor')","('Scott Brown', 'Riley McFadden')"
,,,Peter Bianco,"('James Zecca', 'Michael Baker')","('Scott Brown', 'Peter Bianco')"
,,,David Wood,"('Scott Brown', 'Emily DeSantis')","('Scott Brown', 'David Wood')"
,,,Gregory Mattacola,"('Scott Brown', 'Joe Martens')","('Scott Brown', 'Gregory Mattacola')"
,,,Sally Glouse,"('Scott Brown', 'Garry Colarusso')","('Scott Brown', 'Sally Glouse')"
,,,James Kimball,"('Scott Brown', 'Mark West')","('Scott Brown', 'James Kimball')"
,,,Bonnie Joe,"('Scott Brown', 'Jay Babich')","('Scott Brown', 'Bonnie Joe')"
,,,Margaret Leone,"('Scott Brown', 'Thomas West')","('Scott Brown', 'Margaret Leone')"
,,,Carl Eddy,"('Scott Brown', 'Andrew Cuomo')","('Scott Brown', 'Carl Eddy')"
,,,Thomas Phelan,"('Scott Brown', 'Patrick Tyksinski')","('Scott Brown', 'Thomas Phelan')"
,,,Mike Lally,"('Scott Brown', 'Scott Kurkoski')","('Scott Brown', 'Mike Lally')"
,,,Randy Rundall,"('Scott Brown', 'Jason Espino')","('Scott Brown', 'Randy Rundall')"
,,,,"('Scott Brown', 'Howard Pollman')","('Gordon Reese', 'Jonathan Barns')"
,,,,"('Scott Brown', 'Frank Vescera')","('Gordon Reese', 'Gregory Sydoriw')"
,,,,"('Scott Brown', 'Jannette Barthe')","('Gordon Reese', 'Lisa Taber')"
,,,,"('Scott Brown', 'Robert McHale')","('Gordon Reese', 'Peggy Bartles')"
,,,,"('Scott Brown', 'Claudia Tenney')","('Gordon Reese', 'Tasha Hance')"
,,,,"('Scott Brown', 'Julie Waldas')","('Gordon Reese', 'Diane Rolewicz')"
,,,,"('Scott Brown', 'Jennifer Huntington')","('Gordon Reese', 'Jim Stewart')"
,,,,"('Scott Brown', 'Mike Kotz')","('Gordon Reese', 'Ronald Watson')"
,,,,"('Scott Brown', 'William Johnson')","('Gordon Reese', 'Howard Waldas')"
,,,,"('Scott Brown', 'Michael Baker')","('Gordon Reese', 'Terry Williamson')"
,,,,"('Emily DeSantis', 'Joe Martens')","('Gordon Reese', 'Victor Cardillo')"
,,,,"('Emily DeSantis', 'Garry Colarusso')","('Gordon Reese', 'Charles Hebbard')"
,,,,"('Emily DeSantis', 'Mark West')","('Gordon Reese', 'Julie Waldras')"
,,,,"('Emily DeSantis', 'Jay Babich')","('Gordon Reese', 'Jerrid Otis')"
,,,,"('Emily DeSantis', 'Thomas West')","('Gordon Reese', 'Tony DeBella')"
,,,,"('Emily DeSantis', 'Jason Espino')","('Gordon Reese', 'Hubert Pritchard')"
,,,,"('Emily DeSantis', 'Andrew Cuomo')","('Gordon Reese', 'David Husted')"
,,,,"('Emily DeSantis', 'Patrick Tyksinski')","('Gordon Reese', 'Gary Palirusso')"
,,,,"('Emily DeSantis', 'Charles Hebbard')","('Gordon Reese', 'Kevin Burger')"
,,,,"('Emily DeSantis', 'Scott Kurkoski')","('Gordon Reese', 'Russell Young')"
,,,,"('Emily DeSantis', 'Hubert Pritchard')","('Gordon Reese', 'Greg Mattacola')"
,,,,"('Emily DeSantis', 'David Husted')","('Gordon Reese', 'Carlton Cory')"
,,,,"('Emily DeSantis', 'Howard Pollman')","('Gordon Reese', 'Jack Maine')"
,,,,"('Emily DeSantis', 'Greg Mattacola')","('Gordon Reese', 'Mark Crane')"
,,,,"('Emily DeSantis', 'Frank Vescera')","('Gordon Reese', 'Harris Samuels')"
,,,,"('Emily DeSantis', 'Jannette Barthe')","('Gordon Reese', 'Charles Smith')"
,,,,"('Emily DeSantis', 'Robert McHale')","('Gordon Reese', 'Mike DeBella')"
,,,,"('Emily DeSantis', 'Claudia Tenney')","('Gordon Reese', 'Bernard Szarek')"
,,,,"('Emily DeSantis', 'Julie Waldas')","('Gordon Reese', 'Riley McFadden')"
,,,,"('Emily DeSantis', 'Jennifer Huntington')","('Gordon Reese', 'Peter Bianco')"
,,,,"('Emily DeSantis', 'Jody Burdick')","('Gordon Reese', 'Jody Burdick')"
,,,,"('Emily DeSantis', 'Mike Kotz')","('Gordon Reese', 'David Wood')"
,,,,"('Emily DeSantis', 'William Johnson')","('Gordon Reese', 'Gregory Mattacola')"
,,,,"('Emily DeSantis', 'Kenneth Eisnor')","('Gordon Reese', 'Sally Glouse')"
,,,,"('Emily DeSantis', 'Michael Baker')","('Gordon Reese', 'James Kimball')"
,,,,"('Joe Martens', 'Garry Colarusso')","('Gordon Reese', 'Bonnie Joe')"
,,,,"('Joe Martens', 'Mark West')","('Gordon Reese', 'Margaret Leone')"
,,,,"('Joe Martens', 'Jay Babich')","('Gordon Reese', 'Carl Eddy')"
,,,,"('Joe Martens', 'Thomas West')","('Gordon Reese', 'Kenneth Eisnor')"
,,,,"('Joe Martens', 'Hubert Pritchard')","('Gordon Reese', 'Thomas Phelan')"
,,,,"('Joe Martens', 'Andrew Cuomo')","('Gordon Reese', 'Mike Lally')"
,,,,"('Joe Martens', 'Patrick Tyksinski')","('Gordon Reese', 'Randy Rundall')"
,,,,"('Joe Martens', 'Charles Hebbard')","('Gregory Sydoriw', 'Randy Rundall')"
,,,,"('Joe Martens', 'Scott Kurkoski')","('Gregory Sydoriw', 'Lisa Taber')"
,,,,"('Joe Martens', 'Jason Espino')","('Gregory Sydoriw', 'Peggy Bartles')"
,,,,"('Joe Martens', 'David Husted')","('Gregory Sydoriw', 'Tasha Hance')"
,,,,"('Joe Martens', 'Howard Pollman')","('Gregory Sydoriw', 'Jonathan Barns')"
,,,,"('Joe Martens', 'Greg Mattacola')","('Gregory Sydoriw', 'Diane Rolewicz')"
,,,,"('Joe Martens', 'Frank Vescera')","('Gregory Sydoriw', 'Jim Stewart')"
,,,,"('Joe Martens', 'Jannette Barthe')","('Gregory Sydoriw', 'Ronald Watson')"
,,,,"('Joe Martens', 'Robert McHale')","('Gregory Sydoriw', 'Howard Waldas')"
,,,,"('Joe Martens', 'Claudia Tenney')","('Gregory Sydoriw', 'Terry Williamson')"
,,,,"('Joe Martens', 'Julie Waldas')","('Gregory Sydoriw', 'Victor Cardillo')"
,,,,"('Joe Martens', 'Jennifer Huntington')","('Gregory Sydoriw', 'Charles Hebbard')"
,,,,"('Joe Martens', 'Jody Burdick')","('Gregory Sydoriw', 'Julie Waldras')"
,,,,"('Joe Martens', 'Mike Kotz')","('Gregory Sydoriw', 'Jerrid Otis')"
,,,,"('Joe Martens', 'William Johnson')","('Gregory Sydoriw', 'Tony DeBella')"
,,,,"('Joe Martens', 'Kenneth Eisnor')","('Gregory Sydoriw', 'Hubert Pritchard')"
,,,,"('Joe Martens', 'Michael Baker')","('Gregory Sydoriw', 'David Husted')"
,,,,"('Garry Colarusso', 'Mark West')","('Gregory Sydoriw', 'Gary Palirusso')"
,,,,"('Garry Colarusso', 'Jay Babich')","('Gregory Sydoriw', 'Kevin Burger')"
,,,,"('Garry Colarusso', 'Thomas West')","('Gregory Sydoriw', 'Russell Young')"
,,,,"('Garry Colarusso', 'Hubert Pritchard')","('Gregory Sydoriw', 'Greg Mattacola')"
,,,,"('Garry Colarusso', 'Andrew Cuomo')","('Gregory Sydoriw', 'Carlton Cory')"
,,,,"('Garry Colarusso', 'Patrick Tyksinski')","('Gregory Sydoriw', 'Jack Maine')"
,,,,"('Garry Colarusso', 'Charles Hebbard')","('Gregory Sydoriw', 'Mark Crane')"
,,,,"('Garry Colarusso', 'Scott Kurkoski')","('Gregory Sydoriw', 'Harris Samuels')"
,,,,"('Garry Colarusso', 'Jason Espino')","('Gregory Sydoriw', 'Charles Smith')"
,,,,"('Garry Colarusso', 'David Husted')","('Gregory Sydoriw', 'Mike DeBella')"
,,,,"('Garry Colarusso', 'Howard Pollman')","('Gregory Sydoriw', 'Bernard Szarek')"
,,,,"('Garry Colarusso', 'Greg Mattacola')","('Gregory Sydoriw', 'Riley McFadden')"
,,,,"('Garry Colarusso', 'Frank Vescera')","('Gregory Sydoriw', 'Peter Bianco')"
,,,,"('Garry Colarusso', 'Jannette Barthe')","('Gregory Sydoriw', 'Jody Burdick')"
,,,,"('Garry Colarusso', 'Robert McHale')","('Gregory Sydoriw', 'David Wood')"
,,,,"('Garry Colarusso', 'Claudia Tenney')","('Gregory Sydoriw', 'Gregory Mattacola')"
,,,,"('Garry Colarusso', 'Julie Waldas')","('Gregory Sydoriw', 'Sally Glouse')"
,,,,"('Garry Colarusso', 'Jennifer Huntington')","('Gregory Sydoriw', 'James Kimball')"
,,,,"('Garry Colarusso', 'Jody Burdick')","('Gregory Sydoriw', 'Bonnie Joe')"
,,,,"('Garry Colarusso', 'Mike Kotz')","('Gregory Sydoriw', 'Margaret Leone')"
,,,,"('Garry Colarusso', 'William Johnson')","('Gregory Sydoriw', 'Carl Eddy')"
,,,,"('Garry Colarusso', 'Kenneth Eisnor')","('Gregory Sydoriw', 'Kenneth Eisnor')"
,,,,"('Garry Colarusso', 'Michael Baker')","('Gregory Sydoriw', 'Thomas Phelan')"
,,,,"('Mark West', 'Jay Babich')","('Gregory Sydoriw', 'Mike Lally')"
,,,,"('Mark West', 'Thomas West')","('Lisa Taber', 'Peggy Bartles')"
,,,,"('Mark West', 'Hubert Pritchard')","('Lisa Taber', 'Tasha Hance')"
,,,,"('Mark West', 'Andrew Cuomo')","('Lisa Taber', 'Jonathan Barns')"
,,,,"('Mark West', 'Patrick Tyksinski')","('Lisa Taber', 'Diane Rolewicz')"
,,,,"('Mark West', 'Charles Hebbard')","('Lisa Taber', 'Jim Stewart')"
,,,,"('Mark West', 'Scott Kurkoski')","('Lisa Taber', 'Ronald Watson')"
,,,,"('Mark West', 'Jason Espino')","('Lisa Taber', 'Howard Waldas')"
,,,,"('Mark West', 'David Husted')","('Lisa Taber', 'Terry Williamson')"
,,,,"('Mark West', 'Howard Pollman')","('Lisa Taber', 'Victor Cardillo')"
,,,,"('Mark West', 'Greg Mattacola')","('Lisa Taber', 'Charles Hebbard')"
,,,,"('Mark West', 'Frank Vescera')","('Lisa Taber', 'Julie Waldras')"
,,,,"('Mark West', 'Jannette Barthe')","('Lisa Taber', 'Jerrid Otis')"
,,,,"('Mark West', 'Robert McHale')","('Lisa Taber', 'Tony DeBella')"
,,,,"('Mark West', 'Claudia Tenney')","('Lisa Taber', 'Hubert Pritchard')"
,,,,"('Mark West', 'Julie Waldas')","('Lisa Taber', 'David Husted')"
,,,,"('Mark West', 'Jennifer Huntington')","('Lisa Taber', 'Gary Palirusso')"
,,,,"('Mark West', 'Jody Burdick')","('Lisa Taber', 'Kevin Burger')"
,,,,"('Mark West', 'Mike Kotz')","('Lisa Taber', 'Russell Young')"
,,,,"('Mark West', 'William Johnson')","('Lisa Taber', 'Greg Mattacola')"
,,,,"('Mark West', 'Kenneth Eisnor')","('Lisa Taber', 'Carlton Cory')"
,,,,"('Mark West', 'Michael Baker')","('Lisa Taber', 'Jack Maine')"
,,,,"('Jay Babich', 'Thomas West')","('Lisa Taber', 'Mark Crane')"
,,,,"('Jay Babich', 'Hubert Pritchard')","('Lisa Taber', 'Harris Samuels')"
,,,,"('Jay Babich', 'Andrew Cuomo')","('Lisa Taber', 'Charles Smith')"
,,,,"('Jay Babich', 'Patrick Tyksinski')","('Lisa Taber', 'Mike DeBella')"
,,,,"('Jay Babich', 'Charles Hebbard')","('Lisa Taber', 'Bernard Szarek')"
,,,,"('Jay Babich', 'Scott Kurkoski')","('Lisa Taber', 'Riley McFadden')"
,,,,"('Jay Babich', 'Jason Espino')","('Lisa Taber', 'Peter Bianco')"
,,,,"('Jay Babich', 'David Husted')","('Lisa Taber', 'Jody Burdick')"
,,,,"('Jay Babich', 'Howard Pollman')","('Lisa Taber', 'David Wood')"
,,,,"('Jay Babich', 'Greg Mattacola')","('Lisa Taber', 'Gregory Mattacola')"
,,,,"('Jay Babich', 'Frank Vescera')","('Lisa Taber', 'Sally Glouse')"
,,,,"('Jay Babich', 'Jannette Barthe')","('Lisa Taber', 'James Kimball')"
,,,,"('Jay Babich', 'Robert McHale')","('Lisa Taber', 'Bonnie Joe')"
,,,,"('Jay Babich', 'Claudia Tenney')","('Lisa Taber', 'Margaret Leone')"
,,,,"('Jay Babich', 'Julie Waldas')","('Lisa Taber', 'Carl Eddy')"
,,,,"('Jay Babich', 'Jennifer Huntington')","('Lisa Taber', 'Kenneth Eisnor')"
,,,,"('Jay Babich', 'Jody Burdick')","('Lisa Taber', 'Thomas Phelan')"
,,,,"('Jay Babich', 'Mike Kotz')","('Lisa Taber', 'Mike Lally')"
,,,,"('Jay Babich', 'William Johnson')","('Lisa Taber', 'Randy Rundall')"
,,,,"('Jay Babich', 'Kenneth Eisnor')","('Peggy Bartles', 'Tasha Hance')"
,,,,"('Jay Babich', 'Michael Baker')","('Peggy Bartles', 'Jonathan Barns')"
,,,,"('Thomas West', 'Hubert Pritchard')","('Peggy Bartles', 'Diane Rolewicz')"
,,,,"('Thomas West', 'Andrew Cuomo')","('Peggy Bartles', 'Jim Stewart')"
,,,,"('Thomas West', 'Patrick Tyksinski')","('Peggy Bartles', 'Ronald Watson')"
,,,,"('Thomas West', 'Charles Hebbard')","('Peggy Bartles', 'Howard Waldas')"
,,,,"('Thomas West', 'Scott Kurkoski')","('Peggy Bartles', 'Terry Williamson')"
,,,,"('Thomas West', 'Jason Espino')","('Peggy Bartles', 'Victor Cardillo')"
,,,,"('Thomas West', 'David Husted')","('Peggy Bartles', 'Charles Hebbard')"
,,,,"('Thomas West', 'Howard Pollman')","('Peggy Bartles', 'Julie Waldras')"
,,,,"('Thomas West', 'Greg Mattacola')","('Peggy Bartles', 'Jerrid Otis')"
,,,,"('Thomas West', 'Frank Vescera')","('Peggy Bartles', 'Tony DeBella')"
,,,,"('Thomas West', 'Jannette Barthe')","('Peggy Bartles', 'Hubert Pritchard')"
,,,,"('Thomas West', 'Robert McHale')","('Peggy Bartles', 'David Husted')"
,,,,"('Thomas West', 'Claudia Tenney')","('Peggy Bartles', 'Gary Palirusso')"
,,,,"('Thomas West', 'Julie Waldas')","('Peggy Bartles', 'Kevin Burger')"
,,,,"('Thomas West', 'Jennifer Huntington')","('Peggy Bartles', 'Russell Young')"
,,,,"('Thomas West', 'Jody Burdick')","('Peggy Bartles', 'Greg Mattacola')"
,,,,"('Thomas West', 'Mike Kotz')","('Peggy Bartles', 'Carlton Cory')"
,,,,"('Thomas West', 'William Johnson')","('Peggy Bartles', 'Jack Maine')"
,,,,"('Thomas West', 'Kenneth Eisnor')","('Peggy Bartles', 'Mark Crane')"
,,,,"('Thomas West', 'Michael Baker')","('Peggy Bartles', 'Harris Samuels')"
,,,,"('Hubert Pritchard', 'Mike Kotz')","('Peggy Bartles', 'Charles Smith')"
,,,,"('Hubert Pritchard', 'Andrew Cuomo')","('Peggy Bartles', 'Mike DeBella')"
,,,,"('Hubert Pritchard', 'Patrick Tyksinski')","('Peggy Bartles', 'Bernard Szarek')"
,,,,"('Hubert Pritchard', 'Charles Hebbard')","('Peggy Bartles', 'Riley McFadden')"
,,,,"('Hubert Pritchard', 'Scott Kurkoski')","('Peggy Bartles', 'Peter Bianco')"
,,,,"('Hubert Pritchard', 'Jason Espino')","('Peggy Bartles', 'Jody Burdick')"
,,,,"('Hubert Pritchard', 'Howard Pollman')","('Peggy Bartles', 'David Wood')"
,,,,"('Hubert Pritchard', 'Frank Vescera')","('Peggy Bartles', 'Gregory Mattacola')"
,,,,"('Hubert Pritchard', 'Jannette Barthe')","('Peggy Bartles', 'Sally Glouse')"
,,,,"('Hubert Pritchard', 'Robert McHale')","('Peggy Bartles', 'James Kimball')"
,,,,"('Hubert Pritchard', 'Claudia Tenney')","('Peggy Bartles', 'Bonnie Joe')"
,,,,"('Hubert Pritchard', 'Julie Waldas')","('Peggy Bartles', 'Margaret Leone')"
,,,,"('Hubert Pritchard', 'Jennifer Huntington')","('Peggy Bartles', 'Carl Eddy')"
,,,,"('Hubert Pritchard', 'William Johnson')","('Peggy Bartles', 'Kenneth Eisnor')"
,,,,"('Hubert Pritchard', 'Michael Baker')","('Peggy Bartles', 'Thomas Phelan')"
,,,,"('Andrew Cuomo', 'Patrick Tyksinski')","('Peggy Bartles', 'Mike Lally')"
,,,,"('Andrew Cuomo', 'Charles Hebbard')","('Peggy Bartles', 'Randy Rundall')"
,,,,"('Andrew Cuomo', 'Scott Kurkoski')","('Tasha Hance', 'Jonathan Barns')"
,,,,"('Andrew Cuomo', 'Jason Espino')","('Tasha Hance', 'Diane Rolewicz')"
,,,,"('Andrew Cuomo', 'David Husted')","('Tasha Hance', 'Jim Stewart')"
,,,,"('Andrew Cuomo', 'Howard Pollman')","('Tasha Hance', 'Ronald Watson')"
,,,,"('Andrew Cuomo', 'Greg Mattacola')","('Tasha Hance', 'Howard Waldas')"
,,,,"('Andrew Cuomo', 'Frank Vescera')","('Tasha Hance', 'Terry Williamson')"
,,,,"('Andrew Cuomo', 'Jannette Barthe')","('Tasha Hance', 'Victor Cardillo')"
,,,,"('Andrew Cuomo', 'Robert McHale')","('Tasha Hance', 'Charles Hebbard')"
,,,,"('Andrew Cuomo', 'Claudia Tenney')","('Tasha Hance', 'Julie Waldras')"
,,,,"('Andrew Cuomo', 'Julie Waldas')","('Tasha Hance', 'Jerrid Otis')"
,,,,"('Andrew Cuomo', 'Jennifer Huntington')","('Tasha Hance', 'Tony DeBella')"
,,,,"('Andrew Cuomo', 'Jody Burdick')","('Tasha Hance', 'Hubert Pritchard')"
,,,,"('Andrew Cuomo', 'Mike Kotz')","('Tasha Hance', 'David Husted')"
,,,,"('Andrew Cuomo', 'William Johnson')","('Tasha Hance', 'Gary Palirusso')"
,,,,"('Andrew Cuomo', 'Kenneth Eisnor')","('Tasha Hance', 'Kevin Burger')"
,,,,"('Andrew Cuomo', 'Michael Baker')","('Tasha Hance', 'Russell Young')"
,,,,"('Patrick Tyksinski', 'Scott Kurkoski')","('Tasha Hance', 'Greg Mattacola')"
,,,,"('Patrick Tyksinski', 'Charles Hebbard')","('Tasha Hance', 'Carlton Cory')"
,,,,"('Patrick Tyksinski', 'Jason Espino')","('Tasha Hance', 'Jack Maine')"
,,,,"('Patrick Tyksinski', 'David Husted')","('Tasha Hance', 'Mark Crane')"
,,,,"('Patrick Tyksinski', 'Howard Pollman')","('Tasha Hance', 'Harris Samuels')"
,,,,"('Patrick Tyksinski', 'Greg Mattacola')","('Tasha Hance', 'Charles Smith')"
,,,,"('Patrick Tyksinski', 'Frank Vescera')","('Tasha Hance', 'Mike DeBella')"
,,,,"('Patrick Tyksinski', 'Jannette Barthe')","('Tasha Hance', 'Bernard Szarek')"
,,,,"('Patrick Tyksinski', 'Robert McHale')","('Tasha Hance', 'Riley McFadden')"
,,,,"('Patrick Tyksinski', 'Claudia Tenney')","('Tasha Hance', 'Peter Bianco')"
,,,,"('Patrick Tyksinski', 'Julie Waldas')","('Tasha Hance', 'Jody Burdick')"
,,,,"('Patrick Tyksinski', 'Jennifer Huntington')","('Tasha Hance', 'David Wood')"
,,,,"('Patrick Tyksinski', 'Jody Burdick')","('Tasha Hance', 'Gregory Mattacola')"
,,,,"('Patrick Tyksinski', 'Mike Kotz')","('Tasha Hance', 'Sally Glouse')"
,,,,"('Patrick Tyksinski', 'William Johnson')","('Tasha Hance', 'James Kimball')"
,,,,"('Patrick Tyksinski', 'Kenneth Eisnor')","('Tasha Hance', 'Bonnie Joe')"
,,,,"('Patrick Tyksinski', 'Michael Baker')","('Tasha Hance', 'Margaret Leone')"
,,,,"('Charles Hebbard', 'Scott Kurkoski')","('Tasha Hance', 'Carl Eddy')"
,,,,"('Charles Hebbard', 'Jason Espino')","('Tasha Hance', 'Kenneth Eisnor')"
,,,,"('Charles Hebbard', 'Howard Pollman')","('Tasha Hance', 'Thomas Phelan')"
,,,,"('Charles Hebbard', 'Frank Vescera')","('Tasha Hance', 'Mike Lally')"
,,,,"('Charles Hebbard', 'Jannette Barthe')","('Tasha Hance', 'Randy Rundall')"
,,,,"('Charles Hebbard', 'Robert McHale')","('Jonathan Barns', 'Diane Rolewicz')"
,,,,"('Charles Hebbard', 'Claudia Tenney')","('Jonathan Barns', 'Jim Stewart')"
,,,,"('Charles Hebbard', 'Julie Waldas')","('Jonathan Barns', 'Ronald Watson')"
,,,,"('Charles Hebbard', 'Jennifer Huntington')","('Jonathan Barns', 'Howard Waldas')"
,,,,"('Charles Hebbard', 'Mike Kotz')","('Jonathan Barns', 'Terry Williamson')"
,,,,"('Charles Hebbard', 'William Johnson')","('Jonathan Barns', 'Victor Cardillo')"
,,,,"('Charles Hebbard', 'Michael Baker')","('Jonathan Barns', 'Charles Hebbard')"
,,,,"('Scott Kurkoski', 'Jason Espino')","('Jonathan Barns', 'Julie Waldras')"
,,,,"('Scott Kurkoski', 'David Husted')","('Jonathan Barns', 'Jerrid Otis')"
,,,,"('Scott Kurkoski', 'Howard Pollman')","('Jonathan Barns', 'Tony DeBella')"
,,,,"('Scott Kurkoski', 'Greg Mattacola')","('Jonathan Barns', 'Hubert Pritchard')"
,,,,"('Scott Kurkoski', 'Frank Vescera')","('Jonathan Barns', 'David Husted')"
,,,,"('Scott Kurkoski', 'Jannette Barthe')","('Jonathan Barns', 'Gary Palirusso')"
,,,,"('Scott Kurkoski', 'Robert McHale')","('Jonathan Barns', 'Kevin Burger')"
,,,,"('Scott Kurkoski', 'Claudia Tenney')","('Jonathan Barns', 'Russell Young')"
,,,,"('Scott Kurkoski', 'Julie Waldas')","('Jonathan Barns', 'Greg Mattacola')"
,,,,"('Scott Kurkoski', 'Jennifer Huntington')","('Jonathan Barns', 'Carlton Cory')"
,,,,"('Scott Kurkoski', 'Jody Burdick')","('Jonathan Barns', 'Jack Maine')"
,,,,"('Scott Kurkoski', 'Mike Kotz')","('Jonathan Barns', 'Mark Crane')"
,,,,"('Scott Kurkoski', 'William Johnson')","('Jonathan Barns', 'Harris Samuels')"
,,,,"('Scott Kurkoski', 'Kenneth Eisnor')","('Jonathan Barns', 'Charles Smith')"
,,,,"('Scott Kurkoski', 'Michael Baker')","('Jonathan Barns', 'Mike DeBella')"
,,,,"('Jason Espino', 'Mike Kotz')","('Jonathan Barns', 'Bernard Szarek')"
,,,,"('Jason Espino', 'David Husted')","('Jonathan Barns', 'Riley McFadden')"
,,,,"('Jason Espino', 'Howard Pollman')","('Jonathan Barns', 'Peter Bianco')"
,,,,"('Jason Espino', 'Greg Mattacola')","('Jonathan Barns', 'Jody Burdick')"
,,,,"('Jason Espino', 'Frank Vescera')","('Jonathan Barns', 'David Wood')"
,,,,"('Jason Espino', 'Jannette Barthe')","('Jonathan Barns', 'Gregory Mattacola')"
,,,,"('Jason Espino', 'Robert McHale')","('Jonathan Barns', 'Sally Glouse')"
,,,,"('Jason Espino', 'Claudia Tenney')","('Jonathan Barns', 'James Kimball')"
,,,,"('Jason Espino', 'Julie Waldas')","('Jonathan Barns', 'Bonnie Joe')"
,,,,"('Jason Espino', 'Jennifer Huntington')","('Jonathan Barns', 'Margaret Leone')"
,,,,"('Jason Espino', 'Jody Burdick')","('Jonathan Barns', 'Carl Eddy')"
,,,,"('Jason Espino', 'William Johnson')","('Jonathan Barns', 'Kenneth Eisnor')"
,,,,"('Jason Espino', 'Kenneth Eisnor')","('Jonathan Barns', 'Thomas Phelan')"
,,,,"('Jason Espino', 'Michael Baker')","('Jonathan Barns', 'Mike Lally')"
,,,,"('David Husted', 'Howard Pollman')","('Jonathan Barns', 'Randy Rundall')"
,,,,"('David Husted', 'Frank Vescera')","('Diane Rolewicz', 'Jim Stewart')"
,,,,"('David Husted', 'Jannette Barthe')","('Diane Rolewicz', 'Ronald Watson')"
,,,,"('David Husted', 'Robert McHale')","('Diane Rolewicz', 'Howard Waldas')"
,,,,"('David Husted', 'Claudia Tenney')","('Diane Rolewicz', 'Terry Williamson')"
,,,,"('David Husted', 'Julie Waldas')","('Diane Rolewicz', 'Victor Cardillo')"
,,,,"('David Husted', 'Jennifer Huntington')","('Diane Rolewicz', 'Charles Hebbard')"
,,,,"('David Husted', 'Mike Kotz')","('Diane Rolewicz', 'Julie Waldras')"
,,,,"('David Husted', 'William Johnson')","('Diane Rolewicz', 'Jerrid Otis')"
,,,,"('David Husted', 'Michael Baker')","('Diane Rolewicz', 'Tony DeBella')"
,,,,"('Howard Pollman', 'Greg Mattacola')","('Diane Rolewicz', 'Hubert Pritchard')"
,,,,"('Howard Pollman', 'Frank Vescera')","('Diane Rolewicz', 'David Husted')"
,,,,"('Howard Pollman', 'Jannette Barthe')","('Diane Rolewicz', 'Gary Palirusso')"
,,,,"('Howard Pollman', 'Robert McHale')","('Diane Rolewicz', 'Kevin Burger')"
,,,,"('Howard Pollman', 'Claudia Tenney')","('Diane Rolewicz', 'Russell Young')"
,,,,"('Howard Pollman', 'Julie Waldas')","('Diane Rolewicz', 'Greg Mattacola')"
,,,,"('Howard Pollman', 'Jennifer Huntington')","('Diane Rolewicz', 'Carlton Cory')"
,,,,"('Howard Pollman', 'Jody Burdick')","('Diane Rolewicz', 'Jack Maine')"
,,,,"('Howard Pollman', 'Mike Kotz')","('Diane Rolewicz', 'Mark Crane')"
,,,,"('Howard Pollman', 'William Johnson')","('Diane Rolewicz', 'Harris Samuels')"
,,,,"('Howard Pollman', 'Kenneth Eisnor')","('Diane Rolewicz', 'Charles Smith')"
,,,,"('Howard Pollman', 'Michael Baker')","('Diane Rolewicz', 'Mike DeBella')"
,,,,"('Greg Mattacola', 'Frank Vescera')","('Diane Rolewicz', 'Bernard Szarek')"
,,,,"('Greg Mattacola', 'Jannette Barthe')","('Diane Rolewicz', 'Riley McFadden')"
,,,,"('Greg Mattacola', 'Robert McHale')","('Diane Rolewicz', 'Peter Bianco')"
,,,,"('Greg Mattacola', 'Claudia Tenney')","('Diane Rolewicz', 'Jody Burdick')"
,,,,"('Greg Mattacola', 'Julie Waldas')","('Diane Rolewicz', 'David Wood')"
,,,,"('Greg Mattacola', 'Jennifer Huntington')","('Diane Rolewicz', 'Gregory Mattacola')"
,,,,"('Greg Mattacola', 'Mike Kotz')","('Diane Rolewicz', 'Sally Glouse')"
,,,,"('Greg Mattacola', 'William Johnson')","('Diane Rolewicz', 'James Kimball')"
,,,,"('Greg Mattacola', 'Michael Baker')","('Diane Rolewicz', 'Bonnie Joe')"
,,,,"('Frank Vescera', 'Jannette Barthe')","('Diane Rolewicz', 'Margaret Leone')"
,,,,"('Frank Vescera', 'Robert McHale')","('Diane Rolewicz', 'Carl Eddy')"
,,,,"('Frank Vescera', 'Claudia Tenney')","('Diane Rolewicz', 'Kenneth Eisnor')"
,,,,"('Frank Vescera', 'Julie Waldas')","('Diane Rolewicz', 'Thomas Phelan')"
,,,,"('Frank Vescera', 'Jennifer Huntington')","('Diane Rolewicz', 'Mike Lally')"
,,,,"('Frank Vescera', 'Jody Burdick')","('Diane Rolewicz', 'Randy Rundall')"
,,,,"('Frank Vescera', 'Mike Kotz')","('Jim Stewart', 'James Kimball')"
,,,,"('Frank Vescera', 'William Johnson')","('Jim Stewart', 'Ronald Watson')"
,,,,"('Frank Vescera', 'Kenneth Eisnor')","('Jim Stewart', 'Howard Waldas')"
,,,,"('Frank Vescera', 'Michael Baker')","('Jim Stewart', 'Terry Williamson')"
,,,,"('Jannette Barthe', 'Robert McHale')","('Jim Stewart', 'Victor Cardillo')"
,,,,"('Jannette Barthe', 'Claudia Tenney')","('Jim Stewart', 'Charles Hebbard')"
,,,,"('Jannette Barthe', 'Julie Waldas')","('Jim Stewart', 'Julie Waldras')"
,,,,"('Jannette Barthe', 'Jennifer Huntington')","('Jim Stewart', 'Jerrid Otis')"
,,,,"('Jannette Barthe', 'Jody Burdick')","('Jim Stewart', 'Tony DeBella')"
,,,,"('Jannette Barthe', 'Mike Kotz')","('Jim Stewart', 'Hubert Pritchard')"
,,,,"('Jannette Barthe', 'William Johnson')","('Jim Stewart', 'David Husted')"
,,,,"('Jannette Barthe', 'Kenneth Eisnor')","('Jim Stewart', 'Gary Palirusso')"
,,,,"('Jannette Barthe', 'Michael Baker')","('Jim Stewart', 'Kevin Burger')"
,,,,"('Robert McHale', 'Claudia Tenney')","('Jim Stewart', 'Russell Young')"
,,,,"('Robert McHale', 'Julie Waldas')","('Jim Stewart', 'Greg Mattacola')"
,,,,"('Robert McHale', 'Jennifer Huntington')","('Jim Stewart', 'Carlton Cory')"
,,,,"('Robert McHale', 'Jody Burdick')","('Jim Stewart', 'Jack Maine')"
,,,,"('Robert McHale', 'Mike Kotz')","('Jim Stewart', 'Mark Crane')"
,,,,"('Robert McHale', 'William Johnson')","('Jim Stewart', 'Harris Samuels')"
,,,,"('Robert McHale', 'Kenneth Eisnor')","('Jim Stewart', 'Charles Smith')"
,,,,"('Robert McHale', 'Michael Baker')","('Jim Stewart', 'Mike DeBella')"
,,,,"('Claudia Tenney', 'Julie Waldas')","('Jim Stewart', 'Bernard Szarek')"
,,,,"('Claudia Tenney', 'Jennifer Huntington')","('Jim Stewart', 'Riley McFadden')"
,,,,"('Claudia Tenney', 'Jody Burdick')","('Jim Stewart', 'Peter Bianco')"
,,,,"('Claudia Tenney', 'Mike Kotz')","('Jim Stewart', 'Jody Burdick')"
,,,,"('Claudia Tenney', 'William Johnson')","('Jim Stewart', 'David Wood')"
,,,,"('Claudia Tenney', 'Kenneth Eisnor')","('Jim Stewart', 'Gregory Mattacola')"
,,,,"('Claudia Tenney', 'Michael Baker')","('Jim Stewart', 'Sally Glouse')"
,,,,"('Julie Waldas', 'Jennifer Huntington')","('Jim Stewart', 'Bonnie Joe')"
,,,,"('Julie Waldas', 'Jody Burdick')","('Jim Stewart', 'Margaret Leone')"
,,,,"('Julie Waldas', 'Mike Kotz')","('Jim Stewart', 'Carl Eddy')"
,,,,"('Julie Waldas', 'William Johnson')","('Jim Stewart', 'Kenneth Eisnor')"
,,,,"('Julie Waldas', 'Kenneth Eisnor')","('Jim Stewart', 'Thomas Phelan')"
,,,,"('Julie Waldas', 'Michael Baker')","('Jim Stewart', 'Mike Lally')"
,,,,"('Jennifer Huntington', 'Jody Burdick')","('Jim Stewart', 'Randy Rundall')"
,,,,"('Jennifer Huntington', 'Mike Kotz')","('Ronald Watson', 'Howard Waldas')"
,,,,"('Jennifer Huntington', 'William Johnson')","('Ronald Watson', 'Terry Williamson')"
,,,,"('Jennifer Huntington', 'Kenneth Eisnor')","('Ronald Watson', 'Victor Cardillo')"
,,,,"('Jennifer Huntington', 'Michael Baker')","('Ronald Watson', 'Charles Hebbard')"
,,,,"('Jody Burdick', 'Mike Kotz')","('Ronald Watson', 'Julie Waldras')"
,,,,"('Jody Burdick', 'William Johnson')","('Ronald Watson', 'Jerrid Otis')"
,,,,"('Jody Burdick', 'Michael Baker')","('Ronald Watson', 'Tony DeBella')"
,,,,"('Mike Kotz', 'William Johnson')","('Ronald Watson', 'Hubert Pritchard')"
,,,,"('Mike Kotz', 'Kenneth Eisnor')","('Ronald Watson', 'David Husted')"
,,,,"('Mike Kotz', 'Michael Baker')","('Ronald Watson', 'Gary Palirusso')"
,,,,"('William Johnson', 'Kenneth Eisnor')","('Ronald Watson', 'Kevin Burger')"
,,,,"('William Johnson', 'Michael Baker')","('Ronald Watson', 'Russell Young')"
,,,,"('Kenneth Eisnor', 'Michael Baker')","('Ronald Watson', 'Greg Mattacola')"
,,,,,"('Ronald Watson', 'Carlton Cory')"
,,,,,"('Ronald Watson', 'Jack Maine')"
,,,,,"('Ronald Watson', 'Mark Crane')"
,,,,,"('Ronald Watson', 'Harris Samuels')"
,,,,,"('Ronald Watson', 'Charles Smith')"
,,,,,"('Ronald Watson', 'Mike DeBella')"
,,,,,"('Ronald Watson', 'Bernard Szarek')"
,,,,,"('Ronald Watson', 'Riley McFadden')"
,,,,,"('Ronald Watson', 'Peter Bianco')"
,,,,,"('Ronald Watson', 'Jody Burdick')"
,,,,,"('Ronald Watson', 'David Wood')"
,,,,,"('Ronald Watson', 'Gregory Mattacola')"
,,,,,"('Ronald Watson', 'Sally Glouse')"
,,,,,"('Ronald Watson', 'James Kimball')"
,,,,,"('Ronald Watson', 'Bonnie Joe')"
,,,,,"('Ronald Watson', 'Margaret Leone')"
,,,,,"('Ronald Watson', 'Carl Eddy')"
,,,,,"('Ronald Watson', 'Kenneth Eisnor')"
,,,,,"('Ronald Watson', 'Thomas Phelan')"
,,,,,"('Ronald Watson', 'Mike Lally')"
,,,,,"('Ronald Watson', 'Randy Rundall')"
,,,,,"('Howard Waldas', 'James Kimball')"
,,,,,"('Howard Waldas', 'Terry Williamson')"
,,,,,"('Howard Waldas', 'Victor Cardillo')"
,,,,,"('Howard Waldas', 'Charles Hebbard')"
,,,,,"('Howard Waldas', 'Julie Waldras')"
,,,,,"('Howard Waldas', 'Jerrid Otis')"
,,,,,"('Howard Waldas', 'Tony DeBella')"
,,,,,"('Howard Waldas', 'Hubert Pritchard')"
,,,,,"('Howard Waldas', 'David Husted')"
,,,,,"('Howard Waldas', 'Gary Palirusso')"
,,,,,"('Howard Waldas', 'Kevin Burger')"
,,,,,"('Howard Waldas', 'Russell Young')"
,,,,,"('Howard Waldas', 'Greg Mattacola')"
,,,,,"('Howard Waldas', 'Carlton Cory')"
,,,,,"('Howard Waldas', 'Jack Maine')"
,,,,,"('Howard Waldas', 'Mark Crane')"
,,,,,"('Howard Waldas', 'Harris Samuels')"
,,,,,"('Howard Waldas', 'Charles Smith')"
,,,,,"('Howard Waldas', 'Mike DeBella')"
,,,,,"('Howard Waldas', 'Bernard Szarek')"
,,,,,"('Howard Waldas', 'Riley McFadden')"
,,,,,"('Howard Waldas', 'Peter Bianco')"
,,,,,"('Howard Waldas', 'Jody Burdick')"
,,,,,"('Howard Waldas', 'David Wood')"
,,,,,"('Howard Waldas', 'Gregory Mattacola')"
,,,,,"('Howard Waldas', 'Sally Glouse')"
,,,,,"('Howard Waldas', 'Bonnie Joe')"
,,,,,"('Howard Waldas', 'Margaret Leone')"
,,,,,"('Howard Waldas', 'Carl Eddy')"
,,,,,"('Howard Waldas', 'Kenneth Eisnor')"
,,,,,"('Howard Waldas', 'Thomas Phelan')"
,,,,,"('Howard Waldas', 'Mike Lally')"
,,,,,"('Howard Waldas', 'Randy Rundall')"
,,,,,"('Terry Williamson', 'Victor Cardillo')"
,,,,,"('Terry Williamson', 'Charles Hebbard')"
,,,,,"('Terry Williamson', 'Julie Waldras')"
,,,,,"('Terry Williamson', 'Jerrid Otis')"
,,,,,"('Terry Williamson', 'Tony DeBella')"
,,,,,"('Terry Williamson', 'Hubert Pritchard')"
,,,,,"('Terry Williamson', 'David Husted')"
,,,,,"('Terry Williamson', 'Gary Palirusso')"
,,,,,"('Terry Williamson', 'Kevin Burger')"
,,,,,"('Terry Williamson', 'Russell Young')"
,,,,,"('Terry Williamson', 'Greg Mattacola')"
,,,,,"('Terry Williamson', 'Carlton Cory')"
,,,,,"('Terry Williamson', 'Jack Maine')"
,,,,,"('Terry Williamson', 'Mark Crane')"
,,,,,"('Terry Williamson', 'Harris Samuels')"
,,,,,"('Terry Williamson', 'Charles Smith')"
,,,,,"('Terry Williamson', 'Mike DeBella')"
,,,,,"('Terry Williamson', 'Bernard Szarek')"
,,,,,"('Terry Williamson', 'Riley McFadden')"
,,,,,"('Terry Williamson', 'Peter Bianco')"
,,,,,"('Terry Williamson', 'Jody Burdick')"
,,,,,"('Terry Williamson', 'David Wood')"
,,,,,"('Terry Williamson', 'Gregory Mattacola')"
,,,,,"('Terry Williamson', 'Sally Glouse')"
,,,,,"('Terry Williamson', 'James Kimball')"
,,,,,"('Terry Williamson', 'Bonnie Joe')"
,,,,,"('Terry Williamson', 'Margaret Leone')"
,,,,,"('Terry Williamson', 'Carl Eddy')"
,,,,,"('Terry Williamson', 'Kenneth Eisnor')"
,,,,,"('Terry Williamson', 'Thomas Phelan')"
,,,,,"('Terry Williamson', 'Mike Lally')"
,,,,,"('Terry Williamson', 'Randy Rundall')"
,,,,,"('Victor Cardillo', 'Charles Hebbard')"
,,,,,"('Victor Cardillo', 'Julie Waldras')"
,,,,,"('Victor Cardillo', 'Jerrid Otis')"
,,,,,"('Victor Cardillo', 'Tony DeBella')"
,,,,,"('Victor Cardillo', 'Hubert Pritchard')"
,,,,,"('Victor Cardillo', 'David Husted')"
,,,,,"('Victor Cardillo', 'Gary Palirusso')"
,,,,,"('Victor Cardillo', 'Kevin Burger')"
,,,,,"('Victor Cardillo', 'Russell Young')"
,,,,,"('Victor Cardillo', 'Greg Mattacola')"
,,,,,"('Victor Cardillo', 'Carlton Cory')"
,,,,,"('Victor Cardillo', 'Jack Maine')"
,,,,,"('Victor Cardillo', 'Mark Crane')"
,,,,,"('Victor Cardillo', 'Harris Samuels')"
,,,,,"('Victor Cardillo', 'Charles Smith')"
,,,,,"('Victor Cardillo', 'Mike DeBella')"
,,,,,"('Victor Cardillo', 'Bernard Szarek')"
,,,,,"('Victor Cardillo', 'Riley McFadden')"
,,,,,"('Victor Cardillo', 'Peter Bianco')"
,,,,,"('Victor Cardillo', 'Jody Burdick')"
,,,,,"('Victor Cardillo', 'David Wood')"
,,,,,"('Victor Cardillo', 'Gregory Mattacola')"
,,,,,"('Victor Cardillo', 'Sally Glouse')"
,,,,,"('Victor Cardillo', 'James Kimball')"
,,,,,"('Victor Cardillo', 'Bonnie Joe')"
,,,,,"('Victor Cardillo', 'Margaret Leone')"
,,,,,"('Victor Cardillo', 'Carl Eddy')"
,,,,,"('Victor Cardillo', 'Kenneth Eisnor')"
,,,,,"('Victor Cardillo', 'Thomas Phelan')"
,,,,,"('Victor Cardillo', 'Mike Lally')"
,,,,,"('Victor Cardillo', 'Randy Rundall')"
,,,,,"('Charles Hebbard', 'Thomas Phelan')"
,,,,,"('Charles Hebbard', 'Julie Waldras')"
,,,,,"('Charles Hebbard', 'Jerrid Otis')"
,,,,,"('Charles Hebbard', 'Tony DeBella')"
,,,,,"('Charles Hebbard', 'Hubert Pritchard')"
,,,,,"('Charles Hebbard', 'Gary Palirusso')"
,,,,,"('Charles Hebbard', 'Kevin Burger')"
,,,,,"('Charles Hebbard', 'Russell Young')"
,,,,,"('Charles Hebbard', 'Carlton Cory')"
,,,,,"('Charles Hebbard', 'Jack Maine')"
,,,,,"('Charles Hebbard', 'Mark Crane')"
,,,,,"('Charles Hebbard', 'Harris Samuels')"
,,,,,"('Charles Hebbard', 'Charles Smith')"
,,,,,"('Charles Hebbard', 'Mike DeBella')"
,,,,,"('Charles Hebbard', 'Bernard Szarek')"
,,,,,"('Charles Hebbard', 'Riley McFadden')"
,,,,,"('Charles Hebbard', 'Peter Bianco')"
,,,,,"('Charles Hebbard', 'David Wood')"
,,,,,"('Charles Hebbard', 'Gregory Mattacola')"
,,,,,"('Charles Hebbard', 'Sally Glouse')"
,,,,,"('Charles Hebbard', 'James Kimball')"
,,,,,"('Charles Hebbard', 'Bonnie Joe')"
,,,,,"('Charles Hebbard', 'Margaret Leone')"
,,,,,"('Charles Hebbard', 'Carl Eddy')"
,,,,,"('Charles Hebbard', 'Mike Lally')"
,,,,,"('Charles Hebbard', 'Randy Rundall')"
,,,,,"('Julie Waldras', 'Jerrid Otis')"
,,,,,"('Julie Waldras', 'Tony DeBella')"
,,,,,"('Julie Waldras', 'Hubert Pritchard')"
,,,,,"('Julie Waldras', 'David Husted')"
,,,,,"('Julie Waldras', 'Gary Palirusso')"
,,,,,"('Julie Waldras', 'Kevin Burger')"
,,,,,"('Julie Waldras', 'Russell Young')"
,,,,,"('Julie Waldras', 'Greg Mattacola')"
,,,,,"('Julie Waldras', 'Carlton Cory')"
,,,,,"('Julie Waldras', 'Jack Maine')"
,,,,,"('Julie Waldras', 'Mark Crane')"
,,,,,"('Julie Waldras', 'Harris Samuels')"
,,,,,"('Julie Waldras', 'Charles Smith')"
,,,,,"('Julie Waldras', 'Mike DeBella')"
,,,,,"('Julie Waldras', 'Bernard Szarek')"
,,,,,"('Julie Waldras', 'Riley McFadden')"
,,,,,"('Julie Waldras', 'Peter Bianco')"
,,,,,"('Julie Waldras', 'Jody Burdick')"
,,,,,"('Julie Waldras', 'David Wood')"
,,,,,"('Julie Waldras', 'Gregory Mattacola')"
,,,,,"('Julie Waldras', 'Sally Glouse')"
,,,,,"('Julie Waldras', 'James Kimball')"
,,,,,"('Julie Waldras', 'Bonnie Joe')"
,,,,,"('Julie Waldras', 'Margaret Leone')"
,,,,,"('Julie Waldras', 'Carl Eddy')"
,,,,,"('Julie Waldras', 'Kenneth Eisnor')"
,,,,,"('Julie Waldras', 'Thomas Phelan')"
,,,,,"('Julie Waldras', 'Mike Lally')"
,,,,,"('Julie Waldras', 'Randy Rundall')"
,,,,,"('Jerrid Otis', 'Tony DeBella')"
,,,,,"('Jerrid Otis', 'Hubert Pritchard')"
,,,,,"('Jerrid Otis', 'David Husted')"
,,,,,"('Jerrid Otis', 'Gary Palirusso')"
,,,,,"('Jerrid Otis', 'Kevin Burger')"
,,,,,"('Jerrid Otis', 'Russell Young')"
,,,,,"('Jerrid Otis', 'Greg Mattacola')"
,,,,,"('Jerrid Otis', 'Carlton Cory')"
,,,,,"('Jerrid Otis', 'Jack Maine')"
,,,,,"('Jerrid Otis', 'Mark Crane')"
,,,,,"('Jerrid Otis', 'Harris Samuels')"
,,,,,"('Jerrid Otis', 'Charles Smith')"
,,,,,"('Jerrid Otis', 'Mike DeBella')"
,,,,,"('Jerrid Otis', 'Bernard Szarek')"
,,,,,"('Jerrid Otis', 'Riley McFadden')"
,,,,,"('Jerrid Otis', 'Peter Bianco')"
,,,,,"('Jerrid Otis', 'Jody Burdick')"
,,,,,"('Jerrid Otis', 'David Wood')"
,,,,,"('Jerrid Otis', 'Gregory Mattacola')"
,,,,,"('Jerrid Otis', 'Sally Glouse')"
,,,,,"('Jerrid Otis', 'James Kimball')"
,,,,,"('Jerrid Otis', 'Bonnie Joe')"
,,,,,"('Jerrid Otis', 'Margaret Leone')"
,,,,,"('Jerrid Otis', 'Carl Eddy')"
,,,,,"('Jerrid Otis', 'Kenneth Eisnor')"
,,,,,"('Jerrid Otis', 'Thomas Phelan')"
,,,,,"('Jerrid Otis', 'Mike Lally')"
,,,,,"('Jerrid Otis', 'Randy Rundall')"
,,,,,"('Tony DeBella', 'Hubert Pritchard')"
,,,,,"('Tony DeBella', 'David Husted')"
,,,,,"('Tony DeBella', 'Gary Palirusso')"
,,,,,"('Tony DeBella', 'Kevin Burger')"
,,,,,"('Tony DeBella', 'Russell Young')"
,,,,,"('Tony DeBella', 'Greg Mattacola')"
,,,,,"('Tony DeBella', 'Carlton Cory')"
,,,,,"('Tony DeBella', 'Jack Maine')"
,,,,,"('Tony DeBella', 'Mark Crane')"
,,,,,"('Tony DeBella', 'Harris Samuels')"
,,,,,"('Tony DeBella', 'Charles Smith')"
,,,,,"('Tony DeBella', 'Mike DeBella')"
,,,,,"('Tony DeBella', 'Bernard Szarek')"
,,,,,"('Tony DeBella', 'Riley McFadden')"
,,,,,"('Tony DeBella', 'Peter Bianco')"
,,,,,"('Tony DeBella', 'Jody Burdick')"
,,,,,"('Tony DeBella', 'David Wood')"
,,,,,"('Tony DeBella', 'Gregory Mattacola')"
,,,,,"('Tony DeBella', 'Sally Glouse')"
,,,,,"('Tony DeBella', 'James Kimball')"
,,,,,"('Tony DeBella', 'Bonnie Joe')"
,,,,,"('Tony DeBella', 'Margaret Leone')"
,,,,,"('Tony DeBella', 'Carl Eddy')"
,,,,,"('Tony DeBella', 'Kenneth Eisnor')"
,,,,,"('Tony DeBella', 'Thomas Phelan')"
,,,,,"('Tony DeBella', 'Mike Lally')"
,,,,,"('Tony DeBella', 'Randy Rundall')"
,,,,,"('Hubert Pritchard', 'James Kimball')"
,,,,,"('Hubert Pritchard', 'Gary Palirusso')"
,,,,,"('Hubert Pritchard', 'Kevin Burger')"
,,,,,"('Hubert Pritchard', 'Russell Young')"
,,,,,"('Hubert Pritchard', 'Carlton Cory')"
,,,,,"('Hubert Pritchard', 'Jack Maine')"
,,,,,"('Hubert Pritchard', 'Mark Crane')"
,,,,,"('Hubert Pritchard', 'Harris Samuels')"
,,,,,"('Hubert Pritchard', 'Charles Smith')"
,,,,,"('Hubert Pritchard', 'Mike DeBella')"
,,,,,"('Hubert Pritchard', 'Bernard Szarek')"
,,,,,"('Hubert Pritchard', 'Riley McFadden')"
,,,,,"('Hubert Pritchard', 'Peter Bianco')"
,,,,,"('Hubert Pritchard', 'David Wood')"
,,,,,"('Hubert Pritchard', 'Gregory Mattacola')"
,,,,,"('Hubert Pritchard', 'Sally Glouse')"
,,,,,"('Hubert Pritchard', 'Bonnie Joe')"
,,,,,"('Hubert Pritchard', 'Margaret Leone')"
,,,,,"('Hubert Pritchard', 'Carl Eddy')"
,,,,,"('Hubert Pritchard', 'Thomas Phelan')"
,,,,,"('Hubert Pritchard', 'Mike Lally')"
,,,,,"('Hubert Pritchard', 'Randy Rundall')"
,,,,,"('David Husted', 'Gary Palirusso')"
,,,,,"('David Husted', 'Kevin Burger')"
,,,,,"('David Husted', 'Russell Young')"
,,,,,"('David Husted', 'Carlton Cory')"
,,,,,"('David Husted', 'Jack Maine')"
,,,,,"('David Husted', 'Mark Crane')"
,,,,,"('David Husted', 'Harris Samuels')"
,,,,,"('David Husted', 'Charles Smith')"
,,,,,"('David Husted', 'Mike DeBella')"
,,,,,"('David Husted', 'Bernard Szarek')"
,,,,,"('David Husted', 'Riley McFadden')"
,,,,,"('David Husted', 'Peter Bianco')"
,,,,,"('David Husted', 'David Wood')"
,,,,,"('David Husted', 'Gregory Mattacola')"
,,,,,"('David Husted', 'Sally Glouse')"
,,,,,"('David Husted', 'James Kimball')"
,,,,,"('David Husted', 'Bonnie Joe')"
,,,,,"('David Husted', 'Margaret Leone')"
,,,,,"('David Husted', 'Carl Eddy')"
,,,,,"('David Husted', 'Thomas Phelan')"
,,,,,"('David Husted', 'Mike Lally')"
,,,,,"('David Husted', 'Randy Rundall')"
,,,,,"('Gary Palirusso', 'Kevin Burger')"
,,,,,"('Gary Palirusso', 'Russell Young')"
,,,,,"('Gary Palirusso', 'Greg Mattacola')"
,,,,,"('Gary Palirusso', 'Carlton Cory')"
,,,,,"('Gary Palirusso', 'Jack Maine')"
,,,,,"('Gary Palirusso', 'Mark Crane')"
,,,,,"('Gary Palirusso', 'Harris Samuels')"
,,,,,"('Gary Palirusso', 'Charles Smith')"
,,,,,"('Gary Palirusso', 'Mike DeBella')"
,,,,,"('Gary Palirusso', 'Bernard Szarek')"
,,,,,"('Gary Palirusso', 'Riley McFadden')"
,,,,,"('Gary Palirusso', 'Peter Bianco')"
,,,,,"('Gary Palirusso', 'Jody Burdick')"
,,,,,"('Gary Palirusso', 'David Wood')"
,,,,,"('Gary Palirusso', 'Gregory Mattacola')"
,,,,,"('Gary Palirusso', 'Sally Glouse')"
,,,,,"('Gary Palirusso', 'James Kimball')"
,,,,,"('Gary Palirusso', 'Bonnie Joe')"
,,,,,"('Gary Palirusso', 'Margaret Leone')"
,,,,,"('Gary Palirusso', 'Carl Eddy')"
,,,,,"('Gary Palirusso', 'Kenneth Eisnor')"
,,,,,"('Gary Palirusso', 'Thomas Phelan')"
,,,,,"('Gary Palirusso', 'Mike Lally')"
,,,,,"('Gary Palirusso', 'Randy Rundall')"
,,,,,"('Kevin Burger', 'Mark Crane')"
,,,,,"('Kevin Burger', 'Russell Young')"
,,,,,"('Kevin Burger', 'Greg Mattacola')"
,,,,,"('Kevin Burger', 'Carlton Cory')"
,,,,,"('Kevin Burger', 'Jack Maine')"
,,,,,"('Kevin Burger', 'Sally Glouse')"
,,,,,"('Kevin Burger', 'Harris Samuels')"
,,,,,"('Kevin Burger', 'Charles Smith')"
,,,,,"('Kevin Burger', 'Mike DeBella')"
,,,,,"('Kevin Burger', 'Bernard Szarek')"
,,,,,"('Kevin Burger', 'Riley McFadden')"
,,,,,"('Kevin Burger', 'Peter Bianco')"
,,,,,"('Kevin Burger', 'Jody Burdick')"
,,,,,"('Kevin Burger', 'David Wood')"
,,,,,"('Kevin Burger', 'Gregory Mattacola')"
,,,,,"('Kevin Burger', 'James Kimball')"
,,,,,"('Kevin Burger', 'Bonnie Joe')"
,,,,,"('Kevin Burger', 'Margaret Leone')"
,,,,,"('Kevin Burger', 'Carl Eddy')"
,,,,,"('Kevin Burger', 'Kenneth Eisnor')"
,,,,,"('Kevin Burger', 'Thomas Phelan')"
,,,,,"('Kevin Burger', 'Mike Lally')"
,,,,,"('Kevin Burger', 'Randy Rundall')"
,,,,,"('Russell Young', 'Greg Mattacola')"
,,,,,"('Russell Young', 'Carlton Cory')"
,,,,,"('Russell Young', 'Jack Maine')"
,,,,,"('Russell Young', 'Mark Crane')"
,,,,,"('Russell Young', 'Harris Samuels')"
,,,,,"('Russell Young', 'Charles Smith')"
,,,,,"('Russell Young', 'Mike DeBella')"
,,,,,"('Russell Young', 'Bernard Szarek')"
,,,,,"('Russell Young', 'Riley McFadden')"
,,,,,"('Russell Young', 'Peter Bianco')"
,,,,,"('Russell Young', 'Jody Burdick')"
,,,,,"('Russell Young', 'David Wood')"
,,,,,"('Russell Young', 'Gregory Mattacola')"
,,,,,"('Russell Young', 'Sally Glouse')"
,,,,,"('Russell Young', 'James Kimball')"
,,,,,"('Russell Young', 'Bonnie Joe')"
,,,,,"('Russell Young', 'Margaret Leone')"
,,,,,"('Russell Young', 'Carl Eddy')"
,,,,,"('Russell Young', 'Kenneth Eisnor')"
,,,,,"('Russell Young', 'Thomas Phelan')"
,,,,,"('Russell Young', 'Mike Lally')"
,,,,,"('Russell Young', 'Randy Rundall')"
,,,,,"('Greg Mattacola', 'James Kimball')"
,,,,,"('Greg Mattacola', 'Carlton Cory')"
,,,,,"('Greg Mattacola', 'Jack Maine')"
,,,,,"('Greg Mattacola', 'Mark Crane')"
,,,,,"('Greg Mattacola', 'Harris Samuels')"
,,,,,"('Greg Mattacola', 'Charles Smith')"
,,,,,"('Greg Mattacola', 'Mike DeBella')"
,,,,,"('Greg Mattacola', 'Bernard Szarek')"
,,,,,"('Greg Mattacola', 'Riley McFadden')"
,,,,,"('Greg Mattacola', 'Peter Bianco')"
,,,,,"('Greg Mattacola', 'David Wood')"
,,,,,"('Greg Mattacola', 'Gregory Mattacola')"
,,,,,"('Greg Mattacola', 'Sally Glouse')"
,,,,,"('Greg Mattacola', 'Bonnie Joe')"
,,,,,"('Greg Mattacola', 'Margaret Leone')"
,,,,,"('Greg Mattacola', 'Carl Eddy')"
,,,,,"('Greg Mattacola', 'Thomas Phelan')"
,,,,,"('Greg Mattacola', 'Mike Lally')"
,,,,,"('Greg Mattacola', 'Randy Rundall')"
,,,,,"('Carlton Cory', 'Jack Maine')"
,,,,,"('Carlton Cory', 'Mark Crane')"
,,,,,"('Carlton Cory', 'Harris Samuels')"
,,,,,"('Carlton Cory', 'Charles Smith')"
,,,,,"('Carlton Cory', 'Mike DeBella')"
,,,,,"('Carlton Cory', 'Bernard Szarek')"
,,,,,"('Carlton Cory', 'Riley McFadden')"
,,,,,"('Carlton Cory', 'Peter Bianco')"
,,,,,"('Carlton Cory', 'Jody Burdick')"
,,,,,"('Carlton Cory', 'David Wood')"
,,,,,"('Carlton Cory', 'Gregory Mattacola')"
,,,,,"('Carlton Cory', 'Sally Glouse')"
,,,,,"('Carlton Cory', 'James Kimball')"
,,,,,"('Carlton Cory', 'Bonnie Joe')"
,,,,,"('Carlton Cory', 'Margaret Leone')"
,,,,,"('Carlton Cory', 'Carl Eddy')"
,,,,,"('Carlton Cory', 'Kenneth Eisnor')"
,,,,,"('Carlton Cory', 'Thomas Phelan')"
,,,,,"('Carlton Cory', 'Mike Lally')"
,,,,,"('Carlton Cory', 'Randy Rundall')"
,,,,,"('Jack Maine', 'Bonnie Joe')"
,,,,,"('Jack Maine', 'Mark Crane')"
,,,,,"('Jack Maine', 'Harris Samuels')"
,,,,,"('Jack Maine', 'Charles Smith')"
,,,,,"('Jack Maine', 'Mike DeBella')"
,,,,,"('Jack Maine', 'Bernard Szarek')"
,,,,,"('Jack Maine', 'Riley McFadden')"
,,,,,"('Jack Maine', 'Peter Bianco')"
,,,,,"('Jack Maine', 'Jody Burdick')"
,,,,,"('Jack Maine', 'David Wood')"
,,,,,"('Jack Maine', 'Gregory Mattacola')"
,,,,,"('Jack Maine', 'Sally Glouse')"
,,,,,"('Jack Maine', 'James Kimball')"
,,,,,"('Jack Maine', 'Margaret Leone')"
,,,,,"('Jack Maine', 'Carl Eddy')"
,,,,,"('Jack Maine', 'Kenneth Eisnor')"
,,,,,"('Jack Maine', 'Thomas Phelan')"
,,,,,"('Jack Maine', 'Mike Lally')"
,,,,,"('Jack Maine', 'Randy Rundall')"
,,,,,"('Mark Crane', 'Sally Glouse')"
,,,,,"('Mark Crane', 'Harris Samuels')"
,,,,,"('Mark Crane', 'Charles Smith')"
,,,,,"('Mark Crane', 'Mike DeBella')"
,,,,,"('Mark Crane', 'Bernard Szarek')"
,,,,,"('Mark Crane', 'Riley McFadden')"
,,,,,"('Mark Crane', 'Peter Bianco')"
,,,,,"('Mark Crane', 'Jody Burdick')"
,,,,,"('Mark Crane', 'David Wood')"
,,,,,"('Mark Crane', 'Gregory Mattacola')"
,,,,,"('Mark Crane', 'James Kimball')"
,,,,,"('Mark Crane', 'Bonnie Joe')"
,,,,,"('Mark Crane', 'Margaret Leone')"
,,,,,"('Mark Crane', 'Carl Eddy')"
,,,,,"('Mark Crane', 'Kenneth Eisnor')"
,,,,,"('Mark Crane', 'Thomas Phelan')"
,,,,,"('Mark Crane', 'Mike Lally')"
,,,,,"('Mark Crane', 'Randy Rundall')"
,,,,,"('Harris Samuels', 'Charles Smith')"
,,,,,"('Harris Samuels', 'Mike DeBella')"
,,,,,"('Harris Samuels', 'Bernard Szarek')"
,,,,,"('Harris Samuels', 'Riley McFadden')"
,,,,,"('Harris Samuels', 'Peter Bianco')"
,,,,,"('Harris Samuels', 'Jody Burdick')"
,,,,,"('Harris Samuels', 'David Wood')"
,,,,,"('Harris Samuels', 'Gregory Mattacola')"
,,,,,"('Harris Samuels', 'Sally Glouse')"
,,,,,"('Harris Samuels', 'James Kimball')"
,,,,,"('Harris Samuels', 'Bonnie Joe')"
,,,,,"('Harris Samuels', 'Margaret Leone')"
,,,,,"('Harris Samuels', 'Carl Eddy')"
,,,,,"('Harris Samuels', 'Kenneth Eisnor')"
,,,,,"('Harris Samuels', 'Thomas Phelan')"
,,,,,"('Harris Samuels', 'Mike Lally')"
,,,,,"('Harris Samuels', 'Randy Rundall')"
,,,,,"('Charles Smith', 'Mike DeBella')"
,,,,,"('Charles Smith', 'Bernard Szarek')"
,,,,,"('Charles Smith', 'Riley McFadden')"
,,,,,"('Charles Smith', 'Peter Bianco')"
,,,,,"('Charles Smith', 'Jody Burdick')"
,,,,,"('Charles Smith', 'David Wood')"
,,,,,"('Charles Smith', 'Gregory Mattacola')"
,,,,,"('Charles Smith', 'Sally Glouse')"
,,,,,"('Charles Smith', 'James Kimball')"
,,,,,"('Charles Smith', 'Bonnie Joe')"
,,,,,"('Charles Smith', 'Margaret Leone')"
,,,,,"('Charles Smith', 'Carl Eddy')"
,,,,,"('Charles Smith', 'Kenneth Eisnor')"
,,,,,"('Charles Smith', 'Thomas Phelan')"
,,,,,"('Charles Smith', 'Mike Lally')"
,,,,,"('Charles Smith', 'Randy Rundall')"
,,,,,"('Mike DeBella', 'Bernard Szarek')"
,,,,,"('Mike DeBella', 'Riley McFadden')"
,,,,,"('Mike DeBella', 'Peter Bianco')"
,,,,,"('Mike DeBella', 'Jody Burdick')"
,,,,,"('Mike DeBella', 'David Wood')"
,,,,,"('Mike DeBella', 'Gregory Mattacola')"
,,,,,"('Mike DeBella', 'Sally Glouse')"
,,,,,"('Mike DeBella', 'James Kimball')"
,,,,,"('Mike DeBella', 'Bonnie Joe')"
,,,,,"('Mike DeBella', 'Margaret Leone')"
,,,,,"('Mike DeBella', 'Carl Eddy')"
,,,,,"('Mike DeBella', 'Kenneth Eisnor')"
,,,,,"('Mike DeBella', 'Thomas Phelan')"
,,,,,"('Mike DeBella', 'Mike Lally')"
,,,,,"('Mike DeBella', 'Randy Rundall')"
,,,,,"('Bernard Szarek', 'Riley McFadden')"
,,,,,"('Bernard Szarek', 'Peter Bianco')"
,,,,,"('Bernard Szarek', 'Jody Burdick')"
,,,,,"('Bernard Szarek', 'David Wood')"
,,,,,"('Bernard Szarek', 'Gregory Mattacola')"
,,,,,"('Bernard Szarek', 'Sally Glouse')"
,,,,,"('Bernard Szarek', 'James Kimball')"
,,,,,"('Bernard Szarek', 'Bonnie Joe')"
,,,,,"('Bernard Szarek', 'Margaret Leone')"
,,,,,"('Bernard Szarek', 'Carl Eddy')"
,,,,,"('Bernard Szarek', 'Kenneth Eisnor')"
,,,,,"('Bernard Szarek', 'Thomas Phelan')"
,,,,,"('Bernard Szarek', 'Mike Lally')"
,,,,,"('Bernard Szarek', 'Randy Rundall')"
,,,,,"('Riley McFadden', 'Peter Bianco')"
,,,,,"('Riley McFadden', 'Jody Burdick')"
,,,,,"('Riley McFadden', 'David Wood')"
,,,,,"('Riley McFadden', 'Gregory Mattacola')"
,,,,,"('Riley McFadden', 'Sally Glouse')"
,,,,,"('Riley McFadden', 'James Kimball')"
,,,,,"('Riley McFadden', 'Bonnie Joe')"
,,,,,"('Riley McFadden', 'Margaret Leone')"
,,,,,"('Riley McFadden', 'Carl Eddy')"
,,,,,"('Riley McFadden', 'Kenneth Eisnor')"
,,,,,"('Riley McFadden', 'Thomas Phelan')"
,,,,,"('Riley McFadden', 'Mike Lally')"
,,,,,"('Riley McFadden', 'Randy Rundall')"
,,,,,"('Peter Bianco', 'Jody Burdick')"
,,,,,"('Peter Bianco', 'David Wood')"
,,,,,"('Peter Bianco', 'Gregory Mattacola')"
,,,,,"('Peter Bianco', 'Sally Glouse')"
,,,,,"('Peter Bianco', 'James Kimball')"
,,,,,"('Peter Bianco', 'Bonnie Joe')"
,,,,,"('Peter Bianco', 'Margaret Leone')"
,,,,,"('Peter Bianco', 'Carl Eddy')"
,,,,,"('Peter Bianco', 'Kenneth Eisnor')"
,,,,,"('Peter Bianco', 'Thomas Phelan')"
,,,,,"('Peter Bianco', 'Mike Lally')"
,,,,,"('Peter Bianco', 'Randy Rundall')"
,,,,,"('Jody Burdick', 'Sally Glouse')"
,,,,,"('Jody Burdick', 'David Wood')"
,,,,,"('Jody Burdick', 'Gregory Mattacola')"
,,,,,"('Jody Burdick', 'James Kimball')"
,,,,,"('Jody Burdick', 'Bonnie Joe')"
,,,,,"('Jody Burdick', 'Margaret Leone')"
,,,,,"('Jody Burdick', 'Carl Eddy')"
,,,,,"('Jody Burdick', 'Thomas Phelan')"
,,,,,"('Jody Burdick', 'Mike Lally')"
,,,,,"('Jody Burdick', 'Randy Rundall')"
,,,,,"('David Wood', 'James Kimball')"
,,,,,"('David Wood', 'Gregory Mattacola')"
,,,,,"('David Wood', 'Sally Glouse')"
,,,,,"('David Wood', 'Bonnie Joe')"
,,,,,"('David Wood', 'Margaret Leone')"
,,,,,"('David Wood', 'Carl Eddy')"
,,,,,"('David Wood', 'Kenneth Eisnor')"
,,,,,"('David Wood', 'Thomas Phelan')"
,,,,,"('David Wood', 'Mike Lally')"
,,,,,"('David Wood', 'Randy Rundall')"
,,,,,"('Gregory Mattacola', 'Sally Glouse')"
,,,,,"('Gregory Mattacola', 'James Kimball')"
,,,,,"('Gregory Mattacola', 'Bonnie Joe')"
,,,,,"('Gregory Mattacola', 'Margaret Leone')"
,,,,,"('Gregory Mattacola', 'Carl Eddy')"
,,,,,"('Gregory Mattacola', 'Kenneth Eisnor')"
,,,,,"('Gregory Mattacola', 'Thomas Phelan')"
,,,,,"('Gregory Mattacola', 'Mike Lally')"
,,,,,"('Gregory Mattacola', 'Randy Rundall')"
,,,,,"('Sally Glouse', 'James Kimball')"
,,,,,"('Sally Glouse', 'Bonnie Joe')"
,,,,,"('Sally Glouse', 'Margaret Leone')"
,,,,,"('Sally Glouse', 'Carl Eddy')"
,,,,,"('Sally Glouse', 'Kenneth Eisnor')"
,,,,,"('Sally Glouse', 'Thomas Phelan')"
,,,,,"('Sally Glouse', 'Mike Lally')"
,,,,,"('Sally Glouse', 'Randy Rundall')"
,,,,,"('James Kimball', 'Bonnie Joe')"
,,,,,"('James Kimball', 'Margaret Leone')"
,,,,,"('James Kimball', 'Carl Eddy')"
,,,,,"('James Kimball', 'Kenneth Eisnor')"
,,,,,"('James Kimball', 'Thomas Phelan')"
,,,,,"('James Kimball', 'Mike Lally')"
,,,,,"('James Kimball', 'Randy Rundall')"
,,,,,"('Bonnie Joe', 'Margaret Leone')"
,,,,,"('Bonnie Joe', 'Carl Eddy')"
,,,,,"('Bonnie Joe', 'Kenneth Eisnor')"
,,,,,"('Bonnie Joe', 'Thomas Phelan')"
,,,,,"('Bonnie Joe', 'Mike Lally')"
,,,,,"('Bonnie Joe', 'Randy Rundall')"
,,,,,"('Margaret Leone', 'Carl Eddy')"
,,,,,"('Margaret Leone', 'Kenneth Eisnor')"
,,,,,"('Margaret Leone', 'Thomas Phelan')"
,,,,,"('Margaret Leone', 'Mike Lally')"
,,,,,"('Margaret Leone', 'Randy Rundall')"
,,,,,"('Carl Eddy', 'Kenneth Eisnor')"
,,,,,"('Carl Eddy', 'Thomas Phelan')"
,,,,,"('Carl Eddy', 'Mike Lally')"
,,,,,"('Carl Eddy', 'Randy Rundall')"
,,,,,"('Kenneth Eisnor', 'Thomas Phelan')"
,,,,,"('Kenneth Eisnor', 'Mike Lally')"
,,,,,"('Kenneth Eisnor', 'Randy Rundall')"
,,,,,"('Thomas Phelan', 'Mike Lally')"
,,,,,"('Thomas Phelan', 'Randy Rundall')"
,,,,,"('Mike Lally', 'Randy Rundall')"
