AB Actor Overlap,AB Relationship Overlap,Unique A Actors,Unique B Actors,Unique A Relationships,Unique B Relationships
Neal Simon,"('Matthew Cortese', 'Art Van Tyne')",,,,
John Williams,"('Mike Atchie', 'Norman Ungermann')",,,,
Brent Kelley,"('John Williams', 'Neal Simon')",,,,
David Robinson,"('Brent Kelley', 'Cheryl Green')",,,,
Kevin LaForge,"('John Williams', 'Fred Sinclair')",,,,
Art Van Tyne,"('Matthew Cortese', 'Kevin LaForge')",,,,
Walter Hang,"('Charles Joyce', 'Walter Hang')",,,,
Joel Kassirer,"('Matthew Cortese', 'Jack Liguori')",,,,
Cheryl Green,"('Norman Ungermann', 'Walter Hang')",,,,
Mike Atchie,"('Matthew Cortese', 'David Slottje')",,,,
Matthew Cortese,"('Cheryl Green', 'Jack Liguori')",,,,
Charles Joyce,"('Walter Hang', 'Curt Crandall')",,,,
David Slottje,"('Brent Kelley', 'Charles Joyce')",,,,
Renee Lawrence,"('Joel Kassirer', 'Norman Ungermann')",,,,
Jack Liguori,"('Cheryl Green', 'Ryan Papaserge')",,,,
Norman Ungermann,"('Matthew Cortese', 'Walter Hang')",,,,
Fred Sinclair,"('John Williams', 'Ryan Papaserge')",,,,
Marika Burke,"('Art Van Tyne', 'Cheryl Green')",,,,
Curt Crandall,"('Mike Atchie', 'David Slottje')",,,,
Ryan Papaserge,"('Marika Burke', 'Walter Hang')",,,,
,"('David Slottje', 'Walter Hang')",,,,
,"('David Robinson', 'Mike Atchie')",,,,
,"('John Williams', 'David Robinson')",,,,
,"('Neal Simon', 'Charles Joyce')",,,,
,"('Jack Liguori', 'Walter Hang')",,,,
,"('Art Van Tyne', 'Charles Joyce')",,,,
,"('Art Van Tyne', 'Walter Hang')",,,,
,"('Cheryl Green', 'Mike Atchie')",,,,
,"('Renee Lawrence', 'Walter Hang')",,,,
,"('David Robinson', 'Charles Joyce')",,,,
,"('Neal Simon', 'Curt Crandall')",,,,
,"('Brent Kelley', 'Kevin LaForge')",,,,
,"('Joel Kassirer', 'David Slottje')",,,,
,"('John Williams', 'Marika Burke')",,,,
,"('David Robinson', 'Renee Lawrence')",,,,
,"('Art Van Tyne', 'Ryan Papaserge')",,,,
,"('Brent Kelley', 'Curt Crandall')",,,,
,"('Matthew Cortese', 'Charles Joyce')",,,,
,"('Mike Atchie', 'Fred Sinclair')",,,,
,"('Art Van Tyne', 'Joel Kassirer')",,,,
,"('Kevin LaForge', 'Walter Hang')",,,,
,"('David Slottje', 'Ryan Papaserge')",,,,
,"('Marika Burke', 'Ryan Papaserge')",,,,
,"('Art Van Tyne', 'David Slottje')",,,,
,"('Brent Kelley', 'Mike Atchie')",,,,
,"('Art Van Tyne', 'Jack Liguori')",,,,
,"('Jack Liguori', 'Ryan Papaserge')",,,,
,"('John Williams', 'Charles Joyce')",,,,
,"('Matthew Cortese', 'Curt Crandall')",,,,
,"('David Slottje', 'Jack Liguori')",,,,
,"('Norman Ungermann', 'Curt Crandall')",,,,
,"('Joel Kassirer', 'Renee Lawrence')",,,,
,"('Kevin LaForge', 'Marika Burke')",,,,
,"('John Williams', 'Jack Liguori')",,,,
,"('Neal Simon', 'Renee Lawrence')",,,,
,"('Charles Joyce', 'Norman Ungermann')",,,,
,"('Cheryl Green', 'Walter Hang')",,,,
,"('Cheryl Green', 'David Slottje')",,,,
,"('John Williams', 'David Slottje')",,,,
,"('David Robinson', 'Cheryl Green')",,,,
,"('Fred Sinclair', 'Ryan Papaserge')",,,,
,"('Joel Kassirer', 'Mike Atchie')",,,,
,"('Jack Liguori', 'Marika Burke')",,,,
,"('Neal Simon', 'Cheryl Green')",,,,
,"('Charles Joyce', 'Renee Lawrence')",,,,
,"('Brent Kelley', 'Norman Ungermann')",,,,
,"('Art Van Tyne', 'Renee Lawrence')",,,,
,"('Charles Joyce', 'Ryan Papaserge')",,,,
,"('John Williams', 'Norman Ungermann')",,,,
,"('Renee Lawrence', 'Curt Crandall')",,,,
,"('David Slottje', 'Fred Sinclair')",,,,
,"('Joel Kassirer', 'Cheryl Green')",,,,
,"('Kevin LaForge', 'Fred Sinclair')",,,,
,"('Brent Kelley', 'Marika Burke')",,,,
,"('Joel Kassirer', 'Marika Burke')",,,,
,"('Matthew Cortese', 'Joel Kassirer')",,,,
,"('David Robinson', 'Ryan Papaserge')",,,,
,"('Mike Atchie', 'Curt Crandall')",,,,
,"('Charles Joyce', 'Jack Liguori')",,,,
,"('Mike Atchie', 'Charles Joyce')",,,,
,"('David Slottje', 'Renee Lawrence')",,,,
,"('Joel Kassirer', 'Jack Liguori')",,,,
,"('Neal Simon', 'Art Van Tyne')",,,,
,"('David Robinson', 'Joel Kassirer')",,,,
,"('Curt Crandall', 'Ryan Papaserge')",,,,
,"('Neal Simon', 'Brent Kelley')",,,,
,"('David Robinson', 'Kevin LaForge')",,,,
,"('Kevin LaForge', 'Mike Atchie')",,,,
,"('David Robinson', 'Jack Liguori')",,,,
,"('Cheryl Green', 'Fred Sinclair')",,,,
,"('Mike Atchie', 'Marika Burke')",,,,
,"('David Robinson', 'David Slottje')",,,,
,"('Norman Ungermann', 'Fred Sinclair')",,,,
,"('David Robinson', 'Brent Kelley')",,,,
,"('Charles Joyce', 'Fred Sinclair')",,,,
,"('Neal Simon', 'Jack Liguori')",,,,
,"('Joel Kassirer', 'Charles Joyce')",,,,
,"('Joel Kassirer', 'Ryan Papaserge')",,,,
,"('David Robinson', 'Marika Burke')",,,,
,"('Cheryl Green', 'Curt Crandall')",,,,
,"('Kevin LaForge', 'Renee Lawrence')",,,,
,"('David Slottje', 'Marika Burke')",,,,
,"('Norman Ungermann', 'Marika Burke')",,,,
,"('Brent Kelley', 'Fred Sinclair')",,,,
,"('Art Van Tyne', 'Fred Sinclair')",,,,
,"('John Williams', 'Mike Atchie')",,,,
,"('Kevin LaForge', 'Norman Ungermann')",,,,
,"('John Williams', 'Brent Kelley')",,,,
,"('Joel Kassirer', 'Walter Hang')",,,,
,"('David Slottje', 'Norman Ungermann')",,,,
,"('John Williams', 'Curt Crandall')",,,,
,"('Renee Lawrence', 'Fred Sinclair')",,,,
,"('Fred Sinclair', 'Walter Hang')",,,,
,"('Neal Simon', 'Ryan Papaserge')",,,,
,"('Kevin LaForge', 'Joel Kassirer')",,,,
,"('Renee Lawrence', 'Marika Burke')",,,,
,"('Neal Simon', 'Fred Sinclair')",,,,
,"('Joel Kassirer', 'Fred Sinclair')",,,,
,"('David Robinson', 'Fred Sinclair')",,,,
,"('Mike Atchie', 'Walter Hang')",,,,
,"('Charles Joyce', 'Curt Crandall')",,,,
,"('Kevin LaForge', 'Cheryl Green')",,,,
,"('Renee Lawrence', 'Ryan Papaserge')",,,,
,"('John Williams', 'Art Van Tyne')",,,,
,"('Cheryl Green', 'Norman Ungermann')",,,,
,"('Matthew Cortese', 'Renee Lawrence')",,,,
,"('Neal Simon', 'Mike Atchie')",,,,
,"('Matthew Cortese', 'Fred Sinclair')",,,,
,"('Walter Hang', 'Ryan Papaserge')",,,,
,"('David Robinson', 'Curt Crandall')",,,,
,"('Brent Kelley', 'Art Van Tyne')",,,,
,"('Kevin LaForge', 'Jack Liguori')",,,,
,"('Renee Lawrence', 'Jack Liguori')",,,,
,"('Jack Liguori', 'Fred Sinclair')",,,,
,"('Kevin LaForge', 'David Slottje')",,,,
,"('Neal Simon', 'David Robinson')",,,,
,"('Mike Atchie', 'Renee Lawrence')",,,,
,"('Marika Burke', 'Curt Crandall')",,,,
,"('Matthew Cortese', 'Mike Atchie')",,,,
,"('David Slottje', 'Curt Crandall')",,,,
,"('Matthew Cortese', 'John Williams')",,,,
,"('Art Van Tyne', 'Marika Burke')",,,,
,"('Jack Liguori', 'Curt Crandall')",,,,
,"('Charles Joyce', 'Marika Burke')",,,,
,"('Norman Ungermann', 'Ryan Papaserge')",,,,
,"('Matthew Cortese', 'David Robinson')",,,,
,"('Cheryl Green', 'Charles Joyce')",,,,
,"('Renee Lawrence', 'Norman Ungermann')",,,,
,"('David Robinson', 'Art Van Tyne')",,,,
,"('Fred Sinclair', 'Marika Burke')",,,,
,"('Art Van Tyne', 'Norman Ungermann')",,,,
,"('Neal Simon', 'Norman Ungermann')",,,,
,"('John Williams', 'Walter Hang')",,,,
,"('Fred Sinclair', 'Curt Crandall')",,,,
,"('David Robinson', 'Norman Ungermann')",,,,
,"('Kevin LaForge', 'Charles Joyce')",,,,
,"('Cheryl Green', 'Marika Burke')",,,,
,"('John Williams', 'Joel Kassirer')",,,,
,"('Matthew Cortese', 'Norman Ungermann')",,,,
,"('John Williams', 'Kevin LaForge')",,,,
,"('John Williams', 'Renee Lawrence')",,,,
,"('Mike Atchie', 'Jack Liguori')",,,,
,"('Matthew Cortese', 'Neal Simon')",,,,
,"('Jack Liguori', 'Norman Ungermann')",,,,
,"('Matthew Cortese', 'Brent Kelley')",,,,
,"('David Robinson', 'Walter Hang')",,,,
,"('Art Van Tyne', 'Mike Atchie')",,,,
,"('Matthew Cortese', 'Cheryl Green')",,,,
,"('Brent Kelley', 'Renee Lawrence')",,,,
,"('Matthew Cortese', 'Marika Burke')",,,,
,"('Neal Simon', 'Walter Hang')",,,,
,"('Brent Kelley', 'Joel Kassirer')",,,,
,"('Mike Atchie', 'Ryan Papaserge')",,,,
,"('Charles Joyce', 'David Slottje')",,,,
,"('Art Van Tyne', 'Curt Crandall')",,,,
,"('Brent Kelley', 'Ryan Papaserge')",,,,
,"('Neal Simon', 'David Slottje')",,,,
,"('Kevin LaForge', 'Ryan Papaserge')",,,,
,"('Art Van Tyne', 'Kevin LaForge')",,,,
,"('Neal Simon', 'Joel Kassirer')",,,,
,"('Neal Simon', 'Marika Burke')",,,,
,"('Joel Kassirer', 'Curt Crandall')",,,,
,"('Neal Simon', 'Kevin LaForge')",,,,
,"('Brent Kelley', 'Walter Hang')",,,,
,"('Brent Kelley', 'Jack Liguori')",,,,
,"('Cheryl Green', 'Renee Lawrence')",,,,
,"('Kevin LaForge', 'Curt Crandall')",,,,
,"('Brent Kelley', 'David Slottje')",,,,
,"('Matthew Cortese', 'Ryan Papaserge')",,,,
,"('John Williams', 'Cheryl Green')",,,,
