AB Actor Overlap,AB Relationship Overlap,Unique A Actors,Unique B Actors,Unique A Relationships,Unique B Relationships
Gloria Foster,"('Dodie Huber', 'Tom Johnson')",,,,
Steve Barnhoorn,"('Steve Barnhoorn', 'Harry Schwarzweller')",,,,
Tim Jensen,"('Steve Barnhoorn', 'Mary Lucern')",,,,
Kris Singer,"('Gloria Foster', 'David Palmerton')",,,,
Dodie Huber,"('Mary Lucern', 'David Slottje')",,,,
John Holko,"('Steve Barnhoorn', 'Fred Lightfoote')",,,,
David Palmerton,"('Fred Lightfoote', 'Harry Schwarzweller')",,,,
Tom Johnson,"('Tom Johnson', 'Cherie Messore')",,,,
Mary Lucern,"('Kris Singer', 'Harry Schwarzweller')",,,,
Cherie Messore,"('Steve Barnhoorn', 'David Palmerton')",,,,
John Cowley,"('Gloria Foster', 'Tom Johnson')",,,,
David Slottje,"('David Slottje', 'Cherie Messore')",,,,
Fred Lightfoote,"('Tom Johnson', 'Fred Lightfoote')",,,,
Harry Schwarzweller,"('Gloria Foster', 'John Cowley')",,,,
,"('Tim Jensen', 'Cherie Messore')",,,,
,"('David Palmerton', 'Harry Schwarzweller')",,,,
,"('Gloria Foster', 'John Holko')",,,,
,"('Tim Jensen', 'Kris Singer')",,,,
,"('John Holko', 'Harry Schwarzweller')",,,,
,"('Tim Jensen', 'David Slottje')",,,,
,"('Dodie Huber', 'David Slottje')",,,,
,"('Steve Barnhoorn', 'Dodie Huber')",,,,
,"('Cherie Messore', 'Fred Lightfoote')",,,,
,"('John Cowley', 'Fred Lightfoote')",,,,
,"('Dodie Huber', 'Cherie Messore')",,,,
,"('Kris Singer', 'David Slottje')",,,,
,"('Steve Barnhoorn', 'Tom Johnson')",,,,
,"('Dodie Huber', 'Mary Lucern')",,,,
,"('Gloria Foster', 'Tim Jensen')",,,,
,"('Steve Barnhoorn', 'John Cowley')",,,,
,"('Mary Lucern', 'Harry Schwarzweller')",,,,
,"('Kris Singer', 'Cherie Messore')",,,,
,"('Kris Singer', 'Mary Lucern')",,,,
,"('Tom Johnson', 'John Cowley')",,,,
,"('Tim Jensen', 'Tom Johnson')",,,,
,"('David Slottje', 'John Cowley')",,,,
,"('Kris Singer', 'John Holko')",,,,
,"('Gloria Foster', 'Harry Schwarzweller')",,,,
,"('Dodie Huber', 'David Palmerton')",,,,
,"('Tim Jensen', 'John Holko')",,,,
,"('Dodie Huber', 'John Holko')",,,,
,"('Mary Lucern', 'Cherie Messore')",,,,
,"('Kris Singer', 'Fred Lightfoote')",,,,
,"('Tom Johnson', 'David Slottje')",,,,
,"('John Holko', 'Mary Lucern')",,,,
,"('John Cowley', 'Cherie Messore')",,,,
,"('John Holko', 'Tom Johnson')",,,,
,"('John Holko', 'Cherie Messore')",,,,
,"('Steve Barnhoorn', 'David Slottje')",,,,
,"('Dodie Huber', 'Fred Lightfoote')",,,,
,"('Tim Jensen', 'Fred Lightfoote')",,,,
,"('David Slottje', 'Fred Lightfoote')",,,,
,"('Tom Johnson', 'Mary Lucern')",,,,
,"('David Palmerton', 'John Cowley')",,,,
,"('Gloria Foster', 'Cherie Messore')",,,,
,"('Steve Barnhoorn', 'Kris Singer')",,,,
,"('Steve Barnhoorn', 'Cherie Messore')",,,,
,"('John Holko', 'John Cowley')",,,,
,"('John Cowley', 'Harry Schwarzweller')",,,,
,"('Kris Singer', 'David Palmerton')",,,,
,"('Gloria Foster', 'David Slottje')",,,,
,"('Tim Jensen', 'Harry Schwarzweller')",,,,
,"('Kris Singer', 'John Cowley')",,,,
,"('Tim Jensen', 'Mary Lucern')",,,,
,"('Tim Jensen', 'David Palmerton')",,,,
,"('John Holko', 'David Palmerton')",,,,
,"('Gloria Foster', 'Mary Lucern')",,,,
,"('Gloria Foster', 'Steve Barnhoorn')",,,,
,"('Mary Lucern', 'Fred Lightfoote')",,,,
,"('Steve Barnhoorn', 'John Holko')",,,,
,"('Cherie Messore', 'Harry Schwarzweller')",,,,
,"('David Slottje', 'Harry Schwarzweller')",,,,
,"('Gloria Foster', 'Kris Singer')",,,,
,"('John Holko', 'Fred Lightfoote')",,,,
,"('Dodie Huber', 'John Cowley')",,,,
,"('Tim Jensen', 'John Cowley')",,,,
,"('David Palmerton', 'Fred Lightfoote')",,,,
,"('David Palmerton', 'Mary Lucern')",,,,
,"('David Palmerton', 'Cherie Messore')",,,,
,"('Steve Barnhoorn', 'Tim Jensen')",,,,
,"('Kris Singer', 'Dodie Huber')",,,,
,"('Dodie Huber', 'Harry Schwarzweller')",,,,
,"('Mary Lucern', 'John Cowley')",,,,
,"('David Palmerton', 'David Slottje')",,,,
,"('Gloria Foster', 'Dodie Huber')",,,,
,"('Kris Singer', 'Tom Johnson')",,,,
,"('Gloria Foster', 'Fred Lightfoote')",,,,
,"('Tom Johnson', 'Harry Schwarzweller')",,,,
,"('David Palmerton', 'Tom Johnson')",,,,
,"('Tim Jensen', 'Dodie Huber')",,,,
,"('John Holko', 'David Slottje')",,,,
