AB Actor Overlap,AB Relationship Overlap,Unique A Actors,Unique B Actors,Unique A Relationships,Unique B Relationships
Steven Sullivan,"('Robert Wedlake', 'Tim Whitesell')",,,,
Mark Sexton,"('Chris Denton', 'Joseph Sluzar')",,,,
Glen Winsor,"('Glen Winsor', 'Terry EnGelder')",,,,
Jeff Decker,"('Sue Lisk', 'Richard Gerard')",,,,
Gary Lash,"('Sue Lisk', 'Helen Lampman')",,,,
Dan Fitzsimmons,"('Christopher Ruston', 'Don Zaengle')",,,,
Jackie Root,"('Don Zaengle', 'Sue Lisk')",,,,
Chris Denton,"('Glen Winsor', 'Dan Fitzsimmons')",,,,
Bijoy Datta,"('Gary Lash', 'Jim Worden')",,,,
Carrie Czebiniak,"('Bijoy Datta', 'Carrie Czebiniak')",,,,
Joseph Sluzar,"('Jeremy Wheeler', 'Nicole Gwardyak')",,,,
Whitney Marvin,"('Thomas West', 'Robert Jones')",,,,
Steve Flagg,"('Christopher Ruston', 'Brian Grove')",,,,
David Guy,"('Glen Winsor', 'Carrie Czebiniak')",,,,
Thomas West,"('Steve Flagg', 'Jim Worden')",,,,
Nick Schoonover,"('Ed Griffith', 'Brian Grove')",,,,
Christopher Ruston,"('Richard Gerard', 'Edward Mosher')",,,,
Robert Wedlake,"('Steven Sullivan', 'Andy Leahy')",,,,
Jim Worden,"('Mark Sexton', 'Edward Mosher')",,,,
Robert Jones,"('Dan Fitzsimmons', 'Don Boyce')",,,,
Margaret Goodfellow,"('Dave Dibble', 'Rodney Waller')",,,,
Don Zaengle,"('Steve Szczepanski', 'Richard Wheatley')",,,,
Robert Williams,"('Ron Keibel', 'Richard Wheatley')",,,,
Sue Lisk,"('Steven Sullivan', 'Brian Grove')",,,,
Terry EnGelder,"('Gary Lash', 'Helen Lampman')",,,,
Scott Kurkoski,"('Steven Sullivan', 'Margaret Goodfellow')",,,,
Brenda Boyce,"('Nick Schoonover', 'Scott Kurkoski')",,,,
Jeremy Wheeler,"('Ron Keibel', 'Scott Kurkoski')",,,,
Tim Whitesell,"('Barbara Fiala', 'Dave Dibble')",,,,
Marchie Diffindorf,"('Carrie Czebiniak', 'Jim Worden')",,,,
Dave Dibble,"('Robert Williams', 'Don Boyce')",,,,
Nicole Gwardyak,"('Steven Sullivan', 'Dave Dibble')",,,,
Barbara Fiala,"('Don Boyce', 'Scott Kurkoski')",,,,
Richard Lasky,"('Marchie Diffindorf', 'Richard Gerard')",,,,
Richard Gerard,"('Nick Schoonover', 'Ron Brink')",,,,
Charles Lampman,"('Mark Sexton', 'Carrie Czebiniak')",,,,
Loretta Sullivan,"('Mark Sexton', 'Jeremy Wheeler')",,,,
Don Boyce,"('Thomas West', 'Richard Wheatley')",,,,
Mark Sorochinsky,"('Glen Winsor', 'Brian Grove')",,,,
Vaughn Vennerberg,"('Mark Sexton', 'Ron Brink')",,,,
Ron Keibel,"('Bijoy Datta', 'Whitney Marvin')",,,,
Steve Szczepanski,"('Jim Worden', 'Ed Griffith')",,,,
Andy Leahy,"('Dan Fitzsimmons', 'Nick Schoonover')",,,,
Dewey Decker,"('Robert Williams', 'Dave Dibble')",,,,
Richard Wheatley,"('Dan Fitzsimmons', 'Sue Lisk')",,,,
Helen Lampman,"('Don Boyce', 'Richard Wheatley')",,,,
Edward Mosher,"('Dewey Decker', 'Helen Lampman')",,,,
Ed Griffith,"('Gary Lash', 'Robert Jones')",,,,
Ron Brink,"('Whitney Marvin', 'Brenda Boyce')",,,,
Brian Grove,"('Robert Wedlake', 'Richard Gerard')",,,,
Michelle Duffy,"('Barbara Fiala', 'Ed Griffith')",,,,
Rodney Waller,"('Steven Sullivan', 'Jim Worden')",,,,
,"('Carrie Czebiniak', 'Margaret Goodfellow')",,,,
,"('Thomas West', 'Jim Worden')",,,,
,"('Mark Sexton', 'Steve Szczepanski')",,,,
,"('Jeff Decker', 'Rodney Waller')",,,,
,"('Don Zaengle', 'Edward Mosher')",,,,
,"('Whitney Marvin', 'Edward Mosher')",,,,
,"('Joseph Sluzar', 'Steve Szczepanski')",,,,
,"('Terry EnGelder', 'Charles Lampman')",,,,
,"('Thomas West', 'Ron Brink')",,,,
,"('Ron Keibel', 'Mark Sorochinsky')",,,,
,"('Don Boyce', 'Steve Szczepanski')",,,,
,"('Ron Keibel', 'Brian Grove')",,,,
,"('Nicole Gwardyak', 'Loretta Sullivan')",,,,
,"('Don Zaengle', 'Charles Lampman')",,,,
,"('Thomas West', 'Don Zaengle')",,,,
,"('Steve Flagg', 'Christopher Ruston')",,,,
,"('Richard Gerard', 'Ron Brink')",,,,
,"('Steven Sullivan', 'Mark Sexton')",,,,
,"('Chris Denton', 'David Guy')",,,,
,"('Steve Flagg', 'Tim Whitesell')",,,,
,"('Gary Lash', 'Christopher Ruston')",,,,
,"('Steve Flagg', 'David Guy')",,,,
,"('Mark Sexton', 'Ed Griffith')",,,,
,"('Chris Denton', 'Sue Lisk')",,,,
,"('David Guy', 'Andy Leahy')",,,,
,"('Andy Leahy', 'Ed Griffith')",,,,
,"('Carrie Czebiniak', 'Jeremy Wheeler')",,,,
,"('Jim Worden', 'Charles Lampman')",,,,
,"('Steve Szczepanski', 'Scott Kurkoski')",,,,
,"('Whitney Marvin', 'Thomas West')",,,,
,"('Joseph Sluzar', 'Robert Wedlake')",,,,
,"('Joseph Sluzar', 'Terry EnGelder')",,,,
,"('Whitney Marvin', 'Helen Lampman')",,,,
,"('Bijoy Datta', 'Richard Lasky')",,,,
,"('Mark Sexton', 'Rodney Waller')",,,,
,"('David Guy', 'Ron Keibel')",,,,
,"('Jeremy Wheeler', 'Charles Lampman')",,,,
,"('Robert Wedlake', 'Scott Kurkoski')",,,,
,"('Brenda Boyce', 'Michelle Duffy')",,,,
,"('David Guy', 'Richard Lasky')",,,,
,"('David Guy', 'Tim Whitesell')",,,,
,"('Gary Lash', 'Don Boyce')",,,,
,"('Dan Fitzsimmons', 'Carrie Czebiniak')",,,,
,"('Carrie Czebiniak', 'Don Zaengle')",,,,
,"('Whitney Marvin', 'Nick Schoonover')",,,,
,"('Dave Dibble', 'Steve Szczepanski')",,,,
,"('Whitney Marvin', 'Vaughn Vennerberg')",,,,
,"('Glen Winsor', 'Don Boyce')",,,,
,"('Steven Sullivan', 'Jeremy Wheeler')",,,,
,"('Joseph Sluzar', 'Don Zaengle')",,,,
,"('Dan Fitzsimmons', 'Dave Dibble')",,,,
,"('Gary Lash', 'Robert Williams')",,,,
,"('Charles Lampman', 'Michelle Duffy')",,,,
,"('Jackie Root', 'Thomas West')",,,,
,"('Christopher Ruston', 'Rodney Waller')",,,,
,"('Bijoy Datta', 'Don Boyce')",,,,
,"('Glen Winsor', 'Bijoy Datta')",,,,
,"('Joseph Sluzar', 'Jim Worden')",,,,
,"('Chris Denton', 'Robert Wedlake')",,,,
,"('Don Zaengle', 'Vaughn Vennerberg')",,,,
,"('Mark Sexton', 'Jim Worden')",,,,
,"('Jackie Root', 'Christopher Ruston')",,,,
,"('Robert Williams', 'Richard Gerard')",,,,
,"('Barbara Fiala', 'Don Boyce')",,,,
,"('Dave Dibble', 'Ron Brink')",,,,
,"('Jim Worden', 'Ron Brink')",,,,
,"('Dan Fitzsimmons', 'Scott Kurkoski')",,,,
,"('Helen Lampman', 'Ed Griffith')",,,,
,"('Andy Leahy', 'Richard Wheatley')",,,,
,"('Bijoy Datta', 'Dewey Decker')",,,,
,"('Jackie Root', 'Don Zaengle')",,,,
,"('Dan Fitzsimmons', 'Richard Wheatley')",,,,
,"('Gary Lash', 'Brian Grove')",,,,
,"('Christopher Ruston', 'Charles Lampman')",,,,
,"('Jeff Decker', 'Sue Lisk')",,,,
,"('Chris Denton', 'Robert Williams')",,,,
,"('Thomas West', 'Charles Lampman')",,,,
,"('Christopher Ruston', 'Tim Whitesell')",,,,
,"('Whitney Marvin', 'David Guy')",,,,
,"('Whitney Marvin', 'Dave Dibble')",,,,
,"('Jeff Decker', 'Tim Whitesell')",,,,
,"('Richard Gerard', 'Scott Kurkoski')",,,,
,"('Bijoy Datta', 'Rodney Waller')",,,,
,"('Carrie Czebiniak', 'Brenda Boyce')",,,,
,"('Steven Sullivan', 'Ron Keibel')",,,,
,"('Christopher Ruston', 'Margaret Goodfellow')",,,,
,"('Dan Fitzsimmons', 'Edward Mosher')",,,,
,"('Joseph Sluzar', 'Ed Griffith')",,,,
,"('David Guy', 'Richard Gerard')",,,,
,"('Steve Flagg', 'Nicole Gwardyak')",,,,
,"('Carrie Czebiniak', 'Joseph Sluzar')",,,,
,"('David Guy', 'Dave Dibble')",,,,
,"('Steve Flagg', 'Edward Mosher')",,,,
,"('Joseph Sluzar', 'Robert Jones')",,,,
,"('Robert Williams', 'Edward Mosher')",,,,
,"('Christopher Ruston', 'Terry EnGelder')",,,,
,"('David Guy', 'Nicole Gwardyak')",,,,
,"('Joseph Sluzar', 'Charles Lampman')",,,,
,"('Robert Williams', 'Michelle Duffy')",,,,
,"('Dan Fitzsimmons', 'Joseph Sluzar')",,,,
,"('Terry EnGelder', 'Dewey Decker')",,,,
,"('Robert Wedlake', 'Jeremy Wheeler')",,,,
,"('Christopher Ruston', 'Sue Lisk')",,,,
,"('Robert Jones', 'Brenda Boyce')",,,,
,"('Chris Denton', 'Richard Wheatley')",,,,
,"('Don Zaengle', 'Marchie Diffindorf')",,,,
,"('Steve Flagg', 'Terry EnGelder')",,,,
,"('Mark Sexton', 'Glen Winsor')",,,,
,"('Steven Sullivan', 'Don Zaengle')",,,,
,"('Robert Wedlake', 'Margaret Goodfellow')",,,,
,"('Loretta Sullivan', 'Richard Wheatley')",,,,
,"('Jeff Decker', 'Nick Schoonover')",,,,
,"('Dan Fitzsimmons', 'Christopher Ruston')",,,,
,"('Joseph Sluzar', 'Marchie Diffindorf')",,,,
,"('Don Boyce', 'Ed Griffith')",,,,
,"('Carrie Czebiniak', 'Thomas West')",,,,
,"('Ron Keibel', 'Ron Brink')",,,,
,"('Mark Sorochinsky', 'Helen Lampman')",,,,
,"('Chris Denton', 'Mark Sorochinsky')",,,,
,"('Whitney Marvin', 'Richard Gerard')",,,,
,"('Dan Fitzsimmons', 'Andy Leahy')",,,,
,"('Don Zaengle', 'Dave Dibble')",,,,
,"('Jeff Decker', 'Dan Fitzsimmons')",,,,
,"('Marchie Diffindorf', 'Ed Griffith')",,,,
,"('Jackie Root', 'Edward Mosher')",,,,
,"('Robert Wedlake', 'Dewey Decker')",,,,
,"('Glen Winsor', 'Andy Leahy')",,,,
,"('Marchie Diffindorf', 'Ron Brink')",,,,
,"('Dan Fitzsimmons', 'Vaughn Vennerberg')",,,,
,"('Mark Sexton', 'Marchie Diffindorf')",,,,
,"('Jackie Root', 'Jim Worden')",,,,
,"('Dave Dibble', 'Charles Lampman')",,,,
,"('Don Zaengle', 'Andy Leahy')",,,,
,"('Chris Denton', 'Rodney Waller')",,,,
,"('Jackie Root', 'Margaret Goodfellow')",,,,
,"('Vaughn Vennerberg', 'Rodney Waller')",,,,
,"('Tim Whitesell', 'Brian Grove')",,,,
,"('Steven Sullivan', 'Whitney Marvin')",,,,
,"('Mark Sexton', 'Michelle Duffy')",,,,
,"('Brenda Boyce', 'Brian Grove')",,,,
,"('Tim Whitesell', 'Andy Leahy')",,,,
,"('Glen Winsor', 'Nick Schoonover')",,,,
,"('Joseph Sluzar', 'Scott Kurkoski')",,,,
,"('Robert Wedlake', 'Nicole Gwardyak')",,,,
,"('Jackie Root', 'Nicole Gwardyak')",,,,
,"('Chris Denton', 'Brenda Boyce')",,,,
,"('Helen Lampman', 'Brian Grove')",,,,
,"('Nicole Gwardyak', 'Andy Leahy')",,,,
,"('Dave Dibble', 'Nicole Gwardyak')",,,,
,"('Margaret Goodfellow', 'Marchie Diffindorf')",,,,
,"('Dan Fitzsimmons', 'Chris Denton')",,,,
,"('Chris Denton', 'Edward Mosher')",,,,
,"('Thomas West', 'Marchie Diffindorf')",,,,
,"('Glen Winsor', 'Christopher Ruston')",,,,
,"('Christopher Ruston', 'Ron Keibel')",,,,
,"('Carrie Czebiniak', 'Christopher Ruston')",,,,
,"('Jim Worden', 'Tim Whitesell')",,,,
,"('Jim Worden', 'Dave Dibble')",,,,
,"('Jim Worden', 'David Guy')",,,,
,"('Glen Winsor', 'Edward Mosher')",,,,
,"('Richard Lasky', 'Helen Lampman')",,,,
,"('Gary Lash', 'Ed Griffith')",,,,
,"('Dan Fitzsimmons', 'Rodney Waller')",,,,
,"('Jackie Root', 'Ed Griffith')",,,,
,"('Carrie Czebiniak', 'Dewey Decker')",,,,
,"('Mark Sexton', 'Richard Lasky')",,,,
,"('Christopher Ruston', 'Scott Kurkoski')",,,,
,"('Dan Fitzsimmons', 'David Guy')",,,,
,"('Mark Sorochinsky', 'Edward Mosher')",,,,
,"('Christopher Ruston', 'Nicole Gwardyak')",,,,
,"('Mark Sexton', 'Steve Flagg')",,,,
,"('Joseph Sluzar', 'Ron Brink')",,,,
,"('Thomas West', 'Steve Szczepanski')",,,,
,"('Carrie Czebiniak', 'Brian Grove')",,,,
,"('Robert Williams', 'David Guy')",,,,
,"('Carrie Czebiniak', 'Mark Sorochinsky')",,,,
,"('Jeff Decker', 'Gary Lash')",,,,
,"('Bijoy Datta', 'Loretta Sullivan')",,,,
,"('Charles Lampman', 'Dewey Decker')",,,,
,"('Carrie Czebiniak', 'Whitney Marvin')",,,,
,"('Brenda Boyce', 'Richard Lasky')",,,,
,"('Charles Lampman', 'Loretta Sullivan')",,,,
,"('Gary Lash', 'Nicole Gwardyak')",,,,
,"('Mark Sexton', 'Andy Leahy')",,,,
,"('Steve Flagg', 'Michelle Duffy')",,,,
,"('Jeff Decker', 'Joseph Sluzar')",,,,
,"('Barbara Fiala', 'Steve Szczepanski')",,,,
,"('Carrie Czebiniak', 'Marchie Diffindorf')",,,,
,"('David Guy', 'Jeremy Wheeler')",,,,
,"('Nick Schoonover', 'Helen Lampman')",,,,
,"('Margaret Goodfellow', 'Richard Lasky')",,,,
,"('Gary Lash', 'Robert Wedlake')",,,,
,"('Whitney Marvin', 'Mark Sorochinsky')",,,,
,"('Terry EnGelder', 'Andy Leahy')",,,,
,"('Sue Lisk', 'Richard Lasky')",,,,
,"('Mark Sexton', 'Dave Dibble')",,,,
,"('Richard Lasky', 'Ron Brink')",,,,
,"('Steven Sullivan', 'Loretta Sullivan')",,,,
,"('Nicole Gwardyak', 'Ron Brink')",,,,
,"('Thomas West', 'Ed Griffith')",,,,
,"('Bijoy Datta', 'Michelle Duffy')",,,,
,"('Loretta Sullivan', 'Steve Szczepanski')",,,,
,"('Jeff Decker', 'Michelle Duffy')",,,,
,"('Jeff Decker', 'Whitney Marvin')",,,,
,"('Steven Sullivan', 'Rodney Waller')",,,,
,"('Nicole Gwardyak', 'Ed Griffith')",,,,
,"('Jeff Decker', 'Nicole Gwardyak')",,,,
,"('Dave Dibble', 'Andy Leahy')",,,,
,"('Brenda Boyce', 'Steve Szczepanski')",,,,
,"('Glen Winsor', 'Jim Worden')",,,,
,"('Glen Winsor', 'Vaughn Vennerberg')",,,,
,"('Christopher Ruston', 'Andy Leahy')",,,,
,"('Chris Denton', 'Steve Szczepanski')",,,,
,"('Carrie Czebiniak', 'Ron Brink')",,,,
,"('Steven Sullivan', 'Chris Denton')",,,,
,"('Jeff Decker', 'Marchie Diffindorf')",,,,
,"('Gary Lash', 'Dan Fitzsimmons')",,,,
,"('Andy Leahy', 'Helen Lampman')",,,,
,"('Jackie Root', 'Charles Lampman')",,,,
,"('Jeff Decker', 'Robert Williams')",,,,
,"('Thomas West', 'Scott Kurkoski')",,,,
,"('Barbara Fiala', 'Loretta Sullivan')",,,,
,"('Ron Brink', 'Michelle Duffy')",,,,
,"('Jackie Root', 'Tim Whitesell')",,,,
,"('Glen Winsor', 'Richard Lasky')",,,,
,"('Nicole Gwardyak', 'Ron Keibel')",,,,
,"('Whitney Marvin', 'Ed Griffith')",,,,
,"('Dan Fitzsimmons', 'Robert Wedlake')",,,,
,"('Bijoy Datta', 'Jeremy Wheeler')",,,,
,"('Dan Fitzsimmons', 'Terry EnGelder')",,,,
,"('Gary Lash', 'Jeremy Wheeler')",,,,
,"('Robert Jones', 'Richard Wheatley')",,,,
,"('Chris Denton', 'Loretta Sullivan')",,,,
,"('Ron Keibel', 'Vaughn Vennerberg')",,,,
,"('Mark Sexton', 'Margaret Goodfellow')",,,,
,"('Robert Wedlake', 'Vaughn Vennerberg')",,,,
,"('Dan Fitzsimmons', 'Barbara Fiala')",,,,
,"('Chris Denton', 'Ron Brink')",,,,
,"('Jackie Root', 'Terry EnGelder')",,,,
,"('Chris Denton', 'Robert Jones')",,,,
,"('Bijoy Datta', 'Terry EnGelder')",,,,
,"('Robert Jones', 'Mark Sorochinsky')",,,,
,"('David Guy', 'Marchie Diffindorf')",,,,
,"('Terry EnGelder', 'Brian Grove')",,,,
,"('Dave Dibble', 'Don Boyce')",,,,
,"('Dave Dibble', 'Michelle Duffy')",,,,
,"('Nicole Gwardyak', 'Dewey Decker')",,,,
,"('Marchie Diffindorf', 'Mark Sorochinsky')",,,,
,"('Glen Winsor', 'Mark Sorochinsky')",,,,
,"('Margaret Goodfellow', 'Rodney Waller')",,,,
,"('Jeff Decker', 'Carrie Czebiniak')",,,,
,"('Mark Sexton', 'Ron Keibel')",,,,
,"('Bijoy Datta', 'Tim Whitesell')",,,,
,"('Jackie Root', 'Jeremy Wheeler')",,,,
,"('Glen Winsor', 'Tim Whitesell')",,,,
,"('Dan Fitzsimmons', 'Brian Grove')",,,,
,"('Dan Fitzsimmons', 'Robert Williams')",,,,
,"('Steven Sullivan', 'Steve Szczepanski')",,,,
,"('Glen Winsor', 'Charles Lampman')",,,,
,"('Dan Fitzsimmons', 'Don Zaengle')",,,,
,"('Nick Schoonover', 'Terry EnGelder')",,,,
,"('Carrie Czebiniak', 'Nicole Gwardyak')",,,,
,"('Dan Fitzsimmons', 'Mark Sorochinsky')",,,,
,"('Steven Sullivan', 'Glen Winsor')",,,,
,"('Dan Fitzsimmons', 'Ron Brink')",,,,
,"('Richard Wheatley', 'Ed Griffith')",,,,
,"('Margaret Goodfellow', 'Steve Szczepanski')",,,,
,"('Carrie Czebiniak', 'Richard Wheatley')",,,,
,"('Charles Lampman', 'Ed Griffith')",,,,
,"('Nick Schoonover', 'Robert Williams')",,,,
,"('Marchie Diffindorf', 'Michelle Duffy')",,,,
,"('Steven Sullivan', 'Joseph Sluzar')",,,,
,"('Jackie Root', 'Bijoy Datta')",,,,
,"('Jeremy Wheeler', 'Dave Dibble')",,,,
,"('Jim Worden', 'Mark Sorochinsky')",,,,
,"('Whitney Marvin', 'Richard Wheatley')",,,,
,"('Mark Sorochinsky', 'Rodney Waller')",,,,
,"('Thomas West', 'Andy Leahy')",,,,
,"('Mark Sexton', 'Chris Denton')",,,,
,"('Carrie Czebiniak', 'Rodney Waller')",,,,
,"('Terry EnGelder', 'Helen Lampman')",,,,
,"('Whitney Marvin', 'Scott Kurkoski')",,,,
,"('Bijoy Datta', 'Brenda Boyce')",,,,
,"('Nick Schoonover', 'Nicole Gwardyak')",,,,
,"('Barbara Fiala', 'Jim Worden')",,,,
,"('Jackie Root', 'Robert Williams')",,,,
,"('Jeremy Wheeler', 'Don Boyce')",,,,
,"('Nick Schoonover', 'Michelle Duffy')",,,,
,"('Glen Winsor', 'Sue Lisk')",,,,
,"('Ron Keibel', 'Loretta Sullivan')",,,,
,"('Christopher Ruston', 'Don Boyce')",,,,
,"('Sue Lisk', 'Jeremy Wheeler')",,,,
,"('Steve Flagg', 'Nick Schoonover')",,,,
,"('Steven Sullivan', 'Robert Wedlake')",,,,
,"('Steve Flagg', 'Dave Dibble')",,,,
,"('Steven Sullivan', 'Richard Wheatley')",,,,
,"('Gary Lash', 'Nick Schoonover')",,,,
,"('Jeff Decker', 'Helen Lampman')",,,,
,"('Robert Williams', 'Ron Keibel')",,,,
,"('Steven Sullivan', 'Brenda Boyce')",,,,
,"('Brenda Boyce', 'Charles Lampman')",,,,
,"('Tim Whitesell', 'Nicole Gwardyak')",,,,
,"('Gary Lash', 'Steve Flagg')",,,,
,"('Whitney Marvin', 'Ron Brink')",,,,
,"('Chris Denton', 'Christopher Ruston')",,,,
,"('Marchie Diffindorf', 'Don Boyce')",,,,
,"('Gary Lash', 'David Guy')",,,,
,"('Glen Winsor', 'Steve Flagg')",,,,
,"('Chris Denton', 'Dewey Decker')",,,,
,"('Barbara Fiala', 'Robert Wedlake')",,,,
,"('Barbara Fiala', 'Vaughn Vennerberg')",,,,
,"('Chris Denton', 'Helen Lampman')",,,,
,"('Bijoy Datta', 'Steve Flagg')",,,,
,"('Gary Lash', 'Jackie Root')",,,,
,"('Robert Williams', 'Ed Griffith')",,,,
,"('Mark Sexton', 'Richard Wheatley')",,,,
,"('Mark Sexton', 'Nicole Gwardyak')",,,,
,"('Robert Wedlake', 'Don Boyce')",,,,
,"('Gary Lash', 'Bijoy Datta')",,,,
,"('Bijoy Datta', 'Andy Leahy')",,,,
,"('Robert Jones', 'Terry EnGelder')",,,,
,"('Jeff Decker', 'Edward Mosher')",,,,
,"('Jackie Root', 'Brenda Boyce')",,,,
,"('Joseph Sluzar', 'Barbara Fiala')",,,,
,"('Gary Lash', 'Barbara Fiala')",,,,
,"('Nick Schoonover', 'Jeremy Wheeler')",,,,
,"('Robert Wedlake', 'Dave Dibble')",,,,
,"('Barbara Fiala', 'Margaret Goodfellow')",,,,
,"('Steven Sullivan', 'Carrie Czebiniak')",,,,
,"('Gary Lash', 'Tim Whitesell')",,,,
,"('Bijoy Datta', 'Barbara Fiala')",,,,
,"('Steve Flagg', 'Thomas West')",,,,
,"('Mark Sexton', 'Joseph Sluzar')",,,,
,"('Steven Sullivan', 'Dan Fitzsimmons')",,,,
,"('Robert Jones', 'Ed Griffith')",,,,
,"('Robert Jones', 'Ron Keibel')",,,,
,"('Jeff Decker', 'Andy Leahy')",,,,
,"('Thomas West', 'Christopher Ruston')",,,,
,"('Nicole Gwardyak', 'Scott Kurkoski')",,,,
,"('Jeff Decker', 'Bijoy Datta')",,,,
,"('Joseph Sluzar', 'Thomas West')",,,,
,"('Jim Worden', 'Sue Lisk')",,,,
,"('Chris Denton', 'Jim Worden')",,,,
,"('Terry EnGelder', 'Rodney Waller')",,,,
,"('Joseph Sluzar', 'Andy Leahy')",,,,
,"('Jeremy Wheeler', 'Brian Grove')",,,,
,"('Margaret Goodfellow', 'Jeremy Wheeler')",,,,
,"('Richard Gerard', 'Andy Leahy')",,,,
,"('Terry EnGelder', 'Michelle Duffy')",,,,
,"('Mark Sexton', 'Richard Gerard')",,,,
,"('Nick Schoonover', 'Marchie Diffindorf')",,,,
,"('Steven Sullivan', 'Robert Jones')",,,,
,"('Bijoy Datta', 'Nick Schoonover')",,,,
,"('Gary Lash', 'Joseph Sluzar')",,,,
,"('Ron Brink', 'Brian Grove')",,,,
,"('Carrie Czebiniak', 'Edward Mosher')",,,,
,"('Barbara Fiala', 'Richard Lasky')",,,,
,"('Robert Jones', 'Jeremy Wheeler')",,,,
,"('Charles Lampman', 'Brian Grove')",,,,
,"('Gary Lash', 'Mark Sorochinsky')",,,,
,"('Whitney Marvin', 'Margaret Goodfellow')",,,,
,"('Glen Winsor', 'Joseph Sluzar')",,,,
,"('Terry EnGelder', 'Ron Keibel')",,,,
,"('Jackie Root', 'Richard Lasky')",,,,
,"('Thomas West', 'Sue Lisk')",,,,
,"('Gary Lash', 'Richard Gerard')",,,,
,"('Sue Lisk', 'Michelle Duffy')",,,,
,"('Mark Sexton', 'Sue Lisk')",,,,
,"('Richard Wheatley', 'Michelle Duffy')",,,,
,"('Christopher Ruston', 'David Guy')",,,,
,"('Thomas West', 'Vaughn Vennerberg')",,,,
,"('Barbara Fiala', 'Ron Brink')",,,,
,"('Bijoy Datta', 'David Guy')",,,,
,"('Joseph Sluzar', 'Loretta Sullivan')",,,,
,"('Robert Williams', 'Scott Kurkoski')",,,,
,"('Barbara Fiala', 'Christopher Ruston')",,,,
,"('Glen Winsor', 'Gary Lash')",,,,
,"('Steven Sullivan', 'Richard Lasky')",,,,
,"('Margaret Goodfellow', 'Michelle Duffy')",,,,
,"('Steve Szczepanski', 'Rodney Waller')",,,,
,"('Jim Worden', 'Jeremy Wheeler')",,,,
,"('Nicole Gwardyak', 'Richard Gerard')",,,,
,"('Don Zaengle', 'Ron Brink')",,,,
,"('Charles Lampman', 'Richard Wheatley')",,,,
,"('Glen Winsor', 'Robert Jones')",,,,
,"('Gary Lash', 'Michelle Duffy')",,,,
,"('Nick Schoonover', 'Ed Griffith')",,,,
,"('Glen Winsor', 'Ed Griffith')",,,,
,"('Jeff Decker', 'Brian Grove')",,,,
,"('Richard Lasky', 'Loretta Sullivan')",,,,
,"('Nick Schoonover', 'Robert Jones')",,,,
,"('David Guy', 'Ron Brink')",,,,
,"('Gary Lash', 'Marchie Diffindorf')",,,,
,"('Bijoy Datta', 'Ron Keibel')",,,,
,"('Robert Jones', 'Robert Williams')",,,,
,"('Robert Williams', 'Loretta Sullivan')",,,,
,"('David Guy', 'Loretta Sullivan')",,,,
,"('Whitney Marvin', 'Charles Lampman')",,,,
,"('Don Zaengle', 'Scott Kurkoski')",,,,
,"('Nicole Gwardyak', 'Helen Lampman')",,,,
,"('Margaret Goodfellow', 'Andy Leahy')",,,,
,"('Bijoy Datta', 'Edward Mosher')",,,,
,"('Robert Jones', 'Brian Grove')",,,,
,"('Thomas West', 'Brian Grove')",,,,
,"('Sue Lisk', 'Andy Leahy')",,,,
,"('Robert Jones', 'Nicole Gwardyak')",,,,
,"('Thomas West', 'Mark Sorochinsky')",,,,
,"('Jackie Root', 'Joseph Sluzar')",,,,
,"('Steven Sullivan', 'Michelle Duffy')",,,,
,"('Glen Winsor', 'Jeremy Wheeler')",,,,
,"('Nick Schoonover', 'Robert Wedlake')",,,,
,"('Steve Flagg', 'Charles Lampman')",,,,
,"('Jeremy Wheeler', 'Vaughn Vennerberg')",,,,
,"('Margaret Goodfellow', 'Dave Dibble')",,,,
,"('Jackie Root', 'Nick Schoonover')",,,,
,"('Gary Lash', 'Carrie Czebiniak')",,,,
,"('David Guy', 'Steve Szczepanski')",,,,
,"('Nicole Gwardyak', 'Steve Szczepanski')",,,,
,"('Dan Fitzsimmons', 'Bijoy Datta')",,,,
,"('Terry EnGelder', 'Edward Mosher')",,,,
,"('Barbara Fiala', 'Don Zaengle')",,,,
,"('Jackie Root', 'Scott Kurkoski')",,,,
,"('Robert Jones', 'Dave Dibble')",,,,
,"('Ron Keibel', 'Richard Gerard')",,,,
,"('Gary Lash', 'Vaughn Vennerberg')",,,,
,"('Nick Schoonover', 'Richard Lasky')",,,,
,"('Dan Fitzsimmons', 'Richard Gerard')",,,,
,"('Steven Sullivan', 'Jackie Root')",,,,
,"('Steve Flagg', 'Barbara Fiala')",,,,
,"('Edward Mosher', 'Brian Grove')",,,,
,"('Carrie Czebiniak', 'Barbara Fiala')",,,,
,"('Robert Wedlake', 'Rodney Waller')",,,,
,"('Jeremy Wheeler', 'Rodney Waller')",,,,
,"('Nick Schoonover', 'Richard Gerard')",,,,
,"('Don Boyce', 'Vaughn Vennerberg')",,,,
,"('Gary Lash', 'Ron Brink')",,,,
,"('Dan Fitzsimmons', 'Michelle Duffy')",,,,
,"('Steven Sullivan', 'David Guy')",,,,
,"('Jackie Root', 'Ron Brink')",,,,
,"('Carrie Czebiniak', 'Dave Dibble')",,,,
,"('Jeremy Wheeler', 'Ron Brink')",,,,
,"('Carrie Czebiniak', 'Nick Schoonover')",,,,
,"('Joseph Sluzar', 'Nick Schoonover')",,,,
,"('Richard Wheatley', 'Scott Kurkoski')",,,,
,"('Mark Sexton', 'Robert Williams')",,,,
,"('Chris Denton', 'Scott Kurkoski')",,,,
,"('Tim Whitesell', 'Richard Lasky')",,,,
,"('Marchie Diffindorf', 'Loretta Sullivan')",,,,
,"('Bijoy Datta', 'Charles Lampman')",,,,
,"('Joseph Sluzar', 'Robert Williams')",,,,
,"('Don Zaengle', 'Ed Griffith')",,,,
,"('Chris Denton', 'Steve Flagg')",,,,
,"('Thomas West', 'Dave Dibble')",,,,
,"('Dave Dibble', 'Ron Keibel')",,,,
,"('Chris Denton', 'Thomas West')",,,,
,"('Christopher Ruston', 'Brenda Boyce')",,,,
,"('Steve Flagg', 'Rodney Waller')",,,,
,"('Jim Worden', 'Dewey Decker')",,,,
,"('Richard Wheatley', 'Helen Lampman')",,,,
,"('Sue Lisk', 'Terry EnGelder')",,,,
,"('Christopher Ruston', 'Ron Brink')",,,,
,"('Joseph Sluzar', 'Vaughn Vennerberg')",,,,
,"('Thomas West', 'Margaret Goodfellow')",,,,
,"('Marchie Diffindorf', 'Andy Leahy')",,,,
,"('Thomas West', 'Don Boyce')",,,,
,"('Joseph Sluzar', 'Michelle Duffy')",,,,
,"('Jeremy Wheeler', 'Richard Wheatley')",,,,
,"('Jeff Decker', 'Dave Dibble')",,,,
,"('Margaret Goodfellow', 'Brian Grove')",,,,
,"('Dan Fitzsimmons', 'Ron Keibel')",,,,
,"('Sue Lisk', 'Charles Lampman')",,,,
,"('Steve Flagg', 'Richard Lasky')",,,,
,"('Glen Winsor', 'Loretta Sullivan')",,,,
,"('Don Zaengle', 'Robert Williams')",,,,
,"('Sue Lisk', 'Tim Whitesell')",,,,
,"('Chris Denton', 'Don Zaengle')",,,,
,"('Jim Worden', 'Marchie Diffindorf')",,,,
,"('Terry EnGelder', 'Vaughn Vennerberg')",,,,
,"('Jeremy Wheeler', 'Steve Szczepanski')",,,,
,"('Steve Flagg', 'Dewey Decker')",,,,
,"('Jim Worden', 'Don Boyce')",,,,
,"('Glen Winsor', 'Michelle Duffy')",,,,
,"('Steven Sullivan', 'Don Boyce')",,,,
,"('Richard Wheatley', 'Edward Mosher')",,,,
,"('Chris Denton', 'Tim Whitesell')",,,,
,"('Brenda Boyce', 'Andy Leahy')",,,,
,"('Mark Sexton', 'Barbara Fiala')",,,,
,"('Jeff Decker', 'Ed Griffith')",,,,
,"('Richard Lasky', 'Richard Gerard')",,,,
,"('Don Boyce', 'Michelle Duffy')",,,,
,"('Steve Szczepanski', 'Michelle Duffy')",,,,
,"('Christopher Ruston', 'Jeremy Wheeler')",,,,
,"('Richard Gerard', 'Brian Grove')",,,,
,"('Jeff Decker', 'Ron Brink')",,,,
,"('Mark Sexton', 'Bijoy Datta')",,,,
,"('Mark Sorochinsky', 'Michelle Duffy')",,,,
,"('Gary Lash', 'Steve Szczepanski')",,,,
,"('Glen Winsor', 'Robert Williams')",,,,
,"('Robert Jones', 'Charles Lampman')",,,,
,"('Barbara Fiala', 'Michelle Duffy')",,,,
,"('Chris Denton', 'Terry EnGelder')",,,,
,"('Jeff Decker', 'Brenda Boyce')",,,,
,"('Bijoy Datta', 'Robert Williams')",,,,
,"('Steve Flagg', 'Steve Szczepanski')",,,,
,"('Gary Lash', 'Andy Leahy')",,,,
,"('Joseph Sluzar', 'Edward Mosher')",,,,
,"('Sue Lisk', 'Loretta Sullivan')",,,,
,"('Gary Lash', 'Dewey Decker')",,,,
,"('Mark Sexton', 'David Guy')",,,,
,"('Steve Flagg', 'Brenda Boyce')",,,,
,"('Jeff Decker', 'Christopher Ruston')",,,,
,"('Dave Dibble', 'Richard Wheatley')",,,,
,"('Marchie Diffindorf', 'Brian Grove')",,,,
,"('Barbara Fiala', 'Nicole Gwardyak')",,,,
,"('Mark Sexton', 'Christopher Ruston')",,,,
,"('Margaret Goodfellow', 'Charles Lampman')",,,,
,"('Barbara Fiala', 'Robert Williams')",,,,
,"('Thomas West', 'Robert Wedlake')",,,,
,"('Jackie Root', 'Dewey Decker')",,,,
,"('Vaughn Vennerberg', 'Scott Kurkoski')",,,,
,"('Christopher Ruston', 'Robert Wedlake')",,,,
,"('Scott Kurkoski', 'Edward Mosher')",,,,
,"('Carrie Czebiniak', 'Don Boyce')",,,,
,"('Steven Sullivan', 'Vaughn Vennerberg')",,,,
,"('Jackie Root', 'Mark Sorochinsky')",,,,
,"('Chris Denton', 'Nicole Gwardyak')",,,,
,"('Dave Dibble', 'Edward Mosher')",,,,
,"('Robert Wedlake', 'Marchie Diffindorf')",,,,
,"('Jim Worden', 'Andy Leahy')",,,,
,"('Chris Denton', 'Richard Gerard')",,,,
,"('Steve Flagg', 'Robert Wedlake')",,,,
,"('Margaret Goodfellow', 'David Guy')",,,,
,"('Robert Jones', 'Edward Mosher')",,,,
,"('Edward Mosher', 'Rodney Waller')",,,,
,"('Vaughn Vennerberg', 'Helen Lampman')",,,,
,"('Jim Worden', 'Steve Szczepanski')",,,,
,"('Steve Flagg', 'Marchie Diffindorf')",,,,
,"('Whitney Marvin', 'Robert Wedlake')",,,,
,"('Glen Winsor', 'Dave Dibble')",,,,
,"('David Guy', 'Richard Wheatley')",,,,
,"('Robert Wedlake', 'Don Zaengle')",,,,
,"('Glen Winsor', 'Brenda Boyce')",,,,
,"('Terry EnGelder', 'Brenda Boyce')",,,,
,"('Brenda Boyce', 'Ed Griffith')",,,,
,"('Jeff Decker', 'David Guy')",,,,
,"('Jeff Decker', 'Mark Sorochinsky')",,,,
,"('Christopher Ruston', 'Ed Griffith')",,,,
,"('Marchie Diffindorf', 'Scott Kurkoski')",,,,
,"('Richard Lasky', 'Edward Mosher')",,,,
,"('Don Zaengle', 'Richard Gerard')",,,,
,"('Mark Sexton', 'Vaughn Vennerberg')",,,,
,"('Sue Lisk', 'Brian Grove')",,,,
,"('Dan Fitzsimmons', 'Steve Flagg')",,,,
,"('Glen Winsor', 'Dewey Decker')",,,,
,"('Jim Worden', 'Loretta Sullivan')",,,,
,"('Joseph Sluzar', 'Brenda Boyce')",,,,
,"('Steven Sullivan', 'Gary Lash')",,,,
,"('Brenda Boyce', 'Ron Keibel')",,,,
,"('Dan Fitzsimmons', 'Nicole Gwardyak')",,,,
,"('Robert Wedlake', 'Brenda Boyce')",,,,
,"('Gary Lash', 'Don Zaengle')",,,,
,"('Jackie Root', 'Dave Dibble')",,,,
,"('Steve Szczepanski', 'Dewey Decker')",,,,
,"('Glen Winsor', 'David Guy')",,,,
,"('Joseph Sluzar', 'Whitney Marvin')",,,,
,"('Steve Flagg', 'Brian Grove')",,,,
,"('Barbara Fiala', 'Terry EnGelder')",,,,
,"('Joseph Sluzar', 'Ron Keibel')",,,,
,"('Charles Lampman', 'Don Boyce')",,,,
,"('Steven Sullivan', 'Edward Mosher')",,,,
,"('Margaret Goodfellow', 'Vaughn Vennerberg')",,,,
,"('Barbara Fiala', 'Dewey Decker')",,,,
,"('Brenda Boyce', 'Jeremy Wheeler')",,,,
,"('Robert Williams', 'Sue Lisk')",,,,
,"('Barbara Fiala', 'Sue Lisk')",,,,
,"('Dewey Decker', 'Brian Grove')",,,,
,"('Glen Winsor', 'Marchie Diffindorf')",,,,
,"('Steven Sullivan', 'Nicole Gwardyak')",,,,
,"('Don Zaengle', 'Helen Lampman')",,,,
,"('Robert Williams', 'Terry EnGelder')",,,,
,"('Ron Keibel', 'Don Boyce')",,,,
,"('Glen Winsor', 'Helen Lampman')",,,,
,"('Ron Keibel', 'Michelle Duffy')",,,,
,"('Chris Denton', 'Jeremy Wheeler')",,,,
,"('Steven Sullivan', 'Steve Flagg')",,,,
,"('Bijoy Datta', 'Marchie Diffindorf')",,,,
,"('Jackie Root', 'Steve Szczepanski')",,,,
,"('Richard Lasky', 'Vaughn Vennerberg')",,,,
,"('Richard Gerard', 'Rodney Waller')",,,,
,"('Mark Sexton', 'Brian Grove')",,,,
,"('Jeff Decker', 'Charles Lampman')",,,,
,"('Gary Lash', 'Edward Mosher')",,,,
,"('Marchie Diffindorf', 'Dewey Decker')",,,,
,"('David Guy', 'Ed Griffith')",,,,
,"('Nick Schoonover', 'Richard Wheatley')",,,,
,"('Nick Schoonover', 'Dave Dibble')",,,,
,"('Dave Dibble', 'Brian Grove')",,,,
,"('Joseph Sluzar', 'Dewey Decker')",,,,
,"('Jeff Decker', 'Ron Keibel')",,,,
,"('Whitney Marvin', 'Nicole Gwardyak')",,,,
,"('Andy Leahy', 'Michelle Duffy')",,,,
,"('Nick Schoonover', 'Steve Szczepanski')",,,,
,"('Whitney Marvin', 'Barbara Fiala')",,,,
,"('Jim Worden', 'Scott Kurkoski')",,,,
,"('Carrie Czebiniak', 'Vaughn Vennerberg')",,,,
,"('Steven Sullivan', 'Charles Lampman')",,,,
,"('Nick Schoonover', 'Don Boyce')",,,,
,"('Nick Schoonover', 'Edward Mosher')",,,,
,"('Tim Whitesell', 'Ron Keibel')",,,,
,"('Loretta Sullivan', 'Mark Sorochinsky')",,,,
,"('Jim Worden', 'Richard Gerard')",,,,
,"('Don Boyce', 'Rodney Waller')",,,,
,"('Barbara Fiala', 'Nick Schoonover')",,,,
,"('Jeff Decker', 'Vaughn Vennerberg')",,,,
,"('Brenda Boyce', 'Mark Sorochinsky')",,,,
,"('Margaret Goodfellow', 'Edward Mosher')",,,,
,"('Mark Sexton', 'Loretta Sullivan')",,,,
,"('Christopher Ruston', 'Richard Gerard')",,,,
,"('Marchie Diffindorf', 'Steve Szczepanski')",,,,
,"('Steve Flagg', 'Mark Sorochinsky')",,,,
,"('Thomas West', 'Richard Gerard')",,,,
,"('Marchie Diffindorf', 'Rodney Waller')",,,,
,"('Jackie Root', 'Brian Grove')",,,,
,"('Tim Whitesell', 'Steve Szczepanski')",,,,
,"('Bijoy Datta', 'Don Zaengle')",,,,
,"('Joseph Sluzar', 'Jeremy Wheeler')",,,,
,"('Glen Winsor', 'Don Zaengle')",,,,
,"('Tim Whitesell', 'Don Boyce')",,,,
,"('Glen Winsor', 'Barbara Fiala')",,,,
,"('Don Zaengle', 'Dewey Decker')",,,,
,"('Charles Lampman', 'Mark Sorochinsky')",,,,
,"('Steve Flagg', 'Vaughn Vennerberg')",,,,
,"('Marchie Diffindorf', 'Richard Wheatley')",,,,
,"('Chris Denton', 'Ed Griffith')",,,,
,"('Christopher Ruston', 'Steve Szczepanski')",,,,
,"('Barbara Fiala', 'Robert Jones')",,,,
,"('Richard Gerard', 'Michelle Duffy')",,,,
,"('Don Boyce', 'Ron Brink')",,,,
,"('Robert Wedlake', 'Michelle Duffy')",,,,
,"('Jackie Root', 'Chris Denton')",,,,
,"('Thomas West', 'Richard Lasky')",,,,
,"('Sue Lisk', 'Rodney Waller')",,,,
,"('Brenda Boyce', 'Scott Kurkoski')",,,,
,"('Charles Lampman', 'Vaughn Vennerberg')",,,,
,"('Tim Whitesell', 'Richard Gerard')",,,,
,"('Whitney Marvin', 'Steve Szczepanski')",,,,
,"('Steve Flagg', 'Joseph Sluzar')",,,,
,"('Carrie Czebiniak', 'Charles Lampman')",,,,
,"('Nick Schoonover', 'Vaughn Vennerberg')",,,,
,"('Dan Fitzsimmons', 'Marchie Diffindorf')",,,,
,"('Ron Keibel', 'Dewey Decker')",,,,
,"('Thomas West', 'Nicole Gwardyak')",,,,
,"('Andy Leahy', 'Ron Brink')",,,,
,"('Jeremy Wheeler', 'Marchie Diffindorf')",,,,
,"('Barbara Fiala', 'Thomas West')",,,,
,"('Robert Wedlake', 'Robert Williams')",,,,
,"('Helen Lampman', 'Michelle Duffy')",,,,
,"('Dave Dibble', 'Loretta Sullivan')",,,,
,"('Whitney Marvin', 'Tim Whitesell')",,,,
,"('Gary Lash', 'Dave Dibble')",,,,
,"('Gary Lash', 'Rodney Waller')",,,,
,"('Brenda Boyce', 'Vaughn Vennerberg')",,,,
,"('Jeff Decker', 'Chris Denton')",,,,
,"('Steven Sullivan', 'Terry EnGelder')",,,,
,"('Thomas West', 'Helen Lampman')",,,,
,"('Richard Wheatley', 'Ron Brink')",,,,
,"('Loretta Sullivan', 'Vaughn Vennerberg')",,,,
,"('Whitney Marvin', 'Sue Lisk')",,,,
,"('Bijoy Datta', 'Ron Brink')",,,,
,"('Andy Leahy', 'Dewey Decker')",,,,
,"('Nicole Gwardyak', 'Edward Mosher')",,,,
,"('Glen Winsor', 'Steve Szczepanski')",,,,
,"('Jeff Decker', 'Richard Wheatley')",,,,
,"('Jeff Decker', 'Steve Flagg')",,,,
,"('Don Zaengle', 'Loretta Sullivan')",,,,
,"('Jeremy Wheeler', 'Dewey Decker')",,,,
,"('Whitney Marvin', 'Terry EnGelder')",,,,
,"('Jeff Decker', 'Scott Kurkoski')",,,,
,"('Steve Flagg', 'Ron Brink')",,,,
,"('Robert Williams', 'Mark Sorochinsky')",,,,
,"('Steven Sullivan', 'Tim Whitesell')",,,,
,"('Richard Gerard', 'Richard Wheatley')",,,,
,"('Dewey Decker', 'Rodney Waller')",,,,
,"('Dewey Decker', 'Ron Brink')",,,,
,"('Jim Worden', 'Margaret Goodfellow')",,,,
,"('Chris Denton', 'Andy Leahy')",,,,
,"('Robert Jones', 'Marchie Diffindorf')",,,,
,"('Mark Sexton', 'Robert Wedlake')",,,,
,"('Charles Lampman', 'Edward Mosher')",,,,
,"('Ron Brink', 'Rodney Waller')",,,,
,"('Steve Flagg', 'Richard Wheatley')",,,,
,"('Dewey Decker', 'Richard Wheatley')",,,,
,"('Dan Fitzsimmons', 'Margaret Goodfellow')",,,,
,"('Glen Winsor', 'Jackie Root')",,,,
,"('Gary Lash', 'Richard Wheatley')",,,,
,"('Gary Lash', 'Sue Lisk')",,,,
,"('Jeff Decker', 'Dewey Decker')",,,,
,"('Mark Sexton', 'Jackie Root')",,,,
,"('Robert Jones', 'Michelle Duffy')",,,,
,"('Nicole Gwardyak', 'Rodney Waller')",,,,
,"('Terry EnGelder', 'Dave Dibble')",,,,
,"('Ron Keibel', 'Rodney Waller')",,,,
,"('Jackie Root', 'David Guy')",,,,
,"('Jim Worden', 'Ron Keibel')",,,,
,"('David Guy', 'Brenda Boyce')",,,,
,"('Steve Flagg', 'Don Boyce')",,,,
,"('Dave Dibble', 'Richard Lasky')",,,,
,"('Jim Worden', 'Richard Lasky')",,,,
,"('Jim Worden', 'Brian Grove')",,,,
,"('Loretta Sullivan', 'Edward Mosher')",,,,
,"('Terry EnGelder', 'David Guy')",,,,
,"('Robert Wedlake', 'Edward Mosher')",,,,
,"('Steven Sullivan', 'Robert Williams')",,,,
,"('David Guy', 'Mark Sorochinsky')",,,,
,"('Sue Lisk', 'David Guy')",,,,
,"('Whitney Marvin', 'Christopher Ruston')",,,,
,"('Marchie Diffindorf', 'Charles Lampman')",,,,
,"('Steven Sullivan', 'Bijoy Datta')",,,,
,"('Steve Flagg', 'Jeremy Wheeler')",,,,
,"('Tim Whitesell', 'Michelle Duffy')",,,,
,"('Margaret Goodfellow', 'Richard Wheatley')",,,,
,"('Glen Winsor', 'Chris Denton')",,,,
,"('Richard Lasky', 'Andy Leahy')",,,,
,"('Jackie Root', 'Sue Lisk')",,,,
,"('Brenda Boyce', 'Richard Gerard')",,,,
,"('Jackie Root', 'Richard Wheatley')",,,,
,"('Jackie Root', 'Steve Flagg')",,,,
,"('Jackie Root', 'Whitney Marvin')",,,,
,"('Robert Wedlake', 'Richard Wheatley')",,,,
,"('Terry EnGelder', 'Ron Brink')",,,,
,"('Nick Schoonover', 'Andy Leahy')",,,,
,"('Gary Lash', 'Ron Keibel')",,,,
,"('Richard Lasky', 'Scott Kurkoski')",,,,
,"('Gary Lash', 'Chris Denton')",,,,
,"('Don Zaengle', 'Tim Whitesell')",,,,
,"('Steve Flagg', 'Ron Keibel')",,,,
,"('Steve Szczepanski', 'Helen Lampman')",,,,
,"('Steven Sullivan', 'Christopher Ruston')",,,,
,"('Robert Wedlake', 'Helen Lampman')",,,,
,"('Jeremy Wheeler', 'Helen Lampman')",,,,
,"('Vaughn Vennerberg', 'Ron Brink')",,,,
,"('Brenda Boyce', 'Helen Lampman')",,,,
,"('Gary Lash', 'Scott Kurkoski')",,,,
,"('Ed Griffith', 'Ron Brink')",,,,
,"('Bijoy Datta', 'Joseph Sluzar')",,,,
,"('Bijoy Datta', 'Steve Szczepanski')",,,,
,"('Scott Kurkoski', 'Helen Lampman')",,,,
,"('Christopher Ruston', 'Helen Lampman')",,,,
,"('Nick Schoonover', 'Brian Grove')",,,,
,"('Vaughn Vennerberg', 'Dewey Decker')",,,,
,"('Carrie Czebiniak', 'Robert Wedlake')",,,,
,"('Robert Jones', 'Richard Lasky')",,,,
,"('Robert Wedlake', 'Robert Jones')",,,,
,"('Bijoy Datta', 'Robert Wedlake')",,,,
,"('Robert Williams', 'Charles Lampman')",,,,
,"('Christopher Ruston', 'Jim Worden')",,,,
,"('Jeff Decker', 'Margaret Goodfellow')",,,,
,"('Carrie Czebiniak', 'David Guy')",,,,
,"('Ron Keibel', 'Richard Lasky')",,,,
,"('Nick Schoonover', 'Brenda Boyce')",,,,
,"('Steve Flagg', 'Helen Lampman')",,,,
,"('Christopher Ruston', 'Loretta Sullivan')",,,,
,"('Robert Williams', 'Andy Leahy')",,,,
,"('Jackie Root', 'Carrie Czebiniak')",,,,
,"('Vaughn Vennerberg', 'Andy Leahy')",,,,
,"('Mark Sexton', 'Don Zaengle')",,,,
,"('Robert Jones', 'Steve Szczepanski')",,,,
,"('Robert Williams', 'Steve Szczepanski')",,,,
,"('Marchie Diffindorf', 'Vaughn Vennerberg')",,,,
,"('Sue Lisk', 'Dewey Decker')",,,,
,"('Thomas West', 'Ron Keibel')",,,,
,"('Don Zaengle', 'Brenda Boyce')",,,,
,"('Christopher Ruston', 'Edward Mosher')",,,,
,"('Whitney Marvin', 'Don Boyce')",,,,
,"('Jim Worden', 'Rodney Waller')",,,,
,"('Carrie Czebiniak', 'Robert Jones')",,,,
,"('Marchie Diffindorf', 'Richard Lasky')",,,,
,"('Jim Worden', 'Brenda Boyce')",,,,
,"('Whitney Marvin', 'Loretta Sullivan')",,,,
,"('Carrie Czebiniak', 'Ed Griffith')",,,,
,"('Chris Denton', 'Barbara Fiala')",,,,
,"('Dewey Decker', 'Scott Kurkoski')",,,,
,"('Tim Whitesell', 'Rodney Waller')",,,,
,"('Bijoy Datta', 'Brian Grove')",,,,
,"('Jeremy Wheeler', 'Andy Leahy')",,,,
,"('Barbara Fiala', 'Rodney Waller')",,,,
,"('Jeff Decker', 'Jim Worden')",,,,
,"('Glen Winsor', 'Robert Wedlake')",,,,
,"('Chris Denton', 'Bijoy Datta')",,,,
,"('Glen Winsor', 'Nicole Gwardyak')",,,,
,"('Robert Williams', 'Brenda Boyce')",,,,
,"('Mark Sorochinsky', 'Vaughn Vennerberg')",,,,
,"('Vaughn Vennerberg', 'Brian Grove')",,,,
,"('David Guy', 'Helen Lampman')",,,,
,"('Bijoy Datta', 'Thomas West')",,,,
,"('Don Zaengle', 'Mark Sorochinsky')",,,,
,"('Robert Williams', 'Ron Brink')",,,,
,"('Tim Whitesell', 'Marchie Diffindorf')",,,,
,"('Steven Sullivan', 'Helen Lampman')",,,,
,"('Margaret Goodfellow', 'Mark Sorochinsky')",,,,
,"('Sue Lisk', 'Scott Kurkoski')",,,,
,"('Steve Flagg', 'Margaret Goodfellow')",,,,
,"('Mark Sexton', 'Dan Fitzsimmons')",,,,
,"('Carrie Czebiniak', 'Richard Lasky')",,,,
,"('Nick Schoonover', 'Dewey Decker')",,,,
,"('Loretta Sullivan', 'Dewey Decker')",,,,
,"('Loretta Sullivan', 'Brian Grove')",,,,
,"('Richard Lasky', 'Charles Lampman')",,,,
,"('Bijoy Datta', 'Vaughn Vennerberg')",,,,
,"('Richard Gerard', 'Ed Griffith')",,,,
,"('Bijoy Datta', 'Margaret Goodfellow')",,,,
,"('Bijoy Datta', 'Nicole Gwardyak')",,,,
,"('Dan Fitzsimmons', 'Jeremy Wheeler')",,,,
,"('Andy Leahy', 'Rodney Waller')",,,,
,"('Nicole Gwardyak', 'Brian Grove')",,,,
,"('Tim Whitesell', 'Vaughn Vennerberg')",,,,
,"('Scott Kurkoski', 'Rodney Waller')",,,,
,"('Helen Lampman', 'Rodney Waller')",,,,
,"('Jeff Decker', 'Robert Wedlake')",,,,
,"('Dave Dibble', 'Scott Kurkoski')",,,,
,"('Mark Sexton', 'Robert Jones')",,,,
,"('Don Zaengle', 'Terry EnGelder')",,,,
,"('Joseph Sluzar', 'Richard Lasky')",,,,
,"('Dan Fitzsimmons', 'Jim Worden')",,,,
,"('David Guy', 'Edward Mosher')",,,,
,"('Helen Lampman', 'Edward Mosher')",,,,
,"('Nicole Gwardyak', 'Michelle Duffy')",,,,
,"('Robert Wedlake', 'Charles Lampman')",,,,
,"('Margaret Goodfellow', 'Scott Kurkoski')",,,,
,"('Margaret Goodfellow', 'Robert Williams')",,,,
,"('Dan Fitzsimmons', 'Robert Jones')",,,,
,"('Brenda Boyce', 'Ron Brink')",,,,
,"('Chris Denton', 'Michelle Duffy')",,,,
,"('Brenda Boyce', 'Dave Dibble')",,,,
,"('Christopher Ruston', 'Robert Williams')",,,,
,"('Sue Lisk', 'Richard Wheatley')",,,,
,"('Brenda Boyce', 'Loretta Sullivan')",,,,
,"('Bijoy Datta', 'Scott Kurkoski')",,,,
,"('Robert Jones', 'Dewey Decker')",,,,
,"('Barbara Fiala', 'Richard Gerard')",,,,
,"('Margaret Goodfellow', 'Ron Brink')",,,,
,"('Bijoy Datta', 'Dave Dibble')",,,,
,"('Michelle Duffy', 'Rodney Waller')",,,,
,"('Edward Mosher', 'Ed Griffith')",,,,
,"('Robert Jones', 'Andy Leahy')",,,,
,"('Sue Lisk', 'Ron Brink')",,,,
,"('Margaret Goodfellow', 'Loretta Sullivan')",,,,
,"('Carrie Czebiniak', 'Sue Lisk')",,,,
,"('Mark Sexton', 'Mark Sorochinsky')",,,,
,"('Sue Lisk', 'Nicole Gwardyak')",,,,
,"('Robert Williams', 'Vaughn Vennerberg')",,,,
,"('Dave Dibble', 'Dewey Decker')",,,,
,"('Nicole Gwardyak', 'Richard Lasky')",,,,
,"('Steve Flagg', 'Robert Williams')",,,,
,"('Dan Fitzsimmons', 'Brenda Boyce')",,,,
,"('Terry EnGelder', 'Ed Griffith')",,,,
,"('Dan Fitzsimmons', 'Ed Griffith')",,,,
,"('Margaret Goodfellow', 'Ron Keibel')",,,,
,"('Carrie Czebiniak', 'Terry EnGelder')",,,,
,"('Chris Denton', 'Marchie Diffindorf')",,,,
,"('Scott Kurkoski', 'Ed Griffith')",,,,
,"('Brenda Boyce', 'Nicole Gwardyak')",,,,
,"('Robert Jones', 'Helen Lampman')",,,,
,"('Jackie Root', 'Loretta Sullivan')",,,,
,"('Carrie Czebiniak', 'Loretta Sullivan')",,,,
,"('Thomas West', 'Terry EnGelder')",,,,
,"('Steve Flagg', 'Scott Kurkoski')",,,,
,"('Whitney Marvin', 'Andy Leahy')",,,,
,"('Chris Denton', 'Ron Keibel')",,,,
,"('Jim Worden', 'Nicole Gwardyak')",,,,
,"('Jackie Root', 'Michelle Duffy')",,,,
,"('Dan Fitzsimmons', 'Loretta Sullivan')",,,,
,"('Richard Lasky', 'Michelle Duffy')",,,,
,"('Glen Winsor', 'Ron Brink')",,,,
,"('Jeremy Wheeler', 'Mark Sorochinsky')",,,,
,"('Robert Wedlake', 'Brian Grove')",,,,
,"('Steve Flagg', 'Ed Griffith')",,,,
,"('Nick Schoonover', 'David Guy')",,,,
,"('Sue Lisk', 'Ron Keibel')",,,,
,"('Whitney Marvin', 'Robert Jones')",,,,
,"('Robert Williams', 'Brian Grove')",,,,
,"('Joseph Sluzar', 'Margaret Goodfellow')",,,,
,"('Jeff Decker', 'Terry EnGelder')",,,,
,"('Bijoy Datta', 'Ed Griffith')",,,,
,"('Richard Lasky', 'Brian Grove')",,,,
,"('Don Zaengle', 'Rodney Waller')",,,,
,"('Bijoy Datta', 'Christopher Ruston')",,,,
,"('Don Zaengle', 'Nicole Gwardyak')",,,,
,"('Charles Lampman', 'Ron Brink')",,,,
,"('Dave Dibble', 'Richard Gerard')",,,,
,"('Steven Sullivan', 'Ron Brink')",,,,
,"('Chris Denton', 'Richard Lasky')",,,,
,"('Jeremy Wheeler', 'Scott Kurkoski')",,,,
,"('Carrie Czebiniak', 'Michelle Duffy')",,,,
,"('Chris Denton', 'Don Boyce')",,,,
,"('Andy Leahy', 'Scott Kurkoski')",,,,
,"('Glen Winsor', 'Ron Keibel')",,,,
,"('Tim Whitesell', 'Ron Brink')",,,,
,"('Thomas West', 'Jeremy Wheeler')",,,,
,"('Steve Flagg', 'Whitney Marvin')",,,,
,"('Nick Schoonover', 'Rodney Waller')",,,,
,"('Glen Winsor', 'Rodney Waller')",,,,
,"('Don Boyce', 'Brian Grove')",,,,
,"('Brenda Boyce', 'Rodney Waller')",,,,
,"('Richard Gerard', 'Dewey Decker')",,,,
,"('Dewey Decker', 'Michelle Duffy')",,,,
,"('Brenda Boyce', 'Tim Whitesell')",,,,
,"('Robert Williams', 'Marchie Diffindorf')",,,,
,"('Steve Flagg', 'Robert Jones')",,,,
,"('Richard Gerard', 'Helen Lampman')",,,,
,"('Barbara Fiala', 'Richard Wheatley')",,,,
,"('Tim Whitesell', 'Helen Lampman')",,,,
,"('Robert Wedlake', 'Mark Sorochinsky')",,,,
,"('Carrie Czebiniak', 'Robert Williams')",,,,
,"('Whitney Marvin', 'Michelle Duffy')",,,,
,"('Richard Gerard', 'Mark Sorochinsky')",,,,
,"('Robert Jones', 'Sue Lisk')",,,,
,"('Richard Lasky', 'Ed Griffith')",,,,
,"('Steve Flagg', 'Sue Lisk')",,,,
,"('Brian Grove', 'Michelle Duffy')",,,,
,"('Thomas West', 'Brenda Boyce')",,,,
,"('Terry EnGelder', 'Steve Szczepanski')",,,,
,"('David Guy', 'Scott Kurkoski')",,,,
,"('Terry EnGelder', 'Richard Wheatley')",,,,
,"('Robert Jones', 'Rodney Waller')",,,,
,"('Bijoy Datta', 'Jim Worden')",,,,
,"('Robert Williams', 'Helen Lampman')",,,,
,"('Steve Flagg', 'Carrie Czebiniak')",,,,
,"('Brenda Boyce', 'Richard Wheatley')",,,,
,"('Margaret Goodfellow', 'Nicole Gwardyak')",,,,
,"('Vaughn Vennerberg', 'Steve Szczepanski')",,,,
,"('Marchie Diffindorf', 'Nicole Gwardyak')",,,,
,"('Andy Leahy', 'Brian Grove')",,,,
,"('Jackie Root', 'Don Boyce')",,,,
,"('Edward Mosher', 'Michelle Duffy')",,,,
,"('Mark Sexton', 'Dewey Decker')",,,,
,"('Robert Wedlake', 'Ron Keibel')",,,,
,"('Jeff Decker', 'Don Boyce')",,,,
,"('Robert Wedlake', 'Sue Lisk')",,,,
,"('Robert Jones', 'Ron Brink')",,,,
,"('Terry EnGelder', 'Loretta Sullivan')",,,,
,"('Joseph Sluzar', 'Dave Dibble')",,,,
,"('Dave Dibble', 'Ed Griffith')",,,,
,"('Barbara Fiala', 'Brian Grove')",,,,
,"('Nicole Gwardyak', 'Charles Lampman')",,,,
,"('Robert Wedlake', 'Terry EnGelder')",,,,
,"('Dan Fitzsimmons', 'Tim Whitesell')",,,,
,"('Vaughn Vennerberg', 'Richard Wheatley')",,,,
,"('Nicole Gwardyak', 'Richard Wheatley')",,,,
,"('Dan Fitzsimmons', 'Whitney Marvin')",,,,
,"('Marchie Diffindorf', 'Ron Keibel')",,,,
,"('Jeff Decker', 'Jackie Root')",,,,
,"('Jeremy Wheeler', 'Richard Gerard')",,,,
,"('Robert Wedlake', 'Ed Griffith')",,,,
,"('Jeremy Wheeler', 'Ed Griffith')",,,,
,"('Jackie Root', 'Marchie Diffindorf')",,,,
,"('Margaret Goodfellow', 'Dewey Decker')",,,,
,"('Loretta Sullivan', 'Michelle Duffy')",,,,
,"('Sue Lisk', 'Vaughn Vennerberg')",,,,
,"('Don Zaengle', 'Michelle Duffy')",,,,
,"('Jeff Decker', 'Jeremy Wheeler')",,,,
,"('Steve Szczepanski', 'Edward Mosher')",,,,
,"('Terry EnGelder', 'Scott Kurkoski')",,,,
,"('Chris Denton', 'Nick Schoonover')",,,,
,"('Nicole Gwardyak', 'Mark Sorochinsky')",,,,
,"('Whitney Marvin', 'Richard Lasky')",,,,
,"('Whitney Marvin', 'Jeremy Wheeler')",,,,
,"('Sue Lisk', 'Mark Sorochinsky')",,,,
,"('Dave Dibble', 'Helen Lampman')",,,,
,"('Nick Schoonover', 'Ron Keibel')",,,,
,"('Jeremy Wheeler', 'Ron Keibel')",,,,
,"('Bijoy Datta', 'Richard Wheatley')",,,,
,"('Jackie Root', 'Rodney Waller')",,,,
,"('Richard Gerard', 'Don Boyce')",,,,
,"('Gary Lash', 'Charles Lampman')",,,,
,"('Terry EnGelder', 'Richard Gerard')",,,,
,"('Jeff Decker', 'Thomas West')",,,,
,"('Jackie Root', 'Richard Gerard')",,,,
,"('Whitney Marvin', 'Dewey Decker')",,,,
,"('Gary Lash', 'Richard Lasky')",,,,
,"('Margaret Goodfellow', 'Don Zaengle')",,,,
,"('Ed Griffith', 'Rodney Waller')",,,,
,"('David Guy', 'Vaughn Vennerberg')",,,,
,"('Robert Wedlake', 'Jim Worden')",,,,
,"('Nick Schoonover', 'Margaret Goodfellow')",,,,
,"('Tim Whitesell', 'Richard Wheatley')",,,,
,"('Glen Winsor', 'Richard Wheatley')",,,,
,"('Carrie Czebiniak', 'Helen Lampman')",,,,
,"('Ron Keibel', 'Charles Lampman')",,,,
,"('Nick Schoonover', 'Loretta Sullivan')",,,,
,"('Ron Keibel', 'Edward Mosher')",,,,
,"('Jeremy Wheeler', 'Tim Whitesell')",,,,
,"('Terry EnGelder', 'Jeremy Wheeler')",,,,
,"('Whitney Marvin', 'Jim Worden')",,,,
,"('Jim Worden', 'Michelle Duffy')",,,,
,"('Mark Sexton', 'Scott Kurkoski')",,,,
,"('Thomas West', 'Dewey Decker')",,,,
,"('Christopher Ruston', 'Dave Dibble')",,,,
,"('Steven Sullivan', 'Dewey Decker')",,,,
,"('Whitney Marvin', 'Marchie Diffindorf')",,,,
,"('Terry EnGelder', 'Marchie Diffindorf')",,,,
,"('Christopher Ruston', 'Mark Sorochinsky')",,,,
,"('Mark Sexton', 'Don Boyce')",,,,
,"('Dan Fitzsimmons', 'Charles Lampman')",,,,
,"('Thomas West', 'David Guy')",,,,
,"('Steven Sullivan', 'Mark Sorochinsky')",,,,
,"('Marchie Diffindorf', 'Edward Mosher')",,,,
,"('Steven Sullivan', 'Ed Griffith')",,,,
,"('Jim Worden', 'Robert Williams')",,,,
,"('Thomas West', 'Rodney Waller')",,,,
,"('Jeff Decker', 'Barbara Fiala')",,,,
,"('Nick Schoonover', 'Tim Whitesell')",,,,
,"('Joseph Sluzar', 'Christopher Ruston')",,,,
,"('Robert Jones', 'Loretta Sullivan')",,,,
,"('Brenda Boyce', 'Don Boyce')",,,,
,"('Robert Jones', 'Don Zaengle')",,,,
,"('Brenda Boyce', 'Edward Mosher')",,,,
,"('Carrie Czebiniak', 'Ron Keibel')",,,,
,"('Chris Denton', 'Whitney Marvin')",,,,
,"('Glen Winsor', 'Richard Gerard')",,,,
,"('Ron Keibel', 'Helen Lampman')",,,,
,"('Jim Worden', 'Vaughn Vennerberg')",,,,
,"('Chris Denton', 'Dave Dibble')",,,,
,"('Jim Worden', 'Robert Jones')",,,,
,"('Barbara Fiala', 'Brenda Boyce')",,,,
,"('Don Zaengle', 'Brian Grove')",,,,
,"('Glen Winsor', 'Scott Kurkoski')",,,,
,"('Margaret Goodfellow', 'Don Boyce')",,,,
,"('Robert Jones', 'Tim Whitesell')",,,,
,"('Don Zaengle', 'Jeremy Wheeler')",,,,
,"('Whitney Marvin', 'Rodney Waller')",,,,
,"('Vaughn Vennerberg', 'Ed Griffith')",,,,
,"('Nick Schoonover', 'Mark Sorochinsky')",,,,
,"('Loretta Sullivan', 'Ron Brink')",,,,
,"('Mark Sexton', 'Nick Schoonover')",,,,
,"('Nicole Gwardyak', 'Don Boyce')",,,,
,"('Jeff Decker', 'Robert Jones')",,,,
,"('Tim Whitesell', 'Dewey Decker')",,,,
,"('Barbara Fiala', 'Tim Whitesell')",,,,
,"('Thomas West', 'Nick Schoonover')",,,,
,"('Steven Sullivan', 'Nick Schoonover')",,,,
,"('Gary Lash', 'Brenda Boyce')",,,,
,"('Robert Wedlake', 'Ron Brink')",,,,
,"('Dan Fitzsimmons', 'Steve Szczepanski')",,,,
,"('Don Zaengle', 'Richard Lasky')",,,,
,"('Steve Szczepanski', 'Brian Grove')",,,,
,"('Terry EnGelder', 'Mark Sorochinsky')",,,,
,"('Whitney Marvin', 'Ron Keibel')",,,,
,"('Chris Denton', 'Brian Grove')",,,,
,"('Bijoy Datta', 'Robert Jones')",,,,
,"('Mark Sorochinsky', 'Steve Szczepanski')",,,,
,"('Helen Lampman', 'Ron Brink')",,,,
,"('Don Zaengle', 'Don Boyce')",,,,
,"('Margaret Goodfellow', 'Ed Griffith')",,,,
,"('Thomas West', 'Tim Whitesell')",,,,
,"('Margaret Goodfellow', 'Helen Lampman')",,,,
,"('Joseph Sluzar', 'Tim Whitesell')",,,,
,"('Ed Griffith', 'Michelle Duffy')",,,,
,"('Tim Whitesell', 'Charles Lampman')",,,,
,"('Robert Williams', 'Jeremy Wheeler')",,,,
,"('Barbara Fiala', 'Jeremy Wheeler')",,,,
,"('Christopher Ruston', 'Marchie Diffindorf')",,,,
,"('Sue Lisk', 'Steve Szczepanski')",,,,
,"('Jim Worden', 'Edward Mosher')",,,,
,"('Jackie Root', 'Barbara Fiala')",,,,
,"('Steven Sullivan', 'Jeff Decker')",,,,
,"('Dewey Decker', 'Edward Mosher')",,,,
,"('Robert Jones', 'Richard Gerard')",,,,
,"('Joseph Sluzar', 'Mark Sorochinsky')",,,,
,"('Don Boyce', 'Helen Lampman')",,,,
,"('Joseph Sluzar', 'Richard Gerard')",,,,
,"('Jackie Root', 'Vaughn Vennerberg')",,,,
,"('Richard Wheatley', 'Rodney Waller')",,,,
,"('Barbara Fiala', 'Ron Keibel')",,,,
,"('Barbara Fiala', 'Edward Mosher')",,,,
,"('Charles Lampman', 'Rodney Waller')",,,,
,"('Gary Lash', 'Loretta Sullivan')",,,,
,"('Joseph Sluzar', 'Don Boyce')",,,,
,"('Mark Sorochinsky', 'Ron Brink')",,,,
,"('Sue Lisk', 'Dave Dibble')",,,,
,"('Dave Dibble', 'Mark Sorochinsky')",,,,
,"('Jim Worden', 'Richard Wheatley')",,,,
,"('Richard Gerard', 'Charles Lampman')",,,,
,"('Tim Whitesell', 'Dave Dibble')",,,,
,"('Mark Sorochinsky', 'Ed Griffith')",,,,
,"('Bijoy Datta', 'Sue Lisk')",,,,
,"('Ron Keibel', 'Andy Leahy')",,,,
,"('Steve Flagg', 'Don Zaengle')",,,,
,"('Bijoy Datta', 'Helen Lampman')",,,,
,"('Don Boyce', 'Dewey Decker')",,,,
,"('Dan Fitzsimmons', 'Thomas West')",,,,
,"('Gary Lash', 'Margaret Goodfellow')",,,,
,"('Jim Worden', 'Helen Lampman')",,,,
,"('Robert Williams', 'Richard Wheatley')",,,,
,"('Glen Winsor', 'Whitney Marvin')",,,,
,"('Robert Jones', 'David Guy')",,,,
,"('Jackie Root', 'Robert Jones')",,,,
,"('Chris Denton', 'Charles Lampman')",,,,
,"('Don Boyce', 'Mark Sorochinsky')",,,,
,"('Barbara Fiala', 'Mark Sorochinsky')",,,,
,"('Andy Leahy', 'Edward Mosher')",,,,
,"('Mark Sexton', 'Terry EnGelder')",,,,
,"('Barbara Fiala', 'Helen Lampman')",,,,
,"('Mark Sorochinsky', 'Richard Wheatley')",,,,
,"('Gary Lash', 'Whitney Marvin')",,,,
,"('Terry EnGelder', 'Tim Whitesell')",,,,
,"('Thomas West', 'Loretta Sullivan')",,,,
,"('Scott Kurkoski', 'Michelle Duffy')",,,,
,"('David Guy', 'Don Boyce')",,,,
,"('Glen Winsor', 'Margaret Goodfellow')",,,,
,"('Robert Williams', 'Nicole Gwardyak')",,,,
,"('Tim Whitesell', 'Ed Griffith')",,,,
,"('David Guy', 'Rodney Waller')",,,,
,"('Robert Williams', 'Tim Whitesell')",,,,
,"('Joseph Sluzar', 'Sue Lisk')",,,,
,"('Brian Grove', 'Rodney Waller')",,,,
,"('Richard Lasky', 'Don Boyce')",,,,
,"('Tim Whitesell', 'Loretta Sullivan')",,,,
,"('Mark Sexton', 'Tim Whitesell')",,,,
,"('Marchie Diffindorf', 'Dave Dibble')",,,,
,"('Charles Lampman', 'Scott Kurkoski')",,,,
,"('Robert Wedlake', 'Andy Leahy')",,,,
,"('Bijoy Datta', 'Mark Sorochinsky')",,,,
,"('Whitney Marvin', 'Brian Grove')",,,,
,"('Jeremy Wheeler', 'Richard Lasky')",,,,
,"('Christopher Ruston', 'Richard Lasky')",,,,
,"('Margaret Goodfellow', 'Terry EnGelder')",,,,
,"('Robert Williams', 'Rodney Waller')",,,,
,"('Bijoy Datta', 'Richard Gerard')",,,,
,"('Tim Whitesell', 'Scott Kurkoski')",,,,
,"('Jackie Root', 'Andy Leahy')",,,,
,"('Dewey Decker', 'Ed Griffith')",,,,
,"('Margaret Goodfellow', 'Sue Lisk')",,,,
,"('Don Zaengle', 'Richard Wheatley')",,,,
,"('Robert Wedlake', 'Steve Szczepanski')",,,,
,"('Whitney Marvin', 'Don Zaengle')",,,,
,"('Edward Mosher', 'Ron Brink')",,,,
,"('Robert Wedlake', 'David Guy')",,,,
,"('David Guy', 'Brian Grove')",,,,
,"('Jim Worden', 'Don Zaengle')",,,,
,"('Steve Szczepanski', 'Andy Leahy')",,,,
,"('David Guy', 'Charles Lampman')",,,,
,"('Sue Lisk', 'Edward Mosher')",,,,
,"('Margaret Goodfellow', 'Tim Whitesell')",,,,
,"('Barbara Fiala', 'Marchie Diffindorf')",,,,
,"('Thomas West', 'Michelle Duffy')",,,,
,"('Richard Wheatley', 'Brian Grove')",,,,
,"('Carrie Czebiniak', 'Scott Kurkoski')",,,,
,"('Thomas West', 'Robert Williams')",,,,
,"('Barbara Fiala', 'Andy Leahy')",,,,
,"('Mark Sexton', 'Brenda Boyce')",,,,
,"('Don Zaengle', 'Ron Keibel')",,,,
,"('Christopher Ruston', 'Vaughn Vennerberg')",,,,
,"('Loretta Sullivan', 'Rodney Waller')",,,,
,"('Gary Lash', 'Thomas West')",,,,
,"('Steven Sullivan', 'Marchie Diffindorf')",,,,
,"('Dave Dibble', 'Vaughn Vennerberg')",,,,
,"('Christopher Ruston', 'Michelle Duffy')",,,,
,"('Charles Lampman', 'Steve Szczepanski')",,,,
,"('Robert Wedlake', 'Loretta Sullivan')",,,,
,"('Nick Schoonover', 'Don Zaengle')",,,,
,"('Robert Wedlake', 'Richard Lasky')",,,,
,"('Jeff Decker', 'Richard Gerard')",,,,
,"('Thomas West', 'Edward Mosher')",,,,
,"('Robert Jones', 'Margaret Goodfellow')",,,,
,"('David Guy', 'Dewey Decker')",,,,
,"('Jim Worden', 'Terry EnGelder')",,,,
,"('Nick Schoonover', 'Jim Worden')",,,,
,"('Jeff Decker', 'Richard Lasky')",,,,
,"('Don Zaengle', 'David Guy')",,,,
,"('Dan Fitzsimmons', 'Jackie Root')",,,,
,"('Joseph Sluzar', 'Nicole Gwardyak')",,,,
,"('Sue Lisk', 'Ed Griffith')",,,,
,"('Richard Lasky', 'Mark Sorochinsky')",,,,
,"('Margaret Goodfellow', 'Brenda Boyce')",,,,
,"('Jeremy Wheeler', 'Loretta Sullivan')",,,,
,"('Carrie Czebiniak', 'Tim Whitesell')",,,,
,"('Robert Williams', 'Dewey Decker')",,,,
,"('Steve Flagg', 'Richard Gerard')",,,,
,"('Dan Fitzsimmons', 'Richard Lasky')",,,,
,"('Dan Fitzsimmons', 'Dewey Decker')",,,,
,"('Steven Sullivan', 'Sue Lisk')",,,,
,"('Sue Lisk', 'Brenda Boyce')",,,,
,"('Jackie Root', 'Helen Lampman')",,,,
,"('Chris Denton', 'Vaughn Vennerberg')",,,,
,"('Richard Gerard', 'Steve Szczepanski')",,,,
,"('Jeremy Wheeler', 'Edward Mosher')",,,,
,"('Mark Sexton', 'Charles Lampman')",,,,
,"('Steven Sullivan', 'Barbara Fiala')",,,,
,"('Don Boyce', 'Andy Leahy')",,,,
,"('Robert Williams', 'Richard Lasky')",,,,
,"('Steve Szczepanski', 'Ron Brink')",,,,
,"('Nicole Gwardyak', 'Vaughn Vennerberg')",,,,
,"('Christopher Ruston', 'Richard Wheatley')",,,,
,"('Mark Sorochinsky', 'Dewey Decker')",,,,
,"('Richard Lasky', 'Dewey Decker')",,,,
,"('Scott Kurkoski', 'Ron Brink')",,,,
,"('Vaughn Vennerberg', 'Michelle Duffy')",,,,
,"('Steve Szczepanski', 'Ed Griffith')",,,,
,"('Jeff Decker', 'Steve Szczepanski')",,,,
,"('Glen Winsor', 'Thomas West')",,,,
,"('Mark Sorochinsky', 'Brian Grove')",,,,
,"('Steve Flagg', 'Loretta Sullivan')",,,,
,"('Chris Denton', 'Carrie Czebiniak')",,,,
,"('Loretta Sullivan', 'Andy Leahy')",,,,
,"('Steven Sullivan', 'Scott Kurkoski')",,,,
,"('Joseph Sluzar', 'Brian Grove')",,,,
,"('Christopher Ruston', 'Dewey Decker')",,,,
,"('Charles Lampman', 'Helen Lampman')",,,,
,"('Barbara Fiala', 'Scott Kurkoski')",,,,
,"('Joseph Sluzar', 'Helen Lampman')",,,,
,"('Richard Lasky', 'Steve Szczepanski')",,,,
,"('Richard Gerard', 'Loretta Sullivan')",,,,
,"('Nick Schoonover', 'Sue Lisk')",,,,
,"('Nick Schoonover', 'Charles Lampman')",,,,
,"('Barbara Fiala', 'David Guy')",,,,
,"('Barbara Fiala', 'Charles Lampman')",,,,
,"('Gary Lash', 'Terry EnGelder')",,,,
,"('Jackie Root', 'Robert Wedlake')",,,,
,"('Glen Winsor', 'Jeff Decker')",,,,
,"('Christopher Ruston', 'Robert Jones')",,,,
,"('Jeff Decker', 'Don Zaengle')",,,,
,"('Brenda Boyce', 'Dewey Decker')",,,,
,"('Jeff Decker', 'Loretta Sullivan')",,,,
,"('Sue Lisk', 'Don Boyce')",,,,
,"('Loretta Sullivan', 'Don Boyce')",,,,
,"('Richard Lasky', 'Rodney Waller')",,,,
,"('Steven Sullivan', 'Thomas West')",,,,
,"('Carrie Czebiniak', 'Richard Gerard')",,,,
,"('Mark Sexton', 'Thomas West')",,,,
,"('Terry EnGelder', 'Don Boyce')",,,,
,"('Don Zaengle', 'Steve Szczepanski')",,,,
,"('Nick Schoonover', 'Christopher Ruston')",,,,
,"('Joseph Sluzar', 'Richard Wheatley')",,,,
,"('Mark Sexton', 'Helen Lampman')",,,,
,"('Ron Keibel', 'Ed Griffith')",,,,
,"('Scott Kurkoski', 'Brian Grove')",,,,
,"('Chris Denton', 'Margaret Goodfellow')",,,,
,"('Robert Jones', 'Vaughn Vennerberg')",,,,
,"('Mark Sorochinsky', 'Scott Kurkoski')",,,,
,"('Vaughn Vennerberg', 'Edward Mosher')",,,,
,"('Tim Whitesell', 'Edward Mosher')",,,,
,"('Loretta Sullivan', 'Ed Griffith')",,,,
,"('David Guy', 'Michelle Duffy')",,,,
,"('Joseph Sluzar', 'Rodney Waller')",,,,
,"('Tim Whitesell', 'Mark Sorochinsky')",,,,
,"('Brenda Boyce', 'Marchie Diffindorf')",,,,
,"('Terry EnGelder', 'Richard Lasky')",,,,
,"('Sue Lisk', 'Marchie Diffindorf')",,,,
,"('Charles Lampman', 'Andy Leahy')",,,,
,"('Don Boyce', 'Edward Mosher')",,,,
,"('Mark Sexton', 'Whitney Marvin')",,,,
,"('Marchie Diffindorf', 'Helen Lampman')",,,,
,"('Dan Fitzsimmons', 'Helen Lampman')",,,,
,"('Ron Keibel', 'Steve Szczepanski')",,,,
,"('Mark Sexton', 'Gary Lash')",,,,
,"('Robert Jones', 'Scott Kurkoski')",,,,
,"('Mark Sorochinsky', 'Andy Leahy')",,,,
,"('Robert Jones', 'Don Boyce')",,,,
,"('Steven Sullivan', 'Richard Gerard')",,,,
,"('Terry EnGelder', 'Nicole Gwardyak')",,,,
,"('Carrie Czebiniak', 'Andy Leahy')",,,,
,"('Margaret Goodfellow', 'Richard Gerard')",,,,
,"('Mark Sexton', 'Jeff Decker')",,,,
,"('Steve Flagg', 'Andy Leahy')",,,,
,"('Richard Gerard', 'Vaughn Vennerberg')",,,,
,"('Joseph Sluzar', 'David Guy')",,,,
,"('Carrie Czebiniak', 'Steve Szczepanski')",,,,
,"('Jackie Root', 'Ron Keibel')",,,,
,"('Jeremy Wheeler', 'Michelle Duffy')",,,,
,"('Whitney Marvin', 'Robert Williams')",,,,
,"('Richard Lasky', 'Richard Wheatley')",,,,
,"('Loretta Sullivan', 'Scott Kurkoski')",,,,
,"('Loretta Sullivan', 'Helen Lampman')",,,,
