AB Actor Overlap,AB Relationship Overlap,Unique A Actors,Unique B Actors,Unique A Relationships,Unique B Relationships
Maryann Vellake,"('Emily Aman', 'Leon Anders')",,,,
Hilary Gifford,"('Maryann Vellake', 'Rob Schoeffel')",,,,
Roxanne Gupta,"('Leon Anders', 'Mariah Plumlee')",,,,
Eric Ott,"('Patrick Morrell', 'Maryann Vellake')",,,,
Carol French,"('Carolyn Knapp', 'Linda Blossom')",,,,
Emily Aman,"('Carol French', 'Judy Kugelmass')",,,,
Patrick Morrell,"('Patrick Morrell', 'Michael Covert')",,,,
Joseph Heath,"('Jeff Bond', 'Barbara Stewart')",,,,
Leon Anders,"('William Kappel', 'Ruth Same')",,,,
Gary Hunt,"('Charles Bosman', 'Bill Larsen')",,,,
Rob Schoeffel,"('Carol French', 'Jeff Vann')",,,,
Sean Dembrosky,"('Mariah Plumlee', 'Jeff Asbrand')",,,,
Brayton Foster,"('Roxanne Gupta', 'Michael Reynolds')",,,,
Sean Dembrowsky,"('Roxanne Gupta', 'Don Barber')",,,,
Bruce Austic,"('Emily Aman', 'Jeff Vann')",,,,
Jorden DePue,"('William Kappel', 'Jeff Asbrand')",,,,
William Kappel,"('Anthony Ingraffea', 'Jeff Asbrand')",,,,
Daniel Dembrosky,"('Bruce Austic', 'Bill Larsen')",,,,
Holly Bailey,"('Leon Anders', 'Linda Blossom')",,,,
Judy Kugelmass,"('Keith Jay', 'Jeff Bond')",,,,
Carolyn Knapp,"('Daniel Dembrosky', 'Meg Jastran')",,,,
Peter Arena,"('Judy Kugelmass', 'Peter Arena')",,,,
Anthony Ingraffea,"('Peter Arena', 'Jeff Asbrand')",,,,
Michael Reynolds,"('Roxanne Gupta', 'Linda Blossom')",,,,
Charles Bosman,"('Carrie Holcomb', 'Jeff Asbrand')",,,,
Mariah Plumlee,"('Eric Ott', 'Michael Covert')",,,,
Carrie Holcomb,"('Carol French', 'Carolyn Knapp')",,,,
Noelle Dembrosky,"('Bruce Austic', 'Ruth Same')",,,,
Michael Dineen,"('Duane Waid', 'Ruth Same')",,,,
Barry Ford,"('Carol French', 'Mary Ott')",,,,
Jack Wickham,"('Jeff Bond', 'Ruth Same')",,,,
Chuck Bosman,"('Brayton Foster', 'Mariah Plumlee')",,,,
Richard Rose,"('Holly Bailey', 'David Dresser')",,,,
Jeff Vann,"('Rob Schoeffel', 'Daniel Dembrosky')",,,,
Dave Nowicki,"('Jorden DePue', 'Linda Blossom')",,,,
Bill Larsen,"('Roxanne Gupta', 'Sean Dembrowsky')",,,,
Jeff Asbrand,"('Peter Arena', 'Charles Bosman')",,,,
Keith Jay,"('Gary Hunt', 'Jeff Vann')",,,,
Mary Ott,"('Sean Dembrowsky', 'Dave Nowicki')",,,,
Linda Blossom,"('Jeff Asbrand', 'Keith Jay')",,,,
Jeff Bond,"('Barbara Stewart', 'Chris Kempf')",,,,
Michael Covert,"('Patrick Morrell', 'Judy Kugelmass')",,,,
Duane Waid,"('Brayton Foster', 'Jack Wickham')",,,,
Don Barber,"('Brayton Foster', 'Duane Waid')",,,,
Ruth Same,"('Daniel Dembrosky', 'Bill Larsen')",,,,
Meg Jastran,"('Mariah Plumlee', 'Ruth Same')",,,,
David Dresser,"('Jorden DePue', 'Meg Jastran')",,,,
Barbara Stewart,"('Leon Anders', 'Anthony Ingraffea')",,,,
Chris Kempf,"('Brayton Foster', 'Judy Kugelmass')",,,,
,"('Hilary Gifford', 'Sean Dembrowsky')",,,,
,"('Leon Anders', 'Ruth Same')",,,,
,"('Eric Ott', 'Ruth Same')",,,,
,"('Emily Aman', 'Charles Bosman')",,,,
,"('Keith Jay', 'Chris Kempf')",,,,
,"('Joseph Heath', 'Chuck Bosman')",,,,
,"('Carol French', 'Michael Covert')",,,,
,"('Roxanne Gupta', 'Jeff Bond')",,,,
,"('Gary Hunt', 'Charles Bosman')",,,,
,"('Chuck Bosman', 'Richard Rose')",,,,
,"('Rob Schoeffel', 'Charles Bosman')",,,,
,"('Brayton Foster', 'Jorden DePue')",,,,
,"('Michael Dineen', 'Jeff Bond')",,,,
,"('Rob Schoeffel', 'Jorden DePue')",,,,
,"('Carrie Holcomb', 'David Dresser')",,,,
,"('Bruce Austic', 'Anthony Ingraffea')",,,,
,"('Gary Hunt', 'Maryann Vellake')",,,,
,"('Sean Dembrosky', 'Peter Arena')",,,,
,"('Don Barber', 'Michael Covert')",,,,
,"('Jack Wickham', 'Dave Nowicki')",,,,
,"('Carol French', 'Rob Schoeffel')",,,,
,"('Michael Reynolds', 'Richard Rose')",,,,
,"('Hilary Gifford', 'Linda Blossom')",,,,
,"('Gary Hunt', 'Meg Jastran')",,,,
,"('Maryann Vellake', 'Barry Ford')",,,,
,"('Hilary Gifford', 'Peter Arena')",,,,
,"('Anthony Ingraffea', 'Chuck Bosman')",,,,
,"('Joseph Heath', 'Linda Blossom')",,,,
,"('Michael Reynolds', 'Noelle Dembrosky')",,,,
,"('Linda Blossom', 'David Dresser')",,,,
,"('Gary Hunt', 'Barry Ford')",,,,
,"('Noelle Dembrosky', 'Jack Wickham')",,,,
,"('Emily Aman', 'Michael Dineen')",,,,
,"('Judy Kugelmass', 'Richard Rose')",,,,
,"('Anthony Ingraffea', 'Chris Kempf')",,,,
,"('Carol French', 'Dave Nowicki')",,,,
,"('Hilary Gifford', 'Michael Covert')",,,,
,"('Sean Dembrowsky', 'Jack Wickham')",,,,
,"('Bruce Austic', 'Keith Jay')",,,,
,"('Joseph Heath', 'Sean Dembrowsky')",,,,
,"('Carol French', 'Leon Anders')",,,,
,"('Emily Aman', 'Holly Bailey')",,,,
,"('Noelle Dembrosky', 'Mariah Plumlee')",,,,
,"('Jack Wickham', 'Chuck Bosman')",,,,
,"('Brayton Foster', 'Michael Dineen')",,,,
,"('William Kappel', 'Richard Rose')",,,,
,"('Judy Kugelmass', 'Anthony Ingraffea')",,,,
,"('Daniel Dembrosky', 'Michael Reynolds')",,,,
,"('Bruce Austic', 'Chris Kempf')",,,,
,"('Patrick Morrell', 'Carolyn Knapp')",,,,
,"('Don Barber', 'Maryann Vellake')",,,,
,"('Sean Dembrosky', 'Richard Rose')",,,,
,"('Joseph Heath', 'Barry Ford')",,,,
,"('Carol French', 'William Kappel')",,,,
,"('Bruce Austic', 'Michael Dineen')",,,,
,"('Patrick Morrell', 'Michael Dineen')",,,,
,"('Don Barber', 'Anthony Ingraffea')",,,,
,"('Roxanne Gupta', 'Duane Waid')",,,,
,"('Hilary Gifford', 'Bill Larsen')",,,,
,"('Michael Dineen', 'Linda Blossom')",,,,
,"('Don Barber', 'Gary Hunt')",,,,
,"('Carolyn Knapp', 'Michael Dineen')",,,,
,"('Gary Hunt', 'Holly Bailey')",,,,
,"('Eric Ott', 'Daniel Dembrosky')",,,,
,"('Jeff Asbrand', 'Barbara Stewart')",,,,
,"('Joseph Heath', 'Judy Kugelmass')",,,,
,"('Holly Bailey', 'Mariah Plumlee')",,,,
,"('Brayton Foster', 'Meg Jastran')",,,,
,"('Sean Dembrosky', 'Judy Kugelmass')",,,,
,"('Jeff Vann', 'Mary Ott')",,,,
,"('Hilary Gifford', 'Bruce Austic')",,,,
,"('Carrie Holcomb', 'Chuck Bosman')",,,,
,"('Maryann Vellake', 'Keith Jay')",,,,
,"('Carolyn Knapp', 'Keith Jay')",,,,
,"('Charles Bosman', 'Mariah Plumlee')",,,,
,"('Leon Anders', 'Noelle Dembrosky')",,,,
,"('Jack Wickham', 'Bill Larsen')",,,,
,"('Hilary Gifford', 'Jack Wickham')",,,,
,"('Emily Aman', 'David Dresser')",,,,
,"('William Kappel', 'Charles Bosman')",,,,
,"('Bill Larsen', 'Michael Covert')",,,,
,"('Joseph Heath', 'Carolyn Knapp')",,,,
,"('Brayton Foster', 'Michael Reynolds')",,,,
,"('Leon Anders', 'Richard Rose')",,,,
,"('Charles Bosman', 'Jack Wickham')",,,,
,"('Emily Aman', 'Jack Wickham')",,,,
,"('Hilary Gifford', 'Carrie Holcomb')",,,,
,"('Joseph Heath', 'Jeff Bond')",,,,
,"('Eric Ott', 'Richard Rose')",,,,
,"('Carol French', 'Jeff Bond')",,,,
,"('Michael Reynolds', 'Mariah Plumlee')",,,,
,"('Emily Aman', 'Bruce Austic')",,,,
,"('Carol French', 'Barry Ford')",,,,
,"('Holly Bailey', 'Linda Blossom')",,,,
,"('Brayton Foster', 'Linda Blossom')",,,,
,"('Maryann Vellake', 'Holly Bailey')",,,,
,"('Joseph Heath', 'Carrie Holcomb')",,,,
,"('Emily Aman', 'Michael Reynolds')",,,,
,"('Don Barber', 'Ruth Same')",,,,
,"('Joseph Heath', 'Mary Ott')",,,,
,"('Richard Rose', 'Jeff Vann')",,,,
,"('Anthony Ingraffea', 'Jeff Bond')",,,,
,"('Gary Hunt', 'Noelle Dembrosky')",,,,
,"('Sean Dembrowsky', 'Chuck Bosman')",,,,
,"('Sean Dembrosky', 'Anthony Ingraffea')",,,,
,"('Emily Aman', 'Ruth Same')",,,,
,"('Roxanne Gupta', 'Sean Dembrosky')",,,,
,"('Michael Covert', 'Duane Waid')",,,,
,"('Patrick Morrell', 'Bruce Austic')",,,,
,"('Daniel Dembrosky', 'David Dresser')",,,,
,"('Michael Reynolds', 'Ruth Same')",,,,
,"('Maryann Vellake', 'Michael Dineen')",,,,
,"('William Kappel', 'Daniel Dembrosky')",,,,
,"('Hilary Gifford', 'Duane Waid')",,,,
,"('David Dresser', 'Chris Kempf')",,,,
,"('Eric Ott', 'Judy Kugelmass')",,,,
,"('Carol French', 'Mariah Plumlee')",,,,
,"('Gary Hunt', 'Michael Dineen')",,,,
,"('Peter Arena', 'Noelle Dembrosky')",,,,
,"('Carolyn Knapp', 'Jack Wickham')",,,,
,"('Maryann Vellake', 'Michael Covert')",,,,
,"('Leon Anders', 'Carolyn Knapp')",,,,
,"('Joseph Heath', 'Charles Bosman')",,,,
,"('Michael Reynolds', 'Mary Ott')",,,,
,"('Joseph Heath', 'Peter Arena')",,,,
,"('Eric Ott', 'Bruce Austic')",,,,
,"('Roxanne Gupta', 'Judy Kugelmass')",,,,
,"('Peter Arena', 'Barbara Stewart')",,,,
,"('Peter Arena', 'Mary Ott')",,,,
,"('Rob Schoeffel', 'Jeff Asbrand')",,,,
,"('Carolyn Knapp', 'Barry Ford')",,,,
,"('Brayton Foster', 'Barry Ford')",,,,
,"('Sean Dembrowsky', 'Jorden DePue')",,,,
,"('Carol French', 'Hilary Gifford')",,,,
,"('Roxanne Gupta', 'Jeff Vann')",,,,
,"('Holly Bailey', 'Michael Dineen')",,,,
,"('Hilary Gifford', 'Noelle Dembrosky')",,,,
,"('Hilary Gifford', 'Michael Dineen')",,,,
,"('Patrick Morrell', 'Keith Jay')",,,,
,"('Dave Nowicki', 'Barbara Stewart')",,,,
,"('Leon Anders', 'Gary Hunt')",,,,
,"('Richard Rose', 'Jeff Bond')",,,,
,"('Barry Ford', 'Jeff Bond')",,,,
,"('Joseph Heath', 'Michael Dineen')",,,,
,"('Charles Bosman', 'Michael Dineen')",,,,
,"('Hilary Gifford', 'Barbara Stewart')",,,,
,"('Bruce Austic', 'Barry Ford')",,,,
,"('Don Barber', 'Noelle Dembrosky')",,,,
,"('Carol French', 'Meg Jastran')",,,,
,"('William Kappel', 'Mary Ott')",,,,
,"('Jeff Bond', 'Chris Kempf')",,,,
,"('Leon Anders', 'Maryann Vellake')",,,,
,"('Bruce Austic', 'Jack Wickham')",,,,
,"('Sean Dembrowsky', 'Duane Waid')",,,,
,"('Eric Ott', 'David Dresser')",,,,
,"('William Kappel', 'Chuck Bosman')",,,,
,"('Maryann Vellake', 'Carrie Holcomb')",,,,
,"('Leon Anders', 'Holly Bailey')",,,,
,"('Roxanne Gupta', 'Barbara Stewart')",,,,
,"('Don Barber', 'Jorden DePue')",,,,
,"('Jorden DePue', 'Jeff Vann')",,,,
,"('Noelle Dembrosky', 'Duane Waid')",,,,
,"('Patrick Morrell', 'Charles Bosman')",,,,
,"('Roxanne Gupta', 'Charles Bosman')",,,,
,"('Judy Kugelmass', 'Mary Ott')",,,,
,"('Mariah Plumlee', 'Jack Wickham')",,,,
,"('Judy Kugelmass', 'Carrie Holcomb')",,,,
,"('William Kappel', 'Anthony Ingraffea')",,,,
,"('Sean Dembrowsky', 'Daniel Dembrosky')",,,,
,"('Michael Reynolds', 'Charles Bosman')",,,,
,"('Maryann Vellake', 'Jack Wickham')",,,,
,"('Jeff Asbrand', 'David Dresser')",,,,
,"('Carol French', 'Holly Bailey')",,,,
,"('Rob Schoeffel', 'Michael Reynolds')",,,,
,"('Carol French', 'Joseph Heath')",,,,
,"('Sean Dembrowsky', 'Keith Jay')",,,,
,"('Barry Ford', 'Duane Waid')",,,,
,"('Gary Hunt', 'Jack Wickham')",,,,
,"('Chuck Bosman', 'Keith Jay')",,,,
,"('Eric Ott', 'Michael Dineen')",,,,
,"('Roxanne Gupta', 'Jeff Asbrand')",,,,
,"('Carol French', 'Emily Aman')",,,,
,"('Emily Aman', 'Gary Hunt')",,,,
,"('Rob Schoeffel', 'Peter Arena')",,,,
,"('Holly Bailey', 'Keith Jay')",,,,
,"('Bruce Austic', 'Holly Bailey')",,,,
,"('Holly Bailey', 'Carrie Holcomb')",,,,
,"('Maryann Vellake', 'William Kappel')",,,,
,"('Carol French', 'Michael Dineen')",,,,
,"('Peter Arena', 'Dave Nowicki')",,,,
,"('Rob Schoeffel', 'Noelle Dembrosky')",,,,
,"('Judy Kugelmass', 'Chris Kempf')",,,,
,"('Michael Covert', 'David Dresser')",,,,
,"('Carrie Holcomb', 'Richard Rose')",,,,
,"('Rob Schoeffel', 'Chris Kempf')",,,,
,"('Charles Bosman', 'Carrie Holcomb')",,,,
,"('Charles Bosman', 'Michael Covert')",,,,
,"('Anthony Ingraffea', 'Charles Bosman')",,,,
,"('Peter Arena', 'Barry Ford')",,,,
,"('Joseph Heath', 'Keith Jay')",,,,
,"('Jorden DePue', 'Chris Kempf')",,,,
,"('Anthony Ingraffea', 'Noelle Dembrosky')",,,,
,"('Sean Dembrosky', 'Charles Bosman')",,,,
,"('Jeff Vann', 'Jeff Asbrand')",,,,
,"('Holly Bailey', 'Chuck Bosman')",,,,
,"('Bill Larsen', 'David Dresser')",,,,
,"('Sean Dembrosky', 'Jorden DePue')",,,,
,"('Bill Larsen', 'Ruth Same')",,,,
,"('Holly Bailey', 'Mary Ott')",,,,
,"('Joseph Heath', 'Mariah Plumlee')",,,,
,"('Barry Ford', 'Chris Kempf')",,,,
,"('Daniel Dembrosky', 'Carolyn Knapp')",,,,
,"('Eric Ott', 'Anthony Ingraffea')",,,,
,"('Michael Reynolds', 'Duane Waid')",,,,
,"('Carrie Holcomb', 'Ruth Same')",,,,
,"('Holly Bailey', 'Chris Kempf')",,,,
,"('Charles Bosman', 'Mary Ott')",,,,
,"('Ruth Same', 'David Dresser')",,,,
,"('Joseph Heath', 'Anthony Ingraffea')",,,,
,"('Leon Anders', 'Judy Kugelmass')",,,,
,"('Meg Jastran', 'Chuck Bosman')",,,,
,"('Leon Anders', 'Carrie Holcomb')",,,,
,"('Don Barber', 'Patrick Morrell')",,,,
,"('Don Barber', 'Meg Jastran')",,,,
,"('Jeff Vann', 'Keith Jay')",,,,
,"('Jack Wickham', 'Richard Rose')",,,,
,"('Eric Ott', 'Carrie Holcomb')",,,,
,"('Holly Bailey', 'Barry Ford')",,,,
,"('Barry Ford', 'Bill Larsen')",,,,
,"('Hilary Gifford', 'Barry Ford')",,,,
,"('Leon Anders', 'Dave Nowicki')",,,,
,"('Bruce Austic', 'Mariah Plumlee')",,,,
,"('Mariah Plumlee', 'Richard Rose')",,,,
,"('Joseph Heath', 'Richard Rose')",,,,
,"('Roxanne Gupta', 'Dave Nowicki')",,,,
,"('Roxanne Gupta', 'Michael Covert')",,,,
,"('Patrick Morrell', 'Barbara Stewart')",,,,
,"('Sean Dembrosky', 'Dave Nowicki')",,,,
,"('Charles Bosman', 'Barry Ford')",,,,
,"('Sean Dembrosky', 'Carolyn Knapp')",,,,
,"('Maryann Vellake', 'Bill Larsen')",,,,
,"('Sean Dembrosky', 'Keith Jay')",,,,
,"('Peter Arena', 'Richard Rose')",,,,
,"('Gary Hunt', 'Keith Jay')",,,,
,"('Charles Bosman', 'Meg Jastran')",,,,
,"('Gary Hunt', 'Duane Waid')",,,,
,"('Jorden DePue', 'Dave Nowicki')",,,,
,"('Anthony Ingraffea', 'Keith Jay')",,,,
,"('Hilary Gifford', 'Patrick Morrell')",,,,
,"('Jack Wickham', 'Ruth Same')",,,,
,"('Keith Jay', 'David Dresser')",,,,
,"('Patrick Morrell', 'Daniel Dembrosky')",,,,
,"('Meg Jastran', 'Barry Ford')",,,,
,"('Jeff Bond', 'Michael Covert')",,,,
,"('Carol French', 'Bill Larsen')",,,,
,"('Hilary Gifford', 'Holly Bailey')",,,,
,"('Hilary Gifford', 'Charles Bosman')",,,,
,"('Richard Rose', 'Keith Jay')",,,,
,"('Don Barber', 'Carolyn Knapp')",,,,
,"('Daniel Dembrosky', 'Ruth Same')",,,,
,"('Rob Schoeffel', 'Judy Kugelmass')",,,,
,"('Emily Aman', 'Peter Arena')",,,,
,"('Carol French', 'Brayton Foster')",,,,
,"('Michael Reynolds', 'Keith Jay')",,,,
,"('Charles Bosman', 'Keith Jay')",,,,
,"('Patrick Morrell', 'Rob Schoeffel')",,,,
,"('Duane Waid', 'David Dresser')",,,,
,"('Jeff Vann', 'Ruth Same')",,,,
,"('Sean Dembrosky', 'Linda Blossom')",,,,
,"('Gary Hunt', 'Michael Reynolds')",,,,
,"('Sean Dembrosky', 'Barbara Stewart')",,,,
,"('Brayton Foster', 'Holly Bailey')",,,,
,"('Maryann Vellake', 'Anthony Ingraffea')",,,,
,"('Michael Dineen', 'Mary Ott')",,,,
,"('Leon Anders', 'Sean Dembrosky')",,,,
,"('Emily Aman', 'Chris Kempf')",,,,
,"('Eric Ott', 'Jeff Asbrand')",,,,
,"('Hilary Gifford', 'Dave Nowicki')",,,,
,"('Richard Rose', 'Duane Waid')",,,,
,"('Brayton Foster', 'William Kappel')",,,,
,"('William Kappel', 'Mariah Plumlee')",,,,
,"('Chuck Bosman', 'Mary Ott')",,,,
,"('Michael Reynolds', 'Jeff Asbrand')",,,,
,"('Michael Dineen', 'Jeff Asbrand')",,,,
,"('Michael Reynolds', 'Meg Jastran')",,,,
,"('Carrie Holcomb', 'Keith Jay')",,,,
,"('Anthony Ingraffea', 'Ruth Same')",,,,
,"('Jorden DePue', 'Jeff Asbrand')",,,,
,"('Joseph Heath', 'Ruth Same')",,,,
,"('William Kappel', 'Carolyn Knapp')",,,,
,"('Carol French', 'Maryann Vellake')",,,,
,"('Sean Dembrowsky', 'Jeff Asbrand')",,,,
,"('Eric Ott', 'Peter Arena')",,,,
,"('Patrick Morrell', 'Jorden DePue')",,,,
,"('Gary Hunt', 'Linda Blossom')",,,,
,"('Hilary Gifford', 'Rob Schoeffel')",,,,
,"('Sean Dembrosky', 'Brayton Foster')",,,,
,"('Emily Aman', 'Richard Rose')",,,,
,"('Carol French', 'Keith Jay')",,,,
,"('Roxanne Gupta', 'Bruce Austic')",,,,
,"('Brayton Foster', 'Jeff Asbrand')",,,,
,"('Michael Reynolds', 'Barbara Stewart')",,,,
,"('Mariah Plumlee', 'Barry Ford')",,,,
,"('Eric Ott', 'Michael Reynolds')",,,,
,"('William Kappel', 'Barry Ford')",,,,
,"('Roxanne Gupta', 'William Kappel')",,,,
,"('Holly Bailey', 'Richard Rose')",,,,
,"('Leon Anders', 'Michael Reynolds')",,,,
,"('Patrick Morrell', 'Linda Blossom')",,,,
,"('Sean Dembrowsky', 'Charles Bosman')",,,,
,"('Carol French', 'Duane Waid')",,,,
,"('Leon Anders', 'Chuck Bosman')",,,,
,"('Leon Anders', 'Meg Jastran')",,,,
,"('Patrick Morrell', 'Holly Bailey')",,,,
,"('Meg Jastran', 'Bill Larsen')",,,,
,"('Jeff Asbrand', 'Michael Covert')",,,,
,"('Michael Covert', 'Barbara Stewart')",,,,
,"('Bill Larsen', 'Barbara Stewart')",,,,
,"('Leon Anders', 'Mary Ott')",,,,
,"('Don Barber', 'Peter Arena')",,,,
,"('Bruce Austic', 'Michael Covert')",,,,
,"('Carolyn Knapp', 'Jeff Asbrand')",,,,
,"('Peter Arena', 'Ruth Same')",,,,
,"('Carolyn Knapp', 'Michael Reynolds')",,,,
,"('Roxanne Gupta', 'Mary Ott')",,,,
,"('Noelle Dembrosky', 'Dave Nowicki')",,,,
,"('Brayton Foster', 'Daniel Dembrosky')",,,,
,"('Patrick Morrell', 'Jeff Vann')",,,,
,"('Anthony Ingraffea', 'Jack Wickham')",,,,
,"('Bruce Austic', 'Michael Reynolds')",,,,
,"('Sean Dembrosky', 'Jeff Asbrand')",,,,
,"('Meg Jastran', 'Michael Dineen')",,,,
,"('Eric Ott', 'Meg Jastran')",,,,
,"('William Kappel', 'Noelle Dembrosky')",,,,
,"('Sean Dembrosky', 'Jack Wickham')",,,,
,"('Rob Schoeffel', 'Duane Waid')",,,,
,"('Jeff Vann', 'Jeff Bond')",,,,
,"('Eric Ott', 'Carolyn Knapp')",,,,
,"('Judy Kugelmass', 'Jeff Bond')",,,,
,"('Carol French', 'Anthony Ingraffea')",,,,
,"('William Kappel', 'Holly Bailey')",,,,
,"('Daniel Dembrosky', 'Peter Arena')",,,,
,"('Linda Blossom', 'Barbara Stewart')",,,,
,"('Brayton Foster', 'Jeff Vann')",,,,
,"('Sean Dembrosky', 'Mariah Plumlee')",,,,
,"('Roxanne Gupta', 'Barry Ford')",,,,
,"('Rob Schoeffel', 'Bruce Austic')",,,,
,"('Daniel Dembrosky', 'Richard Rose')",,,,
,"('Gary Hunt', 'Sean Dembrowsky')",,,,
,"('Patrick Morrell', 'Chuck Bosman')",,,,
,"('William Kappel', 'Michael Reynolds')",,,,
,"('Maryann Vellake', 'Charles Bosman')",,,,
,"('Roxanne Gupta', 'Chris Kempf')",,,,
,"('Joseph Heath', 'Sean Dembrosky')",,,,
,"('Joseph Heath', 'Daniel Dembrosky')",,,,
,"('Daniel Dembrosky', 'Jack Wickham')",,,,
,"('Hilary Gifford', 'Jeff Vann')",,,,
,"('David Dresser', 'Barbara Stewart')",,,,
,"('Eric Ott', 'Don Barber')",,,,
,"('Brayton Foster', 'Peter Arena')",,,,
,"('Judy Kugelmass', 'Michael Reynolds')",,,,
,"('Roxanne Gupta', 'Daniel Dembrosky')",,,,
,"('Michael Dineen', 'Jeff Vann')",,,,
,"('Gary Hunt', 'Michael Covert')",,,,
,"('Sean Dembrowsky', 'Ruth Same')",,,,
,"('Brayton Foster', 'Chuck Bosman')",,,,
,"('Michael Reynolds', 'Jack Wickham')",,,,
,"('Daniel Dembrosky', 'Mariah Plumlee')",,,,
,"('Hilary Gifford', 'William Kappel')",,,,
,"('Sean Dembrowsky', 'Judy Kugelmass')",,,,
,"('Maryann Vellake', 'Michael Reynolds')",,,,
,"('Emily Aman', 'William Kappel')",,,,
,"('Meg Jastran', 'Duane Waid')",,,,
,"('Bruce Austic', 'Linda Blossom')",,,,
,"('Jorden DePue', 'Judy Kugelmass')",,,,
,"('Carrie Holcomb', 'Linda Blossom')",,,,
,"('Gary Hunt', 'Jeff Asbrand')",,,,
,"('Meg Jastran', 'Jeff Vann')",,,,
,"('Roxanne Gupta', 'Eric Ott')",,,,
,"('Don Barber', 'Jack Wickham')",,,,
,"('Patrick Morrell', 'Ruth Same')",,,,
,"('Roxanne Gupta', 'Anthony Ingraffea')",,,,
,"('Joseph Heath', 'Brayton Foster')",,,,
,"('Hilary Gifford', 'Chuck Bosman')",,,,
,"('Eric Ott', 'Sean Dembrowsky')",,,,
,"('Don Barber', 'Jeff Vann')",,,,
,"('Barry Ford', 'Ruth Same')",,,,
,"('Jack Wickham', 'Keith Jay')",,,,
,"('Michael Dineen', 'Chuck Bosman')",,,,
,"('Joseph Heath', 'Gary Hunt')",,,,
,"('Jeff Asbrand', 'Mary Ott')",,,,
,"('Barry Ford', 'Jack Wickham')",,,,
,"('Holly Bailey', 'Jeff Asbrand')",,,,
,"('Emily Aman', 'Daniel Dembrosky')",,,,
,"('Gary Hunt', 'Carolyn Knapp')",,,,
,"('Eric Ott', 'Linda Blossom')",,,,
,"('Maryann Vellake', 'Sean Dembrowsky')",,,,
,"('Meg Jastran', 'Jeff Bond')",,,,
,"('Holly Bailey', 'Ruth Same')",,,,
,"('Gary Hunt', 'Bill Larsen')",,,,
,"('Joseph Heath', 'Barbara Stewart')",,,,
,"('Jeff Asbrand', 'Ruth Same')",,,,
,"('Joseph Heath', 'Jeff Asbrand')",,,,
,"('Patrick Morrell', 'Duane Waid')",,,,
,"('Hilary Gifford', 'Sean Dembrosky')",,,,
,"('Maryann Vellake', 'Carolyn Knapp')",,,,
,"('Carol French', 'Linda Blossom')",,,,
,"('Richard Rose', 'Barbara Stewart')",,,,
,"('Eric Ott', 'Jack Wickham')",,,,
,"('Gary Hunt', 'Brayton Foster')",,,,
,"('Eric Ott', 'William Kappel')",,,,
,"('Roxanne Gupta', 'Meg Jastran')",,,,
,"('Carol French', 'Don Barber')",,,,
,"('Emily Aman', 'Chuck Bosman')",,,,
,"('Joseph Heath', 'Bill Larsen')",,,,
,"('Eric Ott', 'Keith Jay')",,,,
,"('Chuck Bosman', 'Linda Blossom')",,,,
,"('Bill Larsen', 'Duane Waid')",,,,
,"('Judy Kugelmass', 'Meg Jastran')",,,,
,"('Roxanne Gupta', 'Holly Bailey')",,,,
,"('Jack Wickham', 'Jeff Asbrand')",,,,
,"('Roxanne Gupta', 'Joseph Heath')",,,,
,"('Rob Schoeffel', 'Mary Ott')",,,,
,"('Rob Schoeffel', 'Michael Covert')",,,,
,"('Carolyn Knapp', 'Noelle Dembrosky')",,,,
,"('Mariah Plumlee', 'Linda Blossom')",,,,
,"('Patrick Morrell', 'Noelle Dembrosky')",,,,
,"('Don Barber', 'Jeff Bond')",,,,
,"('Carol French', 'Charles Bosman')",,,,
,"('Don Barber', 'Brayton Foster')",,,,
,"('Anthony Ingraffea', 'Michael Reynolds')",,,,
,"('Jorden DePue', 'Keith Jay')",,,,
,"('Patrick Morrell', 'Joseph Heath')",,,,
,"('Carol French', 'Sean Dembrowsky')",,,,
,"('Noelle Dembrosky', 'Chuck Bosman')",,,,
,"('Roxanne Gupta', 'Leon Anders')",,,,
,"('Maryann Vellake', 'David Dresser')",,,,
,"('Roxanne Gupta', 'Michael Dineen')",,,,
,"('Mariah Plumlee', 'Michael Dineen')",,,,
,"('Michael Reynolds', 'Michael Dineen')",,,,
,"('Gary Hunt', 'Peter Arena')",,,,
,"('Jeff Vann', 'Michael Covert')",,,,
,"('Chuck Bosman', 'Bill Larsen')",,,,
,"('Brayton Foster', 'Carrie Holcomb')",,,,
,"('Carol French', 'Jeff Asbrand')",,,,
,"('Barry Ford', 'Dave Nowicki')",,,,
,"('Don Barber', 'Rob Schoeffel')",,,,
,"('Gary Hunt', 'Ruth Same')",,,,
,"('Mary Ott', 'Duane Waid')",,,,
,"('Gary Hunt', 'Chris Kempf')",,,,
,"('William Kappel', 'Jack Wickham')",,,,
,"('Maryann Vellake', 'Judy Kugelmass')",,,,
,"('Chuck Bosman', 'Chris Kempf')",,,,
,"('Bruce Austic', 'Carrie Holcomb')",,,,
,"('Daniel Dembrosky', 'Keith Jay')",,,,
,"('Jorden DePue', 'Carolyn Knapp')",,,,
,"('Maryann Vellake', 'Ruth Same')",,,,
,"('Emily Aman', 'Jorden DePue')",,,,
,"('Leon Anders', 'Keith Jay')",,,,
,"('Leon Anders', 'Rob Schoeffel')",,,,
,"('Jorden DePue', 'Bill Larsen')",,,,
,"('Charles Bosman', 'Jeff Vann')",,,,
,"('Sean Dembrosky', 'Michael Reynolds')",,,,
,"('Carolyn Knapp', 'Carrie Holcomb')",,,,
,"('Noelle Dembrosky', 'Barry Ford')",,,,
,"('Sean Dembrowsky', 'Bill Larsen')",,,,
,"('Brayton Foster', 'Barbara Stewart')",,,,
,"('Holly Bailey', 'Anthony Ingraffea')",,,,
,"('Chuck Bosman', 'Jeff Bond')",,,,
,"('Don Barber', 'Dave Nowicki')",,,,
,"('Sean Dembrowsky', 'Barry Ford')",,,,
,"('Roxanne Gupta', 'Patrick Morrell')",,,,
,"('Sean Dembrosky', 'Chris Kempf')",,,,
,"('Jeff Asbrand', 'Linda Blossom')",,,,
,"('Chuck Bosman', 'Dave Nowicki')",,,,
,"('Hilary Gifford', 'Joseph Heath')",,,,
,"('Bruce Austic', 'Duane Waid')",,,,
,"('Carolyn Knapp', 'David Dresser')",,,,
,"('Joseph Heath', 'Holly Bailey')",,,,
,"('Jorden DePue', 'Jack Wickham')",,,,
,"('Daniel Dembrosky', 'Carrie Holcomb')",,,,
,"('Emily Aman', 'Carolyn Knapp')",,,,
,"('Jorden DePue', 'Mary Ott')",,,,
,"('Patrick Morrell', 'Mariah Plumlee')",,,,
,"('Joseph Heath', 'Jack Wickham')",,,,
,"('Jorden DePue', 'Jeff Bond')",,,,
,"('Don Barber', 'William Kappel')",,,,
,"('Hilary Gifford', 'Roxanne Gupta')",,,,
,"('Anthony Ingraffea', 'Richard Rose')",,,,
,"('Leon Anders', 'William Kappel')",,,,
,"('Carolyn Knapp', 'Bill Larsen')",,,,
,"('Carrie Holcomb', 'Duane Waid')",,,,
,"('Sean Dembrowsky', 'Mariah Plumlee')",,,,
,"('Carol French', 'Carrie Holcomb')",,,,
,"('Don Barber', 'Bruce Austic')",,,,
,"('Carol French', 'Gary Hunt')",,,,
,"('Eric Ott', 'Sean Dembrosky')",,,,
,"('Charles Bosman', 'Chris Kempf')",,,,
,"('Emily Aman', 'Rob Schoeffel')",,,,
,"('Roxanne Gupta', 'Carrie Holcomb')",,,,
,"('Patrick Morrell', 'Meg Jastran')",,,,
,"('Leon Anders', 'Duane Waid')",,,,
,"('Emily Aman', 'Linda Blossom')",,,,
,"('Leon Anders', 'Jeff Bond')",,,,
,"('Maryann Vellake', 'Jorden DePue')",,,,
,"('Peter Arena', 'Chris Kempf')",,,,
,"('Hilary Gifford', 'Eric Ott')",,,,
,"('Mary Ott', 'Chris Kempf')",,,,
,"('Carolyn Knapp', 'Chris Kempf')",,,,
,"('Jeff Asbrand', 'Chris Kempf')",,,,
,"('Carol French', 'Chuck Bosman')",,,,
,"('Peter Arena', 'David Dresser')",,,,
,"('Maryann Vellake', 'Bruce Austic')",,,,
,"('Rob Schoeffel', 'Mariah Plumlee')",,,,
,"('Holly Bailey', 'Jeff Vann')",,,,
,"('Emily Aman', 'Meg Jastran')",,,,
,"('Dave Nowicki', 'Chris Kempf')",,,,
,"('Maryann Vellake', 'Daniel Dembrosky')",,,,
,"('Gary Hunt', 'Carrie Holcomb')",,,,
,"('Bruce Austic', 'Daniel Dembrosky')",,,,
,"('Hilary Gifford', 'Chris Kempf')",,,,
,"('Emily Aman', 'Mary Ott')",,,,
,"('Don Barber', 'Barbara Stewart')",,,,
,"('Noelle Dembrosky', 'Jeff Vann')",,,,
,"('Don Barber', 'Barry Ford')",,,,
,"('Patrick Morrell', 'Mary Ott')",,,,
,"('Mariah Plumlee', 'Carrie Holcomb')",,,,
,"('Carol French', 'Ruth Same')",,,,
,"('Jeff Bond', 'David Dresser')",,,,
,"('Michael Reynolds', 'David Dresser')",,,,
,"('Mary Ott', 'David Dresser')",,,,
,"('Sean Dembrowsky', 'Carolyn Knapp')",,,,
,"('William Kappel', 'Judy Kugelmass')",,,,
,"('Chuck Bosman', 'Michael Covert')",,,,
,"('Noelle Dembrosky', 'Bill Larsen')",,,,
,"('Brayton Foster', 'Bruce Austic')",,,,
,"('Mary Ott', 'Michael Covert')",,,,
,"('Sean Dembrosky', 'Jeff Vann')",,,,
,"('Maryann Vellake', 'Peter Arena')",,,,
,"('Dave Nowicki', 'David Dresser')",,,,
,"('Peter Arena', 'Duane Waid')",,,,
,"('Charles Bosman', 'Barbara Stewart')",,,,
,"('Emily Aman', 'Mariah Plumlee')",,,,
,"('Jorden DePue', 'William Kappel')",,,,
,"('Meg Jastran', 'Dave Nowicki')",,,,
,"('Patrick Morrell', 'William Kappel')",,,,
,"('Emily Aman', 'Sean Dembrowsky')",,,,
,"('Dave Nowicki', 'Keith Jay')",,,,
,"('Barry Ford', 'Michael Covert')",,,,
,"('Maryann Vellake', 'Richard Rose')",,,,
,"('Don Barber', 'Mariah Plumlee')",,,,
,"('Sean Dembrosky', 'Ruth Same')",,,,
,"('Carol French', 'Jack Wickham')",,,,
,"('Noelle Dembrosky', 'Michael Dineen')",,,,
,"('Judy Kugelmass', 'Linda Blossom')",,,,
,"('William Kappel', 'David Dresser')",,,,
,"('Roxanne Gupta', 'David Dresser')",,,,
,"('Jorden DePue', 'Michael Dineen')",,,,
,"('Eric Ott', 'Chuck Bosman')",,,,
,"('Jorden DePue', 'Michael Covert')",,,,
,"('Bruce Austic', 'Mary Ott')",,,,
,"('Sean Dembrowsky', 'Michael Dineen')",,,,
,"('Jorden DePue', 'Daniel Dembrosky')",,,,
,"('Bruce Austic', 'Meg Jastran')",,,,
,"('Carol French', 'Michael Reynolds')",,,,
,"('Emily Aman', 'Carrie Holcomb')",,,,
,"('Judy Kugelmass', 'David Dresser')",,,,
,"('Patrick Morrell', 'Peter Arena')",,,,
,"('Sean Dembrowsky', 'Richard Rose')",,,,
,"('Carol French', 'Daniel Dembrosky')",,,,
,"('Daniel Dembrosky', 'Chuck Bosman')",,,,
,"('Peter Arena', 'Jeff Bond')",,,,
,"('Judy Kugelmass', 'Jack Wickham')",,,,
,"('Sean Dembrowsky', 'Holly Bailey')",,,,
,"('Jack Wickham', 'Jeff Bond')",,,,
,"('Carolyn Knapp', 'Mariah Plumlee')",,,,
,"('Anthony Ingraffea', 'Michael Covert')",,,,
,"('Judy Kugelmass', 'Jeff Asbrand')",,,,
,"('Rob Schoeffel', 'Brayton Foster')",,,,
,"('Bill Larsen', 'Jeff Asbrand')",,,,
,"('Gary Hunt', 'Anthony Ingraffea')",,,,
,"('Carolyn Knapp', 'Anthony Ingraffea')",,,,
,"('Bill Larsen', 'Mary Ott')",,,,
,"('Keith Jay', 'Barbara Stewart')",,,,
,"('Emily Aman', 'Brayton Foster')",,,,
,"('Maryann Vellake', 'Jeff Asbrand')",,,,
,"('Barry Ford', 'Barbara Stewart')",,,,
,"('Barry Ford', 'Richard Rose')",,,,
,"('Bill Larsen', 'Jeff Bond')",,,,
,"('Maryann Vellake', 'Sean Dembrosky')",,,,
,"('Carrie Holcomb', 'Barbara Stewart')",,,,
,"('Meg Jastran', 'Ruth Same')",,,,
,"('Daniel Dembrosky', 'Jeff Bond')",,,,
,"('Joseph Heath', 'William Kappel')",,,,
,"('Carolyn Knapp', 'Richard Rose')",,,,
,"('Carolyn Knapp', 'Peter Arena')",,,,
,"('Patrick Morrell', 'Brayton Foster')",,,,
,"('Meg Jastran', 'Jeff Asbrand')",,,,
,"('Leon Anders', 'Sean Dembrowsky')",,,,
,"('Don Barber', 'Holly Bailey')",,,,
,"('Eric Ott', 'Rob Schoeffel')",,,,
,"('Meg Jastran', 'David Dresser')",,,,
,"('Judy Kugelmass', 'Dave Nowicki')",,,,
,"('Daniel Dembrosky', 'Barbara Stewart')",,,,
,"('Sean Dembrowsky', 'Barbara Stewart')",,,,
,"('Jeff Vann', 'Dave Nowicki')",,,,
,"('Carol French', 'David Dresser')",,,,
,"('Daniel Dembrosky', 'Charles Bosman')",,,,
,"('Don Barber', 'Emily Aman')",,,,
,"('Keith Jay', 'Ruth Same')",,,,
,"('Holly Bailey', 'Michael Reynolds')",,,,
,"('William Kappel', 'Michael Dineen')",,,,
,"('Sean Dembrosky', 'Barry Ford')",,,,
,"('Jorden DePue', 'Noelle Dembrosky')",,,,
,"('Daniel Dembrosky', 'Noelle Dembrosky')",,,,
,"('Bruce Austic', 'Noelle Dembrosky')",,,,
,"('Don Barber', 'Michael Dineen')",,,,
,"('Michael Dineen', 'Duane Waid')",,,,
,"('Rob Schoeffel', 'Dave Nowicki')",,,,
,"('Noelle Dembrosky', 'Jeff Bond')",,,,
,"('Charles Bosman', 'David Dresser')",,,,
,"('Eric Ott', 'Brayton Foster')",,,,
,"('Michael Dineen', 'Barbara Stewart')",,,,
,"('Carol French', 'Richard Rose')",,,,
,"('Daniel Dembrosky', 'Jeff Asbrand')",,,,
,"('Emily Aman', 'Maryann Vellake')",,,,
,"('Rob Schoeffel', 'Carrie Holcomb')",,,,
,"('Peter Arena', 'Meg Jastran')",,,,
,"('Sean Dembrosky', 'William Kappel')",,,,
,"('Don Barber', 'Chris Kempf')",,,,
,"('Gary Hunt', 'Bruce Austic')",,,,
,"('Holly Bailey', 'Noelle Dembrosky')",,,,
,"('Anthony Ingraffea', 'Dave Nowicki')",,,,
,"('Gary Hunt', 'Mariah Plumlee')",,,,
,"('Brayton Foster', 'Anthony Ingraffea')",,,,
,"('Meg Jastran', 'Chris Kempf')",,,,
,"('Jorden DePue', 'Charles Bosman')",,,,
,"('Don Barber', 'Sean Dembrosky')",,,,
,"('Peter Arena', 'Linda Blossom')",,,,
,"('Carrie Holcomb', 'Jack Wickham')",,,,
,"('Sean Dembrosky', 'Noelle Dembrosky')",,,,
,"('Gary Hunt', 'David Dresser')",,,,
,"('Hilary Gifford', 'Meg Jastran')",,,,
,"('Roxanne Gupta', 'Rob Schoeffel')",,,,
,"('Rob Schoeffel', 'Chuck Bosman')",,,,
,"('Jack Wickham', 'Jeff Vann')",,,,
,"('Mariah Plumlee', 'Mary Ott')",,,,
,"('Rob Schoeffel', 'Barbara Stewart')",,,,
,"('Holly Bailey', 'Jeff Bond')",,,,
,"('Jeff Asbrand', 'Duane Waid')",,,,
,"('Gary Hunt', 'Richard Rose')",,,,
,"('Noelle Dembrosky', 'Michael Covert')",,,,
,"('Patrick Morrell', 'Anthony Ingraffea')",,,,
,"('Carol French', 'Patrick Morrell')",,,,
,"('Don Barber', 'David Dresser')",,,,
,"('Emily Aman', 'Barbara Stewart')",,,,
,"('Noelle Dembrosky', 'David Dresser')",,,,
,"('Chuck Bosman', 'Barbara Stewart')",,,,
,"('Charles Bosman', 'Jeff Bond')",,,,
,"('Michael Dineen', 'Ruth Same')",,,,
,"('Holly Bailey', 'Charles Bosman')",,,,
,"('Eric Ott', 'Dave Nowicki')",,,,
,"('Don Barber', 'Carrie Holcomb')",,,,
,"('Gary Hunt', 'Sean Dembrosky')",,,,
,"('Richard Rose', 'Dave Nowicki')",,,,
,"('Sean Dembrowsky', 'Anthony Ingraffea')",,,,
,"('Carolyn Knapp', 'Charles Bosman')",,,,
,"('Bruce Austic', 'Richard Rose')",,,,
,"('Mariah Plumlee', 'Michael Covert')",,,,
,"('Rob Schoeffel', 'Meg Jastran')",,,,
,"('Joseph Heath', 'Duane Waid')",,,,
,"('Hilary Gifford', 'Carolyn Knapp')",,,,
,"('Holly Bailey', 'Carolyn Knapp')",,,,
,"('Judy Kugelmass', 'Charles Bosman')",,,,
,"('Don Barber', 'Judy Kugelmass')",,,,
,"('Hilary Gifford', 'Don Barber')",,,,
,"('Roxanne Gupta', 'Gary Hunt')",,,,
,"('Daniel Dembrosky', 'Linda Blossom')",,,,
,"('Roxanne Gupta', 'Peter Arena')",,,,
,"('Linda Blossom', 'Ruth Same')",,,,
,"('William Kappel', 'Carrie Holcomb')",,,,
,"('Michael Dineen', 'David Dresser')",,,,
,"('Sean Dembrosky', 'Daniel Dembrosky')",,,,
,"('Bruce Austic', 'Chuck Bosman')",,,,
,"('Patrick Morrell', 'Dave Nowicki')",,,,
,"('Holly Bailey', 'Michael Covert')",,,,
,"('Charles Bosman', 'Richard Rose')",,,,
,"('Peter Arena', 'Michael Reynolds')",,,,
,"('Eric Ott', 'Mariah Plumlee')",,,,
,"('Roxanne Gupta', 'Chuck Bosman')",,,,
,"('Richard Rose', 'Michael Covert')",,,,
,"('Michael Dineen', 'Jack Wickham')",,,,
,"('Rob Schoeffel', 'David Dresser')",,,,
,"('Richard Rose', 'Bill Larsen')",,,,
,"('Hilary Gifford', 'Ruth Same')",,,,
,"('Chuck Bosman', 'David Dresser')",,,,
,"('Leon Anders', 'Barbara Stewart')",,,,
,"('Duane Waid', 'Chris Kempf')",,,,
,"('Joseph Heath', 'Michael Reynolds')",,,,
,"('Sean Dembrowsky', 'Mary Ott')",,,,
,"('Roxanne Gupta', 'Bill Larsen')",,,,
,"('Carrie Holcomb', 'Bill Larsen')",,,,
,"('Judy Kugelmass', 'Jeff Vann')",,,,
,"('Mariah Plumlee', 'Keith Jay')",,,,
,"('Hilary Gifford', 'Maryann Vellake')",,,,
,"('Hilary Gifford', 'Jorden DePue')",,,,
,"('Charles Bosman', 'Chuck Bosman')",,,,
,"('Hilary Gifford', 'Michael Reynolds')",,,,
,"('Anthony Ingraffea', 'Meg Jastran')",,,,
,"('Eric Ott', 'Barry Ford')",,,,
,"('Eric Ott', 'Chris Kempf')",,,,
,"('Roxanne Gupta', 'Emily Aman')",,,,
,"('Eric Ott', 'Emily Aman')",,,,
,"('Sean Dembrowsky', 'Noelle Dembrosky')",,,,
,"('Daniel Dembrosky', 'Jeff Vann')",,,,
,"('Roxanne Gupta', 'Ruth Same')",,,,
,"('Sean Dembrosky', 'Meg Jastran')",,,,
,"('William Kappel', 'Jeff Vann')",,,,
,"('Peter Arena', 'Carrie Holcomb')",,,,
,"('Jorden DePue', 'David Dresser')",,,,
,"('Daniel Dembrosky', 'Michael Covert')",,,,
,"('Carol French', 'Sean Dembrosky')",,,,
,"('Noelle Dembrosky', 'Keith Jay')",,,,
,"('Brayton Foster', 'Sean Dembrowsky')",,,,
,"('Rob Schoeffel', 'Sean Dembrowsky')",,,,
,"('Anthony Ingraffea', 'Michael Dineen')",,,,
,"('Michael Dineen', 'Dave Nowicki')",,,,
,"('Brayton Foster', 'Noelle Dembrosky')",,,,
,"('Charles Bosman', 'Linda Blossom')",,,,
,"('Keith Jay', 'Linda Blossom')",,,,
,"('Judy Kugelmass', 'Chuck Bosman')",,,,
,"('Linda Blossom', 'Chris Kempf')",,,,
,"('Joseph Heath', 'Michael Covert')",,,,
,"('Don Barber', 'Keith Jay')",,,,
,"('Daniel Dembrosky', 'Chris Kempf')",,,,
,"('Leon Anders', 'David Dresser')",,,,
,"('Jorden DePue', 'Michael Reynolds')",,,,
,"('Brayton Foster', 'Mary Ott')",,,,
,"('Bruce Austic', 'Jeff Vann')",,,,
,"('Michael Reynolds', 'Michael Covert')",,,,
,"('Carolyn Knapp', 'Dave Nowicki')",,,,
,"('Patrick Morrell', 'Michael Reynolds')",,,,
,"('Gary Hunt', 'William Kappel')",,,,
,"('Jorden DePue', 'Ruth Same')",,,,
,"('Patrick Morrell', 'Jeff Asbrand')",,,,
,"('Richard Rose', 'Linda Blossom')",,,,
,"('Peter Arena', 'Anthony Ingraffea')",,,,
,"('Hilary Gifford', 'Brayton Foster')",,,,
,"('Sean Dembrosky', 'Chuck Bosman')",,,,
,"('Maryann Vellake', 'Mariah Plumlee')",,,,
,"('Don Barber', 'Mary Ott')",,,,
,"('Bruce Austic', 'Jeff Bond')",,,,
,"('Michael Dineen', 'Keith Jay')",,,,
,"('Joseph Heath', 'Maryann Vellake')",,,,
,"('Don Barber', 'Duane Waid')",,,,
,"('Emily Aman', 'Sean Dembrosky')",,,,
,"('Dave Nowicki', 'Duane Waid')",,,,
,"('Brayton Foster', 'Charles Bosman')",,,,
,"('Maryann Vellake', 'Chris Kempf')",,,,
,"('Peter Arena', 'Bill Larsen')",,,,
,"('Sean Dembrowsky', 'Michael Covert')",,,,
,"('Leon Anders', 'Jeff Vann')",,,,
,"('Daniel Dembrosky', 'Anthony Ingraffea')",,,,
,"('Rob Schoeffel', 'Richard Rose')",,,,
,"('Linda Blossom', 'Michael Covert')",,,,
,"('Eric Ott', 'Jeff Vann')",,,,
,"('Barry Ford', 'Linda Blossom')",,,,
,"('Carrie Holcomb', 'Jeff Bond')",,,,
,"('Judy Kugelmass', 'Keith Jay')",,,,
,"('Maryann Vellake', 'Dave Nowicki')",,,,
,"('Gary Hunt', 'Chuck Bosman')",,,,
,"('Brayton Foster', 'Carolyn Knapp')",,,,
,"('Jeff Vann', 'Chris Kempf')",,,,
,"('Anthony Ingraffea', 'Barry Ford')",,,,
,"('Bruce Austic', 'Judy Kugelmass')",,,,
,"('Ruth Same', 'Chris Kempf')",,,,
,"('Daniel Dembrosky', 'Duane Waid')",,,,
,"('Sean Dembrowsky', 'Linda Blossom')",,,,
,"('Dave Nowicki', 'Mary Ott')",,,,
,"('Maryann Vellake', 'Brayton Foster')",,,,
,"('Carrie Holcomb', 'Dave Nowicki')",,,,
,"('Judy Kugelmass', 'Duane Waid')",,,,
,"('Jeff Vann', 'Duane Waid')",,,,
,"('Peter Arena', 'Keith Jay')",,,,
,"('Hilary Gifford', 'Mariah Plumlee')",,,,
,"('Sean Dembrowsky', 'Meg Jastran')",,,,
,"('Rob Schoeffel', 'Sean Dembrosky')",,,,
,"('Michael Reynolds', 'Carrie Holcomb')",,,,
,"('Carol French', 'Peter Arena')",,,,
,"('Richard Rose', 'Chris Kempf')",,,,
,"('Gary Hunt', 'Dave Nowicki')",,,,
,"('Richard Rose', 'Ruth Same')",,,,
,"('Anthony Ingraffea', 'Mariah Plumlee')",,,,
,"('Rob Schoeffel', 'William Kappel')",,,,
,"('Rob Schoeffel', 'Jack Wickham')",,,,
,"('Sean Dembrosky', 'Duane Waid')",,,,
,"('Bruce Austic', 'Dave Nowicki')",,,,
,"('Peter Arena', 'Mariah Plumlee')",,,,
,"('Daniel Dembrosky', 'Barry Ford')",,,,
,"('Noelle Dembrosky', 'Barbara Stewart')",,,,
,"('Mariah Plumlee', 'Dave Nowicki')",,,,
,"('Anthony Ingraffea', 'Duane Waid')",,,,
,"('Roxanne Gupta', 'Richard Rose')",,,,
,"('William Kappel', 'Linda Blossom')",,,,
,"('Hilary Gifford', 'Anthony Ingraffea')",,,,
,"('Jack Wickham', 'Linda Blossom')",,,,
,"('Peter Arena', 'Jack Wickham')",,,,
,"('Hilary Gifford', 'Jeff Bond')",,,,
,"('Sean Dembrowsky', 'Chris Kempf')",,,,
,"('Patrick Morrell', 'Sean Dembrosky')",,,,
,"('Rob Schoeffel', 'Jeff Vann')",,,,
,"('Don Barber', 'Leon Anders')",,,,
,"('Noelle Dembrosky', 'Ruth Same')",,,,
,"('Richard Rose', 'Jeff Asbrand')",,,,
,"('Richard Rose', 'David Dresser')",,,,
,"('Joseph Heath', 'Dave Nowicki')",,,,
,"('Barry Ford', 'David Dresser')",,,,
,"('Jorden DePue', 'Barry Ford')",,,,
,"('Jeff Vann', 'Barbara Stewart')",,,,
,"('Sean Dembrosky', 'Carrie Holcomb')",,,,
,"('Meg Jastran', 'Linda Blossom')",,,,
,"('Noelle Dembrosky', 'Jeff Asbrand')",,,,
,"('Sean Dembrosky', 'Jeff Bond')",,,,
,"('Barry Ford', 'Keith Jay')",,,,
,"('Patrick Morrell', 'Richard Rose')",,,,
,"('Joseph Heath', 'Jorden DePue')",,,,
,"('Jack Wickham', 'David Dresser')",,,,
,"('Barry Ford', 'Chuck Bosman')",,,,
,"('Patrick Morrell', 'Leon Anders')",,,,
,"('Jeff Vann', 'David Dresser')",,,,
,"('Jorden DePue', 'Richard Rose')",,,,
,"('Hilary Gifford', 'Judy Kugelmass')",,,,
,"('Eric Ott', 'Maryann Vellake')",,,,
,"('Hilary Gifford', 'Mary Ott')",,,,
,"('Peter Arena', 'Michael Covert')",,,,
,"('Gary Hunt', 'Barbara Stewart')",,,,
,"('Michael Dineen', 'Bill Larsen')",,,,
,"('Gary Hunt', 'Mary Ott')",,,,
,"('Anthony Ingraffea', 'Jeff Vann')",,,,
,"('Eric Ott', 'Jorden DePue')",,,,
,"('Don Barber', 'Daniel Dembrosky')",,,,
,"('Charles Bosman', 'Noelle Dembrosky')",,,,
,"('Brayton Foster', 'Richard Rose')",,,,
,"('Daniel Dembrosky', 'Judy Kugelmass')",,,,
,"('Eric Ott', 'Charles Bosman')",,,,
,"('Gary Hunt', 'Judy Kugelmass')",,,,
,"('Maryann Vellake', 'Mary Ott')",,,,
,"('Mariah Plumlee', 'Bill Larsen')",,,,
,"('Dave Nowicki', 'Linda Blossom')",,,,
,"('Sean Dembrosky', 'Bill Larsen')",,,,
,"('Meg Jastran', 'Mary Ott')",,,,
,"('Maryann Vellake', 'Jeff Bond')",,,,
,"('Brayton Foster', 'Chris Kempf')",,,,
,"('Michael Reynolds', 'Linda Blossom')",,,,
,"('Gary Hunt', 'Rob Schoeffel')",,,,
,"('Anthony Ingraffea', 'David Dresser')",,,,
,"('Joseph Heath', 'David Dresser')",,,,
,"('Hilary Gifford', 'Richard Rose')",,,,
,"('Judy Kugelmass', 'Mariah Plumlee')",,,,
,"('Carrie Holcomb', 'Jeff Vann')",,,,
,"('Sean Dembrosky', 'David Dresser')",,,,
,"('Hilary Gifford', 'Leon Anders')",,,,
,"('Michael Dineen', 'Richard Rose')",,,,
,"('Barry Ford', 'Jeff Asbrand')",,,,
,"('Anthony Ingraffea', 'Mary Ott')",,,,
,"('Carol French', 'Barbara Stewart')",,,,
,"('Peter Arena', 'Michael Dineen')",,,,
,"('Sean Dembrosky', 'Michael Dineen')",,,,
,"('Meg Jastran', 'Keith Jay')",,,,
,"('Don Barber', 'Charles Bosman')",,,,
,"('Holly Bailey', 'Bill Larsen')",,,,
,"('Don Barber', 'Sean Dembrowsky')",,,,
,"('Meg Jastran', 'Michael Covert')",,,,
,"('Jeff Vann', 'Linda Blossom')",,,,
,"('Maryann Vellake', 'Meg Jastran')",,,,
,"('Daniel Dembrosky', 'Holly Bailey')",,,,
,"('Sean Dembrowsky', 'Peter Arena')",,,,
,"('Chuck Bosman', 'Ruth Same')",,,,
,"('Bruce Austic', 'William Kappel')",,,,
,"('Anthony Ingraffea', 'Carrie Holcomb')",,,,
,"('Emily Aman', 'Dave Nowicki')",,,,
,"('Gary Hunt', 'Jorden DePue')",,,,
,"('William Kappel', 'Chris Kempf')",,,,
,"('Brayton Foster', 'Michael Covert')",,,,
,"('Joseph Heath', 'Bruce Austic')",,,,
,"('Michael Reynolds', 'Chuck Bosman')",,,,
,"('Don Barber', 'Jeff Asbrand')",,,,
,"('Carrie Holcomb', 'Michael Covert')",,,,
,"('Rob Schoeffel', 'Linda Blossom')",,,,
,"('Eric Ott', 'Holly Bailey')",,,,
,"('Leon Anders', 'Peter Arena')",,,,
,"('Holly Bailey', 'Dave Nowicki')",,,,
,"('Emily Aman', 'Michael Covert')",,,,
,"('Daniel Dembrosky', 'Michael Dineen')",,,,
,"('Keith Jay', 'Michael Covert')",,,,
,"('Carolyn Knapp', 'Barbara Stewart')",,,,
,"('Carolyn Knapp', 'Mary Ott')",,,,
,"('Charles Bosman', 'Dave Nowicki')",,,,
,"('Bruce Austic', 'David Dresser')",,,,
,"('Mary Ott', 'Ruth Same')",,,,
,"('Holly Bailey', 'Peter Arena')",,,,
,"('Anthony Ingraffea', 'Linda Blossom')",,,,
,"('Don Barber', 'Joseph Heath')",,,,
,"('William Kappel', 'Duane Waid')",,,,
,"('Mariah Plumlee', 'Jeff Vann')",,,,
,"('Jack Wickham', 'Duane Waid')",,,,
,"('Duane Waid', 'Barbara Stewart')",,,,
,"('Jorden DePue', 'Holly Bailey')",,,,
,"('Jorden DePue', 'Peter Arena')",,,,
,"('Sean Dembrosky', 'Mary Ott')",,,,
,"('Noelle Dembrosky', 'Richard Rose')",,,,
,"('Rob Schoeffel', 'Holly Bailey')",,,,
,"('Peter Arena', 'Jeff Vann')",,,,
,"('Bruce Austic', 'Peter Arena')",,,,
,"('Roxanne Gupta', 'Keith Jay')",,,,
,"('Eric Ott', 'Mary Ott')",,,,
,"('Brayton Foster', 'David Dresser')",,,,
,"('Eric Ott', 'Barbara Stewart')",,,,
,"('Mary Ott', 'Linda Blossom')",,,,
,"('Dave Nowicki', 'Michael Covert')",,,,
,"('Keith Jay', 'Duane Waid')",,,,
,"('Sean Dembrosky', 'Sean Dembrowsky')",,,,
,"('Brayton Foster', 'Jeff Bond')",,,,
,"('Brayton Foster', 'Keith Jay')",,,,
,"('Rob Schoeffel', 'Keith Jay')",,,,
,"('Meg Jastran', 'Richard Rose')",,,,
,"('Rob Schoeffel', 'Jeff Bond')",,,,
,"('Carolyn Knapp', 'Meg Jastran')",,,,
,"('Jeff Bond', 'Duane Waid')",,,,
,"('Mariah Plumlee', 'Chuck Bosman')",,,,
,"('Bruce Austic', 'Jorden DePue')",,,,
,"('Judy Kugelmass', 'Michael Dineen')",,,,
,"('Joseph Heath', 'Rob Schoeffel')",,,,
,"('Patrick Morrell', 'Bill Larsen')",,,,
,"('Carolyn Knapp', 'Michael Covert')",,,,
,"('Sean Dembrowsky', 'David Dresser')",,,,
,"('Jack Wickham', 'Chris Kempf')",,,,
,"('Peter Arena', 'Chuck Bosman')",,,,
,"('Emily Aman', 'Jeff Asbrand')",,,,
,"('Brayton Foster', 'Ruth Same')",,,,
,"('Sean Dembrosky', 'Michael Covert')",,,,
,"('Michael Dineen', 'Chris Kempf')",,,,
,"('Carol French', 'Bruce Austic')",,,,
,"('Mariah Plumlee', 'Chris Kempf')",,,,
,"('Barry Ford', 'Mary Ott')",,,,
,"('Maryann Vellake', 'Barbara Stewart')",,,,
,"('Bruce Austic', 'Barbara Stewart')",,,,
,"('Sean Dembrowsky', 'William Kappel')",,,,
,"('Patrick Morrell', 'David Dresser')",,,,
,"('Michael Reynolds', 'Jeff Bond')",,,,
,"('Rob Schoeffel', 'Barry Ford')",,,,
,"('Rob Schoeffel', 'Carolyn Knapp')",,,,
,"('Daniel Dembrosky', 'Dave Nowicki')",,,,
,"('Keith Jay', 'Mary Ott')",,,,
,"('Brayton Foster', 'Bill Larsen')",,,,
,"('Carol French', 'Jorden DePue')",,,,
,"('Maryann Vellake', 'Noelle Dembrosky')",,,,
,"('Patrick Morrell', 'Jack Wickham')",,,,
,"('Don Barber', 'Chuck Bosman')",,,,
,"('Roxanne Gupta', 'Jorden DePue')",,,,
,"('Hilary Gifford', 'David Dresser')",,,,
,"('Patrick Morrell', 'Gary Hunt')",,,,
,"('Joseph Heath', 'Chris Kempf')",,,,
,"('Hilary Gifford', 'Emily Aman')",,,,
,"('Bruce Austic', 'Jeff Asbrand')",,,,
,"('Dave Nowicki', 'Jeff Bond')",,,,
,"('Patrick Morrell', 'Carrie Holcomb')",,,,
,"('William Kappel', 'Barbara Stewart')",,,,
,"('Judy Kugelmass', 'Noelle Dembrosky')",,,,
,"('Jorden DePue', 'Carrie Holcomb')",,,,
,"('Linda Blossom', 'Duane Waid')",,,,
,"('Linda Blossom', 'Jeff Bond')",,,,
,"('Sean Dembrowsky', 'Carrie Holcomb')",,,,
,"('Jorden DePue', 'Chuck Bosman')",,,,
,"('Michael Covert', 'Chris Kempf')",,,,
,"('Sean Dembrowsky', 'Jeff Bond')",,,,
,"('William Kappel', 'Michael Covert')",,,,
,"('Judy Kugelmass', 'Barbara Stewart')",,,,
,"('Maryann Vellake', 'Duane Waid')",,,,
,"('Dave Nowicki', 'Ruth Same')",,,,
,"('Ruth Same', 'Barbara Stewart')",,,,
,"('Roxanne Gupta', 'Brayton Foster')",,,,
,"('Emily Aman', 'Jeff Bond')",,,,
,"('Carrie Holcomb', 'Chris Kempf')",,,,
,"('Meg Jastran', 'Jack Wickham')",,,,
,"('Judy Kugelmass', 'Carolyn Knapp')",,,,
,"('Leon Anders', 'Michael Dineen')",,,,
,"('Patrick Morrell', 'Jeff Bond')",,,,
,"('Brayton Foster', 'Dave Nowicki')",,,,
,"('Daniel Dembrosky', 'Mary Ott')",,,,
,"('Holly Bailey', 'Judy Kugelmass')",,,,
,"('Hilary Gifford', 'Gary Hunt')",,,,
,"('Emily Aman', 'Barry Ford')",,,,
,"('Dave Nowicki', 'Bill Larsen')",,,,
,"('Emily Aman', 'Patrick Morrell')",,,,
,"('Don Barber', 'Bill Larsen')",,,,
,"('Mariah Plumlee', 'Duane Waid')",,,,
,"('Carrie Holcomb', 'Michael Dineen')",,,,
,"('Jack Wickham', 'Michael Covert')",,,,
,"('Sean Dembrowsky', 'Bruce Austic')",,,,
,"('Carol French', 'Roxanne Gupta')",,,,
,"('Leon Anders', 'Jack Wickham')",,,,
,"('Jorden DePue', 'Anthony Ingraffea')",,,,
,"('Sean Dembrowsky', 'Michael Reynolds')",,,,
,"('Mariah Plumlee', 'Meg Jastran')",,,,
,"('Dave Nowicki', 'Jeff Asbrand')",,,,
,"('William Kappel', 'Meg Jastran')",,,,
,"('Anthony Ingraffea', 'Barbara Stewart')",,,,
,"('Judy Kugelmass', 'Ruth Same')",,,,
,"('Rob Schoeffel', 'Ruth Same')",,,,
,"('Holly Bailey', 'Barbara Stewart')",,,,
,"('Chuck Bosman', 'Jeff Asbrand')",,,,
,"('Leon Anders', 'Michael Covert')",,,,
,"('Joseph Heath', 'Meg Jastran')",,,,
,"('Mary Ott', 'Jeff Bond')",,,,
,"('Noelle Dembrosky', 'Chris Kempf')",,,,
,"('Richard Rose', 'Mary Ott')",,,,
,"('Carolyn Knapp', 'Ruth Same')",,,,
,"('Rob Schoeffel', 'Bill Larsen')",,,,
,"('Judy Kugelmass', 'Bill Larsen')",,,,
,"('Emily Aman', 'Joseph Heath')",,,,
,"('Chuck Bosman', 'Duane Waid')",,,,
,"('Eric Ott', 'Patrick Morrell')",,,,
,"('Chuck Bosman', 'Jeff Vann')",,,,
,"('Hilary Gifford', 'Keith Jay')",,,,
,"('Judy Kugelmass', 'Barry Ford')",,,,
,"('Noelle Dembrosky', 'Linda Blossom')",,,,
,"('Patrick Morrell', 'Sean Dembrowsky')",,,,
,"('Carolyn Knapp', 'Jeff Vann')",,,,
,"('Hilary Gifford', 'Daniel Dembrosky')",,,,
,"('Carolyn Knapp', 'Duane Waid')",,,,
,"('Jeff Vann', 'Bill Larsen')",,,,
,"('Noelle Dembrosky', 'Carrie Holcomb')",,,,
,"('William Kappel', 'Bill Larsen')",,,,
,"('Meg Jastran', 'Barbara Stewart')",,,,
,"('Eric Ott', 'Joseph Heath')",,,,
,"('Maryann Vellake', 'Chuck Bosman')",,,,
,"('Michael Reynolds', 'Jeff Vann')",,,,
,"('Holly Bailey', 'Jack Wickham')",,,,
,"('Judy Kugelmass', 'Michael Covert')",,,,
,"('Jack Wickham', 'Mary Ott')",,,,
,"('Emily Aman', 'Noelle Dembrosky')",,,,
,"('Jack Wickham', 'Barbara Stewart')",,,,
,"('Carrie Holcomb', 'Meg Jastran')",,,,
,"('Don Barber', 'Michael Reynolds')",,,,
,"('Rob Schoeffel', 'Michael Dineen')",,,,
,"('Joseph Heath', 'Leon Anders')",,,,
,"('Eric Ott', 'Leon Anders')",,,,
,"('Carol French', 'Noelle Dembrosky')",,,,
,"('Hilary Gifford', 'Jeff Asbrand')",,,,
,"('Patrick Morrell', 'Chris Kempf')",,,,
,"('Noelle Dembrosky', 'Meg Jastran')",,,,
,"('Michael Reynolds', 'Dave Nowicki')",,,,
,"('Charles Bosman', 'Jeff Asbrand')",,,,
,"('Bruce Austic', 'Carolyn Knapp')",,,,
,"('Maryann Vellake', 'Jeff Vann')",,,,
,"('Bill Larsen', 'Linda Blossom')",,,,
,"('William Kappel', 'Jeff Bond')",,,,
,"('Michael Dineen', 'Michael Covert')",,,,
,"('Roxanne Gupta', 'Maryann Vellake')",,,,
,"('Emily Aman', 'Duane Waid')",,,,
,"('Charles Bosman', 'Ruth Same')",,,,
,"('Holly Bailey', 'Meg Jastran')",,,,
,"('Joseph Heath', 'Jeff Vann')",,,,
,"('Anthony Ingraffea', 'Bill Larsen')",,,,
,"('Leon Anders', 'Jorden DePue')",,,,
,"('Jeff Asbrand', 'Jeff Bond')",,,,
,"('Mariah Plumlee', 'David Dresser')",,,,
,"('Bill Larsen', 'Keith Jay')",,,,
,"('Patrick Morrell', 'Barry Ford')",,,,
,"('Leon Anders', 'Charles Bosman')",,,,
,"('Eric Ott', 'Duane Waid')",,,,
,"('Holly Bailey', 'Duane Waid')",,,,
,"('Sean Dembrosky', 'Bruce Austic')",,,,
,"('Carolyn Knapp', 'Jeff Bond')",,,,
,"('William Kappel', 'Peter Arena')",,,,
,"('Don Barber', 'Richard Rose')",,,,
,"('Carolyn Knapp', 'Chuck Bosman')",,,,
,"('Leon Anders', 'Bill Larsen')",,,,
,"('Leon Anders', 'Brayton Foster')",,,,
,"('Maryann Vellake', 'Linda Blossom')",,,,
,"('Sean Dembrowsky', 'Jeff Vann')",,,,
,"('Carol French', 'Eric Ott')",,,,
,"('Mary Ott', 'Barbara Stewart')",,,,
,"('Eric Ott', 'Bill Larsen')",,,,
,"('Carol French', 'Chris Kempf')",,,,
,"('Noelle Dembrosky', 'Mary Ott')",,,,
,"('Roxanne Gupta', 'Noelle Dembrosky')",,,,
,"('Leon Anders', 'Barry Ford')",,,,
,"('William Kappel', 'Dave Nowicki')",,,,
,"('Emily Aman', 'Bill Larsen')",,,,
,"('Emily Aman', 'Keith Jay')",,,,
,"('Emily Aman', 'Judy Kugelmass')",,,,
,"('Leon Anders', 'Bruce Austic')",,,,
,"('Joseph Heath', 'Noelle Dembrosky')",,,,
,"('Rob Schoeffel', 'Anthony Ingraffea')",,,,
,"('Jorden DePue', 'Mariah Plumlee')",,,,
,"('Jorden DePue', 'Barbara Stewart')",,,,
,"('Carrie Holcomb', 'Barry Ford')",,,,
,"('Leon Anders', 'Chris Kempf')",,,,
,"('Roxanne Gupta', 'Jack Wickham')",,,,
,"('Don Barber', 'Linda Blossom')",,,,
,"('Michael Covert', 'Ruth Same')",,,,
,"('Bruce Austic', 'Charles Bosman')",,,,
,"('Emily Aman', 'Anthony Ingraffea')",,,,
,"('Barry Ford', 'Jeff Vann')",,,,
,"('Carrie Holcomb', 'Mary Ott')",,,,
,"('William Kappel', 'Keith Jay')",,,,
,"('Leon Anders', 'Jeff Asbrand')",,,,
,"('Leon Anders', 'Daniel Dembrosky')",,,,
,"('Jorden DePue', 'Duane Waid')",,,,
,"('Roxanne Gupta', 'Mariah Plumlee')",,,,
,"('Eric Ott', 'Gary Hunt')",,,,
,"('Michael Reynolds', 'Chris Kempf')",,,,
,"('Michael Dineen', 'Barry Ford')",,,,
,"('Eric Ott', 'Jeff Bond')",,,,
,"('Mariah Plumlee', 'Jeff Bond')",,,,
,"('Roxanne Gupta', 'Carolyn Knapp')",,,,
,"('Sean Dembrosky', 'Holly Bailey')",,,,
,"('Eric Ott', 'Noelle Dembrosky')",,,,
,"('Michael Reynolds', 'Barry Ford')",,,,
,"('Gary Hunt', 'Daniel Dembrosky')",,,,
,"('Charles Bosman', 'Duane Waid')",,,,
,"('Mariah Plumlee', 'Barbara Stewart')",,,,
,"('Michael Reynolds', 'Bill Larsen')",,,,
,"('Gary Hunt', 'Jeff Bond')",,,,
,"('Bill Larsen', 'Chris Kempf')",,,,
